song_id,valence_mean,valence_std,arousal_mean,arousal_std,valence,arousal,spec_path,Genre,genre_id
2,3.1,0.94,3.0,0.63,0.3444444444444444,0.3333333333333333,data/deam/DEAM_spectrograms/2.npy,Blues,1
3,3.5,1.75,3.3,1.62,0.3888888888888889,0.3666666666666666,data/deam/DEAM_spectrograms/3.npy,Blues,1
4,5.7,1.42,5.5,1.63,0.6333333333333333,0.6111111111111112,data/deam/DEAM_spectrograms/4.npy,Blues,1
7,5.8,1.47,6.4,1.69,0.6444444444444444,0.7111111111111111,data/deam/DEAM_spectrograms/7.npy,Blues,1
8,3.2,1.4,4.8,1.54,0.3555555555555555,0.5333333333333333,data/deam/DEAM_spectrograms/8.npy,Blues,1
10,4.0,1.67,4.7,1.85,0.4444444444444444,0.5222222222222223,data/deam/DEAM_spectrograms/10.npy,Blues,1
12,5.5,1.91,5.8,1.89,0.6111111111111112,0.6444444444444444,data/deam/DEAM_spectrograms/12.npy,Blues,1
20,5.4,2.5,6.5,2.11,0.6000000000000001,0.7222222222222222,data/deam/DEAM_spectrograms/20.npy,Blues,1
21,6.6,0.92,6.3,1.42,0.7333333333333333,0.7,data/deam/DEAM_spectrograms/21.npy,Blues,1
22,4.0,1.34,4.8,1.47,0.4444444444444444,0.5333333333333333,data/deam/DEAM_spectrograms/22.npy,Blues,1
24,5.3,1.62,3.9,1.76,0.5888888888888889,0.4333333333333333,data/deam/DEAM_spectrograms/24.npy,Blues,1
25,7.9,0.7,4.7,2.53,0.8777777777777778,0.5222222222222223,data/deam/DEAM_spectrograms/25.npy,Blues,1
31,4.7,1.55,3.8,1.54,0.5222222222222223,0.4222222222222222,data/deam/DEAM_spectrograms/31.npy,Blues,1
32,4.2,1.78,3.3,1.49,0.4666666666666667,0.3666666666666666,data/deam/DEAM_spectrograms/32.npy,Blues,1
35,4.8,2.14,6.5,2.11,0.5333333333333333,0.7222222222222222,data/deam/DEAM_spectrograms/35.npy,Blues,1
39,7.3,1.85,5.4,2.37,0.8111111111111111,0.6000000000000001,data/deam/DEAM_spectrograms/39.npy,Blues,1
41,4.3,1.62,5.1,1.3,0.4777777777777777,0.5666666666666667,data/deam/DEAM_spectrograms/41.npy,Blues,1
43,6.7,2.33,3.5,1.5,0.7444444444444445,0.3888888888888889,data/deam/DEAM_spectrograms/43.npy,Blues,1
44,3.9,1.04,4.9,1.58,0.4333333333333333,0.5444444444444445,data/deam/DEAM_spectrograms/44.npy,Blues,1
46,5.3,1.95,4.0,1.73,0.5888888888888889,0.4444444444444444,data/deam/DEAM_spectrograms/46.npy,Blues,1
47,4.4,1.74,4.4,1.56,0.4888888888888889,0.4888888888888889,data/deam/DEAM_spectrograms/47.npy,Blues,1
48,4.5,1.86,4.8,1.78,0.5,0.5333333333333333,data/deam/DEAM_spectrograms/48.npy,Blues,1
49,3.9,1.3,5.3,1.19,0.4333333333333333,0.5888888888888889,data/deam/DEAM_spectrograms/49.npy,Blues,1
50,3.6,1.02,4.8,1.08,0.4,0.5333333333333333,data/deam/DEAM_spectrograms/50.npy,Blues,1
52,4.6,1.11,5.1,1.81,0.5111111111111111,0.5666666666666667,data/deam/DEAM_spectrograms/52.npy,Blues,1
53,4.3,2.37,5.1,1.7,0.4777777777777777,0.5666666666666667,data/deam/DEAM_spectrograms/53.npy,Blues,1
54,3.1,1.58,3.3,1.62,0.3444444444444444,0.3666666666666666,data/deam/DEAM_spectrograms/54.npy,Blues,1
55,5.8,1.33,5.4,1.11,0.6444444444444444,0.6000000000000001,data/deam/DEAM_spectrograms/55.npy,Blues,1
56,6.4,1.43,5.8,1.4,0.7111111111111111,0.6444444444444444,data/deam/DEAM_spectrograms/56.npy,Blues,1
59,5.3,1.73,4.1,1.92,0.5888888888888889,0.4555555555555555,data/deam/DEAM_spectrograms/59.npy,Blues,1
60,4.3,1.49,6.4,0.49,0.4777777777777777,0.7111111111111111,data/deam/DEAM_spectrograms/60.npy,Blues,1
62,6.2,0.87,3.9,1.22,0.6888888888888889,0.4333333333333333,data/deam/DEAM_spectrograms/62.npy,Blues,1
64,3.6,1.28,4.9,1.58,0.4,0.5444444444444445,data/deam/DEAM_spectrograms/64.npy,Blues,1
65,6.4,1.43,5.8,1.83,0.7111111111111111,0.6444444444444444,data/deam/DEAM_spectrograms/65.npy,Blues,1
67,7.2,0.75,6.8,1.4,0.8,0.7555555555555555,data/deam/DEAM_spectrograms/67.npy,Blues,1
68,3.8,1.33,4.9,1.64,0.4222222222222222,0.5444444444444445,data/deam/DEAM_spectrograms/68.npy,Blues,1
69,3.2,0.87,3.9,0.83,0.3555555555555555,0.4333333333333333,data/deam/DEAM_spectrograms/69.npy,Blues,1
71,5.9,1.51,3.7,0.78,0.6555555555555556,0.4111111111111111,data/deam/DEAM_spectrograms/71.npy,Blues,1
73,5.8,1.72,5.6,1.74,0.6444444444444444,0.6222222222222222,data/deam/DEAM_spectrograms/73.npy,Blues,1
74,3.0,1.67,4.3,1.42,0.3333333333333333,0.4777777777777777,data/deam/DEAM_spectrograms/74.npy,Blues,1
76,4.3,1.42,3.2,1.83,0.4777777777777777,0.3555555555555555,data/deam/DEAM_spectrograms/76.npy,Blues,1
77,4.2,2.04,2.9,1.14,0.4666666666666667,0.3222222222222222,data/deam/DEAM_spectrograms/77.npy,Blues,1
78,3.4,1.56,3.9,1.92,0.3777777777777777,0.4333333333333333,data/deam/DEAM_spectrograms/78.npy,Blues,1
79,5.5,2.11,5.5,1.36,0.6111111111111112,0.6111111111111112,data/deam/DEAM_spectrograms/79.npy,Blues,1
80,6.0,1.34,5.1,1.37,0.6666666666666666,0.5666666666666667,data/deam/DEAM_spectrograms/80.npy,Blues,1
81,6.1,1.92,3.9,1.7,0.6777777777777777,0.4333333333333333,data/deam/DEAM_spectrograms/81.npy,Blues,1
82,2.9,1.45,3.5,1.63,0.3222222222222222,0.3888888888888889,data/deam/DEAM_spectrograms/82.npy,Blues,1
83,6.1,1.04,5.8,1.72,0.6777777777777777,0.6444444444444444,data/deam/DEAM_spectrograms/83.npy,Blues,1
84,5.9,2.02,5.6,1.74,0.6555555555555556,0.6222222222222222,data/deam/DEAM_spectrograms/84.npy,Blues,1
85,7.1,1.14,6.2,1.6,0.7888888888888889,0.6888888888888889,data/deam/DEAM_spectrograms/85.npy,Blues,1
86,5.4,1.62,5.6,1.2,0.6000000000000001,0.6222222222222222,data/deam/DEAM_spectrograms/86.npy,Blues,1
87,5.3,2.45,2.6,0.92,0.5888888888888889,0.2888888888888889,data/deam/DEAM_spectrograms/87.npy,Blues,1
89,4.5,2.29,4.8,2.04,0.5,0.5333333333333333,data/deam/DEAM_spectrograms/89.npy,Blues,1
90,4.3,1.73,4.2,1.72,0.4777777777777777,0.4666666666666667,data/deam/DEAM_spectrograms/90.npy,Blues,1
91,4.5,1.43,5.5,1.2,0.5,0.6111111111111112,data/deam/DEAM_spectrograms/91.npy,Blues,1
92,5.8,2.18,4.7,1.79,0.6444444444444444,0.5222222222222223,data/deam/DEAM_spectrograms/92.npy,Blues,1
95,3.3,1.85,4.6,2.2,0.3666666666666666,0.5111111111111111,data/deam/DEAM_spectrograms/95.npy,Blues,1
96,6.8,1.33,6.9,1.3,0.7555555555555555,0.7666666666666667,data/deam/DEAM_spectrograms/96.npy,Blues,1
98,4.3,1.73,2.7,1.42,0.4777777777777777,0.3,data/deam/DEAM_spectrograms/98.npy,Blues,1
99,4.3,1.85,4.1,1.97,0.4777777777777777,0.4555555555555555,data/deam/DEAM_spectrograms/99.npy,Blues,1
101,3.4,1.62,2.8,0.87,0.3777777777777777,0.3111111111111111,data/deam/DEAM_spectrograms/101.npy,Blues,1
102,6.5,0.92,5.4,1.56,0.7222222222222222,0.6000000000000001,data/deam/DEAM_spectrograms/102.npy,Blues,1
103,5.6,1.91,3.3,1.79,0.6222222222222222,0.3666666666666666,data/deam/DEAM_spectrograms/103.npy,Blues,1
104,6.1,1.81,3.3,1.79,0.6777777777777777,0.3666666666666666,data/deam/DEAM_spectrograms/104.npy,Blues,1
105,6.5,1.43,5.0,1.41,0.7222222222222222,0.5555555555555556,data/deam/DEAM_spectrograms/105.npy,Blues,1
106,4.6,1.5,3.3,1.19,0.5111111111111111,0.3666666666666666,data/deam/DEAM_spectrograms/106.npy,Blues,1
107,6.0,2.0,4.8,2.14,0.6666666666666666,0.5333333333333333,data/deam/DEAM_spectrograms/107.npy,Blues,1
108,4.5,1.63,4.2,1.94,0.5,0.4666666666666667,data/deam/DEAM_spectrograms/108.npy,Blues,1
109,4.4,2.24,4.5,1.5,0.4888888888888889,0.5,data/deam/DEAM_spectrograms/109.npy,Blues,1
110,4.4,1.8,2.8,0.87,0.4888888888888889,0.3111111111111111,data/deam/DEAM_spectrograms/110.npy,Blues,1
111,5.3,1.27,5.3,1.42,0.5888888888888889,0.5888888888888889,data/deam/DEAM_spectrograms/111.npy,Blues,1
113,5.4,1.28,3.8,0.87,0.6000000000000001,0.4222222222222222,data/deam/DEAM_spectrograms/113.npy,Blues,1
114,4.8,0.75,5.7,0.9,0.5333333333333333,0.6333333333333333,data/deam/DEAM_spectrograms/114.npy,Blues,1
115,8.4,0.66,7.8,1.17,0.9333333333333332,0.8666666666666667,data/deam/DEAM_spectrograms/115.npy,Blues,1
117,3.9,1.45,5.0,1.73,0.4333333333333333,0.5555555555555556,data/deam/DEAM_spectrograms/117.npy,Blues,1
118,4.9,1.92,4.6,1.85,0.5444444444444445,0.5111111111111111,data/deam/DEAM_spectrograms/118.npy,Blues,1
119,4.3,2.28,3.2,1.25,0.4777777777777777,0.3555555555555555,data/deam/DEAM_spectrograms/119.npy,Blues,1
120,3.8,1.6,5.0,1.61,0.4222222222222222,0.5555555555555556,data/deam/DEAM_spectrograms/120.npy,Blues,1
121,3.1,0.83,3.9,1.51,0.3444444444444444,0.4333333333333333,data/deam/DEAM_spectrograms/121.npy,Blues,1
123,6.1,1.58,6.2,1.47,0.6777777777777777,0.6888888888888889,data/deam/DEAM_spectrograms/123.npy,Blues,1
124,3.7,1.27,2.8,0.75,0.4111111111111111,0.3111111111111111,data/deam/DEAM_spectrograms/124.npy,Blues,1
125,4.5,1.86,4.2,1.33,0.5,0.4666666666666667,data/deam/DEAM_spectrograms/125.npy,Blues,1
126,5.1,1.64,6.1,1.37,0.5666666666666667,0.6777777777777777,data/deam/DEAM_spectrograms/126.npy,Classical,7
128,3.6,1.43,4.0,1.55,0.4,0.4444444444444444,data/deam/DEAM_spectrograms/128.npy,Classical,7
129,4.2,1.72,6.0,1.67,0.4666666666666667,0.6666666666666666,data/deam/DEAM_spectrograms/129.npy,Classical,7
130,3.3,1.42,4.2,1.33,0.3666666666666666,0.4666666666666667,data/deam/DEAM_spectrograms/130.npy,Classical,7
131,6.1,1.04,4.9,1.64,0.6777777777777777,0.5444444444444445,data/deam/DEAM_spectrograms/131.npy,Classical,7
133,2.8,1.99,2.2,1.17,0.3111111111111111,0.2444444444444444,data/deam/DEAM_spectrograms/133.npy,Classical,7
134,5.4,1.74,6.0,1.18,0.6000000000000001,0.6666666666666666,data/deam/DEAM_spectrograms/134.npy,Classical,7
135,3.7,2.24,3.5,1.43,0.4111111111111111,0.3888888888888889,data/deam/DEAM_spectrograms/135.npy,Classical,7
136,6.8,1.33,6.2,1.08,0.7555555555555555,0.6888888888888889,data/deam/DEAM_spectrograms/136.npy,Classical,7
137,4.3,1.68,5.8,1.33,0.4777777777777777,0.6444444444444444,data/deam/DEAM_spectrograms/137.npy,Classical,7
138,3.8,2.64,2.4,0.92,0.4222222222222222,0.2666666666666666,data/deam/DEAM_spectrograms/138.npy,Classical,7
140,4.2,1.47,4.5,2.01,0.4666666666666667,0.5,data/deam/DEAM_spectrograms/140.npy,Classical,7
143,4.0,1.73,4.9,1.45,0.4444444444444444,0.5444444444444445,data/deam/DEAM_spectrograms/143.npy,Classical,7
145,3.1,1.92,5.4,1.91,0.3444444444444444,0.6000000000000001,data/deam/DEAM_spectrograms/145.npy,Classical,7
146,2.4,1.8,3.5,1.91,0.2666666666666666,0.3888888888888889,data/deam/DEAM_spectrograms/146.npy,Classical,7
148,4.7,1.19,5.0,2.05,0.5222222222222223,0.5555555555555556,data/deam/DEAM_spectrograms/148.npy,Classical,7
149,3.4,1.85,3.1,1.92,0.3777777777777777,0.3444444444444444,data/deam/DEAM_spectrograms/149.npy,Classical,7
151,4.0,1.95,4.5,1.28,0.4444444444444444,0.5,data/deam/DEAM_spectrograms/151.npy,Classical,7
152,4.4,1.62,5.6,1.43,0.4888888888888889,0.6222222222222222,data/deam/DEAM_spectrograms/152.npy,Classical,7
153,3.9,1.92,4.5,1.69,0.4333333333333333,0.5,data/deam/DEAM_spectrograms/153.npy,Classical,7
155,3.6,1.96,5.4,0.92,0.4,0.6000000000000001,data/deam/DEAM_spectrograms/155.npy,Classical,7
159,3.8,2.56,3.1,1.81,0.4222222222222222,0.3444444444444444,data/deam/DEAM_spectrograms/159.npy,Classical,7
160,3.5,2.11,3.5,1.57,0.3888888888888889,0.3888888888888889,data/deam/DEAM_spectrograms/160.npy,Classical,7
163,3.6,1.28,4.5,1.36,0.4,0.5,data/deam/DEAM_spectrograms/163.npy,Classical,7
166,3.1,1.45,4.2,1.08,0.3444444444444444,0.4666666666666667,data/deam/DEAM_spectrograms/166.npy,Classical,7
167,2.7,1.35,3.3,1.62,0.3,0.3666666666666666,data/deam/DEAM_spectrograms/167.npy,Classical,7
168,3.3,1.35,3.4,1.56,0.3666666666666666,0.3777777777777777,data/deam/DEAM_spectrograms/168.npy,Classical,7
169,2.4,0.8,2.8,1.08,0.2666666666666666,0.3111111111111111,data/deam/DEAM_spectrograms/169.npy,Classical,7
171,2.1,0.7,3.6,1.74,0.2333333333333333,0.4,data/deam/DEAM_spectrograms/171.npy,Classical,7
172,3.8,2.23,5.0,2.24,0.4222222222222222,0.5555555555555556,data/deam/DEAM_spectrograms/172.npy,Classical,7
173,4.6,1.69,2.2,1.17,0.5111111111111111,0.2444444444444444,data/deam/DEAM_spectrograms/173.npy,Classical,7
174,4.0,1.61,3.8,1.4,0.4444444444444444,0.4222222222222222,data/deam/DEAM_spectrograms/174.npy,Classical,7
175,3.7,1.35,4.3,1.55,0.4111111111111111,0.4777777777777777,data/deam/DEAM_spectrograms/175.npy,Classical,7
176,2.4,1.62,3.9,1.58,0.2666666666666666,0.4333333333333333,data/deam/DEAM_spectrograms/176.npy,Classical,7
177,4.8,1.4,5.6,1.74,0.5333333333333333,0.6222222222222222,data/deam/DEAM_spectrograms/177.npy,Classical,7
178,2.8,2.09,3.7,2.1,0.3111111111111111,0.4111111111111111,data/deam/DEAM_spectrograms/178.npy,Classical,7
179,5.2,2.04,6.0,1.95,0.5777777777777778,0.6666666666666666,data/deam/DEAM_spectrograms/179.npy,Classical,7
180,4.8,1.89,5.9,1.37,0.5333333333333333,0.6555555555555556,data/deam/DEAM_spectrograms/180.npy,Classical,7
181,3.7,2.1,2.5,0.92,0.4111111111111111,0.2777777777777778,data/deam/DEAM_spectrograms/181.npy,Classical,7
182,2.2,0.87,3.7,2.05,0.2444444444444444,0.4111111111111111,data/deam/DEAM_spectrograms/182.npy,Classical,7
184,3.6,1.85,3.4,1.11,0.4,0.3777777777777777,data/deam/DEAM_spectrograms/184.npy,Classical,7
185,4.9,1.92,4.6,1.36,0.5444444444444445,0.5111111111111111,data/deam/DEAM_spectrograms/185.npy,Classical,7
186,3.7,1.68,4.0,1.61,0.4111111111111111,0.4444444444444444,data/deam/DEAM_spectrograms/186.npy,Classical,7
187,2.5,1.86,3.7,1.95,0.2777777777777778,0.4111111111111111,data/deam/DEAM_spectrograms/187.npy,Classical,7
189,6.5,1.63,7.1,1.58,0.7222222222222222,0.7888888888888889,data/deam/DEAM_spectrograms/189.npy,Classical,7
190,2.8,1.83,3.1,1.3,0.3111111111111111,0.3444444444444444,data/deam/DEAM_spectrograms/190.npy,Classical,7
192,5.8,0.6,6.1,0.54,0.6444444444444444,0.6777777777777777,data/deam/DEAM_spectrograms/192.npy,Classical,7
193,4.1,1.81,3.0,1.34,0.4555555555555555,0.3333333333333333,data/deam/DEAM_spectrograms/193.npy,Classical,7
194,2.7,1.79,4.7,1.27,0.3,0.5222222222222223,data/deam/DEAM_spectrograms/194.npy,Classical,7
195,4.2,1.94,2.7,0.78,0.4666666666666667,0.3,data/deam/DEAM_spectrograms/195.npy,Classical,7
196,4.3,1.68,4.5,1.63,0.4777777777777777,0.5,data/deam/DEAM_spectrograms/196.npy,Classical,7
197,2.2,1.4,2.8,1.33,0.2444444444444444,0.3111111111111111,data/deam/DEAM_spectrograms/197.npy,Classical,7
198,1.9,0.7,3.3,1.79,0.2111111111111111,0.3666666666666666,data/deam/DEAM_spectrograms/198.npy,Classical,7
199,5.3,1.49,5.7,1.27,0.5888888888888889,0.6333333333333333,data/deam/DEAM_spectrograms/199.npy,Classical,7
201,3.7,1.49,4.8,1.54,0.4111111111111111,0.5333333333333333,data/deam/DEAM_spectrograms/201.npy,Classical,7
202,4.6,1.36,5.2,1.4,0.5111111111111111,0.5777777777777778,data/deam/DEAM_spectrograms/202.npy,Classical,7
203,3.5,1.96,4.8,1.66,0.3888888888888889,0.5333333333333333,data/deam/DEAM_spectrograms/203.npy,Classical,7
204,3.6,2.01,2.2,0.98,0.4,0.2444444444444444,data/deam/DEAM_spectrograms/204.npy,Classical,7
205,3.0,1.41,4.5,2.01,0.3333333333333333,0.5,data/deam/DEAM_spectrograms/205.npy,Classical,7
206,2.3,0.78,2.6,1.02,0.2555555555555555,0.2888888888888889,data/deam/DEAM_spectrograms/206.npy,Classical,7
207,4.8,2.09,4.8,2.44,0.5333333333333333,0.5333333333333333,data/deam/DEAM_spectrograms/207.npy,Classical,7
208,4.8,2.04,6.5,1.02,0.5333333333333333,0.7222222222222222,data/deam/DEAM_spectrograms/208.npy,Classical,7
211,3.1,1.22,4.9,0.83,0.3444444444444444,0.5444444444444445,data/deam/DEAM_spectrograms/211.npy,Classical,7
212,4.6,1.56,5.4,1.8,0.5111111111111111,0.6000000000000001,data/deam/DEAM_spectrograms/212.npy,Classical,7
213,2.6,1.5,2.5,1.63,0.2888888888888889,0.2777777777777778,data/deam/DEAM_spectrograms/213.npy,Classical,7
214,3.6,1.96,4.1,1.58,0.4,0.4555555555555555,data/deam/DEAM_spectrograms/214.npy,Classical,7
215,3.2,2.09,2.6,1.2,0.3555555555555555,0.2888888888888889,data/deam/DEAM_spectrograms/215.npy,Classical,7
216,4.5,1.57,5.3,1.1,0.5,0.5888888888888889,data/deam/DEAM_spectrograms/216.npy,Classical,7
218,2.9,1.37,4.0,1.48,0.3222222222222222,0.4444444444444444,data/deam/DEAM_spectrograms/218.npy,Classical,7
219,2.4,0.8,3.8,1.47,0.2666666666666666,0.4222222222222222,data/deam/DEAM_spectrograms/219.npy,Classical,7
220,4.1,1.51,3.4,1.02,0.4555555555555555,0.3777777777777777,data/deam/DEAM_spectrograms/220.npy,Classical,7
221,4.3,1.55,3.4,1.8,0.4777777777777777,0.3777777777777777,data/deam/DEAM_spectrograms/221.npy,Classical,7
222,3.8,1.33,4.3,2.37,0.4222222222222222,0.4777777777777777,data/deam/DEAM_spectrograms/222.npy,Classical,7
223,2.2,1.08,3.5,2.16,0.2444444444444444,0.3888888888888889,data/deam/DEAM_spectrograms/223.npy,Classical,7
224,5.5,1.5,5.7,1.79,0.6111111111111112,0.6333333333333333,data/deam/DEAM_spectrograms/224.npy,Classical,7
226,4.9,1.7,5.0,1.55,0.5444444444444445,0.5555555555555556,data/deam/DEAM_spectrograms/226.npy,Classical,7
227,3.1,1.14,3.5,1.5,0.3444444444444444,0.3888888888888889,data/deam/DEAM_spectrograms/227.npy,Classical,7
229,4.8,1.6,4.8,1.47,0.5333333333333333,0.5333333333333333,data/deam/DEAM_spectrograms/229.npy,Classical,7
232,2.5,1.75,2.7,1.0,0.2777777777777778,0.3,data/deam/DEAM_spectrograms/232.npy,Classical,7
233,4.7,1.49,4.5,1.8,0.5222222222222223,0.5,data/deam/DEAM_spectrograms/233.npy,Classical,7
234,3.5,2.38,3.9,1.45,0.3888888888888889,0.4333333333333333,data/deam/DEAM_spectrograms/234.npy,Classical,7
236,2.5,1.5,2.4,1.2,0.2777777777777778,0.2666666666666666,data/deam/DEAM_spectrograms/236.npy,Classical,7
238,3.0,1.95,4.6,1.8,0.3333333333333333,0.5111111111111111,data/deam/DEAM_spectrograms/238.npy,Classical,7
239,2.3,1.9,3.3,1.55,0.2555555555555555,0.3666666666666666,data/deam/DEAM_spectrograms/239.npy,Classical,7
240,6.4,1.36,6.6,1.02,0.7111111111111111,0.7333333333333333,data/deam/DEAM_spectrograms/240.npy,Classical,7
241,4.1,2.12,4.6,1.36,0.4555555555555555,0.5111111111111111,data/deam/DEAM_spectrograms/241.npy,Classical,7
243,7.2,1.4,4.1,2.17,0.8,0.4555555555555555,data/deam/DEAM_spectrograms/243.npy,Classical,7
244,4.3,1.35,4.2,1.66,0.4777777777777777,0.4666666666666667,data/deam/DEAM_spectrograms/244.npy,Classical,7
245,4.2,1.99,6.1,1.58,0.4666666666666667,0.6777777777777777,data/deam/DEAM_spectrograms/245.npy,Classical,7
246,4.9,2.66,3.2,2.04,0.5444444444444445,0.3555555555555555,data/deam/DEAM_spectrograms/246.npy,Classical,7
250,3.4,2.06,3.6,1.36,0.3777777777777777,0.4,data/deam/DEAM_spectrograms/250.npy,Classical,7
253,6.6,1.56,2.5,0.81,0.7333333333333333,0.2777777777777778,data/deam/DEAM_spectrograms/253.npy,Country,29
254,5.3,2.28,7.4,1.11,0.5888888888888889,0.8222222222222223,data/deam/DEAM_spectrograms/254.npy,Country,29
257,7.6,1.5,6.9,1.7,0.8444444444444444,0.7666666666666667,data/deam/DEAM_spectrograms/257.npy,Country,29
260,5.3,1.42,3.6,1.62,0.5888888888888889,0.4,data/deam/DEAM_spectrograms/260.npy,Country,29
262,5.6,1.5,6.9,0.94,0.6222222222222222,0.7666666666666667,data/deam/DEAM_spectrograms/262.npy,Country,29
265,4.5,1.69,6.4,0.66,0.5,0.7111111111111111,data/deam/DEAM_spectrograms/265.npy,Country,29
266,3.6,1.5,4.8,1.94,0.4,0.5333333333333333,data/deam/DEAM_spectrograms/266.npy,Country,29
269,4.3,1.73,4.8,1.94,0.4777777777777777,0.5333333333333333,data/deam/DEAM_spectrograms/269.npy,Country,29
270,6.1,1.64,7.1,1.64,0.6777777777777777,0.7888888888888889,data/deam/DEAM_spectrograms/270.npy,Country,29
272,5.9,1.81,6.4,1.85,0.6555555555555556,0.7111111111111111,data/deam/DEAM_spectrograms/272.npy,Country,29
273,5.4,1.74,7.2,0.87,0.6000000000000001,0.8,data/deam/DEAM_spectrograms/273.npy,Country,29
274,7.7,0.9,6.0,2.0,0.8555555555555556,0.6666666666666666,data/deam/DEAM_spectrograms/274.npy,Country,29
275,5.3,1.42,5.5,1.02,0.5888888888888889,0.6111111111111112,data/deam/DEAM_spectrograms/275.npy,Country,29
276,6.1,1.51,5.3,1.68,0.6777777777777777,0.5888888888888889,data/deam/DEAM_spectrograms/276.npy,Country,29
278,5.5,2.06,5.1,1.64,0.6111111111111112,0.5666666666666667,data/deam/DEAM_spectrograms/278.npy,Country,29
279,3.6,1.2,4.7,1.42,0.4,0.5222222222222223,data/deam/DEAM_spectrograms/279.npy,Country,29
280,4.2,1.66,3.3,1.1,0.4666666666666667,0.3666666666666666,data/deam/DEAM_spectrograms/280.npy,Country,29
281,5.4,2.29,7.0,1.18,0.6000000000000001,0.7777777777777778,data/deam/DEAM_spectrograms/281.npy,Country,29
282,3.2,1.66,4.2,0.75,0.3555555555555555,0.4666666666666667,data/deam/DEAM_spectrograms/282.npy,Country,29
285,3.5,1.02,5.1,1.37,0.3888888888888889,0.5666666666666667,data/deam/DEAM_spectrograms/285.npy,Country,29
286,5.7,1.95,6.9,1.87,0.6333333333333333,0.7666666666666667,data/deam/DEAM_spectrograms/286.npy,Country,29
288,3.5,1.86,5.2,1.78,0.3888888888888889,0.5777777777777778,data/deam/DEAM_spectrograms/288.npy,Country,29
289,5.7,1.9,6.7,1.0,0.6333333333333333,0.7444444444444445,data/deam/DEAM_spectrograms/289.npy,Country,29
290,2.1,0.83,3.9,1.58,0.2333333333333333,0.4333333333333333,data/deam/DEAM_spectrograms/290.npy,Country,29
292,7.3,1.0,7.4,0.92,0.8111111111111111,0.8222222222222223,data/deam/DEAM_spectrograms/292.npy,Country,29
294,5.5,2.11,6.5,1.91,0.6111111111111112,0.7222222222222222,data/deam/DEAM_spectrograms/294.npy,Country,29
297,3.1,1.3,3.6,1.36,0.3444444444444444,0.4,data/deam/DEAM_spectrograms/297.npy,Country,29
298,4.0,1.73,5.4,1.69,0.4444444444444444,0.6000000000000001,data/deam/DEAM_spectrograms/298.npy,Country,29
299,2.8,1.89,4.3,1.27,0.3111111111111111,0.4777777777777777,data/deam/DEAM_spectrograms/299.npy,Country,29
300,6.8,1.08,4.5,1.86,0.7555555555555555,0.5,data/deam/DEAM_spectrograms/300.npy,Country,29
301,3.2,1.47,3.7,1.73,0.3555555555555555,0.4111111111111111,data/deam/DEAM_spectrograms/301.npy,Country,29
302,6.6,2.2,7.0,1.48,0.7333333333333333,0.7777777777777778,data/deam/DEAM_spectrograms/302.npy,Country,29
303,7.0,1.1,6.4,1.74,0.7777777777777778,0.7111111111111111,data/deam/DEAM_spectrograms/303.npy,Country,29
304,3.8,1.78,4.6,1.69,0.4222222222222222,0.5111111111111111,data/deam/DEAM_spectrograms/304.npy,Country,29
305,6.4,1.11,6.8,0.98,0.7111111111111111,0.7555555555555555,data/deam/DEAM_spectrograms/305.npy,Country,29
306,5.7,2.19,6.7,1.73,0.6333333333333333,0.7444444444444445,data/deam/DEAM_spectrograms/306.npy,Country,29
308,4.3,1.68,6.6,0.92,0.4777777777777777,0.7333333333333333,data/deam/DEAM_spectrograms/308.npy,Country,29
310,2.1,0.83,2.7,1.0,0.2333333333333333,0.3,data/deam/DEAM_spectrograms/310.npy,Country,29
311,5.8,1.6,6.9,0.94,0.6444444444444444,0.7666666666666667,data/deam/DEAM_spectrograms/311.npy,Country,29
313,3.6,1.36,5.3,1.27,0.4,0.5888888888888889,data/deam/DEAM_spectrograms/313.npy,Country,29
314,5.8,1.17,5.9,1.22,0.6444444444444444,0.6555555555555556,data/deam/DEAM_spectrograms/314.npy,Country,29
315,6.4,1.43,7.5,0.81,0.7111111111111111,0.8333333333333334,data/deam/DEAM_spectrograms/315.npy,Country,29
316,2.8,1.33,3.5,1.96,0.3111111111111111,0.3888888888888889,data/deam/DEAM_spectrograms/316.npy,Country,29
317,6.1,1.7,4.3,1.35,0.6777777777777777,0.4777777777777777,data/deam/DEAM_spectrograms/317.npy,Country,29
318,5.9,1.7,5.9,1.45,0.6555555555555556,0.6555555555555556,data/deam/DEAM_spectrograms/318.npy,Country,29
319,4.5,1.96,6.6,0.8,0.5,0.7333333333333333,data/deam/DEAM_spectrograms/319.npy,Country,29
320,7.4,1.28,6.6,1.43,0.8222222222222223,0.7333333333333333,data/deam/DEAM_spectrograms/320.npy,Country,29
321,7.3,0.78,6.0,1.73,0.8111111111111111,0.6666666666666666,data/deam/DEAM_spectrograms/321.npy,Country,29
324,3.3,1.68,4.7,1.42,0.3666666666666666,0.5222222222222223,data/deam/DEAM_spectrograms/324.npy,Country,29
326,5.4,1.56,7.2,1.25,0.6000000000000001,0.8,data/deam/DEAM_spectrograms/326.npy,Country,29
327,6.0,1.34,7.1,1.3,0.6666666666666666,0.7888888888888889,data/deam/DEAM_spectrograms/327.npy,Country,29
328,5.2,1.6,4.2,2.09,0.5777777777777778,0.4666666666666667,data/deam/DEAM_spectrograms/328.npy,Country,29
329,3.3,2.28,4.2,2.23,0.3666666666666666,0.4666666666666667,data/deam/DEAM_spectrograms/329.npy,Country,29
330,5.9,2.3,3.1,1.87,0.6555555555555556,0.3444444444444444,data/deam/DEAM_spectrograms/330.npy,Country,29
332,5.5,1.12,6.9,0.83,0.6111111111111112,0.7666666666666667,data/deam/DEAM_spectrograms/332.npy,Country,29
333,6.7,1.55,6.1,1.7,0.7444444444444445,0.6777777777777777,data/deam/DEAM_spectrograms/333.npy,Country,29
334,5.9,1.64,5.9,1.92,0.6555555555555556,0.6555555555555556,data/deam/DEAM_spectrograms/334.npy,Country,29
335,6.8,1.47,6.8,1.33,0.7555555555555555,0.7555555555555555,data/deam/DEAM_spectrograms/335.npy,Country,29
336,6.1,1.51,6.6,1.5,0.6777777777777777,0.7333333333333333,data/deam/DEAM_spectrograms/336.npy,Country,29
339,5.9,1.58,6.9,1.14,0.6555555555555556,0.7666666666666667,data/deam/DEAM_spectrograms/339.npy,Country,29
340,3.8,2.36,4.6,1.91,0.4222222222222222,0.5111111111111111,data/deam/DEAM_spectrograms/340.npy,Country,29
341,3.8,1.78,4.4,1.69,0.4222222222222222,0.4888888888888889,data/deam/DEAM_spectrograms/341.npy,Country,29
342,4.0,2.05,5.1,2.12,0.4444444444444444,0.5666666666666667,data/deam/DEAM_spectrograms/342.npy,Country,29
345,7.2,1.54,6.5,1.86,0.8,0.7222222222222222,data/deam/DEAM_spectrograms/345.npy,Country,29
346,6.7,1.0,7.3,1.55,0.7444444444444445,0.8111111111111111,data/deam/DEAM_spectrograms/346.npy,Country,29
348,5.0,1.55,5.7,1.73,0.5555555555555556,0.6333333333333333,data/deam/DEAM_spectrograms/348.npy,Country,29
349,4.6,1.69,5.8,1.89,0.5111111111111111,0.6444444444444444,data/deam/DEAM_spectrograms/349.npy,Country,29
350,6.0,1.9,6.5,1.8,0.6666666666666666,0.7222222222222222,data/deam/DEAM_spectrograms/350.npy,Country,29
352,5.5,1.36,4.5,1.43,0.6111111111111112,0.5,data/deam/DEAM_spectrograms/352.npy,Country,29
353,4.0,1.95,4.8,2.04,0.4444444444444444,0.5333333333333333,data/deam/DEAM_spectrograms/353.npy,Country,29
354,7.1,0.94,6.4,1.28,0.7888888888888889,0.7111111111111111,data/deam/DEAM_spectrograms/354.npy,Country,29
355,5.1,1.81,6.5,1.2,0.5666666666666667,0.7222222222222222,data/deam/DEAM_spectrograms/355.npy,Country,29
356,4.6,1.85,5.6,1.36,0.5111111111111111,0.6222222222222222,data/deam/DEAM_spectrograms/356.npy,Country,29
357,4.8,1.4,6.5,1.2,0.5333333333333333,0.7222222222222222,data/deam/DEAM_spectrograms/357.npy,Country,29
358,5.6,1.43,4.2,1.6,0.6222222222222222,0.4666666666666667,data/deam/DEAM_spectrograms/358.npy,Country,29
359,2.5,1.12,3.7,1.62,0.2777777777777778,0.4111111111111111,data/deam/DEAM_spectrograms/359.npy,Country,29
360,2.5,1.36,5.5,1.57,0.2777777777777778,0.6111111111111112,data/deam/DEAM_spectrograms/360.npy,Country,29
361,2.55,1.3,3.36,1.61,0.2833333333333333,0.3733333333333333,data/deam/DEAM_spectrograms/361.npy,Country,29
362,4.0,1.67,5.9,0.83,0.4444444444444444,0.6555555555555556,data/deam/DEAM_spectrograms/362.npy,Country,29
364,5.5,1.43,6.5,1.12,0.6111111111111112,0.7222222222222222,data/deam/DEAM_spectrograms/364.npy,Country,29
366,6.9,0.94,6.1,1.3,0.7666666666666667,0.6777777777777777,data/deam/DEAM_spectrograms/366.npy,Country,29
367,3.1,1.58,2.7,0.64,0.3444444444444444,0.3,data/deam/DEAM_spectrograms/367.npy,Country,29
368,4.8,1.83,6.1,1.58,0.5333333333333333,0.6777777777777777,data/deam/DEAM_spectrograms/368.npy,Country,29
369,2.9,0.7,3.4,0.8,0.3222222222222222,0.3777777777777777,data/deam/DEAM_spectrograms/369.npy,Country,29
370,3.8,1.89,3.4,1.8,0.4222222222222222,0.3777777777777777,data/deam/DEAM_spectrograms/370.npy,Country,29
371,5.2,1.6,6.6,1.02,0.5777777777777778,0.7333333333333333,data/deam/DEAM_spectrograms/371.npy,Country,29
372,3.6,1.2,4.8,1.72,0.4,0.5333333333333333,data/deam/DEAM_spectrograms/372.npy,Country,29
374,7.0,1.0,4.9,1.14,0.7777777777777778,0.5444444444444445,data/deam/DEAM_spectrograms/374.npy,Country,29
375,1.9,0.7,2.8,1.66,0.2111111111111111,0.3111111111111111,data/deam/DEAM_spectrograms/375.npy,Country,29
376,5.0,1.48,5.9,1.14,0.5555555555555556,0.6555555555555556,data/deam/DEAM_spectrograms/376.npy,Electronic,44
378,5.5,1.8,5.9,1.64,0.6111111111111112,0.6555555555555556,data/deam/DEAM_spectrograms/378.npy,Electronic,44
379,1.9,0.94,2.9,1.14,0.2111111111111111,0.3222222222222222,data/deam/DEAM_spectrograms/379.npy,Electronic,44
380,5.6,1.28,4.8,2.04,0.6222222222222222,0.5333333333333333,data/deam/DEAM_spectrograms/380.npy,Electronic,44
383,4.2,2.09,3.6,1.56,0.4666666666666667,0.4,data/deam/DEAM_spectrograms/383.npy,Electronic,44
386,5.0,1.1,5.5,1.75,0.5555555555555556,0.6111111111111112,data/deam/DEAM_spectrograms/386.npy,Electronic,44
390,5.7,1.0,6.2,0.6,0.6333333333333333,0.6888888888888889,data/deam/DEAM_spectrograms/390.npy,Electronic,44
391,5.5,1.57,6.1,0.94,0.6111111111111112,0.6777777777777777,data/deam/DEAM_spectrograms/391.npy,Electronic,44
392,3.4,1.69,4.8,1.47,0.3777777777777777,0.5333333333333333,data/deam/DEAM_spectrograms/392.npy,Electronic,44
393,6.0,0.77,6.4,0.66,0.6666666666666666,0.7111111111111111,data/deam/DEAM_spectrograms/393.npy,Electronic,44
395,6.7,1.27,6.2,1.4,0.7444444444444445,0.6888888888888889,data/deam/DEAM_spectrograms/395.npy,Electronic,44
399,6.7,0.9,7.0,1.0,0.7444444444444445,0.7777777777777778,data/deam/DEAM_spectrograms/399.npy,Electronic,44
400,5.1,1.7,5.6,1.11,0.5666666666666667,0.6222222222222222,data/deam/DEAM_spectrograms/400.npy,Electronic,44
401,5.5,1.43,6.4,1.2,0.6111111111111112,0.7111111111111111,data/deam/DEAM_spectrograms/401.npy,Electronic,44
402,7.1,1.04,7.1,0.94,0.7888888888888889,0.7888888888888889,data/deam/DEAM_spectrograms/402.npy,Electronic,44
404,6.9,1.37,6.8,1.33,0.7666666666666667,0.7555555555555555,data/deam/DEAM_spectrograms/404.npy,Electronic,44
405,6.1,1.92,7.4,0.92,0.6777777777777777,0.8222222222222223,data/deam/DEAM_spectrograms/405.npy,Electronic,44
406,5.3,2.1,4.3,2.19,0.5888888888888889,0.4777777777777777,data/deam/DEAM_spectrograms/406.npy,Electronic,44
407,4.3,1.68,4.5,1.63,0.4777777777777777,0.5,data/deam/DEAM_spectrograms/407.npy,Electronic,44
408,6.6,2.37,6.1,2.02,0.7333333333333333,0.6777777777777777,data/deam/DEAM_spectrograms/408.npy,Electronic,44
410,3.8,1.99,5.1,1.7,0.4222222222222222,0.5666666666666667,data/deam/DEAM_spectrograms/410.npy,Electronic,44
415,6.0,1.1,5.2,1.83,0.6666666666666666,0.5777777777777778,data/deam/DEAM_spectrograms/415.npy,Electronic,44
419,3.3,2.0,4.0,1.41,0.3666666666666666,0.4444444444444444,data/deam/DEAM_spectrograms/419.npy,Electronic,44
420,4.5,1.28,5.4,1.28,0.5,0.6000000000000001,data/deam/DEAM_spectrograms/420.npy,Electronic,44
422,2.8,1.72,3.7,2.45,0.3111111111111111,0.4111111111111111,data/deam/DEAM_spectrograms/422.npy,Electronic,44
423,5.2,2.48,4.5,2.29,0.5777777777777778,0.5,data/deam/DEAM_spectrograms/423.npy,Electronic,44
425,7.1,0.7,6.8,0.87,0.7888888888888889,0.7555555555555555,data/deam/DEAM_spectrograms/425.npy,Electronic,44
426,5.3,1.68,5.3,1.42,0.5888888888888889,0.5888888888888889,data/deam/DEAM_spectrograms/426.npy,Electronic,44
427,5.2,1.47,5.8,0.75,0.5777777777777778,0.6444444444444444,data/deam/DEAM_spectrograms/427.npy,Electronic,44
428,6.6,1.02,6.6,0.92,0.7333333333333333,0.7333333333333333,data/deam/DEAM_spectrograms/428.npy,Electronic,44
429,3.3,1.1,4.3,1.9,0.3666666666666666,0.4777777777777777,data/deam/DEAM_spectrograms/429.npy,Electronic,44
430,4.0,2.24,2.9,1.04,0.4444444444444444,0.3222222222222222,data/deam/DEAM_spectrograms/430.npy,Electronic,44
431,6.1,1.76,5.5,1.91,0.6777777777777777,0.6111111111111112,data/deam/DEAM_spectrograms/431.npy,Electronic,44
435,4.5,1.75,5.9,1.51,0.5,0.6555555555555556,data/deam/DEAM_spectrograms/435.npy,Electronic,44
436,4.3,2.0,5.2,1.83,0.4777777777777777,0.5777777777777778,data/deam/DEAM_spectrograms/436.npy,Electronic,44
440,5.3,2.15,6.3,1.73,0.5888888888888889,0.7,data/deam/DEAM_spectrograms/440.npy,Electronic,44
441,4.6,1.69,5.1,1.51,0.5111111111111111,0.5666666666666667,data/deam/DEAM_spectrograms/441.npy,Electronic,44
444,2.3,1.1,2.5,1.2,0.2555555555555555,0.2777777777777778,data/deam/DEAM_spectrograms/444.npy,Electronic,44
445,2.4,1.02,4.6,1.62,0.2666666666666666,0.5111111111111111,data/deam/DEAM_spectrograms/445.npy,Electronic,44
448,6.7,1.95,6.5,1.96,0.7444444444444445,0.7222222222222222,data/deam/DEAM_spectrograms/448.npy,Electronic,44
449,3.6,2.06,3.8,1.83,0.4,0.4222222222222222,data/deam/DEAM_spectrograms/449.npy,Electronic,44
450,4.1,2.02,5.0,1.73,0.4555555555555555,0.5555555555555556,data/deam/DEAM_spectrograms/450.npy,Electronic,44
451,4.9,1.3,4.4,1.8,0.5444444444444445,0.4888888888888889,data/deam/DEAM_spectrograms/451.npy,Electronic,44
452,5.45,1.53,6.75,1.44,0.6055555555555556,0.75,data/deam/DEAM_spectrograms/452.npy,Electronic,44
453,4.6,1.8,5.6,1.2,0.5111111111111111,0.6222222222222222,data/deam/DEAM_spectrograms/453.npy,Electronic,44
454,5.0,2.45,4.8,1.47,0.5555555555555556,0.5333333333333333,data/deam/DEAM_spectrograms/454.npy,Electronic,44
455,5.4,1.74,5.7,1.19,0.6000000000000001,0.6333333333333333,data/deam/DEAM_spectrograms/455.npy,Electronic,44
456,6.1,2.7,2.3,1.27,0.6777777777777777,0.2555555555555555,data/deam/DEAM_spectrograms/456.npy,Electronic,44
458,3.4,1.69,5.0,1.79,0.3777777777777777,0.5555555555555556,data/deam/DEAM_spectrograms/458.npy,Electronic,44
459,6.3,0.78,6.1,1.22,0.7,0.6777777777777777,data/deam/DEAM_spectrograms/459.npy,Electronic,44
461,4.8,1.4,4.4,1.56,0.5333333333333333,0.4888888888888889,data/deam/DEAM_spectrograms/461.npy,Electronic,44
462,5.8,1.66,4.6,2.06,0.6444444444444444,0.5111111111111111,data/deam/DEAM_spectrograms/462.npy,Electronic,44
463,5.0,2.05,5.7,1.68,0.5555555555555556,0.6333333333333333,data/deam/DEAM_spectrograms/463.npy,Electronic,44
464,5.1,1.22,5.6,1.5,0.5666666666666667,0.6222222222222222,data/deam/DEAM_spectrograms/464.npy,Electronic,44
466,6.6,1.56,5.9,1.22,0.7333333333333333,0.6555555555555556,data/deam/DEAM_spectrograms/466.npy,Electronic,44
467,5.7,2.19,6.8,1.17,0.6333333333333333,0.7555555555555555,data/deam/DEAM_spectrograms/467.npy,Electronic,44
468,3.6,1.62,3.4,2.15,0.4,0.3777777777777777,data/deam/DEAM_spectrograms/468.npy,Electronic,44
469,5.1,1.58,5.3,0.9,0.5666666666666667,0.5888888888888889,data/deam/DEAM_spectrograms/469.npy,Electronic,44
472,6.5,2.11,5.2,1.54,0.7222222222222222,0.5777777777777778,data/deam/DEAM_spectrograms/472.npy,Electronic,44
473,7.1,1.22,5.5,2.2,0.7888888888888889,0.6111111111111112,data/deam/DEAM_spectrograms/473.npy,Electronic,44
477,7.1,1.51,7.2,1.17,0.7888888888888889,0.8,data/deam/DEAM_spectrograms/477.npy,Electronic,44
479,4.5,1.8,5.7,0.9,0.5,0.6333333333333333,data/deam/DEAM_spectrograms/479.npy,Electronic,44
480,2.7,1.62,4.1,1.14,0.3,0.4555555555555555,data/deam/DEAM_spectrograms/480.npy,Electronic,44
481,3.4,1.56,4.7,1.95,0.3777777777777777,0.5222222222222223,data/deam/DEAM_spectrograms/481.npy,Electronic,44
484,6.4,1.28,6.5,1.28,0.7111111111111111,0.7222222222222222,data/deam/DEAM_spectrograms/484.npy,Electronic,44
486,6.2,1.83,5.7,1.62,0.6888888888888889,0.6333333333333333,data/deam/DEAM_spectrograms/486.npy,Electronic,44
487,4.5,1.57,5.3,1.19,0.5,0.5888888888888889,data/deam/DEAM_spectrograms/487.npy,Electronic,44
488,1.6,0.8,3.4,1.28,0.1777777777777777,0.3777777777777777,data/deam/DEAM_spectrograms/488.npy,Electronic,44
489,4.6,1.74,5.2,1.78,0.5111111111111111,0.5777777777777778,data/deam/DEAM_spectrograms/489.npy,Electronic,44
490,3.9,1.51,3.7,1.68,0.4333333333333333,0.4111111111111111,data/deam/DEAM_spectrograms/490.npy,Electronic,44
492,4.4,1.91,4.8,1.72,0.4888888888888889,0.5333333333333333,data/deam/DEAM_spectrograms/492.npy,Electronic,44
493,3.7,1.55,4.9,1.14,0.4111111111111111,0.5444444444444445,data/deam/DEAM_spectrograms/493.npy,Electronic,44
494,3.7,1.62,4.1,1.7,0.4111111111111111,0.4555555555555555,data/deam/DEAM_spectrograms/494.npy,Electronic,44
497,6.2,1.54,5.7,2.24,0.6888888888888889,0.6333333333333333,data/deam/DEAM_spectrograms/497.npy,Electronic,44
498,2.9,1.87,2.8,1.47,0.3222222222222222,0.3111111111111111,data/deam/DEAM_spectrograms/498.npy,Electronic,44
499,3.6,1.56,3.6,1.56,0.4,0.4,data/deam/DEAM_spectrograms/499.npy,Electronic,44
500,6.0,1.79,5.2,1.66,0.6666666666666666,0.5777777777777778,data/deam/DEAM_spectrograms/500.npy,Electronic,44
501,2.5,1.12,4.4,0.92,0.2777777777777778,0.4888888888888889,data/deam/DEAM_spectrograms/501.npy,Folk,46
502,4.8,1.78,4.6,1.62,0.5333333333333333,0.5111111111111111,data/deam/DEAM_spectrograms/502.npy,Folk,46
503,5.8,1.66,6.4,1.02,0.6444444444444444,0.7111111111111111,data/deam/DEAM_spectrograms/503.npy,Folk,46
504,4.8,0.87,4.0,0.77,0.5333333333333333,0.4444444444444444,data/deam/DEAM_spectrograms/504.npy,Folk,46
506,2.9,0.94,4.1,1.37,0.3222222222222222,0.4555555555555555,data/deam/DEAM_spectrograms/506.npy,Folk,46
507,4.9,1.14,4.8,1.17,0.5444444444444445,0.5333333333333333,data/deam/DEAM_spectrograms/507.npy,Folk,46
512,5.1,1.7,5.4,1.91,0.5666666666666667,0.6000000000000001,data/deam/DEAM_spectrograms/512.npy,Folk,46
513,3.1,1.64,4.2,1.47,0.3444444444444444,0.4666666666666667,data/deam/DEAM_spectrograms/513.npy,Folk,46
515,3.8,1.4,3.4,1.2,0.4222222222222222,0.3777777777777777,data/deam/DEAM_spectrograms/515.npy,Folk,46
518,4.1,1.7,3.4,1.11,0.4555555555555555,0.3777777777777777,data/deam/DEAM_spectrograms/518.npy,Folk,46
519,6.8,1.83,5.3,1.79,0.7555555555555555,0.5888888888888889,data/deam/DEAM_spectrograms/519.npy,Folk,46
520,4.0,1.55,5.5,1.36,0.4444444444444444,0.6111111111111112,data/deam/DEAM_spectrograms/520.npy,Folk,46
521,3.8,1.54,4.6,2.06,0.4222222222222222,0.5111111111111111,data/deam/DEAM_spectrograms/521.npy,Folk,46
523,5.1,1.7,5.9,1.87,0.5666666666666667,0.6555555555555556,data/deam/DEAM_spectrograms/523.npy,Folk,46
524,3.3,1.27,4.0,1.1,0.3666666666666666,0.4444444444444444,data/deam/DEAM_spectrograms/524.npy,Folk,46
527,4.0,1.67,5.7,1.95,0.4444444444444444,0.6333333333333333,data/deam/DEAM_spectrograms/527.npy,Folk,46
530,3.3,1.42,3.5,1.57,0.3666666666666666,0.3888888888888889,data/deam/DEAM_spectrograms/530.npy,Folk,46
536,5.1,1.37,4.5,0.81,0.5666666666666667,0.5,data/deam/DEAM_spectrograms/536.npy,Folk,46
540,4.1,1.87,4.4,1.5,0.4555555555555555,0.4888888888888889,data/deam/DEAM_spectrograms/540.npy,Folk,46
544,4.8,2.14,4.5,1.75,0.5333333333333333,0.5,data/deam/DEAM_spectrograms/544.npy,Folk,46
547,3.4,1.85,4.8,2.09,0.3777777777777777,0.5333333333333333,data/deam/DEAM_spectrograms/547.npy,Folk,46
550,4.2,1.78,5.9,1.87,0.4666666666666667,0.6555555555555556,data/deam/DEAM_spectrograms/550.npy,Folk,46
554,2.8,2.27,5.0,2.37,0.3111111111111111,0.5555555555555556,data/deam/DEAM_spectrograms/554.npy,Folk,46
555,5.2,1.6,4.8,1.66,0.5777777777777778,0.5333333333333333,data/deam/DEAM_spectrograms/555.npy,Folk,46
556,5.6,2.06,6.1,1.64,0.6222222222222222,0.6777777777777777,data/deam/DEAM_spectrograms/556.npy,Folk,46
558,2.8,1.83,3.2,1.66,0.3111111111111111,0.3555555555555555,data/deam/DEAM_spectrograms/558.npy,Folk,46
560,2.9,1.22,4.6,1.62,0.3222222222222222,0.5111111111111111,data/deam/DEAM_spectrograms/560.npy,Folk,46
561,6.9,0.7,7.0,0.89,0.7666666666666667,0.7777777777777778,data/deam/DEAM_spectrograms/561.npy,Folk,46
564,4.7,1.68,4.9,1.64,0.5222222222222223,0.5444444444444445,data/deam/DEAM_spectrograms/564.npy,Folk,46
565,3.1,1.51,3.0,1.0,0.3444444444444444,0.3333333333333333,data/deam/DEAM_spectrograms/565.npy,Folk,46
568,5.4,1.5,3.1,1.37,0.6000000000000001,0.3444444444444444,data/deam/DEAM_spectrograms/568.npy,Folk,46
574,4.5,2.06,4.8,1.94,0.5,0.5333333333333333,data/deam/DEAM_spectrograms/574.npy,Folk,46
579,3.1,1.92,3.2,1.33,0.3444444444444444,0.3555555555555555,data/deam/DEAM_spectrograms/579.npy,Folk,46
580,2.4,1.02,4.4,1.28,0.2666666666666666,0.4888888888888889,data/deam/DEAM_spectrograms/580.npy,Folk,46
581,5.3,1.19,6.0,1.0,0.5888888888888889,0.6666666666666666,data/deam/DEAM_spectrograms/581.npy,Folk,46
582,3.1,1.37,4.9,1.64,0.3444444444444444,0.5444444444444445,data/deam/DEAM_spectrograms/582.npy,Folk,46
584,2.5,1.12,2.4,0.8,0.2777777777777778,0.2666666666666666,data/deam/DEAM_spectrograms/584.npy,Folk,46
585,4.0,1.41,4.2,1.66,0.4444444444444444,0.4666666666666667,data/deam/DEAM_spectrograms/585.npy,Folk,46
586,5.2,1.4,5.9,0.7,0.5777777777777778,0.6555555555555556,data/deam/DEAM_spectrograms/586.npy,Folk,46
591,5.7,1.68,6.2,2.09,0.6333333333333333,0.6888888888888889,data/deam/DEAM_spectrograms/591.npy,Folk,46
592,5.45,1.08,5.09,2.11,0.6055555555555556,0.5655555555555556,data/deam/DEAM_spectrograms/592.npy,Folk,46
594,4.2,1.83,3.1,1.51,0.4666666666666667,0.3444444444444444,data/deam/DEAM_spectrograms/594.npy,Folk,46
597,4.8,1.78,6.4,0.8,0.5333333333333333,0.7111111111111111,data/deam/DEAM_spectrograms/597.npy,Folk,46
598,4.0,1.61,5.6,1.02,0.4444444444444444,0.6222222222222222,data/deam/DEAM_spectrograms/598.npy,Folk,46
600,3.5,1.8,4.0,2.1,0.3888888888888889,0.4444444444444444,data/deam/DEAM_spectrograms/600.npy,Folk,46
606,4.1,1.76,5.6,1.5,0.4555555555555555,0.6222222222222222,data/deam/DEAM_spectrograms/606.npy,Folk,46
607,4.4,1.74,6.1,1.3,0.4888888888888889,0.6777777777777777,data/deam/DEAM_spectrograms/607.npy,Folk,46
608,2.9,1.64,3.8,1.89,0.3222222222222222,0.4222222222222222,data/deam/DEAM_spectrograms/608.npy,Folk,46
609,5.3,1.82,5.55,1.69,0.5888888888888889,0.6166666666666667,data/deam/DEAM_spectrograms/609.npy,Folk,46
610,6.3,1.35,6.5,1.75,0.7,0.7222222222222222,data/deam/DEAM_spectrograms/610.npy,Folk,46
612,5.6,1.2,6.6,0.49,0.6222222222222222,0.7333333333333333,data/deam/DEAM_spectrograms/612.npy,Folk,46
613,5.2,2.18,6.8,1.4,0.5777777777777778,0.7555555555555555,data/deam/DEAM_spectrograms/613.npy,Folk,46
614,4.3,1.49,3.7,1.35,0.4777777777777777,0.4111111111111111,data/deam/DEAM_spectrograms/614.npy,Folk,46
615,3.2,1.72,5.0,0.77,0.3555555555555555,0.5555555555555556,data/deam/DEAM_spectrograms/615.npy,Folk,46
616,3.5,1.43,5.0,1.18,0.3888888888888889,0.5555555555555556,data/deam/DEAM_spectrograms/616.npy,Folk,46
620,5.8,1.25,4.4,1.56,0.6444444444444444,0.4888888888888889,data/deam/DEAM_spectrograms/620.npy,Folk,46
625,3.1,1.45,4.4,1.2,0.3444444444444444,0.4888888888888889,data/deam/DEAM_spectrograms/625.npy,Folk,46
628,4.9,2.07,6.8,1.66,0.5444444444444445,0.7555555555555555,data/deam/DEAM_spectrograms/628.npy,Jazz,85
631,7.6,1.5,3.1,2.34,0.8444444444444444,0.3444444444444444,data/deam/DEAM_spectrograms/631.npy,Jazz,85
632,4.2,2.09,5.4,1.8,0.4666666666666667,0.6000000000000001,data/deam/DEAM_spectrograms/632.npy,Jazz,85
634,4.7,2.33,5.8,1.54,0.5222222222222223,0.6444444444444444,data/deam/DEAM_spectrograms/634.npy,Jazz,85
635,6.6,0.92,7.6,1.02,0.7333333333333333,0.8444444444444444,data/deam/DEAM_spectrograms/635.npy,Jazz,85
637,2.2,0.87,3.6,1.96,0.2444444444444444,0.4,data/deam/DEAM_spectrograms/637.npy,Jazz,85
640,7.6,0.8,7.8,0.75,0.8444444444444444,0.8666666666666667,data/deam/DEAM_spectrograms/640.npy,Jazz,85
643,3.5,1.12,4.2,1.72,0.3888888888888889,0.4666666666666667,data/deam/DEAM_spectrograms/643.npy,Jazz,85
645,4.6,1.91,5.7,1.68,0.5111111111111111,0.6333333333333333,data/deam/DEAM_spectrograms/645.npy,Jazz,85
646,3.1,1.3,3.8,1.4,0.3444444444444444,0.4222222222222222,data/deam/DEAM_spectrograms/646.npy,Jazz,85
647,3.0,1.0,5.8,0.87,0.3333333333333333,0.6444444444444444,data/deam/DEAM_spectrograms/647.npy,Jazz,85
648,5.1,2.07,6.8,1.54,0.5666666666666667,0.7555555555555555,data/deam/DEAM_spectrograms/648.npy,Jazz,85
649,6.2,0.98,6.7,0.64,0.6888888888888889,0.7444444444444445,data/deam/DEAM_spectrograms/649.npy,Jazz,85
650,6.0,1.0,4.2,1.66,0.6666666666666666,0.4666666666666667,data/deam/DEAM_spectrograms/650.npy,Jazz,85
651,6.4,1.02,7.1,0.7,0.7111111111111111,0.7888888888888889,data/deam/DEAM_spectrograms/651.npy,Jazz,85
652,3.2,1.72,4.3,1.62,0.3555555555555555,0.4777777777777777,data/deam/DEAM_spectrograms/652.npy,Jazz,85
653,5.3,2.0,6.5,1.02,0.5888888888888889,0.7222222222222222,data/deam/DEAM_spectrograms/653.npy,Jazz,85
656,2.6,1.11,4.1,1.45,0.2888888888888889,0.4555555555555555,data/deam/DEAM_spectrograms/656.npy,Jazz,85
657,5.1,0.94,5.6,0.8,0.5666666666666667,0.6222222222222222,data/deam/DEAM_spectrograms/657.npy,Jazz,85
658,4.4,1.56,5.7,1.27,0.4888888888888889,0.6333333333333333,data/deam/DEAM_spectrograms/658.npy,Jazz,85
660,2.1,1.14,2.8,1.4,0.2333333333333333,0.3111111111111111,data/deam/DEAM_spectrograms/660.npy,Jazz,85
661,2.2,1.72,2.8,1.66,0.2444444444444444,0.3111111111111111,data/deam/DEAM_spectrograms/661.npy,Jazz,85
662,5.9,1.22,5.1,2.12,0.6555555555555556,0.5666666666666667,data/deam/DEAM_spectrograms/662.npy,Jazz,85
663,3.3,1.79,4.3,1.49,0.3666666666666666,0.4777777777777777,data/deam/DEAM_spectrograms/663.npy,Jazz,85
664,7.0,1.0,6.6,1.43,0.7777777777777778,0.7333333333333333,data/deam/DEAM_spectrograms/664.npy,Jazz,85
665,5.7,1.73,6.2,1.6,0.6333333333333333,0.6888888888888889,data/deam/DEAM_spectrograms/665.npy,Jazz,85
666,5.3,1.42,5.0,1.9,0.5888888888888889,0.5555555555555556,data/deam/DEAM_spectrograms/666.npy,Jazz,85
668,5.0,1.55,5.3,1.62,0.5555555555555556,0.5888888888888889,data/deam/DEAM_spectrograms/668.npy,Jazz,85
671,3.1,1.51,3.7,1.55,0.3444444444444444,0.4111111111111111,data/deam/DEAM_spectrograms/671.npy,Jazz,85
672,4.4,2.33,6.3,1.73,0.4888888888888889,0.7,data/deam/DEAM_spectrograms/672.npy,Jazz,85
673,6.6,1.28,6.7,1.35,0.7333333333333333,0.7444444444444445,data/deam/DEAM_spectrograms/673.npy,Jazz,85
674,6.8,1.33,7.4,1.36,0.7555555555555555,0.8222222222222223,data/deam/DEAM_spectrograms/674.npy,Jazz,85
676,6.6,2.37,6.6,2.37,0.7333333333333333,0.7333333333333333,data/deam/DEAM_spectrograms/676.npy,Jazz,85
677,6.5,1.91,5.3,1.79,0.7222222222222222,0.5888888888888889,data/deam/DEAM_spectrograms/677.npy,Jazz,85
681,4.9,2.12,6.6,1.74,0.5444444444444445,0.7333333333333333,data/deam/DEAM_spectrograms/681.npy,Jazz,85
682,4.8,1.33,6.0,0.77,0.5333333333333333,0.6666666666666666,data/deam/DEAM_spectrograms/682.npy,Jazz,85
684,4.3,1.62,4.9,1.45,0.4777777777777777,0.5444444444444445,data/deam/DEAM_spectrograms/684.npy,Jazz,85
685,4.5,2.01,3.6,2.01,0.5,0.4,data/deam/DEAM_spectrograms/685.npy,Jazz,85
686,3.4,1.56,5.5,1.43,0.3777777777777777,0.6111111111111112,data/deam/DEAM_spectrograms/686.npy,Jazz,85
687,7.3,1.1,7.4,0.92,0.8111111111111111,0.8222222222222223,data/deam/DEAM_spectrograms/687.npy,Jazz,85
688,4.3,1.42,5.0,1.61,0.4777777777777777,0.5555555555555556,data/deam/DEAM_spectrograms/688.npy,Jazz,85
689,3.8,1.66,4.6,1.43,0.4222222222222222,0.5111111111111111,data/deam/DEAM_spectrograms/689.npy,Jazz,85
690,2.4,2.01,4.4,2.06,0.2666666666666666,0.4888888888888889,data/deam/DEAM_spectrograms/690.npy,Jazz,85
691,5.0,1.61,3.7,1.27,0.5555555555555556,0.4111111111111111,data/deam/DEAM_spectrograms/691.npy,Jazz,85
692,6.9,1.37,6.1,1.7,0.7666666666666667,0.6777777777777777,data/deam/DEAM_spectrograms/692.npy,Jazz,85
693,6.2,1.6,5.3,1.95,0.6888888888888889,0.5888888888888889,data/deam/DEAM_spectrograms/693.npy,Jazz,85
695,5.9,1.58,6.2,1.72,0.6555555555555556,0.6888888888888889,data/deam/DEAM_spectrograms/695.npy,Jazz,85
696,5.3,2.24,5.8,2.23,0.5888888888888889,0.6444444444444444,data/deam/DEAM_spectrograms/696.npy,Jazz,85
697,4.8,1.54,5.8,1.08,0.5333333333333333,0.6444444444444444,data/deam/DEAM_spectrograms/697.npy,Jazz,85
698,3.9,1.92,3.7,1.62,0.4333333333333333,0.4111111111111111,data/deam/DEAM_spectrograms/698.npy,Jazz,85
700,4.8,1.4,5.6,1.36,0.5333333333333333,0.6222222222222222,data/deam/DEAM_spectrograms/700.npy,Jazz,85
702,7.5,1.43,3.3,1.95,0.8333333333333334,0.3666666666666666,data/deam/DEAM_spectrograms/702.npy,Jazz,85
703,5.1,2.02,6.0,1.61,0.5666666666666667,0.6666666666666666,data/deam/DEAM_spectrograms/703.npy,Jazz,85
704,4.1,1.04,4.2,1.4,0.4555555555555555,0.4666666666666667,data/deam/DEAM_spectrograms/704.npy,Jazz,85
706,5.5,0.81,6.0,0.89,0.6111111111111112,0.6666666666666666,data/deam/DEAM_spectrograms/706.npy,Jazz,85
707,3.2,2.52,3.1,1.81,0.3555555555555555,0.3444444444444444,data/deam/DEAM_spectrograms/707.npy,Jazz,85
708,3.2,2.18,3.2,1.6,0.3555555555555555,0.3555555555555555,data/deam/DEAM_spectrograms/708.npy,Jazz,85
709,5.8,1.47,5.0,1.79,0.6444444444444444,0.5555555555555556,data/deam/DEAM_spectrograms/709.npy,Jazz,85
711,2.9,1.14,3.1,1.14,0.3222222222222222,0.3444444444444444,data/deam/DEAM_spectrograms/711.npy,Jazz,85
712,3.4,1.11,5.3,1.42,0.3777777777777777,0.5888888888888889,data/deam/DEAM_spectrograms/712.npy,Jazz,85
713,4.9,2.17,6.3,2.0,0.5444444444444445,0.7,data/deam/DEAM_spectrograms/713.npy,Jazz,85
715,2.9,1.37,4.3,1.68,0.3222222222222222,0.4777777777777777,data/deam/DEAM_spectrograms/715.npy,Jazz,85
719,7.1,1.14,7.2,1.17,0.7888888888888889,0.8,data/deam/DEAM_spectrograms/719.npy,Jazz,85
721,5.7,1.79,5.5,1.02,0.6333333333333333,0.6111111111111112,data/deam/DEAM_spectrograms/721.npy,Jazz,85
722,5.7,1.55,7.0,0.63,0.6333333333333333,0.7777777777777778,data/deam/DEAM_spectrograms/722.npy,Jazz,85
723,6.5,1.75,7.2,1.08,0.7222222222222222,0.8,data/deam/DEAM_spectrograms/723.npy,Jazz,85
725,5.1,1.7,5.1,1.45,0.5666666666666667,0.5666666666666667,data/deam/DEAM_spectrograms/725.npy,Jazz,85
726,7.0,2.14,3.6,1.74,0.7777777777777778,0.4,data/deam/DEAM_spectrograms/726.npy,Jazz,85
727,4.3,1.68,4.5,1.86,0.4777777777777777,0.5,data/deam/DEAM_spectrograms/727.npy,Jazz,85
728,6.9,1.76,7.5,1.2,0.7666666666666667,0.8333333333333334,data/deam/DEAM_spectrograms/728.npy,Jazz,85
729,6.4,1.02,3.5,1.57,0.7111111111111111,0.3888888888888889,data/deam/DEAM_spectrograms/729.npy,Jazz,85
730,3.7,1.62,4.5,1.02,0.4111111111111111,0.5,data/deam/DEAM_spectrograms/730.npy,Jazz,85
731,7.3,1.62,5.8,1.78,0.8111111111111111,0.6444444444444444,data/deam/DEAM_spectrograms/731.npy,Jazz,85
732,5.6,1.74,6.3,0.9,0.6222222222222222,0.7,data/deam/DEAM_spectrograms/732.npy,Jazz,85
733,4.3,1.42,5.0,1.48,0.4777777777777777,0.5555555555555556,data/deam/DEAM_spectrograms/733.npy,Jazz,85
734,5.7,1.79,6.3,1.55,0.6333333333333333,0.7,data/deam/DEAM_spectrograms/734.npy,Jazz,85
735,4.3,1.0,4.9,0.94,0.4777777777777777,0.5444444444444445,data/deam/DEAM_spectrograms/735.npy,Jazz,85
736,2.7,1.42,3.7,0.9,0.3,0.4111111111111111,data/deam/DEAM_spectrograms/736.npy,Jazz,85
737,4.1,0.94,4.9,1.22,0.4555555555555555,0.5444444444444445,data/deam/DEAM_spectrograms/737.npy,Jazz,85
738,5.5,1.43,6.2,1.33,0.6111111111111112,0.6888888888888889,data/deam/DEAM_spectrograms/738.npy,Jazz,85
740,3.7,1.79,4.0,1.34,0.4111111111111111,0.4444444444444444,data/deam/DEAM_spectrograms/740.npy,Jazz,85
741,4.6,1.5,4.4,1.5,0.5111111111111111,0.4888888888888889,data/deam/DEAM_spectrograms/741.npy,Jazz,85
742,6.1,2.12,6.5,1.63,0.6777777777777777,0.7222222222222222,data/deam/DEAM_spectrograms/742.npy,Jazz,85
744,6.1,1.3,5.5,1.12,0.6777777777777777,0.6111111111111112,data/deam/DEAM_spectrograms/744.npy,Jazz,85
745,4.2,1.08,1.6,0.66,0.4666666666666667,0.1777777777777777,data/deam/DEAM_spectrograms/745.npy,Jazz,85
746,3.7,1.73,4.6,1.91,0.4111111111111111,0.5111111111111111,data/deam/DEAM_spectrograms/746.npy,Jazz,85
747,3.6,1.36,4.9,1.22,0.4,0.5444444444444445,data/deam/DEAM_spectrograms/747.npy,Jazz,85
748,5.1,1.92,4.4,1.56,0.5666666666666667,0.4888888888888889,data/deam/DEAM_spectrograms/748.npy,Jazz,85
749,4.2,1.25,4.9,1.37,0.4666666666666667,0.5444444444444445,data/deam/DEAM_spectrograms/749.npy,Jazz,85
750,5.3,2.0,5.7,1.9,0.5888888888888889,0.6333333333333333,data/deam/DEAM_spectrograms/750.npy,Jazz,85
756,5.9,1.87,6.8,0.75,0.6555555555555556,0.7555555555555555,data/deam/DEAM_spectrograms/756.npy,Pop,101
757,6.0,1.26,6.1,1.37,0.6666666666666666,0.6777777777777777,data/deam/DEAM_spectrograms/757.npy,Pop,101
758,4.8,1.89,5.9,1.04,0.5333333333333333,0.6555555555555556,data/deam/DEAM_spectrograms/758.npy,Pop,101
759,6.7,0.9,5.9,1.14,0.7444444444444445,0.6555555555555556,data/deam/DEAM_spectrograms/759.npy,Pop,101
763,3.5,1.43,5.5,1.36,0.3888888888888889,0.6111111111111112,data/deam/DEAM_spectrograms/763.npy,Pop,101
764,6.3,1.62,7.5,0.92,0.7,0.8333333333333334,data/deam/DEAM_spectrograms/764.npy,Pop,101
767,5.2,1.25,6.5,0.5,0.5777777777777778,0.7222222222222222,data/deam/DEAM_spectrograms/767.npy,Pop,101
773,4.5,1.75,4.7,2.0,0.5,0.5222222222222223,data/deam/DEAM_spectrograms/773.npy,Pop,101
775,3.7,1.55,4.4,1.5,0.4111111111111111,0.4888888888888889,data/deam/DEAM_spectrograms/775.npy,Pop,101
777,6.2,2.14,5.1,2.17,0.6888888888888889,0.5666666666666667,data/deam/DEAM_spectrograms/777.npy,Pop,101
780,5.8,1.4,6.2,1.54,0.6444444444444444,0.6888888888888889,data/deam/DEAM_spectrograms/780.npy,Pop,101
781,4.9,2.02,6.3,2.1,0.5444444444444445,0.7,data/deam/DEAM_spectrograms/781.npy,Pop,101
784,4.7,1.68,5.7,1.35,0.5222222222222223,0.6333333333333333,data/deam/DEAM_spectrograms/784.npy,Pop,101
790,7.2,1.25,5.4,1.43,0.8,0.6000000000000001,data/deam/DEAM_spectrograms/790.npy,Pop,101
791,2.7,1.27,4.6,1.69,0.3,0.5111111111111111,data/deam/DEAM_spectrograms/791.npy,Pop,101
794,2.5,1.02,4.2,1.08,0.2777777777777778,0.4666666666666667,data/deam/DEAM_spectrograms/794.npy,Pop,101
795,2.2,0.98,3.5,1.12,0.2444444444444444,0.3888888888888889,data/deam/DEAM_spectrograms/795.npy,Pop,101
797,4.9,2.12,5.4,1.85,0.5444444444444445,0.6000000000000001,data/deam/DEAM_spectrograms/797.npy,Pop,101
798,6.5,1.43,5.9,1.76,0.7222222222222222,0.6555555555555556,data/deam/DEAM_spectrograms/798.npy,Pop,101
799,4.1,1.22,5.6,0.66,0.4555555555555555,0.6222222222222222,data/deam/DEAM_spectrograms/799.npy,Pop,101
800,4.5,1.63,4.5,1.86,0.5,0.5,data/deam/DEAM_spectrograms/800.npy,Pop,101
801,3.3,2.0,3.5,2.11,0.3666666666666666,0.3888888888888889,data/deam/DEAM_spectrograms/801.npy,Pop,101
804,6.9,1.04,6.8,0.6,0.7666666666666667,0.7555555555555555,data/deam/DEAM_spectrograms/804.npy,Pop,101
805,2.2,0.98,3.5,1.36,0.2444444444444444,0.3888888888888889,data/deam/DEAM_spectrograms/805.npy,Pop,101
806,6.4,1.69,6.6,1.8,0.7111111111111111,0.7333333333333333,data/deam/DEAM_spectrograms/806.npy,Pop,101
807,4.8,1.6,6.5,0.92,0.5333333333333333,0.7222222222222222,data/deam/DEAM_spectrograms/807.npy,Pop,101
808,3.1,1.51,4.3,1.85,0.3444444444444444,0.4777777777777777,data/deam/DEAM_spectrograms/808.npy,Pop,101
810,6.5,1.57,6.6,0.66,0.7222222222222222,0.7333333333333333,data/deam/DEAM_spectrograms/810.npy,Pop,101
811,4.1,1.45,4.9,1.37,0.4555555555555555,0.5444444444444445,data/deam/DEAM_spectrograms/811.npy,Pop,101
813,6.2,1.17,6.7,1.0,0.6888888888888889,0.7444444444444445,data/deam/DEAM_spectrograms/813.npy,Pop,101
815,5.5,1.57,5.9,0.94,0.6111111111111112,0.6555555555555556,data/deam/DEAM_spectrograms/815.npy,Pop,101
818,5.9,1.3,6.8,1.4,0.6555555555555556,0.7555555555555555,data/deam/DEAM_spectrograms/818.npy,Pop,101
819,4.0,1.84,5.7,1.42,0.4444444444444444,0.6333333333333333,data/deam/DEAM_spectrograms/819.npy,Pop,101
820,6.4,1.43,6.4,1.36,0.7111111111111111,0.7111111111111111,data/deam/DEAM_spectrograms/820.npy,Pop,101
824,7.2,1.4,7.0,1.0,0.8,0.7777777777777778,data/deam/DEAM_spectrograms/824.npy,Pop,101
825,4.1,2.21,5.7,1.19,0.4555555555555555,0.6333333333333333,data/deam/DEAM_spectrograms/825.npy,Pop,101
826,4.0,1.55,4.7,1.35,0.4444444444444444,0.5222222222222223,data/deam/DEAM_spectrograms/826.npy,Pop,101
829,2.3,1.0,4.5,1.36,0.2555555555555555,0.5,data/deam/DEAM_spectrograms/829.npy,Pop,101
831,5.2,1.17,6.2,0.75,0.5777777777777778,0.6888888888888889,data/deam/DEAM_spectrograms/831.npy,Pop,101
833,5.0,1.55,5.8,1.17,0.5555555555555556,0.6444444444444444,data/deam/DEAM_spectrograms/833.npy,Pop,101
836,7.1,1.14,5.7,1.9,0.7888888888888889,0.6333333333333333,data/deam/DEAM_spectrograms/836.npy,Pop,101
839,5.7,1.35,4.4,1.74,0.6333333333333333,0.4888888888888889,data/deam/DEAM_spectrograms/839.npy,Pop,101
841,4.2,1.4,4.7,1.19,0.4666666666666667,0.5222222222222223,data/deam/DEAM_spectrograms/841.npy,Pop,101
845,5.1,1.87,4.0,1.73,0.5666666666666667,0.4444444444444444,data/deam/DEAM_spectrograms/845.npy,Pop,101
846,6.0,1.1,5.5,1.12,0.6666666666666666,0.6111111111111112,data/deam/DEAM_spectrograms/846.npy,Pop,101
848,2.2,1.33,2.7,1.1,0.2444444444444444,0.3,data/deam/DEAM_spectrograms/848.npy,Pop,101
851,5.0,0.77,4.4,1.02,0.5555555555555556,0.4888888888888889,data/deam/DEAM_spectrograms/851.npy,Pop,101
852,4.5,1.5,4.7,2.05,0.5,0.5222222222222223,data/deam/DEAM_spectrograms/852.npy,Pop,101
854,2.9,1.3,3.8,1.47,0.3222222222222222,0.4222222222222222,data/deam/DEAM_spectrograms/854.npy,Pop,101
855,2.9,1.87,4.5,1.36,0.3222222222222222,0.5,data/deam/DEAM_spectrograms/855.npy,Pop,101
856,6.7,0.9,5.6,0.8,0.7444444444444445,0.6222222222222222,data/deam/DEAM_spectrograms/856.npy,Pop,101
857,4.9,1.87,5.3,1.95,0.5444444444444445,0.5888888888888889,data/deam/DEAM_spectrograms/857.npy,Pop,101
858,4.4,2.01,4.5,2.2,0.4888888888888889,0.5,data/deam/DEAM_spectrograms/858.npy,Pop,101
860,6.6,0.92,6.7,1.27,0.7333333333333333,0.7444444444444445,data/deam/DEAM_spectrograms/860.npy,Pop,101
863,6.4,1.11,7.0,1.0,0.7111111111111111,0.7777777777777778,data/deam/DEAM_spectrograms/863.npy,Pop,101
864,5.7,1.1,5.9,1.04,0.6333333333333333,0.6555555555555556,data/deam/DEAM_spectrograms/864.npy,Pop,101
865,2.8,1.78,4.6,1.5,0.3111111111111111,0.5111111111111111,data/deam/DEAM_spectrograms/865.npy,Pop,101
866,5.8,1.17,5.1,1.58,0.6444444444444444,0.5666666666666667,data/deam/DEAM_spectrograms/866.npy,Pop,101
867,5.8,1.83,6.5,2.01,0.6444444444444444,0.7222222222222222,data/deam/DEAM_spectrograms/867.npy,Pop,101
869,2.6,1.69,4.1,1.92,0.2888888888888889,0.4555555555555555,data/deam/DEAM_spectrograms/869.npy,Pop,101
871,6.4,1.36,6.0,1.84,0.7111111111111111,0.6666666666666666,data/deam/DEAM_spectrograms/871.npy,Pop,101
872,3.4,1.62,5.5,1.8,0.3777777777777777,0.6111111111111112,data/deam/DEAM_spectrograms/872.npy,Pop,101
873,6.8,0.98,7.0,0.77,0.7555555555555555,0.7777777777777778,data/deam/DEAM_spectrograms/873.npy,Pop,101
874,6.3,1.49,4.4,1.96,0.7,0.4888888888888889,data/deam/DEAM_spectrograms/874.npy,Pop,101
879,5.6,1.02,6.0,1.26,0.6222222222222222,0.6666666666666666,data/deam/DEAM_spectrograms/879.npy,Rock,108
880,4.9,2.12,3.8,1.66,0.5444444444444445,0.4222222222222222,data/deam/DEAM_spectrograms/880.npy,Rock,108
884,5.5,1.96,5.0,1.48,0.6111111111111112,0.5555555555555556,data/deam/DEAM_spectrograms/884.npy,Rock,108
886,5.9,0.94,5.4,1.36,0.6555555555555556,0.6000000000000001,data/deam/DEAM_spectrograms/886.npy,Rock,108
887,5.1,1.64,5.6,1.43,0.5666666666666667,0.6222222222222222,data/deam/DEAM_spectrograms/887.npy,Rock,108
889,6.9,1.7,7.2,1.54,0.7666666666666667,0.8,data/deam/DEAM_spectrograms/889.npy,Rock,108
891,3.4,1.43,5.5,1.02,0.3777777777777777,0.6111111111111112,data/deam/DEAM_spectrograms/891.npy,Rock,108
892,3.9,2.02,2.9,1.14,0.4333333333333333,0.3222222222222222,data/deam/DEAM_spectrograms/892.npy,Rock,108
893,7.3,1.85,3.3,2.05,0.8111111111111111,0.3666666666666666,data/deam/DEAM_spectrograms/893.npy,Rock,108
897,4.9,1.37,4.3,1.35,0.5444444444444445,0.4777777777777777,data/deam/DEAM_spectrograms/897.npy,Rock,108
898,6.4,1.91,5.5,1.91,0.7111111111111111,0.6111111111111112,data/deam/DEAM_spectrograms/898.npy,Rock,108
899,5.3,1.79,6.3,1.55,0.5888888888888889,0.7,data/deam/DEAM_spectrograms/899.npy,Rock,108
902,7.0,0.77,3.3,1.55,0.7777777777777778,0.3666666666666666,data/deam/DEAM_spectrograms/902.npy,Rock,108
903,5.9,1.14,5.6,1.2,0.6555555555555556,0.6222222222222222,data/deam/DEAM_spectrograms/903.npy,Rock,108
910,7.0,1.55,6.6,1.74,0.7777777777777778,0.7333333333333333,data/deam/DEAM_spectrograms/910.npy,Rock,108
911,7.1,1.22,4.0,1.48,0.7888888888888889,0.4444444444444444,data/deam/DEAM_spectrograms/911.npy,Rock,108
921,5.9,1.14,6.1,1.3,0.6555555555555556,0.6777777777777777,data/deam/DEAM_spectrograms/921.npy,Rock,108
924,5.4,1.8,6.2,1.4,0.6000000000000001,0.6888888888888889,data/deam/DEAM_spectrograms/924.npy,Rock,108
925,4.9,1.51,5.7,1.62,0.5444444444444445,0.6333333333333333,data/deam/DEAM_spectrograms/925.npy,Rock,108
926,4.0,1.61,5.5,1.02,0.4444444444444444,0.6111111111111112,data/deam/DEAM_spectrograms/926.npy,Rock,108
928,5.0,1.95,4.0,1.79,0.5555555555555556,0.4444444444444444,data/deam/DEAM_spectrograms/928.npy,Rock,108
931,6.3,2.19,6.5,1.75,0.7,0.7222222222222222,data/deam/DEAM_spectrograms/931.npy,Rock,108
938,7.3,0.78,4.2,1.33,0.8111111111111111,0.4666666666666667,data/deam/DEAM_spectrograms/938.npy,Rock,108
939,6.2,1.4,2.7,1.1,0.6888888888888889,0.3,data/deam/DEAM_spectrograms/939.npy,Rock,108
941,7.2,0.98,5.9,1.7,0.8,0.6555555555555556,data/deam/DEAM_spectrograms/941.npy,Rock,108
942,4.8,1.6,4.1,1.97,0.5333333333333333,0.4555555555555555,data/deam/DEAM_spectrograms/942.npy,Rock,108
944,7.1,0.94,6.5,1.2,0.7888888888888889,0.7222222222222222,data/deam/DEAM_spectrograms/944.npy,Rock,108
945,2.3,1.35,2.8,1.47,0.2555555555555555,0.3111111111111111,data/deam/DEAM_spectrograms/945.npy,Rock,108
952,4.2,2.14,3.7,1.35,0.4666666666666667,0.4111111111111111,data/deam/DEAM_spectrograms/952.npy,Rock,108
954,5.1,1.58,5.5,1.02,0.5666666666666667,0.6111111111111112,data/deam/DEAM_spectrograms/954.npy,Rock,108
956,4.5,1.02,5.4,0.92,0.5,0.6000000000000001,data/deam/DEAM_spectrograms/956.npy,Rock,108
957,2.8,1.08,4.7,1.55,0.3111111111111111,0.5222222222222223,data/deam/DEAM_spectrograms/957.npy,Rock,108
958,5.5,1.86,5.1,1.81,0.6111111111111112,0.5666666666666667,data/deam/DEAM_spectrograms/958.npy,Rock,108
959,6.2,1.94,6.4,2.01,0.6888888888888889,0.7111111111111111,data/deam/DEAM_spectrograms/959.npy,Rock,108
962,7.4,0.92,3.4,1.5,0.8222222222222223,0.3777777777777777,data/deam/DEAM_spectrograms/962.npy,Rock,108
967,2.8,2.09,4.4,2.15,0.3111111111111111,0.4888888888888889,data/deam/DEAM_spectrograms/967.npy,Rock,108
968,3.8,2.14,3.2,1.72,0.4222222222222222,0.3555555555555555,data/deam/DEAM_spectrograms/968.npy,Rock,108
970,6.6,1.56,6.6,1.56,0.7333333333333333,0.7333333333333333,data/deam/DEAM_spectrograms/970.npy,Rock,108
973,6.5,1.8,4.6,2.11,0.7222222222222222,0.5111111111111111,data/deam/DEAM_spectrograms/973.npy,Rock,108
974,4.1,1.64,4.2,1.78,0.4555555555555555,0.4666666666666667,data/deam/DEAM_spectrograms/974.npy,Rock,108
976,6.2,1.08,5.9,1.22,0.6888888888888889,0.6555555555555556,data/deam/DEAM_spectrograms/976.npy,Rock,108
977,7.3,1.0,3.5,1.63,0.8111111111111111,0.3888888888888889,data/deam/DEAM_spectrograms/977.npy,Rock,108
979,3.1,1.58,5.5,1.86,0.3444444444444444,0.6111111111111112,data/deam/DEAM_spectrograms/979.npy,Rock,108
980,5.8,1.17,4.3,1.73,0.6444444444444444,0.4777777777777777,data/deam/DEAM_spectrograms/980.npy,Rock,108
981,6.7,1.79,6.6,1.5,0.7444444444444445,0.7333333333333333,data/deam/DEAM_spectrograms/981.npy,Rock,108
983,4.8,2.23,6.3,1.27,0.5333333333333333,0.7,data/deam/DEAM_spectrograms/983.npy,Rock,108
985,3.9,1.81,6.1,1.22,0.4333333333333333,0.6777777777777777,data/deam/DEAM_spectrograms/985.npy,Rock,108
986,5.8,0.98,4.5,1.96,0.6444444444444444,0.5,data/deam/DEAM_spectrograms/986.npy,Rock,108
987,6.3,1.62,3.6,1.56,0.7,0.4,data/deam/DEAM_spectrograms/987.npy,Rock,108
990,6.0,1.61,6.1,1.51,0.6666666666666666,0.6777777777777777,data/deam/DEAM_spectrograms/990.npy,Rock,108
991,3.1,1.3,3.5,1.5,0.3444444444444444,0.3888888888888889,data/deam/DEAM_spectrograms/991.npy,Rock,108
993,4.4,1.2,3.8,1.17,0.4888888888888889,0.4222222222222222,data/deam/DEAM_spectrograms/993.npy,Rock,108
994,6.6,1.74,5.3,1.55,0.7333333333333333,0.5888888888888889,data/deam/DEAM_spectrograms/994.npy,Rock,108
995,4.7,1.27,2.4,0.92,0.5222222222222223,0.2666666666666666,data/deam/DEAM_spectrograms/995.npy,Rock,108
996,6.0,1.61,6.7,1.68,0.6666666666666666,0.7444444444444445,data/deam/DEAM_spectrograms/996.npy,Rock,108
997,6.4,2.11,6.7,1.68,0.7111111111111111,0.7444444444444445,data/deam/DEAM_spectrograms/997.npy,Rock,108
999,4.1,2.3,5.9,1.58,0.4555555555555555,0.6555555555555556,data/deam/DEAM_spectrograms/999.npy,Rock,108
1000,6.8,1.6,5.6,2.06,0.7555555555555555,0.6222222222222222,data/deam/DEAM_spectrograms/1000.npy,Rock,108
1001,4.4,1.5,3.8,1.72,0.4888888888888889,0.4222222222222222,data/deam/DEAM_spectrograms/1001.npy,SoulRB-Country-Folk-Pop-Experimental-Rock-Blues,122
1002,4.5,1.5,3.2,1.54,0.5,0.3555555555555555,data/deam/DEAM_spectrograms/1002.npy,Blues-SoulRB-Rock,6
1004,3.8,0.98,4.7,1.49,0.4222222222222222,0.5222222222222223,data/deam/DEAM_spectrograms/1004.npy,SoulRB-Country-Folk-Pop-Rock-Blues,123
1006,4.6,1.36,4.4,2.11,0.5111111111111111,0.4888888888888889,data/deam/DEAM_spectrograms/1006.npy,Blues-SoulRB,3
1007,5.2,1.47,5.4,1.56,0.5777777777777778,0.6000000000000001,data/deam/DEAM_spectrograms/1007.npy,Blues-SoulRB,3
1008,6.0,1.55,5.4,1.5,0.6666666666666666,0.6000000000000001,data/deam/DEAM_spectrograms/1008.npy,Blues-SoulRB-Rock,6
1010,6.5,1.63,6.5,1.5,0.7222222222222222,0.7222222222222222,data/deam/DEAM_spectrograms/1010.npy,Blues-SoulRB-Rock,6
1011,4.5,1.43,3.0,1.1,0.5,0.3333333333333333,data/deam/DEAM_spectrograms/1011.npy,SoulRB-Blues,110
1012,4.3,1.62,2.9,1.51,0.4777777777777777,0.3222222222222222,data/deam/DEAM_spectrograms/1012.npy,SoulRB-Blues,110
1015,5.9,1.58,6.3,1.55,0.6555555555555556,0.7,data/deam/DEAM_spectrograms/1015.npy,SoulRB-Blues,110
1018,3.7,1.49,2.5,1.28,0.4111111111111111,0.2777777777777778,data/deam/DEAM_spectrograms/1018.npy,SoulRB-Blues-Experimental-Rock,111
1019,4.3,1.68,2.8,1.08,0.4777777777777777,0.3111111111111111,data/deam/DEAM_spectrograms/1019.npy,SoulRB-Blues-Experimental-Rock,111
1022,3.3,1.19,3.3,1.68,0.3666666666666666,0.3666666666666666,data/deam/DEAM_spectrograms/1022.npy,SoulRB-Blues-Folk,112
1025,5.1,2.21,6.1,1.81,0.5666666666666667,0.6777777777777777,data/deam/DEAM_spectrograms/1025.npy,Blues-SoulRB-Rock,6
1026,3.7,1.73,2.8,1.83,0.4111111111111111,0.3111111111111111,data/deam/DEAM_spectrograms/1026.npy,SoulRB-Blues-Folk-Experimental,113
1027,4.6,0.92,3.8,0.75,0.5111111111111111,0.4222222222222222,data/deam/DEAM_spectrograms/1027.npy,SoulRB-Blues-Folk-Experimental,113
1028,4.5,1.28,4.8,1.25,0.5,0.5333333333333333,data/deam/DEAM_spectrograms/1028.npy,SoulRB-Blues-Folk-Experimental,113
1029,3.9,0.99,4.5,1.08,0.4333333333333333,0.5,data/deam/DEAM_spectrograms/1029.npy,Blues-SoulRB,3
1030,5.7,1.42,5.2,1.25,0.6333333333333333,0.5777777777777778,data/deam/DEAM_spectrograms/1030.npy,Blues-SoulRB,3
1031,4.8,1.4,5.0,1.84,0.5333333333333333,0.5555555555555556,data/deam/DEAM_spectrograms/1031.npy,SoulRB-Blues-Folk-Experimental-Rock,114
1032,3.3,1.42,4.1,1.92,0.3666666666666666,0.4555555555555555,data/deam/DEAM_spectrograms/1032.npy,SoulRB-Blues-Folk-Experimental-Rock,114
1034,3.3,1.55,2.8,1.08,0.3666666666666666,0.3111111111111111,data/deam/DEAM_spectrograms/1034.npy,SoulRB-Blues-Folk-Experimental-Rock,114
1036,4.8,1.6,3.0,0.89,0.5333333333333333,0.3333333333333333,data/deam/DEAM_spectrograms/1036.npy,SoulRB-Blues-Folk-Pop-Experimental-Rock,115
1038,5.0,1.26,4.1,1.64,0.5555555555555556,0.4555555555555555,data/deam/DEAM_spectrograms/1038.npy,SoulRB-Blues-Folk-Rock,116
1040,6.2,1.54,5.3,1.35,0.6888888888888889,0.5888888888888889,data/deam/DEAM_spectrograms/1040.npy,SoulRB-Blues-Folk-Rock,116
1041,5.6,1.2,5.4,1.62,0.6222222222222222,0.6000000000000001,data/deam/DEAM_spectrograms/1041.npy,SoulRB-Blues-Folk-Rock,116
1042,5.0,1.18,4.3,1.85,0.5555555555555556,0.4777777777777777,data/deam/DEAM_spectrograms/1042.npy,Blues-Country-SoulRB-Folk,2
1043,4.9,1.76,5.0,1.41,0.5444444444444445,0.5555555555555556,data/deam/DEAM_spectrograms/1043.npy,SoulRB-Blues-International-Electronic,117
1046,5.6,1.69,5.0,2.05,0.6222222222222222,0.5555555555555556,data/deam/DEAM_spectrograms/1046.npy,SoulRB-Blues-Pop-Rock,120
1047,5.3,1.19,4.4,1.5,0.5888888888888889,0.4888888888888889,data/deam/DEAM_spectrograms/1047.npy,SoulRB-Blues-Pop-Rock,120
1048,5.0,2.19,6.7,1.0,0.5555555555555556,0.7444444444444445,data/deam/DEAM_spectrograms/1048.npy,SoulRB-Blues-Rock,121
1049,5.3,2.28,6.7,1.95,0.5888888888888889,0.7444444444444445,data/deam/DEAM_spectrograms/1049.npy,SoulRB-Blues-Rock,121
1051,5.2,1.08,5.3,1.1,0.5777777777777778,0.5888888888888889,data/deam/DEAM_spectrograms/1051.npy,SoulRB-Blues-Rock,121
1052,5.5,2.25,6.6,1.62,0.6111111111111112,0.7333333333333333,data/deam/DEAM_spectrograms/1052.npy,SoulRB-Blues-Rock,121
1053,4.5,2.11,6.3,1.19,0.5,0.7,data/deam/DEAM_spectrograms/1053.npy,SoulRB-Blues-Rock,121
1054,3.7,2.49,6.3,2.49,0.4111111111111111,0.7,data/deam/DEAM_spectrograms/1054.npy,SoulRB-Blues-Rock,121
1055,3.7,2.53,6.3,2.1,0.4111111111111111,0.7,data/deam/DEAM_spectrograms/1055.npy,SoulRB-Blues-Rock,121
1056,4.2,1.47,5.0,1.84,0.4666666666666667,0.5555555555555556,data/deam/DEAM_spectrograms/1056.npy,SoulRB-Blues-Rock,121
1057,4.7,2.28,7.1,1.58,0.5222222222222223,0.7888888888888889,data/deam/DEAM_spectrograms/1057.npy,SoulRB-Blues-Rock,121
1058,4.0,2.05,5.8,2.04,0.4444444444444444,0.6444444444444444,data/deam/DEAM_spectrograms/1058.npy,SoulRB-Blues-Rock,121
1059,4.7,2.71,7.5,1.78,0.5222222222222223,0.8333333333333334,data/deam/DEAM_spectrograms/1059.npy,SoulRB-Blues-Rock,121
1061,6.5,1.8,6.2,1.83,0.7222222222222222,0.6888888888888889,data/deam/DEAM_spectrograms/1061.npy,SoulRB-Blues-Rock,121
1062,4.1,1.64,4.3,1.55,0.4555555555555555,0.4777777777777777,data/deam/DEAM_spectrograms/1062.npy,SoulRB-Blues-Rock,121
1063,5.2,1.66,6.4,1.5,0.5777777777777778,0.7111111111111111,data/deam/DEAM_spectrograms/1063.npy,SoulRB-Blues-Rock,121
1065,6.0,1.41,6.4,1.28,0.6666666666666666,0.7111111111111111,data/deam/DEAM_spectrograms/1065.npy,SoulRB-Blues-Rock,121
1066,6.1,1.37,5.5,1.43,0.6777777777777777,0.6111111111111112,data/deam/DEAM_spectrograms/1066.npy,SoulRB,109
1067,4.0,1.34,3.4,1.69,0.4444444444444444,0.3777777777777777,data/deam/DEAM_spectrograms/1067.npy,SoulRB,109
1068,5.9,1.45,5.3,1.62,0.6555555555555556,0.5888888888888889,data/deam/DEAM_spectrograms/1068.npy,SoulRB,109
1069,4.3,2.41,5.6,1.43,0.4777777777777777,0.6222222222222222,data/deam/DEAM_spectrograms/1069.npy,SoulRB,109
1070,5.2,1.33,5.8,0.98,0.5777777777777778,0.6444444444444444,data/deam/DEAM_spectrograms/1070.npy,SoulRB,109
1071,6.5,1.2,5.3,1.1,0.7222222222222222,0.5888888888888889,data/deam/DEAM_spectrograms/1071.npy,SoulRB,109
1072,6.3,1.1,5.5,1.2,0.7,0.6111111111111112,data/deam/DEAM_spectrograms/1072.npy,SoulRB,109
1073,5.2,1.25,3.8,1.66,0.5777777777777778,0.4222222222222222,data/deam/DEAM_spectrograms/1073.npy,SoulRB,109
1074,6.8,0.98,6.4,1.69,0.7555555555555555,0.7111111111111111,data/deam/DEAM_spectrograms/1074.npy,SoulRB,109
1075,6.4,1.74,6.6,0.92,0.7111111111111111,0.7333333333333333,data/deam/DEAM_spectrograms/1075.npy,SoulRB,109
1076,6.0,1.26,5.0,1.55,0.6666666666666666,0.5555555555555556,data/deam/DEAM_spectrograms/1076.npy,SoulRB,109
1078,6.8,0.87,6.0,1.48,0.7555555555555555,0.6666666666666666,data/deam/DEAM_spectrograms/1078.npy,SoulRB,109
1079,6.9,1.14,5.6,1.85,0.7666666666666667,0.6222222222222222,data/deam/DEAM_spectrograms/1079.npy,SoulRB,109
1080,6.0,1.18,5.0,1.61,0.6666666666666666,0.5555555555555556,data/deam/DEAM_spectrograms/1080.npy,SoulRB,109
1081,5.0,1.26,3.5,1.36,0.5555555555555556,0.3888888888888889,data/deam/DEAM_spectrograms/1081.npy,SoulRB,109
1082,6.7,1.27,6.4,1.5,0.7444444444444445,0.7111111111111111,data/deam/DEAM_spectrograms/1082.npy,SoulRB,109
1083,6.1,1.81,6.6,1.69,0.6777777777777777,0.7333333333333333,data/deam/DEAM_spectrograms/1083.npy,SoulRB,109
1084,5.1,1.22,3.4,1.28,0.5666666666666667,0.3777777777777777,data/deam/DEAM_spectrograms/1084.npy,SoulRB,109
1085,6.1,1.37,5.2,1.78,0.6777777777777777,0.5777777777777778,data/deam/DEAM_spectrograms/1085.npy,SoulRB-Electronic,124
1086,5.9,1.3,4.3,1.0,0.6555555555555556,0.4777777777777777,data/deam/DEAM_spectrograms/1086.npy,SoulRB-Electronic,124
1089,6.4,1.69,6.6,1.5,0.7111111111111111,0.7333333333333333,data/deam/DEAM_spectrograms/1089.npy,SoulRB-Electronic,124
1090,5.6,1.69,6.6,1.36,0.6222222222222222,0.7333333333333333,data/deam/DEAM_spectrograms/1090.npy,SoulRB-Electronic,124
1092,5.8,1.54,6.3,1.35,0.6444444444444444,0.7,data/deam/DEAM_spectrograms/1092.npy,SoulRB-Electronic,124
1093,5.8,1.47,6.0,1.61,0.6444444444444444,0.6666666666666666,data/deam/DEAM_spectrograms/1093.npy,SoulRB-Electronic,124
1094,6.4,1.2,6.3,1.27,0.7111111111111111,0.7,data/deam/DEAM_spectrograms/1094.npy,SoulRB-Electronic,124
1095,6.2,1.6,6.2,1.47,0.6888888888888889,0.6888888888888889,data/deam/DEAM_spectrograms/1095.npy,SoulRB-Electronic,124
1097,5.5,1.69,5.4,1.91,0.6111111111111112,0.6000000000000001,data/deam/DEAM_spectrograms/1097.npy,SoulRB-Electronic,124
1099,5.7,1.85,5.9,1.76,0.6333333333333333,0.6555555555555556,data/deam/DEAM_spectrograms/1099.npy,SoulRB-Electronic-Rock,125
1100,6.3,1.19,5.6,1.28,0.7,0.6222222222222222,data/deam/DEAM_spectrograms/1100.npy,SoulRB-Electronic-Rock,125
1101,3.7,1.42,2.4,1.43,0.4111111111111111,0.2666666666666666,data/deam/DEAM_spectrograms/1101.npy,Classical-Experimental-Electronic,11
1102,2.3,0.78,4.5,2.16,0.2555555555555555,0.5,data/deam/DEAM_spectrograms/1102.npy,Classical-Instrumental-Folk-Experimental,18
1103,3.6,1.56,3.5,1.91,0.4,0.3888888888888889,data/deam/DEAM_spectrograms/1103.npy,Classical-Experimental-Electronic,11
1104,4.2,1.54,4.4,1.28,0.4666666666666667,0.4888888888888889,data/deam/DEAM_spectrograms/1104.npy,Classical-Jazz-Experimental,23
1105,3.8,1.47,3.7,1.9,0.4222222222222222,0.4111111111111111,data/deam/DEAM_spectrograms/1105.npy,Classical-Experimental,10
1106,3.0,1.34,3.9,1.97,0.3333333333333333,0.4333333333333333,data/deam/DEAM_spectrograms/1106.npy,Classical-Experimental,10
1107,3.0,1.26,3.2,1.33,0.3333333333333333,0.3555555555555555,data/deam/DEAM_spectrograms/1107.npy,Classical-Experimental,10
1108,4.8,1.17,3.7,1.42,0.5333333333333333,0.4111111111111111,data/deam/DEAM_spectrograms/1108.npy,Classical,7
1109,4.2,2.18,2.4,1.02,0.4666666666666667,0.2666666666666666,data/deam/DEAM_spectrograms/1109.npy,Classical-Experimental-Electronic,11
1111,3.2,1.4,2.9,1.58,0.3555555555555555,0.3222222222222222,data/deam/DEAM_spectrograms/1111.npy,Classical-Experimental,10
1112,3.1,1.45,2.3,1.27,0.3444444444444444,0.2555555555555555,data/deam/DEAM_spectrograms/1112.npy,Classical-Experimental,10
1113,3.4,1.5,3.0,1.55,0.3777777777777777,0.3333333333333333,data/deam/DEAM_spectrograms/1113.npy,Classical-Experimental,10
1114,3.4,1.56,3.3,2.37,0.3777777777777777,0.3666666666666666,data/deam/DEAM_spectrograms/1114.npy,Classical-Experimental-Electronic,11
1115,4.4,2.37,3.9,1.97,0.4888888888888889,0.4333333333333333,data/deam/DEAM_spectrograms/1115.npy,Classical,7
1116,5.7,1.9,3.0,1.41,0.6333333333333333,0.3333333333333333,data/deam/DEAM_spectrograms/1116.npy,Classical,7
1117,4.2,1.33,3.4,1.5,0.4666666666666667,0.3777777777777777,data/deam/DEAM_spectrograms/1117.npy,Classical-Experimental-Electronic,11
1118,4.0,1.84,1.9,0.7,0.4444444444444444,0.2111111111111111,data/deam/DEAM_spectrograms/1118.npy,Classical-Experimental-Electronic,11
1119,3.4,2.01,2.1,1.04,0.3777777777777777,0.2333333333333333,data/deam/DEAM_spectrograms/1119.npy,Classical,7
1121,3.9,1.76,2.3,1.1,0.4333333333333333,0.2555555555555555,data/deam/DEAM_spectrograms/1121.npy,Classical-Experimental-Electronic,11
1122,6.8,1.94,5.4,1.5,0.7555555555555555,0.6000000000000001,data/deam/DEAM_spectrograms/1122.npy,Classical,7
1124,5.4,1.62,5.1,1.22,0.6000000000000001,0.5666666666666667,data/deam/DEAM_spectrograms/1124.npy,Classical-Experimental-Electronic,11
1126,3.9,1.81,3.2,1.25,0.4333333333333333,0.3555555555555555,data/deam/DEAM_spectrograms/1126.npy,Classical-Experimental,10
1128,3.7,1.55,2.7,1.49,0.4111111111111111,0.3,data/deam/DEAM_spectrograms/1128.npy,Classical-SoulRB-Folk,27
1129,3.5,1.75,2.4,0.66,0.3888888888888889,0.2666666666666666,data/deam/DEAM_spectrograms/1129.npy,Classical,7
1130,3.8,1.17,3.1,1.58,0.4222222222222222,0.3444444444444444,data/deam/DEAM_spectrograms/1130.npy,Classical-Experimental-Electronic,11
1131,4.5,1.69,3.4,1.96,0.5,0.3777777777777777,data/deam/DEAM_spectrograms/1131.npy,Classical,7
1132,4.6,1.62,3.4,0.66,0.5111111111111111,0.3777777777777777,data/deam/DEAM_spectrograms/1132.npy,Classical,7
1133,5.0,2.05,2.4,1.96,0.5555555555555556,0.2666666666666666,data/deam/DEAM_spectrograms/1133.npy,Classical,7
1135,3.1,1.51,2.7,1.35,0.3444444444444444,0.3,data/deam/DEAM_spectrograms/1135.npy,Classical-Experimental-Electronic,11
1138,4.4,1.56,3.7,1.79,0.4888888888888889,0.4111111111111111,data/deam/DEAM_spectrograms/1138.npy,Classical-Jazz,22
1139,5.1,1.92,2.5,1.02,0.5666666666666667,0.2777777777777778,data/deam/DEAM_spectrograms/1139.npy,Classical,7
1140,5.9,1.45,5.4,1.43,0.6555555555555556,0.6000000000000001,data/deam/DEAM_spectrograms/1140.npy,Classical-Experimental-Electronic,11
1141,4.5,1.36,3.6,1.28,0.5,0.4,data/deam/DEAM_spectrograms/1141.npy,Classical-Jazz-Pop-Experimental,25
1142,3.2,1.66,2.1,1.3,0.3555555555555555,0.2333333333333333,data/deam/DEAM_spectrograms/1142.npy,Classical-Experimental,10
1143,3.8,1.4,5.1,1.76,0.4222222222222222,0.5666666666666667,data/deam/DEAM_spectrograms/1143.npy,Classical-Instrumental-Experimental-Spoken,17
1145,4.7,1.95,2.4,1.2,0.5222222222222223,0.2666666666666666,data/deam/DEAM_spectrograms/1145.npy,Classical,7
1146,2.6,1.2,3.4,1.62,0.2888888888888889,0.3777777777777777,data/deam/DEAM_spectrograms/1146.npy,Classical-Jazz,22
1147,4.6,1.5,3.6,1.2,0.5111111111111111,0.4,data/deam/DEAM_spectrograms/1147.npy,Classical-International-Experimental-Electronic,20
1149,4.0,1.73,2.6,1.36,0.4444444444444444,0.2888888888888889,data/deam/DEAM_spectrograms/1149.npy,Classical,7
1150,4.1,1.7,2.3,0.64,0.4555555555555555,0.2555555555555555,data/deam/DEAM_spectrograms/1150.npy,Classical,7
1151,5.0,1.73,5.6,1.2,0.5555555555555556,0.6222222222222222,data/deam/DEAM_spectrograms/1151.npy,Classical-Experimental-Rock,12
1152,6.1,1.58,5.6,1.28,0.6777777777777777,0.6222222222222222,data/deam/DEAM_spectrograms/1152.npy,Classical-International-Spoken,21
1153,3.9,1.81,2.5,0.67,0.4333333333333333,0.2777777777777778,data/deam/DEAM_spectrograms/1153.npy,Classical,7
1154,3.9,1.7,4.4,1.56,0.4333333333333333,0.4888888888888889,data/deam/DEAM_spectrograms/1154.npy,Classical-International-Spoken,21
1155,4.2,1.66,4.3,1.0,0.4666666666666667,0.4777777777777777,data/deam/DEAM_spectrograms/1155.npy,Classical,7
1156,7.0,1.34,5.6,2.2,0.7777777777777778,0.6222222222222222,data/deam/DEAM_spectrograms/1156.npy,Classical-Electronic,9
1157,6.9,0.94,6.1,1.37,0.7666666666666667,0.6777777777777777,data/deam/DEAM_spectrograms/1157.npy,Classical-Electronic,9
1158,6.2,1.33,6.2,1.78,0.6888888888888889,0.6888888888888889,data/deam/DEAM_spectrograms/1158.npy,Classical-Electronic,9
1159,5.8,1.94,6.0,1.67,0.6444444444444444,0.6666666666666666,data/deam/DEAM_spectrograms/1159.npy,Classical-Electronic,9
1160,6.4,0.66,5.4,1.5,0.7111111111111111,0.6000000000000001,data/deam/DEAM_spectrograms/1160.npy,Classical-Electronic,9
1163,6.2,1.89,5.3,1.49,0.6888888888888889,0.5888888888888889,data/deam/DEAM_spectrograms/1163.npy,Classical,7
1164,3.6,1.56,3.1,1.22,0.4,0.3444444444444444,data/deam/DEAM_spectrograms/1164.npy,Classical-Experimental,10
1166,4.6,1.85,3.3,1.9,0.5111111111111111,0.3666666666666666,data/deam/DEAM_spectrograms/1166.npy,Classical-Country-Jazz-Folk-Experimental,8
1167,3.6,1.8,2.8,1.25,0.4,0.3111111111111111,data/deam/DEAM_spectrograms/1167.npy,Classical-Experimental,10
1169,3.9,1.7,2.8,1.25,0.4333333333333333,0.3111111111111111,data/deam/DEAM_spectrograms/1169.npy,Classical-International-Experimental-Electronic,20
1170,3.1,1.7,2.1,0.94,0.3444444444444444,0.2333333333333333,data/deam/DEAM_spectrograms/1170.npy,Classical-Experimental,10
1171,3.6,1.56,1.9,1.04,0.4,0.2111111111111111,data/deam/DEAM_spectrograms/1171.npy,Classical-Experimental-Electronic,11
1173,4.3,1.49,4.0,2.05,0.4777777777777777,0.4444444444444444,data/deam/DEAM_spectrograms/1173.npy,Classical-Spoken,28
1174,3.6,2.15,3.3,1.79,0.4,0.3666666666666666,data/deam/DEAM_spectrograms/1174.npy,Classical-Experimental,10
1175,3.7,1.27,3.4,1.02,0.4111111111111111,0.3777777777777777,data/deam/DEAM_spectrograms/1175.npy,Classical-Electronic,9
1177,5.2,2.14,3.3,1.9,0.5777777777777778,0.3666666666666666,data/deam/DEAM_spectrograms/1177.npy,Classical,7
1178,4.9,2.12,4.5,1.96,0.5444444444444445,0.5,data/deam/DEAM_spectrograms/1178.npy,Classical,7
1179,3.4,1.02,4.1,1.37,0.3777777777777777,0.4555555555555555,data/deam/DEAM_spectrograms/1179.npy,Classical-Experimental,10
1181,3.7,1.42,4.4,1.91,0.4111111111111111,0.4888888888888889,data/deam/DEAM_spectrograms/1181.npy,Classical-Instrumental-Experimental-Spoken,17
1182,2.7,1.35,2.2,1.17,0.3,0.2444444444444444,data/deam/DEAM_spectrograms/1182.npy,Classical-Electronic,9
1184,4.2,1.6,2.3,1.27,0.4666666666666667,0.2555555555555555,data/deam/DEAM_spectrograms/1184.npy,Classical-Instrumental,14
1185,6.2,1.6,4.8,1.47,0.6888888888888889,0.5333333333333333,data/deam/DEAM_spectrograms/1185.npy,Classical,7
1187,4.4,1.96,4.1,1.81,0.4888888888888889,0.4555555555555555,data/deam/DEAM_spectrograms/1187.npy,Classical-Instrumental-Electronic,15
1188,4.7,1.85,3.3,1.42,0.5222222222222223,0.3666666666666666,data/deam/DEAM_spectrograms/1188.npy,Classical-Experimental,10
1191,4.4,1.85,2.6,1.2,0.4888888888888889,0.2888888888888889,data/deam/DEAM_spectrograms/1191.npy,Classical-Instrumental-Pop-Experimental-Electronic,19
1192,3.7,1.95,2.9,1.22,0.4111111111111111,0.3222222222222222,data/deam/DEAM_spectrograms/1192.npy,Classical-Country-Jazz-Folk-Experimental,8
1193,4.4,1.43,3.9,1.45,0.4888888888888889,0.4333333333333333,data/deam/DEAM_spectrograms/1193.npy,Classical-Country-Jazz-Folk-Experimental,8
1194,3.4,1.43,2.5,1.2,0.3777777777777777,0.2777777777777778,data/deam/DEAM_spectrograms/1194.npy,Classical-Country-Jazz-Folk-Experimental,8
1195,4.2,2.23,4.0,1.48,0.4666666666666667,0.4444444444444444,data/deam/DEAM_spectrograms/1195.npy,Classical-Instrumental-Experimental-Spoken,17
1197,3.9,1.64,2.8,1.54,0.4333333333333333,0.3111111111111111,data/deam/DEAM_spectrograms/1197.npy,Classical-Experimental,10
1198,3.5,2.06,1.8,0.98,0.3888888888888889,0.2,data/deam/DEAM_spectrograms/1198.npy,Classical,7
1199,4.5,1.96,3.5,1.36,0.5,0.3888888888888889,data/deam/DEAM_spectrograms/1199.npy,Classical-Electronic,9
1200,3.2,1.08,3.6,1.43,0.3555555555555555,0.4,data/deam/DEAM_spectrograms/1200.npy,Classical,7
1201,6.0,1.61,5.5,1.12,0.6666666666666666,0.6111111111111112,data/deam/DEAM_spectrograms/1201.npy,Country-Rock,41
1202,4.1,1.97,2.7,1.35,0.4555555555555555,0.3,data/deam/DEAM_spectrograms/1202.npy,Country-Folk-Rock,35
1203,4.0,1.41,3.4,1.28,0.4444444444444444,0.3777777777777777,data/deam/DEAM_spectrograms/1203.npy,Country-Folk-Rock,35
1204,6.6,0.92,5.5,1.28,0.7333333333333333,0.6111111111111112,data/deam/DEAM_spectrograms/1204.npy,Country,29
1205,6.0,1.67,5.7,1.62,0.6666666666666666,0.6333333333333333,data/deam/DEAM_spectrograms/1205.npy,Country,29
1206,5.1,1.7,5.8,1.6,0.5666666666666667,0.6444444444444444,data/deam/DEAM_spectrograms/1206.npy,Country-Folk-Pop-Rock,34
1207,4.7,1.68,3.4,1.74,0.5222222222222223,0.3777777777777777,data/deam/DEAM_spectrograms/1207.npy,Country-Pop,39
1209,4.4,1.62,2.7,0.78,0.4888888888888889,0.3,data/deam/DEAM_spectrograms/1209.npy,Country-Folk-Rock,35
1211,5.5,1.43,4.7,1.55,0.6111111111111112,0.5222222222222223,data/deam/DEAM_spectrograms/1211.npy,Country-Folk,32
1212,3.5,1.43,2.7,1.27,0.3888888888888889,0.3,data/deam/DEAM_spectrograms/1212.npy,Country-Folk,32
1213,3.1,1.22,2.8,1.25,0.3444444444444444,0.3111111111111111,data/deam/DEAM_spectrograms/1213.npy,Country-Folk-Rock,35
1214,6.2,1.08,5.3,1.49,0.6888888888888889,0.5888888888888889,data/deam/DEAM_spectrograms/1214.npy,Country,29
1216,5.5,1.36,5.3,1.73,0.6111111111111112,0.5888888888888889,data/deam/DEAM_spectrograms/1216.npy,Country,29
1218,3.9,1.92,4.1,1.81,0.4333333333333333,0.4555555555555555,data/deam/DEAM_spectrograms/1218.npy,Country-Folk-Rock,35
1221,5.4,0.8,5.3,1.0,0.6000000000000001,0.5888888888888889,data/deam/DEAM_spectrograms/1221.npy,Country,29
1222,4.1,2.02,3.2,1.66,0.4555555555555555,0.3555555555555555,data/deam/DEAM_spectrograms/1222.npy,Country-Folk-Rock,35
1223,4.6,1.91,5.6,1.74,0.5111111111111111,0.6222222222222222,data/deam/DEAM_spectrograms/1223.npy,Country-Rock,41
1224,6.2,1.72,6.8,1.33,0.6888888888888889,0.7555555555555555,data/deam/DEAM_spectrograms/1224.npy,Country-Electronic,30
1225,3.4,1.85,4.6,2.15,0.3777777777777777,0.5111111111111111,data/deam/DEAM_spectrograms/1225.npy,Country-Folk-Rock,35
1226,3.9,1.58,3.8,1.66,0.4333333333333333,0.4222222222222222,data/deam/DEAM_spectrograms/1226.npy,Country-Folk-Rock,35
1227,4.7,1.79,5.7,1.85,0.5222222222222223,0.6333333333333333,data/deam/DEAM_spectrograms/1227.npy,Country-SoulRB-Pop,42
1230,5.3,1.42,3.7,1.49,0.5888888888888889,0.4111111111111111,data/deam/DEAM_spectrograms/1230.npy,Country-Folk-Rock,35
1231,5.5,1.5,6.5,1.2,0.6111111111111112,0.7222222222222222,data/deam/DEAM_spectrograms/1231.npy,Country-Rock,41
1232,6.9,0.83,6.3,1.42,0.7666666666666667,0.7,data/deam/DEAM_spectrograms/1232.npy,Country,29
1233,5.5,1.28,4.8,1.47,0.6111111111111112,0.5333333333333333,data/deam/DEAM_spectrograms/1233.npy,Country-Folk,32
1234,4.6,1.43,3.0,0.89,0.5111111111111111,0.3333333333333333,data/deam/DEAM_spectrograms/1234.npy,Country-Folk,32
1235,4.9,1.22,5.8,1.17,0.5444444444444445,0.6444444444444444,data/deam/DEAM_spectrograms/1235.npy,Country,29
1236,4.5,1.02,4.9,1.04,0.5,0.5444444444444445,data/deam/DEAM_spectrograms/1236.npy,Country-Folk,32
1237,4.1,1.37,3.3,1.27,0.4555555555555555,0.3666666666666666,data/deam/DEAM_spectrograms/1237.npy,Country-Folk,32
1239,6.3,2.0,6.7,1.73,0.7,0.7444444444444445,data/deam/DEAM_spectrograms/1239.npy,Country,29
1240,2.7,1.19,2.6,0.8,0.3,0.2888888888888889,data/deam/DEAM_spectrograms/1240.npy,Country-Folk,32
1241,4.1,1.37,3.7,1.62,0.4555555555555555,0.4111111111111111,data/deam/DEAM_spectrograms/1241.npy,Country-Folk,32
1243,5.8,1.4,5.7,1.55,0.6444444444444444,0.6333333333333333,data/deam/DEAM_spectrograms/1243.npy,Country-Rock,41
1244,4.6,1.5,3.7,1.27,0.5111111111111111,0.4111111111111111,data/deam/DEAM_spectrograms/1244.npy,Country-Rock,41
1246,4.5,1.8,3.1,1.58,0.5,0.3444444444444444,data/deam/DEAM_spectrograms/1246.npy,Country-Folk-Pop,33
1247,4.4,1.91,6.3,1.85,0.4888888888888889,0.7,data/deam/DEAM_spectrograms/1247.npy,Country-SoulRB-Pop,42
1248,3.7,1.35,3.0,1.26,0.4111111111111111,0.3333333333333333,data/deam/DEAM_spectrograms/1248.npy,Country-Folk-Rock,35
1249,5.1,1.76,5.6,1.8,0.5666666666666667,0.6222222222222222,data/deam/DEAM_spectrograms/1249.npy,Country-Rock,41
1250,7.0,1.41,7.4,0.92,0.7777777777777778,0.8222222222222223,data/deam/DEAM_spectrograms/1250.npy,Country-International-Rock,38
1251,6.9,0.83,6.3,0.78,0.7666666666666667,0.7,data/deam/DEAM_spectrograms/1251.npy,Country-Folk-Pop,33
1253,4.1,1.3,3.0,1.0,0.4555555555555555,0.3333333333333333,data/deam/DEAM_spectrograms/1253.npy,Country-Rock,41
1254,4.7,1.79,6.2,2.23,0.5222222222222223,0.6888888888888889,data/deam/DEAM_spectrograms/1254.npy,Country,29
1256,5.7,1.27,5.5,1.69,0.6333333333333333,0.6111111111111112,data/deam/DEAM_spectrograms/1256.npy,Country-Folk,32
1257,5.0,1.18,3.8,1.25,0.5555555555555556,0.4222222222222222,data/deam/DEAM_spectrograms/1257.npy,Country-Instrumental-Folk,36
1259,3.6,1.5,2.8,1.08,0.4,0.3111111111111111,data/deam/DEAM_spectrograms/1259.npy,Country-Pop,39
1260,7.2,0.75,6.5,1.43,0.8,0.7222222222222222,data/deam/DEAM_spectrograms/1260.npy,Country-Rock,41
1261,3.8,1.83,3.1,1.37,0.4222222222222222,0.3444444444444444,data/deam/DEAM_spectrograms/1261.npy,Country-Folk-Rock,35
1262,4.5,1.8,4.8,1.4,0.5,0.5333333333333333,data/deam/DEAM_spectrograms/1262.npy,Country-Folk,32
1263,5.8,1.47,5.1,1.22,0.6444444444444444,0.5666666666666667,data/deam/DEAM_spectrograms/1263.npy,Country,29
1264,4.6,1.96,3.6,1.96,0.5111111111111111,0.4,data/deam/DEAM_spectrograms/1264.npy,Country-Folk,32
1265,5.8,1.4,5.5,1.12,0.6444444444444444,0.6111111111111112,data/deam/DEAM_spectrograms/1265.npy,Country-Folk-Pop,33
1266,5.6,0.66,5.1,1.14,0.6222222222222222,0.5666666666666667,data/deam/DEAM_spectrograms/1266.npy,Country-SoulRB-Pop,42
1267,4.5,1.69,3.7,1.55,0.5,0.4111111111111111,data/deam/DEAM_spectrograms/1267.npy,Country-Folk,32
1268,5.3,1.42,3.7,1.55,0.5888888888888889,0.4111111111111111,data/deam/DEAM_spectrograms/1268.npy,Country-Folk,32
1269,3.5,1.2,4.4,1.56,0.3888888888888889,0.4888888888888889,data/deam/DEAM_spectrograms/1269.npy,Country,29
1271,4.6,1.2,4.7,1.0,0.5111111111111111,0.5222222222222223,data/deam/DEAM_spectrograms/1271.npy,Country-Folk,32
1272,4.0,1.48,3.2,1.33,0.4444444444444444,0.3555555555555555,data/deam/DEAM_spectrograms/1272.npy,Country-Instrumental-Folk,36
1273,4.8,2.18,5.6,1.69,0.5333333333333333,0.6222222222222222,data/deam/DEAM_spectrograms/1273.npy,Country-Experimental-Rock,31
1274,6.0,1.48,5.4,1.11,0.6666666666666666,0.6000000000000001,data/deam/DEAM_spectrograms/1274.npy,Country,29
1275,3.5,1.63,2.8,1.25,0.3888888888888889,0.3111111111111111,data/deam/DEAM_spectrograms/1275.npy,Country-Folk-Rock,35
1276,4.8,1.08,5.5,0.81,0.5333333333333333,0.6111111111111112,data/deam/DEAM_spectrograms/1276.npy,Country-Pop,39
1279,5.6,1.8,4.2,1.33,0.6222222222222222,0.4666666666666667,data/deam/DEAM_spectrograms/1279.npy,Country-Rock,41
1281,5.4,1.36,4.5,1.86,0.6000000000000001,0.5,data/deam/DEAM_spectrograms/1281.npy,Country-Folk,32
1282,6.8,1.54,6.4,1.43,0.7555555555555555,0.7111111111111111,data/deam/DEAM_spectrograms/1282.npy,Country-Rock,41
1283,3.3,1.79,5.2,1.47,0.3666666666666666,0.5777777777777778,data/deam/DEAM_spectrograms/1283.npy,Country-Pop-Rock,40
1284,6.3,1.42,6.6,1.28,0.7,0.7333333333333333,data/deam/DEAM_spectrograms/1284.npy,Country-Electronic,30
1285,5.1,1.81,4.9,1.92,0.5666666666666667,0.5444444444444445,data/deam/DEAM_spectrograms/1285.npy,Country-Pop-Rock,40
1286,3.8,1.83,3.0,1.34,0.4222222222222222,0.3333333333333333,data/deam/DEAM_spectrograms/1286.npy,Country-Folk-Rock,35
1287,4.5,1.36,4.3,2.0,0.5,0.4777777777777777,data/deam/DEAM_spectrograms/1287.npy,Country-Folk-Pop,33
1288,5.2,1.54,3.4,1.36,0.5777777777777778,0.3777777777777777,data/deam/DEAM_spectrograms/1288.npy,Country-Folk-Pop,33
1289,5.0,1.41,4.4,1.43,0.5555555555555556,0.4888888888888889,data/deam/DEAM_spectrograms/1289.npy,Country-Folk,32
1290,6.6,1.2,6.6,1.36,0.7333333333333333,0.7333333333333333,data/deam/DEAM_spectrograms/1290.npy,Country,29
1292,5.6,1.91,5.2,1.08,0.6222222222222222,0.5777777777777778,data/deam/DEAM_spectrograms/1292.npy,Country-Folk,32
1293,5.7,1.1,5.1,1.22,0.6333333333333333,0.5666666666666667,data/deam/DEAM_spectrograms/1293.npy,Country-Folk,32
1294,5.9,1.22,5.5,1.28,0.6555555555555556,0.6111111111111112,data/deam/DEAM_spectrograms/1294.npy,Country-Folk,32
1295,6.9,1.04,6.4,1.8,0.7666666666666667,0.7111111111111111,data/deam/DEAM_spectrograms/1295.npy,Country,29
1296,5.0,1.34,5.9,0.83,0.5555555555555556,0.6555555555555556,data/deam/DEAM_spectrograms/1296.npy,Country-Folk,32
1297,4.8,1.81,3.7,1.49,0.5333333333333333,0.4111111111111111,data/deam/DEAM_spectrograms/1297.npy,Country-Folk,32
1298,6.9,0.94,5.6,1.36,0.7666666666666667,0.6222222222222222,data/deam/DEAM_spectrograms/1298.npy,Country-Spoken,43
1303,6.1,1.81,6.5,1.43,0.6777777777777777,0.7222222222222222,data/deam/DEAM_spectrograms/1303.npy,Electronic-Rock,45
1305,4.7,2.0,6.2,1.25,0.5222222222222223,0.6888888888888889,data/deam/DEAM_spectrograms/1305.npy,Electronic,44
1307,5.1,0.94,5.4,1.69,0.5666666666666667,0.6000000000000001,data/deam/DEAM_spectrograms/1307.npy,Electronic-Rock,45
1308,5.8,1.08,5.3,1.68,0.6444444444444444,0.5888888888888889,data/deam/DEAM_spectrograms/1308.npy,Electronic,44
1309,6.5,1.02,7.4,0.92,0.7222222222222222,0.8222222222222223,data/deam/DEAM_spectrograms/1309.npy,Electronic,44
1310,5.1,1.3,4.4,1.62,0.5666666666666667,0.4888888888888889,data/deam/DEAM_spectrograms/1310.npy,Electronic,44
1311,4.1,1.3,3.5,1.36,0.4555555555555555,0.3888888888888889,data/deam/DEAM_spectrograms/1311.npy,Electronic-Rock,45
1312,5.3,1.1,4.0,2.19,0.5888888888888889,0.4444444444444444,data/deam/DEAM_spectrograms/1312.npy,Electronic-Rock,45
1314,4.1,1.14,4.1,1.64,0.4555555555555555,0.4555555555555555,data/deam/DEAM_spectrograms/1314.npy,Electronic-Rock,45
1315,7.0,1.1,6.4,1.69,0.7777777777777778,0.7111111111111111,data/deam/DEAM_spectrograms/1315.npy,Electronic,44
1316,5.2,1.6,4.0,1.79,0.5777777777777778,0.4444444444444444,data/deam/DEAM_spectrograms/1316.npy,Electronic,44
1317,5.3,1.73,6.2,1.66,0.5888888888888889,0.6888888888888889,data/deam/DEAM_spectrograms/1317.npy,Electronic,44
1318,4.8,1.78,4.3,2.05,0.5333333333333333,0.4777777777777777,data/deam/DEAM_spectrograms/1318.npy,Electronic-Rock,45
1319,6.5,1.02,5.6,1.36,0.7222222222222222,0.6222222222222222,data/deam/DEAM_spectrograms/1319.npy,Electronic,44
1320,3.8,2.39,6.5,1.08,0.4222222222222222,0.7222222222222222,data/deam/DEAM_spectrograms/1320.npy,Electronic,44
1321,4.5,1.36,5.7,1.27,0.5,0.6333333333333333,data/deam/DEAM_spectrograms/1321.npy,Electronic,44
1322,6.5,0.92,5.5,1.63,0.7222222222222222,0.6111111111111112,data/deam/DEAM_spectrograms/1322.npy,Electronic-Rock,45
1323,5.5,1.63,5.0,2.0,0.6111111111111112,0.5555555555555556,data/deam/DEAM_spectrograms/1323.npy,Electronic,44
1325,5.9,0.94,5.8,1.54,0.6555555555555556,0.6444444444444444,data/deam/DEAM_spectrograms/1325.npy,Electronic-Rock,45
1326,6.1,0.94,5.0,1.18,0.6777777777777777,0.5555555555555556,data/deam/DEAM_spectrograms/1326.npy,Electronic,44
1329,5.3,1.27,4.2,1.99,0.5888888888888889,0.4666666666666667,data/deam/DEAM_spectrograms/1329.npy,Electronic,44
1330,5.7,1.9,7.2,0.98,0.6333333333333333,0.8,data/deam/DEAM_spectrograms/1330.npy,Electronic,44
1331,5.3,1.79,4.4,2.15,0.5888888888888889,0.4888888888888889,data/deam/DEAM_spectrograms/1331.npy,Electronic,44
1334,3.8,2.71,7.8,1.47,0.4222222222222222,0.8666666666666667,data/deam/DEAM_spectrograms/1334.npy,Electronic,44
1335,5.4,1.02,5.6,0.8,0.6000000000000001,0.6222222222222222,data/deam/DEAM_spectrograms/1335.npy,Electronic-Rock,45
1336,3.6,1.8,2.7,1.55,0.4,0.3,data/deam/DEAM_spectrograms/1336.npy,Electronic,44
1337,5.0,1.48,6.5,1.2,0.5555555555555556,0.7222222222222222,data/deam/DEAM_spectrograms/1337.npy,Electronic,44
1338,6.2,1.25,6.4,0.92,0.6888888888888889,0.7111111111111111,data/deam/DEAM_spectrograms/1338.npy,Electronic,44
1339,7.2,0.75,6.8,1.78,0.8,0.7555555555555555,data/deam/DEAM_spectrograms/1339.npy,Electronic-Rock,45
1340,6.4,0.8,5.7,1.27,0.7111111111111111,0.6333333333333333,data/deam/DEAM_spectrograms/1340.npy,Electronic-Rock,45
1343,6.0,1.0,5.4,1.62,0.6666666666666666,0.6000000000000001,data/deam/DEAM_spectrograms/1343.npy,Electronic,44
1346,6.5,1.12,5.6,1.69,0.7222222222222222,0.6222222222222222,data/deam/DEAM_spectrograms/1346.npy,Electronic,44
1347,4.6,1.02,4.0,1.0,0.5111111111111111,0.4444444444444444,data/deam/DEAM_spectrograms/1347.npy,Electronic,44
1348,5.8,1.25,6.3,1.42,0.6444444444444444,0.7,data/deam/DEAM_spectrograms/1348.npy,Electronic-Rock,45
1349,5.2,0.87,5.2,0.98,0.5777777777777778,0.5777777777777778,data/deam/DEAM_spectrograms/1349.npy,Electronic-Rock,45
1350,4.0,0.89,2.6,1.02,0.4444444444444444,0.2888888888888889,data/deam/DEAM_spectrograms/1350.npy,Electronic,44
1351,6.3,1.27,5.9,1.22,0.7,0.6555555555555556,data/deam/DEAM_spectrograms/1351.npy,Electronic,44
1353,5.3,1.19,6.4,1.28,0.5888888888888889,0.7111111111111111,data/deam/DEAM_spectrograms/1353.npy,Electronic,44
1355,6.3,1.35,3.8,2.18,0.7,0.4222222222222222,data/deam/DEAM_spectrograms/1355.npy,Electronic,44
1357,4.5,1.5,6.0,1.79,0.5,0.6666666666666666,data/deam/DEAM_spectrograms/1357.npy,Electronic,44
1358,6.0,1.34,6.0,1.48,0.6666666666666666,0.6666666666666666,data/deam/DEAM_spectrograms/1358.npy,Electronic-Rock,45
1359,3.6,1.74,3.4,1.69,0.4,0.3777777777777777,data/deam/DEAM_spectrograms/1359.npy,Electronic,44
1360,5.5,1.36,2.9,1.04,0.6111111111111112,0.3222222222222222,data/deam/DEAM_spectrograms/1360.npy,Electronic,44
1361,4.4,1.56,2.5,1.43,0.4888888888888889,0.2777777777777778,data/deam/DEAM_spectrograms/1361.npy,Electronic-Rock,45
1362,4.4,1.56,5.4,1.28,0.4888888888888889,0.6000000000000001,data/deam/DEAM_spectrograms/1362.npy,Electronic-Rock,45
1365,6.5,1.5,6.4,1.69,0.7222222222222222,0.7111111111111111,data/deam/DEAM_spectrograms/1365.npy,Electronic,44
1367,7.1,1.37,7.2,1.54,0.7888888888888889,0.8,data/deam/DEAM_spectrograms/1367.npy,Electronic,44
1368,3.4,1.36,3.3,2.15,0.3777777777777777,0.3666666666666666,data/deam/DEAM_spectrograms/1368.npy,Electronic,44
1369,6.8,1.47,6.6,1.62,0.7555555555555555,0.7333333333333333,data/deam/DEAM_spectrograms/1369.npy,Electronic,44
1370,4.3,1.19,4.1,1.22,0.4777777777777777,0.4555555555555555,data/deam/DEAM_spectrograms/1370.npy,Electronic,44
1371,5.7,1.68,5.4,1.69,0.6333333333333333,0.6000000000000001,data/deam/DEAM_spectrograms/1371.npy,Electronic,44
1372,4.8,1.47,5.2,1.25,0.5333333333333333,0.5777777777777778,data/deam/DEAM_spectrograms/1372.npy,Electronic,44
1373,6.6,1.11,5.7,1.73,0.7333333333333333,0.6333333333333333,data/deam/DEAM_spectrograms/1373.npy,Electronic,44
1374,6.0,1.1,4.1,1.37,0.6666666666666666,0.4555555555555555,data/deam/DEAM_spectrograms/1374.npy,Electronic,44
1375,5.6,1.69,5.6,1.74,0.6222222222222222,0.6222222222222222,data/deam/DEAM_spectrograms/1375.npy,Electronic,44
1376,7.0,1.48,6.6,1.43,0.7777777777777778,0.7333333333333333,data/deam/DEAM_spectrograms/1376.npy,Electronic,44
1377,3.7,1.85,3.1,1.58,0.4111111111111111,0.3444444444444444,data/deam/DEAM_spectrograms/1377.npy,Electronic-Rock,45
1378,5.5,1.69,5.7,1.62,0.6111111111111112,0.6333333333333333,data/deam/DEAM_spectrograms/1378.npy,Electronic-Rock,45
1379,5.8,1.33,5.7,1.49,0.6444444444444444,0.6333333333333333,data/deam/DEAM_spectrograms/1379.npy,Electronic,44
1380,4.1,1.37,4.5,1.57,0.4555555555555555,0.5,data/deam/DEAM_spectrograms/1380.npy,Electronic-Rock,45
1382,4.8,0.98,4.7,1.55,0.5333333333333333,0.5222222222222223,data/deam/DEAM_spectrograms/1382.npy,Electronic,44
1384,5.8,1.33,5.4,1.2,0.6444444444444444,0.6000000000000001,data/deam/DEAM_spectrograms/1384.npy,Electronic,44
1385,6.0,1.41,6.0,1.1,0.6666666666666666,0.6666666666666666,data/deam/DEAM_spectrograms/1385.npy,Electronic,44
1386,5.9,1.81,5.0,1.95,0.6555555555555556,0.5555555555555556,data/deam/DEAM_spectrograms/1386.npy,Electronic,44
1387,6.1,0.94,4.5,2.11,0.6777777777777777,0.5,data/deam/DEAM_spectrograms/1387.npy,Electronic,44
1388,6.8,1.47,7.8,1.08,0.7555555555555555,0.8666666666666667,data/deam/DEAM_spectrograms/1388.npy,Electronic-Rock,45
1390,6.1,1.3,6.3,1.49,0.6777777777777777,0.7,data/deam/DEAM_spectrograms/1390.npy,Electronic,44
1391,4.3,1.55,5.7,1.19,0.4777777777777777,0.6333333333333333,data/deam/DEAM_spectrograms/1391.npy,Electronic,44
1392,6.2,1.72,6.7,1.68,0.6888888888888889,0.7444444444444445,data/deam/DEAM_spectrograms/1392.npy,Electronic-Rock,45
1393,6.2,0.75,4.1,1.45,0.6888888888888889,0.4555555555555555,data/deam/DEAM_spectrograms/1393.npy,Electronic,44
1394,6.0,1.34,4.1,1.58,0.6666666666666666,0.4555555555555555,data/deam/DEAM_spectrograms/1394.npy,Electronic,44
1396,6.1,1.7,6.0,2.05,0.6777777777777777,0.6666666666666666,data/deam/DEAM_spectrograms/1396.npy,Electronic-Rock,45
1397,4.3,1.49,3.3,1.62,0.4777777777777777,0.3666666666666666,data/deam/DEAM_spectrograms/1397.npy,Electronic,44
1399,6.1,1.7,6.4,1.62,0.6777777777777777,0.7111111111111111,data/deam/DEAM_spectrograms/1399.npy,Electronic,44
1401,5.8,1.54,5.3,2.1,0.6444444444444444,0.5888888888888889,data/deam/DEAM_spectrograms/1401.npy,Folk-Rock,57
1402,5.6,1.2,2.5,1.28,0.6222222222222222,0.2777777777777778,data/deam/DEAM_spectrograms/1402.npy,Folk-Electronic,47
1403,5.6,1.2,5.1,1.37,0.6222222222222222,0.5666666666666667,data/deam/DEAM_spectrograms/1403.npy,Folk-Pop,53
1405,3.7,1.73,2.2,0.75,0.4111111111111111,0.2444444444444444,data/deam/DEAM_spectrograms/1405.npy,Folk-Rock,57
1406,3.9,1.7,3.7,1.73,0.4333333333333333,0.4111111111111111,data/deam/DEAM_spectrograms/1406.npy,Folk-Rock,57
1407,3.6,1.36,3.8,1.25,0.4,0.4222222222222222,data/deam/DEAM_spectrograms/1407.npy,Folk,46
1410,6.0,1.0,4.4,1.62,0.6666666666666666,0.4888888888888889,data/deam/DEAM_spectrograms/1410.npy,Folk-Pop-Rock,56
1411,3.9,1.87,2.7,0.46,0.4333333333333333,0.3,data/deam/DEAM_spectrograms/1411.npy,Folk-Rock,57
1413,4.3,1.42,4.1,1.22,0.4777777777777777,0.4555555555555555,data/deam/DEAM_spectrograms/1413.npy,Folk-Rock,57
1414,3.7,1.1,4.0,1.26,0.4111111111111111,0.4444444444444444,data/deam/DEAM_spectrograms/1414.npy,Folk-Experimental-Rock,52
1415,5.7,1.1,4.7,1.27,0.6333333333333333,0.5222222222222223,data/deam/DEAM_spectrograms/1415.npy,Folk,46
1416,4.4,1.8,2.7,1.1,0.4888888888888889,0.3,data/deam/DEAM_spectrograms/1416.npy,Folk,46
1418,4.3,2.0,3.8,2.27,0.4777777777777777,0.4222222222222222,data/deam/DEAM_spectrograms/1418.npy,Folk-Experimental,49
1419,3.7,1.0,2.5,0.81,0.4111111111111111,0.2777777777777778,data/deam/DEAM_spectrograms/1419.npy,Folk-Experimental,49
1421,4.2,1.89,3.2,1.6,0.4666666666666667,0.3555555555555555,data/deam/DEAM_spectrograms/1421.npy,Folk,46
1422,4.1,1.58,2.8,0.75,0.4555555555555555,0.3111111111111111,data/deam/DEAM_spectrograms/1422.npy,Folk-Experimental-Rock,52
1423,4.2,1.33,5.5,1.96,0.4666666666666667,0.6111111111111112,data/deam/DEAM_spectrograms/1423.npy,Folk-Electronic-Rock,48
1424,4.5,1.36,3.5,0.92,0.5,0.3888888888888889,data/deam/DEAM_spectrograms/1424.npy,Folk-Electronic-Rock,48
1425,5.1,1.76,5.2,1.89,0.5666666666666667,0.5777777777777778,data/deam/DEAM_spectrograms/1425.npy,Folk-Electronic-Rock,48
1426,6.6,1.62,6.4,1.28,0.7333333333333333,0.7111111111111111,data/deam/DEAM_spectrograms/1426.npy,Folk-Pop,53
1428,4.7,1.9,3.5,1.8,0.5222222222222223,0.3888888888888889,data/deam/DEAM_spectrograms/1428.npy,Folk-Pop,53
1429,3.0,1.26,2.3,0.9,0.3333333333333333,0.2555555555555555,data/deam/DEAM_spectrograms/1429.npy,Folk-Pop-Experimental,54
1430,4.6,1.36,3.2,1.66,0.5111111111111111,0.3555555555555555,data/deam/DEAM_spectrograms/1430.npy,Folk-Pop-Experimental,54
1431,4.1,1.37,4.1,1.14,0.4555555555555555,0.4555555555555555,data/deam/DEAM_spectrograms/1431.npy,Folk,46
1432,3.7,1.27,2.6,0.92,0.4111111111111111,0.2888888888888889,data/deam/DEAM_spectrograms/1432.npy,Folk-Electronic-Rock,48
1433,4.0,1.48,3.6,1.43,0.4444444444444444,0.4,data/deam/DEAM_spectrograms/1433.npy,Folk-Experimental,49
1434,3.7,1.68,2.8,1.17,0.4111111111111111,0.3111111111111111,data/deam/DEAM_spectrograms/1434.npy,Folk,46
1436,4.7,1.27,3.8,1.47,0.5222222222222223,0.4222222222222222,data/deam/DEAM_spectrograms/1436.npy,Folk-Pop,53
1437,5.1,1.37,4.5,1.5,0.5666666666666667,0.5,data/deam/DEAM_spectrograms/1437.npy,Folk-Pop-Rock,56
1438,3.6,1.91,2.9,1.22,0.4,0.3222222222222222,data/deam/DEAM_spectrograms/1438.npy,Folk,46
1439,4.1,1.45,2.9,1.14,0.4555555555555555,0.3222222222222222,data/deam/DEAM_spectrograms/1439.npy,Folk,46
1441,5.0,1.18,4.0,1.55,0.5555555555555556,0.4444444444444444,data/deam/DEAM_spectrograms/1441.npy,Folk-Pop-Rock,56
1443,5.8,1.89,2.9,1.7,0.6444444444444444,0.3222222222222222,data/deam/DEAM_spectrograms/1443.npy,Folk-Pop,53
1444,4.6,1.02,3.1,1.22,0.5111111111111111,0.3444444444444444,data/deam/DEAM_spectrograms/1444.npy,Folk-Pop,53
1445,5.1,1.76,3.6,1.36,0.5666666666666667,0.4,data/deam/DEAM_spectrograms/1445.npy,Folk-Pop,53
1446,5.8,0.75,3.2,1.25,0.6444444444444444,0.3555555555555555,data/deam/DEAM_spectrograms/1446.npy,Folk-Pop,53
1448,4.4,1.43,4.4,2.15,0.4888888888888889,0.4888888888888889,data/deam/DEAM_spectrograms/1448.npy,Folk-Pop-Experimental-Rock,55
1450,5.7,1.42,5.0,1.79,0.6333333333333333,0.5555555555555556,data/deam/DEAM_spectrograms/1450.npy,Folk-Pop,53
1451,5.1,1.58,4.8,1.83,0.5666666666666667,0.5333333333333333,data/deam/DEAM_spectrograms/1451.npy,Folk-Pop,53
1452,4.2,1.25,3.9,1.45,0.4666666666666667,0.4333333333333333,data/deam/DEAM_spectrograms/1452.npy,Folk-Pop,53
1453,4.0,1.79,3.8,1.72,0.4444444444444444,0.4222222222222222,data/deam/DEAM_spectrograms/1453.npy,Folk-Rock,57
1454,5.2,1.6,3.6,1.43,0.5777777777777778,0.4,data/deam/DEAM_spectrograms/1454.npy,Folk-Pop,53
1455,4.1,1.87,4.2,1.33,0.4555555555555555,0.4666666666666667,data/deam/DEAM_spectrograms/1455.npy,Folk,46
1456,4.3,1.62,2.2,0.75,0.4777777777777777,0.2444444444444444,data/deam/DEAM_spectrograms/1456.npy,Folk,46
1458,4.2,1.54,4.7,1.35,0.4666666666666667,0.5222222222222223,data/deam/DEAM_spectrograms/1458.npy,Folk,46
1459,5.4,1.85,5.1,1.87,0.6000000000000001,0.5666666666666667,data/deam/DEAM_spectrograms/1459.npy,Bird of Youth,0
1460,4.8,1.4,3.9,1.51,0.5333333333333333,0.4333333333333333,data/deam/DEAM_spectrograms/1460.npy,Folk,46
1461,5.3,1.35,4.2,1.72,0.5888888888888889,0.4666666666666667,data/deam/DEAM_spectrograms/1461.npy,Folk,46
1462,4.8,1.17,3.9,0.83,0.5333333333333333,0.4333333333333333,data/deam/DEAM_spectrograms/1462.npy,Folk,46
1463,3.3,1.42,3.0,1.79,0.3666666666666666,0.3333333333333333,data/deam/DEAM_spectrograms/1463.npy,Folk,46
1464,4.8,1.6,4.4,1.62,0.5333333333333333,0.4888888888888889,data/deam/DEAM_spectrograms/1464.npy,Folk-Rock,57
1465,5.2,1.17,3.7,1.1,0.5777777777777778,0.4111111111111111,data/deam/DEAM_spectrograms/1465.npy,Folk-Rock,57
1466,6.1,0.7,4.5,1.36,0.6777777777777777,0.5,data/deam/DEAM_spectrograms/1466.npy,Folk,46
1467,4.0,1.1,4.2,1.08,0.4444444444444444,0.4666666666666667,data/deam/DEAM_spectrograms/1467.npy,Folk,46
1468,3.7,1.42,2.0,1.0,0.4111111111111111,0.2222222222222222,data/deam/DEAM_spectrograms/1468.npy,Folk-Pop-Rock,56
1469,3.1,1.64,3.2,1.6,0.3444444444444444,0.3555555555555555,data/deam/DEAM_spectrograms/1469.npy,Folk-Pop-Rock,56
1470,5.1,1.37,3.2,1.6,0.5666666666666667,0.3555555555555555,data/deam/DEAM_spectrograms/1470.npy,Folk-Pop-Rock,56
1472,5.0,1.48,5.2,1.08,0.5555555555555556,0.5777777777777778,data/deam/DEAM_spectrograms/1472.npy,Folk,46
1473,6.1,1.7,6.0,1.79,0.6777777777777777,0.6666666666666666,data/deam/DEAM_spectrograms/1473.npy,Folk,46
1474,6.6,0.92,6.4,1.11,0.7333333333333333,0.7111111111111111,data/deam/DEAM_spectrograms/1474.npy,Folk,46
1477,5.1,1.45,4.5,1.36,0.5666666666666667,0.5,data/deam/DEAM_spectrograms/1477.npy,Folk-Rock,57
1478,5.1,1.14,3.5,1.36,0.5666666666666667,0.3888888888888889,data/deam/DEAM_spectrograms/1478.npy,Folk-Pop,53
1479,5.0,1.18,5.1,1.51,0.5555555555555556,0.5666666666666667,data/deam/DEAM_spectrograms/1479.npy,Folk-Pop,53
1480,4.8,1.89,5.3,1.42,0.5333333333333333,0.5888888888888889,data/deam/DEAM_spectrograms/1480.npy,Folk-Rock,57
1481,3.9,1.45,3.7,1.49,0.4333333333333333,0.4111111111111111,data/deam/DEAM_spectrograms/1481.npy,Folk-Pop,53
1482,4.3,1.68,3.4,1.43,0.4777777777777777,0.3777777777777777,data/deam/DEAM_spectrograms/1482.npy,Folk,46
1484,4.4,1.36,3.8,1.4,0.4888888888888889,0.4222222222222222,data/deam/DEAM_spectrograms/1484.npy,Folk,46
1485,4.7,1.35,3.8,1.17,0.5222222222222223,0.4222222222222222,data/deam/DEAM_spectrograms/1485.npy,Folk,46
1486,3.7,1.62,2.9,1.04,0.4111111111111111,0.3222222222222222,data/deam/DEAM_spectrograms/1486.npy,Folk,46
1487,4.3,1.85,2.4,0.8,0.4777777777777777,0.2666666666666666,data/deam/DEAM_spectrograms/1487.npy,Folk-Experimental-Electronic,50
1488,4.9,1.64,3.9,0.94,0.5444444444444445,0.4333333333333333,data/deam/DEAM_spectrograms/1488.npy,Folk,46
1489,4.9,1.37,4.6,1.43,0.5444444444444445,0.5111111111111111,data/deam/DEAM_spectrograms/1489.npy,Folk-Rock,57
1490,3.8,1.47,3.1,1.76,0.4222222222222222,0.3444444444444444,data/deam/DEAM_spectrograms/1490.npy,Folk,46
1491,4.8,1.33,5.2,1.83,0.5333333333333333,0.5777777777777778,data/deam/DEAM_spectrograms/1491.npy,Folk-Experimental,49
1492,3.3,1.85,2.8,0.75,0.3666666666666666,0.3111111111111111,data/deam/DEAM_spectrograms/1492.npy,Folk-Pop,53
1493,4.0,1.34,6.1,1.7,0.4444444444444444,0.6777777777777777,data/deam/DEAM_spectrograms/1493.npy,Folk,46
1494,4.9,1.45,3.8,1.54,0.5444444444444445,0.4222222222222222,data/deam/DEAM_spectrograms/1494.npy,Folk,46
1495,4.4,1.11,3.9,1.51,0.4888888888888889,0.4333333333333333,data/deam/DEAM_spectrograms/1495.npy,Folk,46
1496,6.1,1.64,5.8,1.47,0.6777777777777777,0.6444444444444444,data/deam/DEAM_spectrograms/1496.npy,Folk-Pop,53
1497,4.4,1.74,3.6,1.36,0.4888888888888889,0.4,data/deam/DEAM_spectrograms/1497.npy,Folk-Rock,57
1498,4.8,1.25,3.8,1.78,0.5333333333333333,0.4222222222222222,data/deam/DEAM_spectrograms/1498.npy,Folk-Rock,57
1499,4.8,1.33,4.5,1.2,0.5333333333333333,0.5,data/deam/DEAM_spectrograms/1499.npy,Folk,46
1500,3.8,1.72,3.2,1.94,0.4222222222222222,0.3555555555555555,data/deam/DEAM_spectrograms/1500.npy,Folk-Rock,57
1502,7.2,0.98,7.0,1.34,0.8,0.7777777777777778,data/deam/DEAM_spectrograms/1502.npy,Hip-Hop-Pop-Electronic,65
1503,5.9,1.14,4.1,2.3,0.6555555555555556,0.4555555555555555,data/deam/DEAM_spectrograms/1503.npy,Hip-Hop-Electronic,59
1504,6.0,1.79,5.9,1.51,0.6666666666666666,0.6555555555555556,data/deam/DEAM_spectrograms/1504.npy,Hip-Hop,58
1505,4.2,1.08,4.9,1.58,0.4666666666666667,0.5444444444444445,data/deam/DEAM_spectrograms/1505.npy,Hip-Hop-Experimental,60
1506,5.0,1.18,4.8,0.87,0.5555555555555556,0.5333333333333333,data/deam/DEAM_spectrograms/1506.npy,Hip-Hop,58
1507,5.5,0.92,5.7,0.9,0.6111111111111112,0.6333333333333333,data/deam/DEAM_spectrograms/1507.npy,Hip-Hop,58
1508,5.9,1.64,5.3,1.49,0.6555555555555556,0.5888888888888889,data/deam/DEAM_spectrograms/1508.npy,Hip-Hop-Experimental-Electronic,61
1509,5.9,1.14,5.4,1.8,0.6555555555555556,0.6000000000000001,data/deam/DEAM_spectrograms/1509.npy,Hip-Hop-Instrumental-Electronic,63
1510,4.1,1.45,5.6,1.02,0.4555555555555555,0.6222222222222222,data/deam/DEAM_spectrograms/1510.npy,Hip-Hop,58
1511,5.5,1.57,5.6,1.91,0.6111111111111112,0.6222222222222222,data/deam/DEAM_spectrograms/1511.npy,Hip-Hop,58
1512,3.8,1.72,5.2,1.25,0.4222222222222222,0.5777777777777778,data/deam/DEAM_spectrograms/1512.npy,Hip-Hop,58
1514,4.6,1.96,5.4,1.36,0.5111111111111111,0.6000000000000001,data/deam/DEAM_spectrograms/1514.npy,Hip-Hop,58
1515,4.4,1.28,4.8,1.4,0.4888888888888889,0.5333333333333333,data/deam/DEAM_spectrograms/1515.npy,Hip-Hop,58
1517,6.0,1.67,5.0,1.67,0.6666666666666666,0.5555555555555556,data/deam/DEAM_spectrograms/1517.npy,Hip-Hop-Electronic,59
1518,6.1,1.45,6.3,1.55,0.6777777777777777,0.7,data/deam/DEAM_spectrograms/1518.npy,Hip-Hop-Electronic,59
1519,5.0,1.48,5.6,1.02,0.5555555555555556,0.6222222222222222,data/deam/DEAM_spectrograms/1519.npy,Hip-Hop,58
1520,5.3,1.27,5.3,1.0,0.5888888888888889,0.5888888888888889,data/deam/DEAM_spectrograms/1520.npy,Hip-Hop,58
1521,4.8,1.08,4.9,0.83,0.5333333333333333,0.5444444444444445,data/deam/DEAM_spectrograms/1521.npy,Hip-Hop,58
1522,5.2,1.4,5.7,1.1,0.5777777777777778,0.6333333333333333,data/deam/DEAM_spectrograms/1522.npy,Hip-Hop,58
1524,5.6,1.43,4.4,2.11,0.6222222222222222,0.4888888888888889,data/deam/DEAM_spectrograms/1524.npy,Hip-Hop-Electronic,59
1526,5.9,1.45,5.9,1.7,0.6555555555555556,0.6555555555555556,data/deam/DEAM_spectrograms/1526.npy,Hip-Hop-Electronic,59
1527,4.5,1.02,4.7,1.0,0.5,0.5222222222222223,data/deam/DEAM_spectrograms/1527.npy,Hip-Hop,58
1529,5.4,1.96,5.7,1.73,0.6000000000000001,0.6333333333333333,data/deam/DEAM_spectrograms/1529.npy,Hip-Hop,58
1530,6.2,0.98,4.2,1.33,0.6888888888888889,0.4666666666666667,data/deam/DEAM_spectrograms/1530.npy,Hip-Hop,58
1532,5.8,1.33,5.6,1.8,0.6444444444444444,0.6222222222222222,data/deam/DEAM_spectrograms/1532.npy,Hip-Hop,58
1533,5.2,1.83,5.3,1.95,0.5777777777777778,0.5888888888888889,data/deam/DEAM_spectrograms/1533.npy,Hip-Hop-Instrumental,62
1534,5.7,0.9,5.7,1.35,0.6333333333333333,0.6333333333333333,data/deam/DEAM_spectrograms/1534.npy,Hip-Hop,58
1535,5.4,1.2,5.3,1.1,0.6000000000000001,0.5888888888888889,data/deam/DEAM_spectrograms/1535.npy,Hip-Hop,58
1539,4.4,2.01,4.7,2.0,0.4888888888888889,0.5222222222222223,data/deam/DEAM_spectrograms/1539.npy,Hip-Hop,58
1540,5.7,1.9,5.1,1.92,0.6333333333333333,0.5666666666666667,data/deam/DEAM_spectrograms/1540.npy,Hip-Hop-Electronic,59
1541,5.2,1.08,4.6,1.56,0.5777777777777778,0.5111111111111111,data/deam/DEAM_spectrograms/1541.npy,Hip-Hop-Electronic,59
1542,5.5,1.8,5.5,1.43,0.6111111111111112,0.6111111111111112,data/deam/DEAM_spectrograms/1542.npy,Hip-Hop-Electronic,59
1543,6.1,1.45,5.4,1.8,0.6777777777777777,0.6000000000000001,data/deam/DEAM_spectrograms/1543.npy,Hip-Hop,58
1544,6.4,1.74,5.4,1.62,0.7111111111111111,0.6000000000000001,data/deam/DEAM_spectrograms/1544.npy,Hip-Hop,58
1545,4.8,1.47,4.8,1.25,0.5333333333333333,0.5333333333333333,data/deam/DEAM_spectrograms/1545.npy,Hip-Hop,58
1546,5.3,1.19,4.4,1.02,0.5888888888888889,0.4888888888888889,data/deam/DEAM_spectrograms/1546.npy,Hip-Hop,58
1547,4.0,1.67,5.8,1.89,0.4444444444444444,0.6444444444444444,data/deam/DEAM_spectrograms/1547.npy,Hip-Hop,58
1548,4.6,1.02,3.7,1.35,0.5111111111111111,0.4111111111111111,data/deam/DEAM_spectrograms/1548.npy,Hip-Hop,58
1550,4.8,1.66,3.7,1.1,0.5333333333333333,0.4111111111111111,data/deam/DEAM_spectrograms/1550.npy,Hip-Hop,58
1551,5.6,1.8,5.4,1.56,0.6222222222222222,0.6000000000000001,data/deam/DEAM_spectrograms/1551.npy,Hip-Hop,58
1552,5.6,1.56,5.6,1.36,0.6222222222222222,0.6222222222222222,data/deam/DEAM_spectrograms/1552.npy,Hip-Hop,58
1553,5.6,1.69,5.9,1.58,0.6222222222222222,0.6555555555555556,data/deam/DEAM_spectrograms/1553.npy,Hip-Hop,58
1555,4.4,1.36,2.9,1.04,0.4888888888888889,0.3222222222222222,data/deam/DEAM_spectrograms/1555.npy,Hip-Hop-Pop-Electronic,65
1556,4.7,2.0,6.1,1.45,0.5222222222222223,0.6777777777777777,data/deam/DEAM_spectrograms/1556.npy,Hip-Hop,58
1557,5.5,1.86,6.3,1.42,0.6111111111111112,0.7,data/deam/DEAM_spectrograms/1557.npy,Hip-Hop-Electronic,59
1558,3.4,1.56,5.9,1.14,0.3777777777777777,0.6555555555555556,data/deam/DEAM_spectrograms/1558.npy,Hip-Hop,58
1560,5.2,0.98,5.2,1.4,0.5777777777777778,0.5777777777777778,data/deam/DEAM_spectrograms/1560.npy,Hip-Hop-Electronic,59
1561,5.0,1.9,6.0,1.41,0.5555555555555556,0.6666666666666666,data/deam/DEAM_spectrograms/1561.npy,Hip-Hop,58
1562,4.8,2.04,6.3,1.42,0.5333333333333333,0.7,data/deam/DEAM_spectrograms/1562.npy,Hip-Hop,58
1563,5.1,2.07,5.7,1.79,0.5666666666666667,0.6333333333333333,data/deam/DEAM_spectrograms/1563.npy,Hip-Hop-Electronic,59
1565,4.6,1.36,4.9,1.76,0.5111111111111111,0.5444444444444445,data/deam/DEAM_spectrograms/1565.npy,Hip-Hop,58
1566,6.2,0.98,5.3,1.0,0.6888888888888889,0.5888888888888889,data/deam/DEAM_spectrograms/1566.npy,Hip-Hop,58
1567,4.0,1.48,5.0,1.26,0.4444444444444444,0.5555555555555556,data/deam/DEAM_spectrograms/1567.npy,Hip-Hop,58
1568,5.4,2.2,6.0,1.61,0.6000000000000001,0.6666666666666666,data/deam/DEAM_spectrograms/1568.npy,Hip-Hop,58
1569,5.6,1.5,5.8,1.25,0.6222222222222222,0.6444444444444444,data/deam/DEAM_spectrograms/1569.npy,Hip-Hop-Electronic,59
1570,5.2,1.47,4.6,1.74,0.5777777777777778,0.5111111111111111,data/deam/DEAM_spectrograms/1570.npy,Hip-Hop-Electronic,59
1571,4.4,2.06,6.9,1.14,0.4888888888888889,0.7666666666666667,data/deam/DEAM_spectrograms/1571.npy,Hip-Hop-Electronic,59
1572,5.5,2.16,5.0,2.45,0.6111111111111112,0.5555555555555556,data/deam/DEAM_spectrograms/1572.npy,Hip-Hop-Instrumental,62
1574,5.9,1.64,5.4,1.69,0.6555555555555556,0.6000000000000001,data/deam/DEAM_spectrograms/1574.npy,Hip-Hop-Electronic,59
1576,5.4,0.8,3.9,1.45,0.6000000000000001,0.4333333333333333,data/deam/DEAM_spectrograms/1576.npy,Hip-Hop-Electronic,59
1577,5.2,1.89,4.7,1.73,0.5777777777777778,0.5222222222222223,data/deam/DEAM_spectrograms/1577.npy,Hip-Hop-Electronic,59
1579,5.8,1.72,4.9,1.92,0.6444444444444444,0.5444444444444445,data/deam/DEAM_spectrograms/1579.npy,Hip-Hop,58
1580,6.1,1.04,5.2,1.08,0.6777777777777777,0.5777777777777778,data/deam/DEAM_spectrograms/1580.npy,Hip-Hop-Electronic,59
1582,5.9,1.22,5.4,1.5,0.6555555555555556,0.6000000000000001,data/deam/DEAM_spectrograms/1582.npy,Hip-Hop,58
1583,5.6,1.56,5.2,1.99,0.6222222222222222,0.5777777777777778,data/deam/DEAM_spectrograms/1583.npy,Hip-Hop-Electronic,59
1584,4.9,1.37,4.6,1.8,0.5444444444444445,0.5111111111111111,data/deam/DEAM_spectrograms/1584.npy,Hip-Hop-Electronic,59
1585,5.0,1.95,3.9,1.64,0.5555555555555556,0.4333333333333333,data/deam/DEAM_spectrograms/1585.npy,Hip-Hop-Electronic,59
1586,4.3,1.62,5.0,1.1,0.4777777777777777,0.5555555555555556,data/deam/DEAM_spectrograms/1586.npy,Hip-Hop,58
1587,5.0,1.0,5.5,1.28,0.5555555555555556,0.6111111111111112,data/deam/DEAM_spectrograms/1587.npy,Hip-Hop-Electronic,59
1588,4.9,1.64,5.8,1.54,0.5444444444444445,0.6444444444444444,data/deam/DEAM_spectrograms/1588.npy,Hip-Hop-Electronic,59
1589,5.8,1.47,6.1,1.04,0.6444444444444444,0.6777777777777777,data/deam/DEAM_spectrograms/1589.npy,Hip-Hop-International-Folk,64
1590,4.2,1.6,6.2,1.17,0.4666666666666667,0.6888888888888889,data/deam/DEAM_spectrograms/1590.npy,Hip-Hop,58
1592,6.1,1.92,6.4,1.8,0.6777777777777777,0.7111111111111111,data/deam/DEAM_spectrograms/1592.npy,Hip-Hop,58
1594,5.6,1.43,5.4,1.69,0.6222222222222222,0.6000000000000001,data/deam/DEAM_spectrograms/1594.npy,Hip-Hop-Electronic,59
1596,5.5,1.8,5.1,1.87,0.6111111111111112,0.5666666666666667,data/deam/DEAM_spectrograms/1596.npy,Hip-Hop-Electronic,59
1597,5.5,1.02,5.0,0.89,0.6111111111111112,0.5555555555555556,data/deam/DEAM_spectrograms/1597.npy,Hip-Hop,58
1598,4.3,2.19,5.5,1.57,0.4777777777777777,0.6111111111111112,data/deam/DEAM_spectrograms/1598.npy,Hip-Hop,58
1599,3.6,1.74,4.1,1.45,0.4,0.4555555555555555,data/deam/DEAM_spectrograms/1599.npy,Hip-Hop,58
1601,5.0,1.67,5.3,1.73,0.5555555555555556,0.5888888888888889,data/deam/DEAM_spectrograms/1601.npy,International-Electronic,67
1604,4.5,1.5,3.6,0.8,0.5,0.4,data/deam/DEAM_spectrograms/1604.npy,International-Folk-Experimental,73
1605,5.6,1.85,4.0,1.95,0.6222222222222222,0.4444444444444444,data/deam/DEAM_spectrograms/1605.npy,International-Folk-Experimental,73
1606,5.6,0.8,4.9,1.04,0.6222222222222222,0.5444444444444445,data/deam/DEAM_spectrograms/1606.npy,International,66
1607,4.5,2.01,3.0,1.67,0.5,0.3333333333333333,data/deam/DEAM_spectrograms/1607.npy,International-Folk,71
1608,4.5,2.29,7.0,1.34,0.5,0.7777777777777778,data/deam/DEAM_spectrograms/1608.npy,International-Rock,84
1609,6.4,1.43,6.5,1.57,0.7111111111111111,0.7222222222222222,data/deam/DEAM_spectrograms/1609.npy,International-Rock,84
1611,5.7,2.0,6.2,1.6,0.6333333333333333,0.6888888888888889,data/deam/DEAM_spectrograms/1611.npy,International-Rock,84
1612,3.8,0.98,3.1,1.45,0.4222222222222222,0.3444444444444444,data/deam/DEAM_spectrograms/1612.npy,International-Rock,84
1613,6.2,2.09,6.6,1.62,0.6888888888888889,0.7333333333333333,data/deam/DEAM_spectrograms/1613.npy,International-Rock,84
1615,5.7,0.78,4.6,1.62,0.6333333333333333,0.5111111111111111,data/deam/DEAM_spectrograms/1615.npy,International-Folk-Pop,75
1616,4.8,2.04,5.5,1.86,0.5333333333333333,0.6111111111111112,data/deam/DEAM_spectrograms/1616.npy,International-Folk-Pop,75
1617,6.1,1.64,5.9,1.81,0.6777777777777777,0.6555555555555556,data/deam/DEAM_spectrograms/1617.npy,International-Electronic,67
1618,6.1,1.64,3.9,1.22,0.6777777777777777,0.4333333333333333,data/deam/DEAM_spectrograms/1618.npy,International-Folk-Pop,75
1619,5.2,1.54,5.3,1.55,0.5777777777777778,0.5888888888888889,data/deam/DEAM_spectrograms/1619.npy,International-Folk-Pop,75
1620,6.3,1.49,5.7,1.68,0.7,0.6333333333333333,data/deam/DEAM_spectrograms/1620.npy,International-Rock,84
1621,6.1,1.7,6.0,1.55,0.6777777777777777,0.6666666666666666,data/deam/DEAM_spectrograms/1621.npy,International-Folk-Rock,77
1622,6.0,1.73,5.9,1.81,0.6666666666666666,0.6555555555555556,data/deam/DEAM_spectrograms/1622.npy,International-Folk-Rock,77
1623,5.6,1.69,5.3,1.95,0.6222222222222222,0.5888888888888889,data/deam/DEAM_spectrograms/1623.npy,International-Electronic,67
1624,5.7,1.73,6.4,1.62,0.6333333333333333,0.7111111111111111,data/deam/DEAM_spectrograms/1624.npy,International-Electronic,67
1625,4.9,1.22,4.4,1.56,0.5444444444444445,0.4888888888888889,data/deam/DEAM_spectrograms/1625.npy,International,66
1627,4.4,1.56,3.9,1.64,0.4888888888888889,0.4333333333333333,data/deam/DEAM_spectrograms/1627.npy,International-Experimental-Rock,70
1628,4.7,1.49,4.8,1.4,0.5222222222222223,0.5333333333333333,data/deam/DEAM_spectrograms/1628.npy,International-Folk-Rock,77
1629,6.4,0.8,6.3,1.0,0.7111111111111111,0.7,data/deam/DEAM_spectrograms/1629.npy,International-Folk-Rock,77
1630,6.0,1.0,5.4,1.5,0.6666666666666666,0.6000000000000001,data/deam/DEAM_spectrograms/1630.npy,International-Rock,84
1632,5.2,0.87,3.4,0.8,0.5777777777777778,0.3777777777777777,data/deam/DEAM_spectrograms/1632.npy,International-Folk-Experimental,73
1634,5.5,1.8,6.1,1.7,0.6111111111111112,0.6777777777777777,data/deam/DEAM_spectrograms/1634.npy,International-Electronic,67
1635,6.8,1.08,6.1,1.3,0.7555555555555555,0.6777777777777777,data/deam/DEAM_spectrograms/1635.npy,International-Instrumental-Rock,80
1636,4.6,1.8,5.2,1.83,0.5111111111111111,0.5777777777777778,data/deam/DEAM_spectrograms/1636.npy,International-Folk-Experimental,73
1637,5.5,0.92,3.6,1.02,0.6111111111111112,0.4,data/deam/DEAM_spectrograms/1637.npy,International-Folk-Pop,75
1639,5.3,1.42,5.3,1.62,0.5888888888888889,0.5888888888888889,data/deam/DEAM_spectrograms/1639.npy,International,66
1641,4.6,1.11,5.3,1.19,0.5111111111111111,0.5888888888888889,data/deam/DEAM_spectrograms/1641.npy,International-Electronic,67
1642,5.1,1.45,4.9,1.51,0.5666666666666667,0.5444444444444445,data/deam/DEAM_spectrograms/1642.npy,International-Electronic,67
1644,5.0,1.18,5.9,0.94,0.5555555555555556,0.6555555555555556,data/deam/DEAM_spectrograms/1644.npy,International-Pop-Rock,83
1645,5.8,1.99,5.7,1.68,0.6444444444444444,0.6333333333333333,data/deam/DEAM_spectrograms/1645.npy,International-Electronic,67
1646,4.5,1.36,3.7,1.73,0.5,0.4111111111111111,data/deam/DEAM_spectrograms/1646.npy,International-Folk,71
1647,7.1,0.83,5.8,1.54,0.7888888888888889,0.6444444444444444,data/deam/DEAM_spectrograms/1647.npy,International-Rock,84
1648,3.9,1.58,2.5,1.02,0.4333333333333333,0.2777777777777778,data/deam/DEAM_spectrograms/1648.npy,International-Instrumental-Experimental,79
1649,6.1,1.22,6.0,1.67,0.6777777777777777,0.6666666666666666,data/deam/DEAM_spectrograms/1649.npy,International-Rock,84
1650,5.9,1.04,4.7,1.19,0.6555555555555556,0.5222222222222223,data/deam/DEAM_spectrograms/1650.npy,International-Experimental-Rock,70
1651,4.8,0.98,6.0,1.18,0.5333333333333333,0.6666666666666666,data/deam/DEAM_spectrograms/1651.npy,International-Folk-Experimental-Rock,74
1653,4.3,1.0,3.1,0.94,0.4777777777777777,0.3444444444444444,data/deam/DEAM_spectrograms/1653.npy,International-Electronic,67
1654,4.8,1.13,3.1,0.74,0.5333333333333333,0.3444444444444444,data/deam/DEAM_spectrograms/1654.npy,International-Electronic,67
1655,6.1,1.45,6.1,1.45,0.6777777777777777,0.6777777777777777,data/deam/DEAM_spectrograms/1655.npy,International-Pop-Electronic,82
1656,4.7,1.79,4.0,1.41,0.5222222222222223,0.4444444444444444,data/deam/DEAM_spectrograms/1656.npy,International,66
1657,5.6,1.69,5.7,1.85,0.6222222222222222,0.6333333333333333,data/deam/DEAM_spectrograms/1657.npy,International-Rock,84
1659,4.6,1.91,4.6,1.91,0.5111111111111111,0.5111111111111111,data/deam/DEAM_spectrograms/1659.npy,International-Electronic,67
1660,5.2,1.47,5.5,1.43,0.5777777777777778,0.6111111111111112,data/deam/DEAM_spectrograms/1660.npy,International-Electronic,67
1662,6.1,1.45,6.0,1.84,0.6777777777777777,0.6666666666666666,data/deam/DEAM_spectrograms/1662.npy,International-Experimental-Rock,70
1663,4.6,1.69,4.9,1.76,0.5111111111111111,0.5444444444444445,data/deam/DEAM_spectrograms/1663.npy,International-Folk-Pop,75
1664,4.2,1.72,4.0,1.48,0.4666666666666667,0.4444444444444444,data/deam/DEAM_spectrograms/1664.npy,International,66
1665,5.6,1.62,5.7,1.79,0.6222222222222222,0.6333333333333333,data/deam/DEAM_spectrograms/1665.npy,International-Experimental-Rock,70
1666,3.8,1.47,3.3,1.42,0.4222222222222222,0.3666666666666666,data/deam/DEAM_spectrograms/1666.npy,International-Folk,71
1667,6.0,1.41,7.5,1.02,0.6666666666666666,0.8333333333333334,data/deam/DEAM_spectrograms/1667.npy,International-Folk,71
1668,5.5,1.63,5.5,1.5,0.6111111111111112,0.6111111111111112,data/deam/DEAM_spectrograms/1668.npy,International-Rock,84
1669,5.5,1.36,4.9,2.02,0.6111111111111112,0.5444444444444445,data/deam/DEAM_spectrograms/1669.npy,International-Experimental,69
1671,4.2,1.08,3.3,1.0,0.4666666666666667,0.3666666666666666,data/deam/DEAM_spectrograms/1671.npy,International-Folk-Pop,75
1672,4.4,1.5,2.6,1.2,0.4888888888888889,0.2888888888888889,data/deam/DEAM_spectrograms/1672.npy,International-Folk-Pop,75
1673,6.1,1.14,5.9,1.87,0.6777777777777777,0.6555555555555556,data/deam/DEAM_spectrograms/1673.npy,International-Folk,71
1674,5.0,1.48,5.3,1.42,0.5555555555555556,0.5888888888888889,data/deam/DEAM_spectrograms/1674.npy,International-Folk-Electronic-Rock,72
1675,5.5,1.96,5.7,1.85,0.6111111111111112,0.6333333333333333,data/deam/DEAM_spectrograms/1675.npy,International-Experimental-Rock,70
1676,5.6,1.11,4.9,1.3,0.6222222222222222,0.5444444444444445,data/deam/DEAM_spectrograms/1676.npy,International,66
1677,6.8,1.54,6.4,1.11,0.7555555555555555,0.7111111111111111,data/deam/DEAM_spectrograms/1677.npy,International,66
1679,5.4,1.2,5.6,1.2,0.6000000000000001,0.6222222222222222,data/deam/DEAM_spectrograms/1679.npy,International-Folk-Experimental,73
1680,6.8,1.17,6.1,1.37,0.7555555555555555,0.6777777777777777,data/deam/DEAM_spectrograms/1680.npy,International-Pop,81
1681,5.0,1.73,3.5,1.28,0.5555555555555556,0.3888888888888889,data/deam/DEAM_spectrograms/1681.npy,International-Electronic,67
1682,6.1,1.04,5.8,1.17,0.6777777777777777,0.6444444444444444,data/deam/DEAM_spectrograms/1682.npy,International-Rock,84
1683,6.0,0.77,4.8,1.33,0.6666666666666666,0.5333333333333333,data/deam/DEAM_spectrograms/1683.npy,International-Folk,71
1684,5.1,1.51,5.0,2.19,0.5666666666666667,0.5555555555555556,data/deam/DEAM_spectrograms/1684.npy,International-Folk,71
1685,5.4,2.06,4.5,1.57,0.6000000000000001,0.5,data/deam/DEAM_spectrograms/1685.npy,International,66
1686,3.7,1.62,3.3,1.62,0.4111111111111111,0.3666666666666666,data/deam/DEAM_spectrograms/1686.npy,International-Experimental-Rock,70
1687,5.1,1.76,4.7,1.55,0.5666666666666667,0.5222222222222223,data/deam/DEAM_spectrograms/1687.npy,International-Electronic,67
1688,5.2,1.89,4.7,1.62,0.5777777777777778,0.5222222222222223,data/deam/DEAM_spectrograms/1688.npy,International-Electronic,67
1689,7.1,0.83,6.4,1.11,0.7888888888888889,0.7111111111111111,data/deam/DEAM_spectrograms/1689.npy,International-Electronic-Rock,68
1691,3.7,1.27,3.6,1.02,0.4111111111111111,0.4,data/deam/DEAM_spectrograms/1691.npy,International-Folk,71
1692,3.8,1.47,3.3,1.9,0.4222222222222222,0.3666666666666666,data/deam/DEAM_spectrograms/1692.npy,International-Folk,71
1694,4.5,2.84,6.1,2.17,0.5,0.6777777777777777,data/deam/DEAM_spectrograms/1694.npy,International-Folk-Experimental-Rock,74
1695,5.7,1.49,5.6,1.74,0.6333333333333333,0.6222222222222222,data/deam/DEAM_spectrograms/1695.npy,International-Experimental-Rock,70
1696,3.8,1.17,3.3,1.35,0.4222222222222222,0.3666666666666666,data/deam/DEAM_spectrograms/1696.npy,International-Instrumental,78
1697,3.3,1.27,2.8,0.87,0.3666666666666666,0.3111111111111111,data/deam/DEAM_spectrograms/1697.npy,International-Folk-Pop,75
1699,5.1,1.76,5.0,1.95,0.5666666666666667,0.5555555555555556,data/deam/DEAM_spectrograms/1699.npy,International-Electronic,67
1700,5.6,1.5,5.0,1.79,0.6222222222222222,0.5555555555555556,data/deam/DEAM_spectrograms/1700.npy,International-Electronic,67
1702,4.1,1.3,3.9,1.81,0.4555555555555555,0.4333333333333333,data/deam/DEAM_spectrograms/1702.npy,Jazz,85
1704,5.3,1.62,6.4,1.11,0.5888888888888889,0.7111111111111111,data/deam/DEAM_spectrograms/1704.npy,Jazz-Rock,100
1705,4.0,1.34,4.4,1.43,0.4444444444444444,0.4888888888888889,data/deam/DEAM_spectrograms/1705.npy,Jazz-Rock,100
1706,4.9,1.81,4.0,1.9,0.5444444444444445,0.4444444444444444,data/deam/DEAM_spectrograms/1706.npy,Jazz,85
1708,4.2,1.4,3.6,1.43,0.4666666666666667,0.4,data/deam/DEAM_spectrograms/1708.npy,Jazz-Rock,100
1709,4.0,2.0,3.8,1.94,0.4444444444444444,0.4222222222222222,data/deam/DEAM_spectrograms/1709.npy,Jazz-Experimental-Electronic,88
1713,6.2,1.4,5.7,1.27,0.6888888888888889,0.6333333333333333,data/deam/DEAM_spectrograms/1713.npy,Jazz,85
1714,6.1,0.7,4.0,1.61,0.6777777777777777,0.4444444444444444,data/deam/DEAM_spectrograms/1714.npy,Jazz-Instrumental-Pop-Electronic,96
1715,5.9,1.22,5.6,1.62,0.6555555555555556,0.6222222222222222,data/deam/DEAM_spectrograms/1715.npy,Jazz-Electronic,86
1716,5.8,1.47,5.4,1.28,0.6444444444444444,0.6000000000000001,data/deam/DEAM_spectrograms/1716.npy,Jazz-Experimental-Electronic,88
1717,6.0,0.89,4.8,1.33,0.6666666666666666,0.5333333333333333,data/deam/DEAM_spectrograms/1717.npy,Jazz-International-Experimental,98
1718,4.7,1.49,3.5,1.91,0.5222222222222223,0.3888888888888889,data/deam/DEAM_spectrograms/1718.npy,Jazz-Experimental-Electronic-Rock,89
1720,7.5,0.92,6.0,1.48,0.8333333333333334,0.6666666666666666,data/deam/DEAM_spectrograms/1720.npy,Jazz,85
1721,4.2,1.25,2.9,1.14,0.4666666666666667,0.3222222222222222,data/deam/DEAM_spectrograms/1721.npy,Jazz-Experimental-Electronic-Rock,89
1723,4.3,1.27,3.4,1.28,0.4777777777777777,0.3777777777777777,data/deam/DEAM_spectrograms/1723.npy,Jazz-Experimental-Electronic-Rock,89
1724,3.7,1.79,3.3,1.49,0.4111111111111111,0.3666666666666666,data/deam/DEAM_spectrograms/1724.npy,Jazz-Folk-Pop-Rock,91
1725,5.2,1.33,4.4,1.36,0.5777777777777778,0.4888888888888889,data/deam/DEAM_spectrograms/1725.npy,Jazz,85
1726,4.6,1.28,3.2,1.17,0.5111111111111111,0.3555555555555555,data/deam/DEAM_spectrograms/1726.npy,Jazz-Instrumental-Electronic,95
1727,4.9,1.3,4.7,1.42,0.5444444444444445,0.5222222222222223,data/deam/DEAM_spectrograms/1727.npy,Jazz,85
1728,3.1,1.45,4.7,2.28,0.3444444444444444,0.5222222222222223,data/deam/DEAM_spectrograms/1728.npy,Jazz-Experimental,87
1729,5.1,1.97,5.4,1.56,0.5666666666666667,0.6000000000000001,data/deam/DEAM_spectrograms/1729.npy,Jazz-Experimental-Electronic-Rock,89
1730,5.3,0.9,3.9,1.51,0.5888888888888889,0.4333333333333333,data/deam/DEAM_spectrograms/1730.npy,Jazz-Hip-Hop-Electronic,93
1732,4.2,1.6,3.0,1.1,0.4666666666666667,0.3333333333333333,data/deam/DEAM_spectrograms/1732.npy,Jazz-International,97
1733,3.8,1.83,3.3,1.55,0.4222222222222222,0.3666666666666666,data/deam/DEAM_spectrograms/1733.npy,Jazz-Experimental,87
1734,5.1,1.58,5.2,1.72,0.5666666666666667,0.5777777777777778,data/deam/DEAM_spectrograms/1734.npy,Jazz-Hip-Hop-Electronic,93
1735,4.7,1.49,3.0,1.18,0.5222222222222223,0.3333333333333333,data/deam/DEAM_spectrograms/1735.npy,Jazz-Electronic,86
1736,4.7,1.49,3.1,0.94,0.5222222222222223,0.3444444444444444,data/deam/DEAM_spectrograms/1736.npy,Jazz-Electronic,86
1737,3.6,1.62,3.6,1.36,0.4,0.4,data/deam/DEAM_spectrograms/1737.npy,Jazz-Experimental,87
1738,2.8,1.6,4.8,1.72,0.3111111111111111,0.5333333333333333,data/deam/DEAM_spectrograms/1738.npy,Jazz-Experimental,87
1739,3.7,1.55,2.8,1.17,0.4111111111111111,0.3111111111111111,data/deam/DEAM_spectrograms/1739.npy,Jazz-Experimental,87
1740,5.3,1.49,4.3,1.55,0.5888888888888889,0.4777777777777777,data/deam/DEAM_spectrograms/1740.npy,Jazz-Electronic,86
1741,3.3,1.49,3.5,1.36,0.3666666666666666,0.3888888888888889,data/deam/DEAM_spectrograms/1741.npy,Jazz-Experimental-Electronic,88
1744,4.9,0.94,4.3,0.9,0.5444444444444445,0.4777777777777777,data/deam/DEAM_spectrograms/1744.npy,Jazz,85
1745,7.1,0.94,5.9,1.7,0.7888888888888889,0.6555555555555556,data/deam/DEAM_spectrograms/1745.npy,Jazz-Hip-Hop-Rock,94
1746,5.7,1.19,4.8,1.17,0.6333333333333333,0.5333333333333333,data/deam/DEAM_spectrograms/1746.npy,Jazz-International-Experimental,98
1747,4.3,1.35,2.9,1.14,0.4777777777777777,0.3222222222222222,data/deam/DEAM_spectrograms/1747.npy,Jazz-Experimental-Electronic,88
1748,5.4,0.66,4.1,1.22,0.6000000000000001,0.4555555555555555,data/deam/DEAM_spectrograms/1748.npy,Jazz-International-Pop,99
1749,6.7,1.42,4.6,0.92,0.7444444444444445,0.5111111111111111,data/deam/DEAM_spectrograms/1749.npy,Jazz-International,97
1750,4.7,1.35,5.3,1.49,0.5222222222222223,0.5888888888888889,data/deam/DEAM_spectrograms/1750.npy,Jazz-Hip-Hop-Electronic,93
1751,4.1,1.14,4.3,1.55,0.4555555555555555,0.4777777777777777,data/deam/DEAM_spectrograms/1751.npy,Jazz,85
1752,5.5,2.25,6.1,1.81,0.6111111111111112,0.6777777777777777,data/deam/DEAM_spectrograms/1752.npy,Jazz-Electronic,86
1753,3.2,1.25,3.4,1.5,0.3555555555555555,0.3777777777777777,data/deam/DEAM_spectrograms/1753.npy,Jazz-Experimental,87
1754,4.2,1.54,2.4,1.02,0.4666666666666667,0.2666666666666666,data/deam/DEAM_spectrograms/1754.npy,Jazz-Instrumental-Electronic,95
1756,4.4,1.36,3.9,1.22,0.4888888888888889,0.4333333333333333,data/deam/DEAM_spectrograms/1756.npy,Jazz,85
1757,5.0,0.77,3.1,0.83,0.5555555555555556,0.3444444444444444,data/deam/DEAM_spectrograms/1757.npy,Jazz-Experimental,87
1758,5.4,1.02,3.0,1.0,0.6000000000000001,0.3333333333333333,data/deam/DEAM_spectrograms/1758.npy,Jazz,85
1759,5.4,1.28,4.7,1.55,0.6000000000000001,0.5222222222222223,data/deam/DEAM_spectrograms/1759.npy,Jazz-International-Experimental,98
1760,4.3,1.68,4.1,1.64,0.4777777777777777,0.4555555555555555,data/deam/DEAM_spectrograms/1760.npy,Jazz-Electronic,86
1761,7.9,0.83,7.1,1.22,0.8777777777777778,0.7888888888888889,data/deam/DEAM_spectrograms/1761.npy,Jazz-International,97
1762,6.1,1.81,5.4,1.91,0.6777777777777777,0.6000000000000001,data/deam/DEAM_spectrograms/1762.npy,Jazz-Hip-Hop,92
1763,4.4,1.11,3.5,1.02,0.4888888888888889,0.3888888888888889,data/deam/DEAM_spectrograms/1763.npy,Jazz-Electronic,86
1764,4.9,1.81,4.0,1.61,0.5444444444444445,0.4444444444444444,data/deam/DEAM_spectrograms/1764.npy,Jazz-Experimental,87
1765,5.8,0.98,4.6,1.02,0.6444444444444444,0.5111111111111111,data/deam/DEAM_spectrograms/1765.npy,Jazz-Experimental,87
1766,3.7,1.19,3.0,1.1,0.4111111111111111,0.3333333333333333,data/deam/DEAM_spectrograms/1766.npy,Jazz-Experimental-Electronic,88
1767,3.8,1.78,2.4,1.36,0.4222222222222222,0.2666666666666666,data/deam/DEAM_spectrograms/1767.npy,Jazz-Electronic,86
1768,4.1,1.64,3.1,1.37,0.4555555555555555,0.3444444444444444,data/deam/DEAM_spectrograms/1768.npy,Jazz-Instrumental-Electronic,95
1769,5.9,1.37,5.3,1.42,0.6555555555555556,0.5888888888888889,data/deam/DEAM_spectrograms/1769.npy,Jazz,85
1770,4.5,1.63,2.9,1.37,0.5,0.3222222222222222,data/deam/DEAM_spectrograms/1770.npy,Jazz,85
1771,4.9,0.94,5.3,1.0,0.5444444444444445,0.5888888888888889,data/deam/DEAM_spectrograms/1771.npy,Jazz-Experimental-Rock,90
1772,5.6,1.62,4.3,1.35,0.6222222222222222,0.4777777777777777,data/deam/DEAM_spectrograms/1772.npy,Jazz,85
1773,5.4,1.56,4.1,1.58,0.6000000000000001,0.4555555555555555,data/deam/DEAM_spectrograms/1773.npy,Jazz-Experimental-Rock,90
1775,4.6,1.02,3.0,0.77,0.5111111111111111,0.3333333333333333,data/deam/DEAM_spectrograms/1775.npy,Jazz,85
1776,4.8,1.94,3.8,1.66,0.5333333333333333,0.4222222222222222,data/deam/DEAM_spectrograms/1776.npy,Jazz,85
1777,5.3,1.73,4.4,1.8,0.5888888888888889,0.4888888888888889,data/deam/DEAM_spectrograms/1777.npy,Jazz,85
1778,4.4,1.5,3.2,1.99,0.4888888888888889,0.3555555555555555,data/deam/DEAM_spectrograms/1778.npy,Jazz,85
1779,5.7,1.9,2.9,0.94,0.6333333333333333,0.3222222222222222,data/deam/DEAM_spectrograms/1779.npy,Jazz,85
1780,4.8,1.33,3.5,1.2,0.5333333333333333,0.3888888888888889,data/deam/DEAM_spectrograms/1780.npy,Jazz-Experimental-Electronic,88
1781,4.2,1.83,2.7,1.1,0.4666666666666667,0.3,data/deam/DEAM_spectrograms/1781.npy,Jazz-Experimental,87
1783,4.2,1.47,3.3,1.1,0.4666666666666667,0.3666666666666666,data/deam/DEAM_spectrograms/1783.npy,Jazz-Instrumental-Electronic,95
1784,5.5,1.2,5.1,1.58,0.6111111111111112,0.5666666666666667,data/deam/DEAM_spectrograms/1784.npy,Jazz,85
1785,5.6,0.8,5.2,1.17,0.6222222222222222,0.5777777777777778,data/deam/DEAM_spectrograms/1785.npy,Jazz-Experimental,87
1786,4.2,1.94,3.1,1.58,0.4666666666666667,0.3444444444444444,data/deam/DEAM_spectrograms/1786.npy,Jazz-Experimental,87
1787,3.9,1.64,3.4,1.2,0.4333333333333333,0.3777777777777777,data/deam/DEAM_spectrograms/1787.npy,Jazz-International,97
1788,3.6,1.74,6.0,2.37,0.4,0.6666666666666666,data/deam/DEAM_spectrograms/1788.npy,Jazz-Experimental,87
1789,5.9,1.04,5.1,0.94,0.6555555555555556,0.5666666666666667,data/deam/DEAM_spectrograms/1789.npy,Jazz-Electronic,86
1791,5.3,1.79,3.3,1.1,0.5888888888888889,0.3666666666666666,data/deam/DEAM_spectrograms/1791.npy,Jazz,85
1792,6.1,0.54,5.1,1.04,0.6777777777777777,0.5666666666666667,data/deam/DEAM_spectrograms/1792.npy,Jazz,85
1794,4.2,0.98,3.7,1.1,0.4666666666666667,0.4111111111111111,data/deam/DEAM_spectrograms/1794.npy,Jazz-Electronic,86
1795,3.9,1.3,3.0,1.0,0.4333333333333333,0.3333333333333333,data/deam/DEAM_spectrograms/1795.npy,Jazz,85
1796,5.8,1.6,6.0,1.55,0.6444444444444444,0.6666666666666666,data/deam/DEAM_spectrograms/1796.npy,Jazz-Rock,100
1797,3.6,1.11,4.1,1.81,0.4,0.4555555555555555,data/deam/DEAM_spectrograms/1797.npy,Jazz-Experimental-Electronic,88
1798,5.7,0.64,4.0,1.48,0.6333333333333333,0.4444444444444444,data/deam/DEAM_spectrograms/1798.npy,Jazz,85
1799,5.8,0.87,4.5,1.28,0.6444444444444444,0.5,data/deam/DEAM_spectrograms/1799.npy,Jazz-Electronic,86
1800,3.4,1.62,2.6,1.02,0.3777777777777777,0.2888888888888889,data/deam/DEAM_spectrograms/1800.npy,Jazz-Experimental,87
1801,3.4,1.5,2.8,1.6,0.3777777777777777,0.3111111111111111,data/deam/DEAM_spectrograms/1801.npy,Pop-Experimental-Rock,106
1802,5.7,1.55,6.6,1.69,0.6333333333333333,0.7333333333333333,data/deam/DEAM_spectrograms/1802.npy,Pop-Rock,107
1803,4.1,1.58,3.6,1.36,0.4555555555555555,0.4,data/deam/DEAM_spectrograms/1803.npy,Pop-Rock,107
1805,5.7,1.27,4.9,1.22,0.6333333333333333,0.5444444444444445,data/deam/DEAM_spectrograms/1805.npy,Pop-Rock,107
1806,6.5,1.36,6.2,1.33,0.7222222222222222,0.6888888888888889,data/deam/DEAM_spectrograms/1806.npy,Pop-Rock,107
1807,5.7,0.9,5.3,1.0,0.6333333333333333,0.5888888888888889,data/deam/DEAM_spectrograms/1807.npy,Pop-Rock,107
1808,5.4,1.74,5.3,1.79,0.6000000000000001,0.5888888888888889,data/deam/DEAM_spectrograms/1808.npy,Pop-Rock,107
1809,4.0,1.34,4.1,1.22,0.4444444444444444,0.4555555555555555,data/deam/DEAM_spectrograms/1809.npy,Pop-Rock,107
1811,4.6,1.91,4.7,1.73,0.5111111111111111,0.5222222222222223,data/deam/DEAM_spectrograms/1811.npy,Pop-Rock,107
1812,5.0,1.9,5.0,1.61,0.5555555555555556,0.5555555555555556,data/deam/DEAM_spectrograms/1812.npy,Pop-Rock,107
1813,6.1,2.02,5.7,1.68,0.6777777777777777,0.6333333333333333,data/deam/DEAM_spectrograms/1813.npy,Pop,101
1814,6.0,1.61,5.8,1.66,0.6666666666666666,0.6444444444444444,data/deam/DEAM_spectrograms/1814.npy,Pop-Rock,107
1815,6.4,1.02,5.8,1.54,0.7111111111111111,0.6444444444444444,data/deam/DEAM_spectrograms/1815.npy,Pop-Electronic-Rock,103
1816,5.0,1.73,4.5,2.11,0.5555555555555556,0.5,data/deam/DEAM_spectrograms/1816.npy,Pop-Experimental-Electronic,105
1818,4.3,1.79,3.2,1.33,0.4777777777777777,0.3555555555555555,data/deam/DEAM_spectrograms/1818.npy,Pop-Experimental-Rock,106
1819,4.1,1.14,4.1,0.94,0.4555555555555555,0.4555555555555555,data/deam/DEAM_spectrograms/1819.npy,Pop-Experimental-Rock,106
1820,4.5,1.2,4.4,1.2,0.5,0.4888888888888889,data/deam/DEAM_spectrograms/1820.npy,Pop-Experimental-Rock,106
1821,6.2,1.33,6.6,1.11,0.6888888888888889,0.7333333333333333,data/deam/DEAM_spectrograms/1821.npy,Pop,101
1825,4.8,1.47,4.5,1.36,0.5333333333333333,0.5,data/deam/DEAM_spectrograms/1825.npy,Pop-Electronic-Rock,103
1828,5.8,1.6,6.6,1.69,0.6444444444444444,0.7333333333333333,data/deam/DEAM_spectrograms/1828.npy,Pop,101
1829,4.8,1.72,3.6,1.62,0.5333333333333333,0.4,data/deam/DEAM_spectrograms/1829.npy,Pop-Experimental-Rock,106
1830,5.7,1.0,5.3,1.27,0.6333333333333333,0.5888888888888889,data/deam/DEAM_spectrograms/1830.npy,Pop-Electronic-Rock,103
1833,4.5,1.43,3.2,0.75,0.5,0.3555555555555555,data/deam/DEAM_spectrograms/1833.npy,Pop-Rock,107
1834,6.3,1.42,5.7,1.73,0.7,0.6333333333333333,data/deam/DEAM_spectrograms/1834.npy,Pop,101
1835,5.3,1.0,3.2,0.87,0.5888888888888889,0.3555555555555555,data/deam/DEAM_spectrograms/1835.npy,Pop-Rock,107
1837,4.2,1.78,2.9,1.58,0.4666666666666667,0.3222222222222222,data/deam/DEAM_spectrograms/1837.npy,Pop-Experimental,104
1838,4.6,1.69,5.0,2.1,0.5111111111111111,0.5555555555555556,data/deam/DEAM_spectrograms/1838.npy,Pop-Rock,107
1839,6.0,1.67,5.7,1.73,0.6666666666666666,0.6333333333333333,data/deam/DEAM_spectrograms/1839.npy,Pop-Rock,107
1840,4.8,1.89,5.4,1.91,0.5333333333333333,0.6000000000000001,data/deam/DEAM_spectrograms/1840.npy,Pop-Electronic,102
1841,4.6,1.8,3.1,1.58,0.5111111111111111,0.3444444444444444,data/deam/DEAM_spectrograms/1841.npy,Pop-Electronic,102
1842,5.8,1.72,6.3,1.35,0.6444444444444444,0.7,data/deam/DEAM_spectrograms/1842.npy,Pop-Experimental-Electronic,105
1844,6.1,1.76,5.5,2.06,0.6777777777777777,0.6111111111111112,data/deam/DEAM_spectrograms/1844.npy,Pop,101
1845,5.9,1.37,5.9,1.45,0.6555555555555556,0.6555555555555556,data/deam/DEAM_spectrograms/1845.npy,Pop,101
1846,5.8,1.6,5.8,1.6,0.6444444444444444,0.6444444444444444,data/deam/DEAM_spectrograms/1846.npy,Pop-Experimental-Electronic,105
1847,3.2,1.17,2.6,0.92,0.3555555555555555,0.2888888888888889,data/deam/DEAM_spectrograms/1847.npy,Pop-Experimental-Rock,106
1848,5.5,1.69,5.0,1.79,0.6111111111111112,0.5555555555555556,data/deam/DEAM_spectrograms/1848.npy,Pop-Rock,107
1849,6.0,0.89,5.8,1.08,0.6666666666666666,0.6444444444444444,data/deam/DEAM_spectrograms/1849.npy,Pop,101
1850,3.7,1.55,2.7,1.27,0.4111111111111111,0.3,data/deam/DEAM_spectrograms/1850.npy,Pop-Electronic-Rock,103
1852,4.1,1.51,4.7,2.1,0.4555555555555555,0.5222222222222223,data/deam/DEAM_spectrograms/1852.npy,Pop-Electronic-Rock,103
1853,6.5,0.81,5.7,1.27,0.7222222222222222,0.6333333333333333,data/deam/DEAM_spectrograms/1853.npy,Pop,101
1855,5.4,1.56,6.0,1.34,0.6000000000000001,0.6666666666666666,data/deam/DEAM_spectrograms/1855.npy,Pop-Rock,107
1856,6.1,1.76,6.7,1.85,0.6777777777777777,0.7444444444444445,data/deam/DEAM_spectrograms/1856.npy,Pop-Electronic,102
1857,5.3,1.27,5.0,1.0,0.5888888888888889,0.5555555555555556,data/deam/DEAM_spectrograms/1857.npy,Pop-Experimental,104
1858,5.2,1.33,5.6,1.56,0.5777777777777778,0.6222222222222222,data/deam/DEAM_spectrograms/1858.npy,Pop-Experimental,104
1859,5.2,1.47,5.0,1.55,0.5777777777777778,0.5555555555555556,data/deam/DEAM_spectrograms/1859.npy,Pop-Rock,107
1860,3.7,0.78,3.5,0.81,0.4111111111111111,0.3888888888888889,data/deam/DEAM_spectrograms/1860.npy,Pop,101
1861,5.1,1.3,5.0,1.48,0.5666666666666667,0.5555555555555556,data/deam/DEAM_spectrograms/1861.npy,Pop-Rock,107
1862,5.1,1.45,4.9,1.87,0.5666666666666667,0.5444444444444445,data/deam/DEAM_spectrograms/1862.npy,Pop-Rock,107
1863,6.4,1.43,5.7,1.85,0.7111111111111111,0.6333333333333333,data/deam/DEAM_spectrograms/1863.npy,Pop-Rock,107
1867,4.2,1.54,4.0,1.73,0.4666666666666667,0.4444444444444444,data/deam/DEAM_spectrograms/1867.npy,Pop-Rock,107
1868,5.8,1.4,5.0,1.61,0.6444444444444444,0.5555555555555556,data/deam/DEAM_spectrograms/1868.npy,Pop,101
1869,4.1,1.51,3.7,1.55,0.4555555555555555,0.4111111111111111,data/deam/DEAM_spectrograms/1869.npy,Pop-Rock,107
1870,5.4,1.2,5.6,1.28,0.6000000000000001,0.6222222222222222,data/deam/DEAM_spectrograms/1870.npy,Pop,101
1872,4.5,1.36,4.2,1.4,0.5,0.4666666666666667,data/deam/DEAM_spectrograms/1872.npy,Pop-Electronic,102
1873,4.7,1.62,3.4,1.43,0.5222222222222223,0.3777777777777777,data/deam/DEAM_spectrograms/1873.npy,Pop-Electronic-Rock,103
1874,5.0,1.67,6.3,1.49,0.5555555555555556,0.7,data/deam/DEAM_spectrograms/1874.npy,Pop-Electronic-Rock,103
1875,6.3,1.19,6.2,1.47,0.7,0.6888888888888889,data/deam/DEAM_spectrograms/1875.npy,Pop-Rock,107
1876,6.3,1.35,5.0,1.79,0.7,0.5555555555555556,data/deam/DEAM_spectrograms/1876.npy,Pop,101
1877,6.2,1.66,5.5,1.5,0.6888888888888889,0.6111111111111112,data/deam/DEAM_spectrograms/1877.npy,Pop-Electronic,102
1879,5.4,2.24,6.4,2.2,0.6000000000000001,0.7111111111111111,data/deam/DEAM_spectrograms/1879.npy,Pop-Electronic,102
1880,5.4,1.36,3.2,1.4,0.6000000000000001,0.3555555555555555,data/deam/DEAM_spectrograms/1880.npy,Pop-Rock,107
1881,5.0,1.1,5.2,1.25,0.5555555555555556,0.5777777777777778,data/deam/DEAM_spectrograms/1881.npy,Pop-Experimental,104
1882,5.5,1.5,6.2,1.66,0.6111111111111112,0.6888888888888889,data/deam/DEAM_spectrograms/1882.npy,Pop-Rock,107
1883,5.6,0.8,4.5,1.12,0.6222222222222222,0.5,data/deam/DEAM_spectrograms/1883.npy,Pop-Experimental-Electronic,105
1884,6.5,0.81,5.6,1.36,0.7222222222222222,0.6222222222222222,data/deam/DEAM_spectrograms/1884.npy,Pop-Electronic,102
1885,3.9,2.17,3.9,1.97,0.4333333333333333,0.4333333333333333,data/deam/DEAM_spectrograms/1885.npy,Pop-Experimental-Rock,106
1886,4.1,1.3,3.0,1.18,0.4555555555555555,0.3333333333333333,data/deam/DEAM_spectrograms/1886.npy,Pop-Experimental-Rock,106
1887,6.0,1.41,5.8,1.4,0.6666666666666666,0.6444444444444444,data/deam/DEAM_spectrograms/1887.npy,Pop-Rock,107
1888,3.4,1.5,3.2,1.78,0.3777777777777777,0.3555555555555555,data/deam/DEAM_spectrograms/1888.npy,Pop-Experimental-Electronic,105
1889,5.6,1.91,5.5,1.96,0.6222222222222222,0.6111111111111112,data/deam/DEAM_spectrograms/1889.npy,Pop-Rock,107
1890,6.0,1.61,5.8,1.17,0.6666666666666666,0.6444444444444444,data/deam/DEAM_spectrograms/1890.npy,Pop-Rock,107
1891,5.0,1.18,3.5,1.2,0.5555555555555556,0.3888888888888889,data/deam/DEAM_spectrograms/1891.npy,Pop-Electronic,102
1892,5.1,2.07,6.1,1.04,0.5666666666666667,0.6777777777777777,data/deam/DEAM_spectrograms/1892.npy,Pop-Electronic,102
1893,6.3,1.19,6.2,1.08,0.7,0.6888888888888889,data/deam/DEAM_spectrograms/1893.npy,Pop-Rock,107
1894,4.8,0.75,4.8,0.87,0.5333333333333333,0.5333333333333333,data/deam/DEAM_spectrograms/1894.npy,Pop-Rock,107
1895,6.5,0.67,5.9,0.94,0.7222222222222222,0.6555555555555556,data/deam/DEAM_spectrograms/1895.npy,Pop-Rock,107
1897,4.2,1.33,3.8,1.66,0.4666666666666667,0.4222222222222222,data/deam/DEAM_spectrograms/1897.npy,Pop-Rock,107
1898,5.1,0.94,4.2,1.17,0.5666666666666667,0.4666666666666667,data/deam/DEAM_spectrograms/1898.npy,Pop-Rock,107
1899,5.0,2.19,4.1,1.76,0.5555555555555556,0.4555555555555555,data/deam/DEAM_spectrograms/1899.npy,Pop-Rock,107
1900,6.5,1.12,6.7,1.19,0.7222222222222222,0.7444444444444445,data/deam/DEAM_spectrograms/1900.npy,Pop-Rock,107
1901,5.2,1.66,6.4,1.28,0.5777777777777778,0.7111111111111111,data/deam/DEAM_spectrograms/1901.npy,Rock,108
1902,4.4,2.37,7.3,1.49,0.4888888888888889,0.8111111111111111,data/deam/DEAM_spectrograms/1902.npy,Rock,108
1903,3.2,2.36,6.9,1.76,0.3555555555555555,0.7666666666666667,data/deam/DEAM_spectrograms/1903.npy,Rock,108
1904,4.1,0.94,3.4,1.02,0.4555555555555555,0.3777777777777777,data/deam/DEAM_spectrograms/1904.npy,Rock,108
1906,4.4,1.69,6.2,1.47,0.4888888888888889,0.6888888888888889,data/deam/DEAM_spectrograms/1906.npy,Rock,108
1908,5.2,2.18,5.1,1.76,0.5777777777777778,0.5666666666666667,data/deam/DEAM_spectrograms/1908.npy,Rock,108
1909,4.9,1.7,5.0,1.73,0.5444444444444445,0.5555555555555556,data/deam/DEAM_spectrograms/1909.npy,Rock,108
1910,3.8,1.6,3.3,1.35,0.4222222222222222,0.3666666666666666,data/deam/DEAM_spectrograms/1910.npy,Rock,108
1911,4.3,1.95,5.4,2.11,0.4777777777777777,0.6000000000000001,data/deam/DEAM_spectrograms/1911.npy,Rock,108
1912,5.4,1.2,5.5,1.12,0.6000000000000001,0.6111111111111112,data/deam/DEAM_spectrograms/1912.npy,Rock,108
1914,5.3,2.1,6.3,1.35,0.5888888888888889,0.7,data/deam/DEAM_spectrograms/1914.npy,Rock,108
1915,6.3,1.27,6.5,1.2,0.7,0.7222222222222222,data/deam/DEAM_spectrograms/1915.npy,Rock,108
1916,5.4,1.5,6.3,1.49,0.6000000000000001,0.7,data/deam/DEAM_spectrograms/1916.npy,Rock,108
1917,4.1,1.04,4.6,1.02,0.4555555555555555,0.5111111111111111,data/deam/DEAM_spectrograms/1917.npy,Rock,108
1918,3.4,1.5,4.6,1.69,0.3777777777777777,0.5111111111111111,data/deam/DEAM_spectrograms/1918.npy,Rock,108
1919,4.5,1.86,5.4,1.96,0.5,0.6000000000000001,data/deam/DEAM_spectrograms/1919.npy,Rock,108
1921,4.4,2.06,6.5,2.2,0.4888888888888889,0.7222222222222222,data/deam/DEAM_spectrograms/1921.npy,Rock,108
1922,5.6,1.85,5.8,1.6,0.6222222222222222,0.6444444444444444,data/deam/DEAM_spectrograms/1922.npy,Rock,108
1923,6.4,1.28,6.2,1.54,0.7111111111111111,0.6888888888888889,data/deam/DEAM_spectrograms/1923.npy,Rock,108
1925,4.9,1.51,4.5,1.57,0.5444444444444445,0.5,data/deam/DEAM_spectrograms/1925.npy,Rock,108
1926,5.2,1.99,6.1,1.92,0.5777777777777778,0.6777777777777777,data/deam/DEAM_spectrograms/1926.npy,Rock,108
1927,5.6,1.28,4.6,1.28,0.6222222222222222,0.5111111111111111,data/deam/DEAM_spectrograms/1927.npy,Rock,108
1928,3.7,1.35,5.6,1.02,0.4111111111111111,0.6222222222222222,data/deam/DEAM_spectrograms/1928.npy,Rock,108
1929,5.1,1.37,6.7,1.1,0.5666666666666667,0.7444444444444445,data/deam/DEAM_spectrograms/1929.npy,Rock,108
1930,4.6,1.43,4.0,1.1,0.5111111111111111,0.4444444444444444,data/deam/DEAM_spectrograms/1930.npy,Rock,108
1931,4.7,1.27,5.5,1.43,0.5222222222222223,0.6111111111111112,data/deam/DEAM_spectrograms/1931.npy,Rock,108
1932,4.8,1.6,6.0,1.73,0.5333333333333333,0.6666666666666666,data/deam/DEAM_spectrograms/1932.npy,Rock,108
1933,5.2,1.66,7.0,1.41,0.5777777777777778,0.7777777777777778,data/deam/DEAM_spectrograms/1933.npy,Rock,108
1934,5.8,1.78,3.8,1.33,0.6444444444444444,0.4222222222222222,data/deam/DEAM_spectrograms/1934.npy,Rock,108
1935,4.7,1.73,4.4,1.69,0.5222222222222223,0.4888888888888889,data/deam/DEAM_spectrograms/1935.npy,Rock,108
1937,4.3,1.35,3.9,1.51,0.4777777777777777,0.4333333333333333,data/deam/DEAM_spectrograms/1937.npy,Rock,108
1938,5.6,1.74,7.0,1.48,0.6222222222222222,0.7777777777777778,data/deam/DEAM_spectrograms/1938.npy,Rock,108
1939,4.4,1.11,3.2,1.25,0.4888888888888889,0.3555555555555555,data/deam/DEAM_spectrograms/1939.npy,Rock,108
1941,5.2,1.33,4.4,1.56,0.5777777777777778,0.4888888888888889,data/deam/DEAM_spectrograms/1941.npy,Rock,108
1943,4.2,0.98,4.4,1.02,0.4666666666666667,0.4888888888888889,data/deam/DEAM_spectrograms/1943.npy,Rock,108
1944,6.1,1.92,5.1,1.58,0.6777777777777777,0.5666666666666667,data/deam/DEAM_spectrograms/1944.npy,Rock,108
1945,6.0,1.55,6.1,1.58,0.6666666666666666,0.6777777777777777,data/deam/DEAM_spectrograms/1945.npy,Rock,108
1946,4.0,2.19,6.0,1.9,0.4444444444444444,0.6666666666666666,data/deam/DEAM_spectrograms/1946.npy,Rock,108
1947,5.0,2.19,7.4,1.28,0.5555555555555556,0.8222222222222223,data/deam/DEAM_spectrograms/1947.npy,Rock,108
1948,4.0,2.45,6.7,1.79,0.4444444444444444,0.7444444444444445,data/deam/DEAM_spectrograms/1948.npy,Rock,108
1950,3.8,1.99,3.4,2.11,0.4222222222222222,0.3777777777777777,data/deam/DEAM_spectrograms/1950.npy,Rock,108
1951,4.6,1.5,4.0,1.26,0.5111111111111111,0.4444444444444444,data/deam/DEAM_spectrograms/1951.npy,Rock,108
1952,4.1,0.94,4.4,0.8,0.4555555555555555,0.4888888888888889,data/deam/DEAM_spectrograms/1952.npy,Rock,108
1953,5.1,1.37,4.4,1.36,0.5666666666666667,0.4888888888888889,data/deam/DEAM_spectrograms/1953.npy,Rock,108
1954,6.7,0.64,5.7,1.1,0.7444444444444445,0.6333333333333333,data/deam/DEAM_spectrograms/1954.npy,Rock,108
1956,5.4,1.11,5.9,1.7,0.6000000000000001,0.6555555555555556,data/deam/DEAM_spectrograms/1956.npy,Rock,108
1957,4.8,1.33,4.8,1.17,0.5333333333333333,0.5333333333333333,data/deam/DEAM_spectrograms/1957.npy,Rock,108
1958,4.8,1.25,5.1,1.7,0.5333333333333333,0.5666666666666667,data/deam/DEAM_spectrograms/1958.npy,Rock,108
1960,4.5,1.96,6.7,1.79,0.5,0.7444444444444445,data/deam/DEAM_spectrograms/1960.npy,Rock,108
1961,5.9,0.54,5.3,1.1,0.6555555555555556,0.5888888888888889,data/deam/DEAM_spectrograms/1961.npy,Rock,108
1964,3.6,2.2,6.7,1.95,0.4,0.7444444444444445,data/deam/DEAM_spectrograms/1964.npy,Rock,108
1965,3.3,1.35,3.5,1.5,0.3666666666666666,0.3888888888888889,data/deam/DEAM_spectrograms/1965.npy,Rock,108
1967,4.7,2.9,6.9,1.97,0.5222222222222223,0.7666666666666667,data/deam/DEAM_spectrograms/1967.npy,Rock,108
1968,4.6,1.84,6.18,1.13,0.5111111111111111,0.6866666666666666,data/deam/DEAM_spectrograms/1968.npy,Rock,108
1970,5.9,1.37,7.1,1.51,0.6555555555555556,0.7888888888888889,data/deam/DEAM_spectrograms/1970.npy,Rock,108
1972,6.0,1.55,5.9,1.45,0.6666666666666666,0.6555555555555556,data/deam/DEAM_spectrograms/1972.npy,Rock,108
1973,4.3,1.49,4.3,1.19,0.4777777777777777,0.4777777777777777,data/deam/DEAM_spectrograms/1973.npy,Rock,108
1975,4.7,1.55,5.6,1.62,0.5222222222222223,0.6222222222222222,data/deam/DEAM_spectrograms/1975.npy,Rock,108
1976,4.9,1.64,5.4,1.43,0.5444444444444445,0.6000000000000001,data/deam/DEAM_spectrograms/1976.npy,Rock,108
1977,4.7,1.85,5.2,1.78,0.5222222222222223,0.5777777777777778,data/deam/DEAM_spectrograms/1977.npy,Rock,108
1978,6.5,1.02,6.5,0.92,0.7222222222222222,0.7222222222222222,data/deam/DEAM_spectrograms/1978.npy,Rock,108
1979,5.5,2.29,7.2,1.33,0.6111111111111112,0.8,data/deam/DEAM_spectrograms/1979.npy,Rock,108
1980,5.5,1.43,5.4,1.36,0.6111111111111112,0.6000000000000001,data/deam/DEAM_spectrograms/1980.npy,Rock,108
1981,5.1,1.92,5.8,2.18,0.5666666666666667,0.6444444444444444,data/deam/DEAM_spectrograms/1981.npy,Rock,108
1987,6.5,1.12,6.3,1.42,0.7222222222222222,0.7,data/deam/DEAM_spectrograms/1987.npy,Rock,108
1988,5.5,1.43,5.8,1.4,0.6111111111111112,0.6444444444444444,data/deam/DEAM_spectrograms/1988.npy,Rock,108
1991,5.0,2.1,6.0,1.41,0.5555555555555556,0.6666666666666666,data/deam/DEAM_spectrograms/1991.npy,Rock,108
1992,4.9,2.26,6.8,2.09,0.5444444444444445,0.7555555555555555,data/deam/DEAM_spectrograms/1992.npy,Rock,108
1993,3.5,2.38,7.0,1.1,0.3888888888888889,0.7777777777777778,data/deam/DEAM_spectrograms/1993.npy,Rock,108
1994,3.8,0.87,3.5,1.12,0.4222222222222222,0.3888888888888889,data/deam/DEAM_spectrograms/1994.npy,Rock,108
1995,4.7,1.73,4.7,1.1,0.5222222222222223,0.5222222222222223,data/deam/DEAM_spectrograms/1995.npy,Rock,108
1996,3.9,1.87,5.9,2.21,0.4333333333333333,0.6555555555555556,data/deam/DEAM_spectrograms/1996.npy,Rock,108
1997,5.3,1.42,3.9,1.14,0.5888888888888889,0.4333333333333333,data/deam/DEAM_spectrograms/1997.npy,Rock,108
1999,4.6,2.11,5.4,1.8,0.5111111111111111,0.6000000000000001,data/deam/DEAM_spectrograms/1999.npy,Rock,108
2000,5.8,1.78,6.0,1.67,0.6444444444444444,0.6666666666666666,data/deam/DEAM_spectrograms/2000.npy,Rock,108
