song_id,valence_mean,valence_std,arousal_mean,arousal_std,valence,arousal,spec_path,Genre,genre_id,segment_id
126,5.1,1.64,6.1,1.37,0.5666666666666667,0.6777777777777777,data/deam/DEAM_spectrograms_shiv/126_seg0.npy,classical,0,126_seg0
126,5.1,1.64,6.1,1.37,0.5666666666666667,0.6777777777777777,data/deam/DEAM_spectrograms_shiv/126_seg1.npy,classical,0,126_seg1
126,5.1,1.64,6.1,1.37,0.5666666666666667,0.6777777777777777,data/deam/DEAM_spectrograms_shiv/126_seg2.npy,classical,0,126_seg2
127,3.0,1.84,5.3,1.68,0.3333333333333333,0.5888888888888889,data/deam/DEAM_spectrograms_shiv/127_seg0.npy,classical,0,127_seg0
127,3.0,1.84,5.3,1.68,0.3333333333333333,0.5888888888888889,data/deam/DEAM_spectrograms_shiv/127_seg1.npy,classical,0,127_seg1
127,3.0,1.84,5.3,1.68,0.3333333333333333,0.5888888888888889,data/deam/DEAM_spectrograms_shiv/127_seg2.npy,classical,0,127_seg2
128,3.6,1.43,4.0,1.55,0.4,0.4444444444444444,data/deam/DEAM_spectrograms_shiv/128_seg0.npy,classical,0,128_seg0
128,3.6,1.43,4.0,1.55,0.4,0.4444444444444444,data/deam/DEAM_spectrograms_shiv/128_seg1.npy,classical,0,128_seg1
128,3.6,1.43,4.0,1.55,0.4,0.4444444444444444,data/deam/DEAM_spectrograms_shiv/128_seg2.npy,classical,0,128_seg2
129,4.2,1.72,6.0,1.67,0.4666666666666667,0.6666666666666666,data/deam/DEAM_spectrograms_shiv/129_seg0.npy,classical,0,129_seg0
129,4.2,1.72,6.0,1.67,0.4666666666666667,0.6666666666666666,data/deam/DEAM_spectrograms_shiv/129_seg1.npy,classical,0,129_seg1
129,4.2,1.72,6.0,1.67,0.4666666666666667,0.6666666666666666,data/deam/DEAM_spectrograms_shiv/129_seg2.npy,classical,0,129_seg2
130,3.3,1.42,4.2,1.33,0.3666666666666666,0.4666666666666667,data/deam/DEAM_spectrograms_shiv/130_seg0.npy,classical,0,130_seg0
130,3.3,1.42,4.2,1.33,0.3666666666666666,0.4666666666666667,data/deam/DEAM_spectrograms_shiv/130_seg1.npy,classical,0,130_seg1
130,3.3,1.42,4.2,1.33,0.3666666666666666,0.4666666666666667,data/deam/DEAM_spectrograms_shiv/130_seg2.npy,classical,0,130_seg2
131,6.1,1.04,4.9,1.64,0.6777777777777777,0.5444444444444445,data/deam/DEAM_spectrograms_shiv/131_seg0.npy,classical,0,131_seg0
131,6.1,1.04,4.9,1.64,0.6777777777777777,0.5444444444444445,data/deam/DEAM_spectrograms_shiv/131_seg1.npy,classical,0,131_seg1
131,6.1,1.04,4.9,1.64,0.6777777777777777,0.5444444444444445,data/deam/DEAM_spectrograms_shiv/131_seg2.npy,classical,0,131_seg2
133,2.8,1.99,2.2,1.17,0.3111111111111111,0.2444444444444444,data/deam/DEAM_spectrograms_shiv/133_seg0.npy,classical,0,133_seg0
133,2.8,1.99,2.2,1.17,0.3111111111111111,0.2444444444444444,data/deam/DEAM_spectrograms_shiv/133_seg1.npy,classical,0,133_seg1
133,2.8,1.99,2.2,1.17,0.3111111111111111,0.2444444444444444,data/deam/DEAM_spectrograms_shiv/133_seg2.npy,classical,0,133_seg2
134,5.4,1.74,6.0,1.18,0.6000000000000001,0.6666666666666666,data/deam/DEAM_spectrograms_shiv/134_seg0.npy,classical,0,134_seg0
134,5.4,1.74,6.0,1.18,0.6000000000000001,0.6666666666666666,data/deam/DEAM_spectrograms_shiv/134_seg1.npy,classical,0,134_seg1
134,5.4,1.74,6.0,1.18,0.6000000000000001,0.6666666666666666,data/deam/DEAM_spectrograms_shiv/134_seg2.npy,classical,0,134_seg2
135,3.7,2.24,3.5,1.43,0.4111111111111111,0.3888888888888889,data/deam/DEAM_spectrograms_shiv/135_seg0.npy,classical,0,135_seg0
135,3.7,2.24,3.5,1.43,0.4111111111111111,0.3888888888888889,data/deam/DEAM_spectrograms_shiv/135_seg1.npy,classical,0,135_seg1
135,3.7,2.24,3.5,1.43,0.4111111111111111,0.3888888888888889,data/deam/DEAM_spectrograms_shiv/135_seg2.npy,classical,0,135_seg2
136,6.8,1.33,6.2,1.08,0.7555555555555555,0.6888888888888889,data/deam/DEAM_spectrograms_shiv/136_seg0.npy,classical,0,136_seg0
136,6.8,1.33,6.2,1.08,0.7555555555555555,0.6888888888888889,data/deam/DEAM_spectrograms_shiv/136_seg1.npy,classical,0,136_seg1
136,6.8,1.33,6.2,1.08,0.7555555555555555,0.6888888888888889,data/deam/DEAM_spectrograms_shiv/136_seg2.npy,classical,0,136_seg2
137,4.3,1.68,5.8,1.33,0.4777777777777777,0.6444444444444444,data/deam/DEAM_spectrograms_shiv/137_seg0.npy,classical,0,137_seg0
137,4.3,1.68,5.8,1.33,0.4777777777777777,0.6444444444444444,data/deam/DEAM_spectrograms_shiv/137_seg1.npy,classical,0,137_seg1
137,4.3,1.68,5.8,1.33,0.4777777777777777,0.6444444444444444,data/deam/DEAM_spectrograms_shiv/137_seg2.npy,classical,0,137_seg2
138,3.8,2.64,2.4,0.92,0.4222222222222222,0.2666666666666666,data/deam/DEAM_spectrograms_shiv/138_seg0.npy,classical,0,138_seg0
138,3.8,2.64,2.4,0.92,0.4222222222222222,0.2666666666666666,data/deam/DEAM_spectrograms_shiv/138_seg1.npy,classical,0,138_seg1
138,3.8,2.64,2.4,0.92,0.4222222222222222,0.2666666666666666,data/deam/DEAM_spectrograms_shiv/138_seg2.npy,classical,0,138_seg2
140,4.2,1.47,4.5,2.01,0.4666666666666667,0.5,data/deam/DEAM_spectrograms_shiv/140_seg0.npy,classical,0,140_seg0
140,4.2,1.47,4.5,2.01,0.4666666666666667,0.5,data/deam/DEAM_spectrograms_shiv/140_seg1.npy,classical,0,140_seg1
140,4.2,1.47,4.5,2.01,0.4666666666666667,0.5,data/deam/DEAM_spectrograms_shiv/140_seg2.npy,classical,0,140_seg2
142,4.6,1.8,4.8,1.72,0.5111111111111111,0.5333333333333333,data/deam/DEAM_spectrograms_shiv/142_seg0.npy,classical,0,142_seg0
142,4.6,1.8,4.8,1.72,0.5111111111111111,0.5333333333333333,data/deam/DEAM_spectrograms_shiv/142_seg1.npy,classical,0,142_seg1
142,4.6,1.8,4.8,1.72,0.5111111111111111,0.5333333333333333,data/deam/DEAM_spectrograms_shiv/142_seg2.npy,classical,0,142_seg2
143,4.0,1.73,4.9,1.45,0.4444444444444444,0.5444444444444445,data/deam/DEAM_spectrograms_shiv/143_seg0.npy,classical,0,143_seg0
143,4.0,1.73,4.9,1.45,0.4444444444444444,0.5444444444444445,data/deam/DEAM_spectrograms_shiv/143_seg1.npy,classical,0,143_seg1
143,4.0,1.73,4.9,1.45,0.4444444444444444,0.5444444444444445,data/deam/DEAM_spectrograms_shiv/143_seg2.npy,classical,0,143_seg2
144,3.4,1.11,4.7,0.9,0.3777777777777777,0.5222222222222223,data/deam/DEAM_spectrograms_shiv/144_seg0.npy,classical,0,144_seg0
144,3.4,1.11,4.7,0.9,0.3777777777777777,0.5222222222222223,data/deam/DEAM_spectrograms_shiv/144_seg1.npy,classical,0,144_seg1
144,3.4,1.11,4.7,0.9,0.3777777777777777,0.5222222222222223,data/deam/DEAM_spectrograms_shiv/144_seg2.npy,classical,0,144_seg2
145,3.1,1.92,5.4,1.91,0.3444444444444444,0.6000000000000001,data/deam/DEAM_spectrograms_shiv/145_seg0.npy,classical,0,145_seg0
145,3.1,1.92,5.4,1.91,0.3444444444444444,0.6000000000000001,data/deam/DEAM_spectrograms_shiv/145_seg1.npy,classical,0,145_seg1
145,3.1,1.92,5.4,1.91,0.3444444444444444,0.6000000000000001,data/deam/DEAM_spectrograms_shiv/145_seg2.npy,classical,0,145_seg2
146,2.4,1.8,3.5,1.91,0.2666666666666666,0.3888888888888889,data/deam/DEAM_spectrograms_shiv/146_seg0.npy,classical,0,146_seg0
146,2.4,1.8,3.5,1.91,0.2666666666666666,0.3888888888888889,data/deam/DEAM_spectrograms_shiv/146_seg1.npy,classical,0,146_seg1
146,2.4,1.8,3.5,1.91,0.2666666666666666,0.3888888888888889,data/deam/DEAM_spectrograms_shiv/146_seg2.npy,classical,0,146_seg2
148,4.7,1.19,5.0,2.05,0.5222222222222223,0.5555555555555556,data/deam/DEAM_spectrograms_shiv/148_seg0.npy,classical,0,148_seg0
148,4.7,1.19,5.0,2.05,0.5222222222222223,0.5555555555555556,data/deam/DEAM_spectrograms_shiv/148_seg1.npy,classical,0,148_seg1
148,4.7,1.19,5.0,2.05,0.5222222222222223,0.5555555555555556,data/deam/DEAM_spectrograms_shiv/148_seg2.npy,classical,0,148_seg2
149,3.4,1.85,3.1,1.92,0.3777777777777777,0.3444444444444444,data/deam/DEAM_spectrograms_shiv/149_seg0.npy,classical,0,149_seg0
149,3.4,1.85,3.1,1.92,0.3777777777777777,0.3444444444444444,data/deam/DEAM_spectrograms_shiv/149_seg1.npy,classical,0,149_seg1
149,3.4,1.85,3.1,1.92,0.3777777777777777,0.3444444444444444,data/deam/DEAM_spectrograms_shiv/149_seg2.npy,classical,0,149_seg2
150,5.0,2.45,5.4,2.2,0.5555555555555556,0.6000000000000001,data/deam/DEAM_spectrograms_shiv/150_seg0.npy,classical,0,150_seg0
150,5.0,2.45,5.4,2.2,0.5555555555555556,0.6000000000000001,data/deam/DEAM_spectrograms_shiv/150_seg1.npy,classical,0,150_seg1
150,5.0,2.45,5.4,2.2,0.5555555555555556,0.6000000000000001,data/deam/DEAM_spectrograms_shiv/150_seg2.npy,classical,0,150_seg2
151,4.0,1.95,4.5,1.28,0.4444444444444444,0.5,data/deam/DEAM_spectrograms_shiv/151_seg0.npy,classical,0,151_seg0
151,4.0,1.95,4.5,1.28,0.4444444444444444,0.5,data/deam/DEAM_spectrograms_shiv/151_seg1.npy,classical,0,151_seg1
151,4.0,1.95,4.5,1.28,0.4444444444444444,0.5,data/deam/DEAM_spectrograms_shiv/151_seg2.npy,classical,0,151_seg2
152,4.4,1.62,5.6,1.43,0.4888888888888889,0.6222222222222222,data/deam/DEAM_spectrograms_shiv/152_seg0.npy,classical,0,152_seg0
152,4.4,1.62,5.6,1.43,0.4888888888888889,0.6222222222222222,data/deam/DEAM_spectrograms_shiv/152_seg1.npy,classical,0,152_seg1
152,4.4,1.62,5.6,1.43,0.4888888888888889,0.6222222222222222,data/deam/DEAM_spectrograms_shiv/152_seg2.npy,classical,0,152_seg2
153,3.9,1.92,4.5,1.69,0.4333333333333333,0.5,data/deam/DEAM_spectrograms_shiv/153_seg0.npy,classical,0,153_seg0
153,3.9,1.92,4.5,1.69,0.4333333333333333,0.5,data/deam/DEAM_spectrograms_shiv/153_seg1.npy,classical,0,153_seg1
153,3.9,1.92,4.5,1.69,0.4333333333333333,0.5,data/deam/DEAM_spectrograms_shiv/153_seg2.npy,classical,0,153_seg2
154,4.2,1.66,4.1,1.87,0.4666666666666667,0.4555555555555555,data/deam/DEAM_spectrograms_shiv/154_seg0.npy,classical,0,154_seg0
154,4.2,1.66,4.1,1.87,0.4666666666666667,0.4555555555555555,data/deam/DEAM_spectrograms_shiv/154_seg1.npy,classical,0,154_seg1
154,4.2,1.66,4.1,1.87,0.4666666666666667,0.4555555555555555,data/deam/DEAM_spectrograms_shiv/154_seg2.npy,classical,0,154_seg2
155,3.6,1.96,5.4,0.92,0.4,0.6000000000000001,data/deam/DEAM_spectrograms_shiv/155_seg0.npy,classical,0,155_seg0
155,3.6,1.96,5.4,0.92,0.4,0.6000000000000001,data/deam/DEAM_spectrograms_shiv/155_seg1.npy,classical,0,155_seg1
155,3.6,1.96,5.4,0.92,0.4,0.6000000000000001,data/deam/DEAM_spectrograms_shiv/155_seg2.npy,classical,0,155_seg2
156,6.4,1.2,6.7,0.46,0.7111111111111111,0.7444444444444445,data/deam/DEAM_spectrograms_shiv/156_seg0.npy,classical,0,156_seg0
156,6.4,1.2,6.7,0.46,0.7111111111111111,0.7444444444444445,data/deam/DEAM_spectrograms_shiv/156_seg1.npy,classical,0,156_seg1
156,6.4,1.2,6.7,0.46,0.7111111111111111,0.7444444444444445,data/deam/DEAM_spectrograms_shiv/156_seg2.npy,classical,0,156_seg2
157,4.0,1.67,6.2,1.08,0.4444444444444444,0.6888888888888889,data/deam/DEAM_spectrograms_shiv/157_seg0.npy,classical,0,157_seg0
157,4.0,1.67,6.2,1.08,0.4444444444444444,0.6888888888888889,data/deam/DEAM_spectrograms_shiv/157_seg1.npy,classical,0,157_seg1
157,4.0,1.67,6.2,1.08,0.4444444444444444,0.6888888888888889,data/deam/DEAM_spectrograms_shiv/157_seg2.npy,classical,0,157_seg2
158,2.1,0.7,3.6,1.43,0.2333333333333333,0.4,data/deam/DEAM_spectrograms_shiv/158_seg0.npy,classical,0,158_seg0
158,2.1,0.7,3.6,1.43,0.2333333333333333,0.4,data/deam/DEAM_spectrograms_shiv/158_seg1.npy,classical,0,158_seg1
158,2.1,0.7,3.6,1.43,0.2333333333333333,0.4,data/deam/DEAM_spectrograms_shiv/158_seg2.npy,classical,0,158_seg2
159,3.8,2.56,3.1,1.81,0.4222222222222222,0.3444444444444444,data/deam/DEAM_spectrograms_shiv/159_seg0.npy,classical,0,159_seg0
159,3.8,2.56,3.1,1.81,0.4222222222222222,0.3444444444444444,data/deam/DEAM_spectrograms_shiv/159_seg1.npy,classical,0,159_seg1
159,3.8,2.56,3.1,1.81,0.4222222222222222,0.3444444444444444,data/deam/DEAM_spectrograms_shiv/159_seg2.npy,classical,0,159_seg2
160,3.5,2.11,3.5,1.57,0.3888888888888889,0.3888888888888889,data/deam/DEAM_spectrograms_shiv/160_seg0.npy,classical,0,160_seg0
160,3.5,2.11,3.5,1.57,0.3888888888888889,0.3888888888888889,data/deam/DEAM_spectrograms_shiv/160_seg1.npy,classical,0,160_seg1
160,3.5,2.11,3.5,1.57,0.3888888888888889,0.3888888888888889,data/deam/DEAM_spectrograms_shiv/160_seg2.npy,classical,0,160_seg2
161,6.3,1.19,3.5,1.91,0.7,0.3888888888888889,data/deam/DEAM_spectrograms_shiv/161_seg0.npy,classical,0,161_seg0
161,6.3,1.19,3.5,1.91,0.7,0.3888888888888889,data/deam/DEAM_spectrograms_shiv/161_seg1.npy,classical,0,161_seg1
161,6.3,1.19,3.5,1.91,0.7,0.3888888888888889,data/deam/DEAM_spectrograms_shiv/161_seg2.npy,classical,0,161_seg2
162,3.7,1.68,4.6,1.02,0.4111111111111111,0.5111111111111111,data/deam/DEAM_spectrograms_shiv/162_seg0.npy,classical,0,162_seg0
162,3.7,1.68,4.6,1.02,0.4111111111111111,0.5111111111111111,data/deam/DEAM_spectrograms_shiv/162_seg1.npy,classical,0,162_seg1
162,3.7,1.68,4.6,1.02,0.4111111111111111,0.5111111111111111,data/deam/DEAM_spectrograms_shiv/162_seg2.npy,classical,0,162_seg2
163,3.6,1.28,4.5,1.36,0.4,0.5,data/deam/DEAM_spectrograms_shiv/163_seg0.npy,classical,0,163_seg0
163,3.6,1.28,4.5,1.36,0.4,0.5,data/deam/DEAM_spectrograms_shiv/163_seg1.npy,classical,0,163_seg1
163,3.6,1.28,4.5,1.36,0.4,0.5,data/deam/DEAM_spectrograms_shiv/163_seg2.npy,classical,0,163_seg2
164,4.1,1.7,2.9,1.97,0.4555555555555555,0.3222222222222222,data/deam/DEAM_spectrograms_shiv/164_seg0.npy,classical,0,164_seg0
164,4.1,1.7,2.9,1.97,0.4555555555555555,0.3222222222222222,data/deam/DEAM_spectrograms_shiv/164_seg1.npy,classical,0,164_seg1
164,4.1,1.7,2.9,1.97,0.4555555555555555,0.3222222222222222,data/deam/DEAM_spectrograms_shiv/164_seg2.npy,classical,0,164_seg2
166,3.1,1.45,4.2,1.08,0.3444444444444444,0.4666666666666667,data/deam/DEAM_spectrograms_shiv/166_seg0.npy,classical,0,166_seg0
166,3.1,1.45,4.2,1.08,0.3444444444444444,0.4666666666666667,data/deam/DEAM_spectrograms_shiv/166_seg1.npy,classical,0,166_seg1
166,3.1,1.45,4.2,1.08,0.3444444444444444,0.4666666666666667,data/deam/DEAM_spectrograms_shiv/166_seg2.npy,classical,0,166_seg2
167,2.7,1.35,3.3,1.62,0.3,0.3666666666666666,data/deam/DEAM_spectrograms_shiv/167_seg0.npy,classical,0,167_seg0
167,2.7,1.35,3.3,1.62,0.3,0.3666666666666666,data/deam/DEAM_spectrograms_shiv/167_seg1.npy,classical,0,167_seg1
167,2.7,1.35,3.3,1.62,0.3,0.3666666666666666,data/deam/DEAM_spectrograms_shiv/167_seg2.npy,classical,0,167_seg2
168,3.3,1.35,3.4,1.56,0.3666666666666666,0.3777777777777777,data/deam/DEAM_spectrograms_shiv/168_seg0.npy,classical,0,168_seg0
168,3.3,1.35,3.4,1.56,0.3666666666666666,0.3777777777777777,data/deam/DEAM_spectrograms_shiv/168_seg1.npy,classical,0,168_seg1
168,3.3,1.35,3.4,1.56,0.3666666666666666,0.3777777777777777,data/deam/DEAM_spectrograms_shiv/168_seg2.npy,classical,0,168_seg2
169,2.4,0.8,2.8,1.08,0.2666666666666666,0.3111111111111111,data/deam/DEAM_spectrograms_shiv/169_seg0.npy,classical,0,169_seg0
169,2.4,0.8,2.8,1.08,0.2666666666666666,0.3111111111111111,data/deam/DEAM_spectrograms_shiv/169_seg1.npy,classical,0,169_seg1
169,2.4,0.8,2.8,1.08,0.2666666666666666,0.3111111111111111,data/deam/DEAM_spectrograms_shiv/169_seg2.npy,classical,0,169_seg2
170,3.0,1.55,5.0,1.48,0.3333333333333333,0.5555555555555556,data/deam/DEAM_spectrograms_shiv/170_seg0.npy,classical,0,170_seg0
170,3.0,1.55,5.0,1.48,0.3333333333333333,0.5555555555555556,data/deam/DEAM_spectrograms_shiv/170_seg1.npy,classical,0,170_seg1
170,3.0,1.55,5.0,1.48,0.3333333333333333,0.5555555555555556,data/deam/DEAM_spectrograms_shiv/170_seg2.npy,classical,0,170_seg2
171,2.1,0.7,3.6,1.74,0.2333333333333333,0.4,data/deam/DEAM_spectrograms_shiv/171_seg0.npy,classical,0,171_seg0
171,2.1,0.7,3.6,1.74,0.2333333333333333,0.4,data/deam/DEAM_spectrograms_shiv/171_seg1.npy,classical,0,171_seg1
171,2.1,0.7,3.6,1.74,0.2333333333333333,0.4,data/deam/DEAM_spectrograms_shiv/171_seg2.npy,classical,0,171_seg2
172,3.8,2.23,5.0,2.24,0.4222222222222222,0.5555555555555556,data/deam/DEAM_spectrograms_shiv/172_seg0.npy,classical,0,172_seg0
172,3.8,2.23,5.0,2.24,0.4222222222222222,0.5555555555555556,data/deam/DEAM_spectrograms_shiv/172_seg1.npy,classical,0,172_seg1
172,3.8,2.23,5.0,2.24,0.4222222222222222,0.5555555555555556,data/deam/DEAM_spectrograms_shiv/172_seg2.npy,classical,0,172_seg2
173,4.6,1.69,2.2,1.17,0.5111111111111111,0.2444444444444444,data/deam/DEAM_spectrograms_shiv/173_seg0.npy,classical,0,173_seg0
173,4.6,1.69,2.2,1.17,0.5111111111111111,0.2444444444444444,data/deam/DEAM_spectrograms_shiv/173_seg1.npy,classical,0,173_seg1
173,4.6,1.69,2.2,1.17,0.5111111111111111,0.2444444444444444,data/deam/DEAM_spectrograms_shiv/173_seg2.npy,classical,0,173_seg2
174,4.0,1.61,3.8,1.4,0.4444444444444444,0.4222222222222222,data/deam/DEAM_spectrograms_shiv/174_seg0.npy,classical,0,174_seg0
174,4.0,1.61,3.8,1.4,0.4444444444444444,0.4222222222222222,data/deam/DEAM_spectrograms_shiv/174_seg1.npy,classical,0,174_seg1
174,4.0,1.61,3.8,1.4,0.4444444444444444,0.4222222222222222,data/deam/DEAM_spectrograms_shiv/174_seg2.npy,classical,0,174_seg2
175,3.7,1.35,4.3,1.55,0.4111111111111111,0.4777777777777777,data/deam/DEAM_spectrograms_shiv/175_seg0.npy,classical,0,175_seg0
175,3.7,1.35,4.3,1.55,0.4111111111111111,0.4777777777777777,data/deam/DEAM_spectrograms_shiv/175_seg1.npy,classical,0,175_seg1
175,3.7,1.35,4.3,1.55,0.4111111111111111,0.4777777777777777,data/deam/DEAM_spectrograms_shiv/175_seg2.npy,classical,0,175_seg2
176,2.4,1.62,3.9,1.58,0.2666666666666666,0.4333333333333333,data/deam/DEAM_spectrograms_shiv/176_seg0.npy,classical,0,176_seg0
176,2.4,1.62,3.9,1.58,0.2666666666666666,0.4333333333333333,data/deam/DEAM_spectrograms_shiv/176_seg1.npy,classical,0,176_seg1
176,2.4,1.62,3.9,1.58,0.2666666666666666,0.4333333333333333,data/deam/DEAM_spectrograms_shiv/176_seg2.npy,classical,0,176_seg2
177,4.8,1.4,5.6,1.74,0.5333333333333333,0.6222222222222222,data/deam/DEAM_spectrograms_shiv/177_seg0.npy,classical,0,177_seg0
177,4.8,1.4,5.6,1.74,0.5333333333333333,0.6222222222222222,data/deam/DEAM_spectrograms_shiv/177_seg1.npy,classical,0,177_seg1
177,4.8,1.4,5.6,1.74,0.5333333333333333,0.6222222222222222,data/deam/DEAM_spectrograms_shiv/177_seg2.npy,classical,0,177_seg2
178,2.8,2.09,3.7,2.1,0.3111111111111111,0.4111111111111111,data/deam/DEAM_spectrograms_shiv/178_seg0.npy,classical,0,178_seg0
178,2.8,2.09,3.7,2.1,0.3111111111111111,0.4111111111111111,data/deam/DEAM_spectrograms_shiv/178_seg1.npy,classical,0,178_seg1
178,2.8,2.09,3.7,2.1,0.3111111111111111,0.4111111111111111,data/deam/DEAM_spectrograms_shiv/178_seg2.npy,classical,0,178_seg2
179,5.2,2.04,6.0,1.95,0.5777777777777778,0.6666666666666666,data/deam/DEAM_spectrograms_shiv/179_seg0.npy,classical,0,179_seg0
179,5.2,2.04,6.0,1.95,0.5777777777777778,0.6666666666666666,data/deam/DEAM_spectrograms_shiv/179_seg1.npy,classical,0,179_seg1
179,5.2,2.04,6.0,1.95,0.5777777777777778,0.6666666666666666,data/deam/DEAM_spectrograms_shiv/179_seg2.npy,classical,0,179_seg2
180,4.8,1.89,5.9,1.37,0.5333333333333333,0.6555555555555556,data/deam/DEAM_spectrograms_shiv/180_seg0.npy,classical,0,180_seg0
180,4.8,1.89,5.9,1.37,0.5333333333333333,0.6555555555555556,data/deam/DEAM_spectrograms_shiv/180_seg1.npy,classical,0,180_seg1
180,4.8,1.89,5.9,1.37,0.5333333333333333,0.6555555555555556,data/deam/DEAM_spectrograms_shiv/180_seg2.npy,classical,0,180_seg2
181,3.7,2.1,2.5,0.92,0.4111111111111111,0.2777777777777778,data/deam/DEAM_spectrograms_shiv/181_seg0.npy,classical,0,181_seg0
181,3.7,2.1,2.5,0.92,0.4111111111111111,0.2777777777777778,data/deam/DEAM_spectrograms_shiv/181_seg1.npy,classical,0,181_seg1
181,3.7,2.1,2.5,0.92,0.4111111111111111,0.2777777777777778,data/deam/DEAM_spectrograms_shiv/181_seg2.npy,classical,0,181_seg2
182,2.2,0.87,3.7,2.05,0.2444444444444444,0.4111111111111111,data/deam/DEAM_spectrograms_shiv/182_seg0.npy,classical,0,182_seg0
182,2.2,0.87,3.7,2.05,0.2444444444444444,0.4111111111111111,data/deam/DEAM_spectrograms_shiv/182_seg1.npy,classical,0,182_seg1
182,2.2,0.87,3.7,2.05,0.2444444444444444,0.4111111111111111,data/deam/DEAM_spectrograms_shiv/182_seg2.npy,classical,0,182_seg2
184,3.6,1.85,3.4,1.11,0.4,0.3777777777777777,data/deam/DEAM_spectrograms_shiv/184_seg0.npy,classical,0,184_seg0
184,3.6,1.85,3.4,1.11,0.4,0.3777777777777777,data/deam/DEAM_spectrograms_shiv/184_seg1.npy,classical,0,184_seg1
184,3.6,1.85,3.4,1.11,0.4,0.3777777777777777,data/deam/DEAM_spectrograms_shiv/184_seg2.npy,classical,0,184_seg2
185,4.9,1.92,4.6,1.36,0.5444444444444445,0.5111111111111111,data/deam/DEAM_spectrograms_shiv/185_seg0.npy,classical,0,185_seg0
185,4.9,1.92,4.6,1.36,0.5444444444444445,0.5111111111111111,data/deam/DEAM_spectrograms_shiv/185_seg1.npy,classical,0,185_seg1
185,4.9,1.92,4.6,1.36,0.5444444444444445,0.5111111111111111,data/deam/DEAM_spectrograms_shiv/185_seg2.npy,classical,0,185_seg2
186,3.7,1.68,4.0,1.61,0.4111111111111111,0.4444444444444444,data/deam/DEAM_spectrograms_shiv/186_seg0.npy,classical,0,186_seg0
186,3.7,1.68,4.0,1.61,0.4111111111111111,0.4444444444444444,data/deam/DEAM_spectrograms_shiv/186_seg1.npy,classical,0,186_seg1
186,3.7,1.68,4.0,1.61,0.4111111111111111,0.4444444444444444,data/deam/DEAM_spectrograms_shiv/186_seg2.npy,classical,0,186_seg2
187,2.5,1.86,3.7,1.95,0.2777777777777778,0.4111111111111111,data/deam/DEAM_spectrograms_shiv/187_seg0.npy,classical,0,187_seg0
187,2.5,1.86,3.7,1.95,0.2777777777777778,0.4111111111111111,data/deam/DEAM_spectrograms_shiv/187_seg1.npy,classical,0,187_seg1
187,2.5,1.86,3.7,1.95,0.2777777777777778,0.4111111111111111,data/deam/DEAM_spectrograms_shiv/187_seg2.npy,classical,0,187_seg2
188,4.0,1.55,3.3,1.55,0.4444444444444444,0.3666666666666666,data/deam/DEAM_spectrograms_shiv/188_seg0.npy,classical,0,188_seg0
188,4.0,1.55,3.3,1.55,0.4444444444444444,0.3666666666666666,data/deam/DEAM_spectrograms_shiv/188_seg1.npy,classical,0,188_seg1
188,4.0,1.55,3.3,1.55,0.4444444444444444,0.3666666666666666,data/deam/DEAM_spectrograms_shiv/188_seg2.npy,classical,0,188_seg2
189,6.5,1.63,7.1,1.58,0.7222222222222222,0.7888888888888889,data/deam/DEAM_spectrograms_shiv/189_seg0.npy,classical,0,189_seg0
189,6.5,1.63,7.1,1.58,0.7222222222222222,0.7888888888888889,data/deam/DEAM_spectrograms_shiv/189_seg1.npy,classical,0,189_seg1
189,6.5,1.63,7.1,1.58,0.7222222222222222,0.7888888888888889,data/deam/DEAM_spectrograms_shiv/189_seg2.npy,classical,0,189_seg2
190,2.8,1.83,3.1,1.3,0.3111111111111111,0.3444444444444444,data/deam/DEAM_spectrograms_shiv/190_seg0.npy,classical,0,190_seg0
190,2.8,1.83,3.1,1.3,0.3111111111111111,0.3444444444444444,data/deam/DEAM_spectrograms_shiv/190_seg1.npy,classical,0,190_seg1
190,2.8,1.83,3.1,1.3,0.3111111111111111,0.3444444444444444,data/deam/DEAM_spectrograms_shiv/190_seg2.npy,classical,0,190_seg2
191,5.1,2.02,6.3,1.9,0.5666666666666667,0.7,data/deam/DEAM_spectrograms_shiv/191_seg0.npy,classical,0,191_seg0
191,5.1,2.02,6.3,1.9,0.5666666666666667,0.7,data/deam/DEAM_spectrograms_shiv/191_seg1.npy,classical,0,191_seg1
191,5.1,2.02,6.3,1.9,0.5666666666666667,0.7,data/deam/DEAM_spectrograms_shiv/191_seg2.npy,classical,0,191_seg2
192,5.8,0.6,6.1,0.54,0.6444444444444444,0.6777777777777777,data/deam/DEAM_spectrograms_shiv/192_seg0.npy,classical,0,192_seg0
192,5.8,0.6,6.1,0.54,0.6444444444444444,0.6777777777777777,data/deam/DEAM_spectrograms_shiv/192_seg1.npy,classical,0,192_seg1
192,5.8,0.6,6.1,0.54,0.6444444444444444,0.6777777777777777,data/deam/DEAM_spectrograms_shiv/192_seg2.npy,classical,0,192_seg2
193,4.1,1.81,3.0,1.34,0.4555555555555555,0.3333333333333333,data/deam/DEAM_spectrograms_shiv/193_seg0.npy,classical,0,193_seg0
193,4.1,1.81,3.0,1.34,0.4555555555555555,0.3333333333333333,data/deam/DEAM_spectrograms_shiv/193_seg1.npy,classical,0,193_seg1
193,4.1,1.81,3.0,1.34,0.4555555555555555,0.3333333333333333,data/deam/DEAM_spectrograms_shiv/193_seg2.npy,classical,0,193_seg2
194,2.7,1.79,4.7,1.27,0.3,0.5222222222222223,data/deam/DEAM_spectrograms_shiv/194_seg0.npy,classical,0,194_seg0
194,2.7,1.79,4.7,1.27,0.3,0.5222222222222223,data/deam/DEAM_spectrograms_shiv/194_seg1.npy,classical,0,194_seg1
194,2.7,1.79,4.7,1.27,0.3,0.5222222222222223,data/deam/DEAM_spectrograms_shiv/194_seg2.npy,classical,0,194_seg2
195,4.2,1.94,2.7,0.78,0.4666666666666667,0.3,data/deam/DEAM_spectrograms_shiv/195_seg0.npy,classical,0,195_seg0
195,4.2,1.94,2.7,0.78,0.4666666666666667,0.3,data/deam/DEAM_spectrograms_shiv/195_seg1.npy,classical,0,195_seg1
195,4.2,1.94,2.7,0.78,0.4666666666666667,0.3,data/deam/DEAM_spectrograms_shiv/195_seg2.npy,classical,0,195_seg2
196,4.3,1.68,4.5,1.63,0.4777777777777777,0.5,data/deam/DEAM_spectrograms_shiv/196_seg0.npy,classical,0,196_seg0
196,4.3,1.68,4.5,1.63,0.4777777777777777,0.5,data/deam/DEAM_spectrograms_shiv/196_seg1.npy,classical,0,196_seg1
196,4.3,1.68,4.5,1.63,0.4777777777777777,0.5,data/deam/DEAM_spectrograms_shiv/196_seg2.npy,classical,0,196_seg2
197,2.2,1.4,2.8,1.33,0.2444444444444444,0.3111111111111111,data/deam/DEAM_spectrograms_shiv/197_seg0.npy,classical,0,197_seg0
197,2.2,1.4,2.8,1.33,0.2444444444444444,0.3111111111111111,data/deam/DEAM_spectrograms_shiv/197_seg1.npy,classical,0,197_seg1
197,2.2,1.4,2.8,1.33,0.2444444444444444,0.3111111111111111,data/deam/DEAM_spectrograms_shiv/197_seg2.npy,classical,0,197_seg2
198,1.9,0.7,3.3,1.79,0.2111111111111111,0.3666666666666666,data/deam/DEAM_spectrograms_shiv/198_seg0.npy,classical,0,198_seg0
198,1.9,0.7,3.3,1.79,0.2111111111111111,0.3666666666666666,data/deam/DEAM_spectrograms_shiv/198_seg1.npy,classical,0,198_seg1
198,1.9,0.7,3.3,1.79,0.2111111111111111,0.3666666666666666,data/deam/DEAM_spectrograms_shiv/198_seg2.npy,classical,0,198_seg2
199,5.3,1.49,5.7,1.27,0.5888888888888889,0.6333333333333333,data/deam/DEAM_spectrograms_shiv/199_seg0.npy,classical,0,199_seg0
199,5.3,1.49,5.7,1.27,0.5888888888888889,0.6333333333333333,data/deam/DEAM_spectrograms_shiv/199_seg1.npy,classical,0,199_seg1
199,5.3,1.49,5.7,1.27,0.5888888888888889,0.6333333333333333,data/deam/DEAM_spectrograms_shiv/199_seg2.npy,classical,0,199_seg2
201,3.7,1.49,4.8,1.54,0.4111111111111111,0.5333333333333333,data/deam/DEAM_spectrograms_shiv/201_seg0.npy,classical,0,201_seg0
201,3.7,1.49,4.8,1.54,0.4111111111111111,0.5333333333333333,data/deam/DEAM_spectrograms_shiv/201_seg1.npy,classical,0,201_seg1
201,3.7,1.49,4.8,1.54,0.4111111111111111,0.5333333333333333,data/deam/DEAM_spectrograms_shiv/201_seg2.npy,classical,0,201_seg2
202,4.6,1.36,5.2,1.4,0.5111111111111111,0.5777777777777778,data/deam/DEAM_spectrograms_shiv/202_seg0.npy,classical,0,202_seg0
202,4.6,1.36,5.2,1.4,0.5111111111111111,0.5777777777777778,data/deam/DEAM_spectrograms_shiv/202_seg1.npy,classical,0,202_seg1
202,4.6,1.36,5.2,1.4,0.5111111111111111,0.5777777777777778,data/deam/DEAM_spectrograms_shiv/202_seg2.npy,classical,0,202_seg2
203,3.5,1.96,4.8,1.66,0.3888888888888889,0.5333333333333333,data/deam/DEAM_spectrograms_shiv/203_seg0.npy,classical,0,203_seg0
203,3.5,1.96,4.8,1.66,0.3888888888888889,0.5333333333333333,data/deam/DEAM_spectrograms_shiv/203_seg1.npy,classical,0,203_seg1
203,3.5,1.96,4.8,1.66,0.3888888888888889,0.5333333333333333,data/deam/DEAM_spectrograms_shiv/203_seg2.npy,classical,0,203_seg2
204,3.6,2.01,2.2,0.98,0.4,0.2444444444444444,data/deam/DEAM_spectrograms_shiv/204_seg0.npy,classical,0,204_seg0
204,3.6,2.01,2.2,0.98,0.4,0.2444444444444444,data/deam/DEAM_spectrograms_shiv/204_seg1.npy,classical,0,204_seg1
204,3.6,2.01,2.2,0.98,0.4,0.2444444444444444,data/deam/DEAM_spectrograms_shiv/204_seg2.npy,classical,0,204_seg2
205,3.0,1.41,4.5,2.01,0.3333333333333333,0.5,data/deam/DEAM_spectrograms_shiv/205_seg0.npy,classical,0,205_seg0
205,3.0,1.41,4.5,2.01,0.3333333333333333,0.5,data/deam/DEAM_spectrograms_shiv/205_seg1.npy,classical,0,205_seg1
205,3.0,1.41,4.5,2.01,0.3333333333333333,0.5,data/deam/DEAM_spectrograms_shiv/205_seg2.npy,classical,0,205_seg2
206,2.3,0.78,2.6,1.02,0.2555555555555555,0.2888888888888889,data/deam/DEAM_spectrograms_shiv/206_seg0.npy,classical,0,206_seg0
206,2.3,0.78,2.6,1.02,0.2555555555555555,0.2888888888888889,data/deam/DEAM_spectrograms_shiv/206_seg1.npy,classical,0,206_seg1
206,2.3,0.78,2.6,1.02,0.2555555555555555,0.2888888888888889,data/deam/DEAM_spectrograms_shiv/206_seg2.npy,classical,0,206_seg2
207,4.8,2.09,4.8,2.44,0.5333333333333333,0.5333333333333333,data/deam/DEAM_spectrograms_shiv/207_seg0.npy,classical,0,207_seg0
207,4.8,2.09,4.8,2.44,0.5333333333333333,0.5333333333333333,data/deam/DEAM_spectrograms_shiv/207_seg1.npy,classical,0,207_seg1
207,4.8,2.09,4.8,2.44,0.5333333333333333,0.5333333333333333,data/deam/DEAM_spectrograms_shiv/207_seg2.npy,classical,0,207_seg2
208,4.8,2.04,6.5,1.02,0.5333333333333333,0.7222222222222222,data/deam/DEAM_spectrograms_shiv/208_seg0.npy,classical,0,208_seg0
208,4.8,2.04,6.5,1.02,0.5333333333333333,0.7222222222222222,data/deam/DEAM_spectrograms_shiv/208_seg1.npy,classical,0,208_seg1
208,4.8,2.04,6.5,1.02,0.5333333333333333,0.7222222222222222,data/deam/DEAM_spectrograms_shiv/208_seg2.npy,classical,0,208_seg2
209,3.1,0.94,4.6,1.85,0.3444444444444444,0.5111111111111111,data/deam/DEAM_spectrograms_shiv/209_seg0.npy,classical,0,209_seg0
209,3.1,0.94,4.6,1.85,0.3444444444444444,0.5111111111111111,data/deam/DEAM_spectrograms_shiv/209_seg1.npy,classical,0,209_seg1
209,3.1,0.94,4.6,1.85,0.3444444444444444,0.5111111111111111,data/deam/DEAM_spectrograms_shiv/209_seg2.npy,classical,0,209_seg2
210,4.2,2.14,5.5,2.16,0.4666666666666667,0.6111111111111112,data/deam/DEAM_spectrograms_shiv/210_seg0.npy,classical,0,210_seg0
210,4.2,2.14,5.5,2.16,0.4666666666666667,0.6111111111111112,data/deam/DEAM_spectrograms_shiv/210_seg1.npy,classical,0,210_seg1
210,4.2,2.14,5.5,2.16,0.4666666666666667,0.6111111111111112,data/deam/DEAM_spectrograms_shiv/210_seg2.npy,classical,0,210_seg2
211,3.1,1.22,4.9,0.83,0.3444444444444444,0.5444444444444445,data/deam/DEAM_spectrograms_shiv/211_seg0.npy,classical,0,211_seg0
211,3.1,1.22,4.9,0.83,0.3444444444444444,0.5444444444444445,data/deam/DEAM_spectrograms_shiv/211_seg1.npy,classical,0,211_seg1
211,3.1,1.22,4.9,0.83,0.3444444444444444,0.5444444444444445,data/deam/DEAM_spectrograms_shiv/211_seg2.npy,classical,0,211_seg2
212,4.6,1.56,5.4,1.8,0.5111111111111111,0.6000000000000001,data/deam/DEAM_spectrograms_shiv/212_seg0.npy,classical,0,212_seg0
212,4.6,1.56,5.4,1.8,0.5111111111111111,0.6000000000000001,data/deam/DEAM_spectrograms_shiv/212_seg1.npy,classical,0,212_seg1
212,4.6,1.56,5.4,1.8,0.5111111111111111,0.6000000000000001,data/deam/DEAM_spectrograms_shiv/212_seg2.npy,classical,0,212_seg2
213,2.6,1.5,2.5,1.63,0.2888888888888889,0.2777777777777778,data/deam/DEAM_spectrograms_shiv/213_seg0.npy,classical,0,213_seg0
213,2.6,1.5,2.5,1.63,0.2888888888888889,0.2777777777777778,data/deam/DEAM_spectrograms_shiv/213_seg1.npy,classical,0,213_seg1
213,2.6,1.5,2.5,1.63,0.2888888888888889,0.2777777777777778,data/deam/DEAM_spectrograms_shiv/213_seg2.npy,classical,0,213_seg2
214,3.6,1.96,4.1,1.58,0.4,0.4555555555555555,data/deam/DEAM_spectrograms_shiv/214_seg0.npy,classical,0,214_seg0
214,3.6,1.96,4.1,1.58,0.4,0.4555555555555555,data/deam/DEAM_spectrograms_shiv/214_seg1.npy,classical,0,214_seg1
214,3.6,1.96,4.1,1.58,0.4,0.4555555555555555,data/deam/DEAM_spectrograms_shiv/214_seg2.npy,classical,0,214_seg2
215,3.2,2.09,2.6,1.2,0.3555555555555555,0.2888888888888889,data/deam/DEAM_spectrograms_shiv/215_seg0.npy,classical,0,215_seg0
215,3.2,2.09,2.6,1.2,0.3555555555555555,0.2888888888888889,data/deam/DEAM_spectrograms_shiv/215_seg1.npy,classical,0,215_seg1
215,3.2,2.09,2.6,1.2,0.3555555555555555,0.2888888888888889,data/deam/DEAM_spectrograms_shiv/215_seg2.npy,classical,0,215_seg2
216,4.5,1.57,5.3,1.1,0.5,0.5888888888888889,data/deam/DEAM_spectrograms_shiv/216_seg0.npy,classical,0,216_seg0
216,4.5,1.57,5.3,1.1,0.5,0.5888888888888889,data/deam/DEAM_spectrograms_shiv/216_seg1.npy,classical,0,216_seg1
216,4.5,1.57,5.3,1.1,0.5,0.5888888888888889,data/deam/DEAM_spectrograms_shiv/216_seg2.npy,classical,0,216_seg2
217,3.5,1.57,4.8,1.6,0.3888888888888889,0.5333333333333333,data/deam/DEAM_spectrograms_shiv/217_seg0.npy,classical,0,217_seg0
217,3.5,1.57,4.8,1.6,0.3888888888888889,0.5333333333333333,data/deam/DEAM_spectrograms_shiv/217_seg1.npy,classical,0,217_seg1
217,3.5,1.57,4.8,1.6,0.3888888888888889,0.5333333333333333,data/deam/DEAM_spectrograms_shiv/217_seg2.npy,classical,0,217_seg2
218,2.9,1.37,4.0,1.48,0.3222222222222222,0.4444444444444444,data/deam/DEAM_spectrograms_shiv/218_seg0.npy,classical,0,218_seg0
218,2.9,1.37,4.0,1.48,0.3222222222222222,0.4444444444444444,data/deam/DEAM_spectrograms_shiv/218_seg1.npy,classical,0,218_seg1
218,2.9,1.37,4.0,1.48,0.3222222222222222,0.4444444444444444,data/deam/DEAM_spectrograms_shiv/218_seg2.npy,classical,0,218_seg2
219,2.4,0.8,3.8,1.47,0.2666666666666666,0.4222222222222222,data/deam/DEAM_spectrograms_shiv/219_seg0.npy,classical,0,219_seg0
219,2.4,0.8,3.8,1.47,0.2666666666666666,0.4222222222222222,data/deam/DEAM_spectrograms_shiv/219_seg1.npy,classical,0,219_seg1
219,2.4,0.8,3.8,1.47,0.2666666666666666,0.4222222222222222,data/deam/DEAM_spectrograms_shiv/219_seg2.npy,classical,0,219_seg2
220,4.1,1.51,3.4,1.02,0.4555555555555555,0.3777777777777777,data/deam/DEAM_spectrograms_shiv/220_seg0.npy,classical,0,220_seg0
220,4.1,1.51,3.4,1.02,0.4555555555555555,0.3777777777777777,data/deam/DEAM_spectrograms_shiv/220_seg1.npy,classical,0,220_seg1
220,4.1,1.51,3.4,1.02,0.4555555555555555,0.3777777777777777,data/deam/DEAM_spectrograms_shiv/220_seg2.npy,classical,0,220_seg2
221,4.3,1.55,3.4,1.8,0.4777777777777777,0.3777777777777777,data/deam/DEAM_spectrograms_shiv/221_seg0.npy,classical,0,221_seg0
221,4.3,1.55,3.4,1.8,0.4777777777777777,0.3777777777777777,data/deam/DEAM_spectrograms_shiv/221_seg1.npy,classical,0,221_seg1
221,4.3,1.55,3.4,1.8,0.4777777777777777,0.3777777777777777,data/deam/DEAM_spectrograms_shiv/221_seg2.npy,classical,0,221_seg2
222,3.8,1.33,4.3,2.37,0.4222222222222222,0.4777777777777777,data/deam/DEAM_spectrograms_shiv/222_seg0.npy,classical,0,222_seg0
222,3.8,1.33,4.3,2.37,0.4222222222222222,0.4777777777777777,data/deam/DEAM_spectrograms_shiv/222_seg1.npy,classical,0,222_seg1
222,3.8,1.33,4.3,2.37,0.4222222222222222,0.4777777777777777,data/deam/DEAM_spectrograms_shiv/222_seg2.npy,classical,0,222_seg2
223,2.2,1.08,3.5,2.16,0.2444444444444444,0.3888888888888889,data/deam/DEAM_spectrograms_shiv/223_seg0.npy,classical,0,223_seg0
223,2.2,1.08,3.5,2.16,0.2444444444444444,0.3888888888888889,data/deam/DEAM_spectrograms_shiv/223_seg1.npy,classical,0,223_seg1
223,2.2,1.08,3.5,2.16,0.2444444444444444,0.3888888888888889,data/deam/DEAM_spectrograms_shiv/223_seg2.npy,classical,0,223_seg2
224,5.5,1.5,5.7,1.79,0.6111111111111112,0.6333333333333333,data/deam/DEAM_spectrograms_shiv/224_seg0.npy,classical,0,224_seg0
224,5.5,1.5,5.7,1.79,0.6111111111111112,0.6333333333333333,data/deam/DEAM_spectrograms_shiv/224_seg1.npy,classical,0,224_seg1
224,5.5,1.5,5.7,1.79,0.6111111111111112,0.6333333333333333,data/deam/DEAM_spectrograms_shiv/224_seg2.npy,classical,0,224_seg2
225,3.7,1.85,4.2,1.6,0.4111111111111111,0.4666666666666667,data/deam/DEAM_spectrograms_shiv/225_seg0.npy,classical,0,225_seg0
225,3.7,1.85,4.2,1.6,0.4111111111111111,0.4666666666666667,data/deam/DEAM_spectrograms_shiv/225_seg1.npy,classical,0,225_seg1
225,3.7,1.85,4.2,1.6,0.4111111111111111,0.4666666666666667,data/deam/DEAM_spectrograms_shiv/225_seg2.npy,classical,0,225_seg2
226,4.9,1.7,5.0,1.55,0.5444444444444445,0.5555555555555556,data/deam/DEAM_spectrograms_shiv/226_seg0.npy,classical,0,226_seg0
226,4.9,1.7,5.0,1.55,0.5444444444444445,0.5555555555555556,data/deam/DEAM_spectrograms_shiv/226_seg1.npy,classical,0,226_seg1
226,4.9,1.7,5.0,1.55,0.5444444444444445,0.5555555555555556,data/deam/DEAM_spectrograms_shiv/226_seg2.npy,classical,0,226_seg2
227,3.1,1.14,3.5,1.5,0.3444444444444444,0.3888888888888889,data/deam/DEAM_spectrograms_shiv/227_seg0.npy,classical,0,227_seg0
227,3.1,1.14,3.5,1.5,0.3444444444444444,0.3888888888888889,data/deam/DEAM_spectrograms_shiv/227_seg1.npy,classical,0,227_seg1
227,3.1,1.14,3.5,1.5,0.3444444444444444,0.3888888888888889,data/deam/DEAM_spectrograms_shiv/227_seg2.npy,classical,0,227_seg2
228,3.5,1.63,4.0,1.26,0.3888888888888889,0.4444444444444444,data/deam/DEAM_spectrograms_shiv/228_seg0.npy,classical,0,228_seg0
228,3.5,1.63,4.0,1.26,0.3888888888888889,0.4444444444444444,data/deam/DEAM_spectrograms_shiv/228_seg1.npy,classical,0,228_seg1
228,3.5,1.63,4.0,1.26,0.3888888888888889,0.4444444444444444,data/deam/DEAM_spectrograms_shiv/228_seg2.npy,classical,0,228_seg2
229,4.8,1.6,4.8,1.47,0.5333333333333333,0.5333333333333333,data/deam/DEAM_spectrograms_shiv/229_seg0.npy,classical,0,229_seg0
229,4.8,1.6,4.8,1.47,0.5333333333333333,0.5333333333333333,data/deam/DEAM_spectrograms_shiv/229_seg1.npy,classical,0,229_seg1
229,4.8,1.6,4.8,1.47,0.5333333333333333,0.5333333333333333,data/deam/DEAM_spectrograms_shiv/229_seg2.npy,classical,0,229_seg2
231,4.1,1.45,5.6,1.69,0.4555555555555555,0.6222222222222222,data/deam/DEAM_spectrograms_shiv/231_seg0.npy,classical,0,231_seg0
231,4.1,1.45,5.6,1.69,0.4555555555555555,0.6222222222222222,data/deam/DEAM_spectrograms_shiv/231_seg1.npy,classical,0,231_seg1
231,4.1,1.45,5.6,1.69,0.4555555555555555,0.6222222222222222,data/deam/DEAM_spectrograms_shiv/231_seg2.npy,classical,0,231_seg2
232,2.5,1.75,2.7,1.0,0.2777777777777778,0.3,data/deam/DEAM_spectrograms_shiv/232_seg0.npy,classical,0,232_seg0
232,2.5,1.75,2.7,1.0,0.2777777777777778,0.3,data/deam/DEAM_spectrograms_shiv/232_seg1.npy,classical,0,232_seg1
232,2.5,1.75,2.7,1.0,0.2777777777777778,0.3,data/deam/DEAM_spectrograms_shiv/232_seg2.npy,classical,0,232_seg2
233,4.7,1.49,4.5,1.8,0.5222222222222223,0.5,data/deam/DEAM_spectrograms_shiv/233_seg0.npy,classical,0,233_seg0
233,4.7,1.49,4.5,1.8,0.5222222222222223,0.5,data/deam/DEAM_spectrograms_shiv/233_seg1.npy,classical,0,233_seg1
233,4.7,1.49,4.5,1.8,0.5222222222222223,0.5,data/deam/DEAM_spectrograms_shiv/233_seg2.npy,classical,0,233_seg2
234,3.5,2.38,3.9,1.45,0.3888888888888889,0.4333333333333333,data/deam/DEAM_spectrograms_shiv/234_seg0.npy,classical,0,234_seg0
234,3.5,2.38,3.9,1.45,0.3888888888888889,0.4333333333333333,data/deam/DEAM_spectrograms_shiv/234_seg1.npy,classical,0,234_seg1
234,3.5,2.38,3.9,1.45,0.3888888888888889,0.4333333333333333,data/deam/DEAM_spectrograms_shiv/234_seg2.npy,classical,0,234_seg2
235,3.0,1.1,3.7,1.35,0.3333333333333333,0.4111111111111111,data/deam/DEAM_spectrograms_shiv/235_seg0.npy,classical,0,235_seg0
235,3.0,1.1,3.7,1.35,0.3333333333333333,0.4111111111111111,data/deam/DEAM_spectrograms_shiv/235_seg1.npy,classical,0,235_seg1
235,3.0,1.1,3.7,1.35,0.3333333333333333,0.4111111111111111,data/deam/DEAM_spectrograms_shiv/235_seg2.npy,classical,0,235_seg2
236,2.5,1.5,2.4,1.2,0.2777777777777778,0.2666666666666666,data/deam/DEAM_spectrograms_shiv/236_seg0.npy,classical,0,236_seg0
236,2.5,1.5,2.4,1.2,0.2777777777777778,0.2666666666666666,data/deam/DEAM_spectrograms_shiv/236_seg1.npy,classical,0,236_seg1
236,2.5,1.5,2.4,1.2,0.2777777777777778,0.2666666666666666,data/deam/DEAM_spectrograms_shiv/236_seg2.npy,classical,0,236_seg2
237,4.2,2.09,3.9,1.3,0.4666666666666667,0.4333333333333333,data/deam/DEAM_spectrograms_shiv/237_seg0.npy,classical,0,237_seg0
237,4.2,2.09,3.9,1.3,0.4666666666666667,0.4333333333333333,data/deam/DEAM_spectrograms_shiv/237_seg1.npy,classical,0,237_seg1
237,4.2,2.09,3.9,1.3,0.4666666666666667,0.4333333333333333,data/deam/DEAM_spectrograms_shiv/237_seg2.npy,classical,0,237_seg2
238,3.0,1.95,4.6,1.8,0.3333333333333333,0.5111111111111111,data/deam/DEAM_spectrograms_shiv/238_seg0.npy,classical,0,238_seg0
238,3.0,1.95,4.6,1.8,0.3333333333333333,0.5111111111111111,data/deam/DEAM_spectrograms_shiv/238_seg1.npy,classical,0,238_seg1
238,3.0,1.95,4.6,1.8,0.3333333333333333,0.5111111111111111,data/deam/DEAM_spectrograms_shiv/238_seg2.npy,classical,0,238_seg2
239,2.3,1.9,3.3,1.55,0.2555555555555555,0.3666666666666666,data/deam/DEAM_spectrograms_shiv/239_seg0.npy,classical,0,239_seg0
239,2.3,1.9,3.3,1.55,0.2555555555555555,0.3666666666666666,data/deam/DEAM_spectrograms_shiv/239_seg1.npy,classical,0,239_seg1
239,2.3,1.9,3.3,1.55,0.2555555555555555,0.3666666666666666,data/deam/DEAM_spectrograms_shiv/239_seg2.npy,classical,0,239_seg2
240,6.4,1.36,6.6,1.02,0.7111111111111111,0.7333333333333333,data/deam/DEAM_spectrograms_shiv/240_seg0.npy,classical,0,240_seg0
240,6.4,1.36,6.6,1.02,0.7111111111111111,0.7333333333333333,data/deam/DEAM_spectrograms_shiv/240_seg1.npy,classical,0,240_seg1
240,6.4,1.36,6.6,1.02,0.7111111111111111,0.7333333333333333,data/deam/DEAM_spectrograms_shiv/240_seg2.npy,classical,0,240_seg2
241,4.1,2.12,4.6,1.36,0.4555555555555555,0.5111111111111111,data/deam/DEAM_spectrograms_shiv/241_seg0.npy,classical,0,241_seg0
241,4.1,2.12,4.6,1.36,0.4555555555555555,0.5111111111111111,data/deam/DEAM_spectrograms_shiv/241_seg1.npy,classical,0,241_seg1
241,4.1,2.12,4.6,1.36,0.4555555555555555,0.5111111111111111,data/deam/DEAM_spectrograms_shiv/241_seg2.npy,classical,0,241_seg2
242,3.5,1.75,4.7,1.55,0.3888888888888889,0.5222222222222223,data/deam/DEAM_spectrograms_shiv/242_seg0.npy,classical,0,242_seg0
242,3.5,1.75,4.7,1.55,0.3888888888888889,0.5222222222222223,data/deam/DEAM_spectrograms_shiv/242_seg1.npy,classical,0,242_seg1
242,3.5,1.75,4.7,1.55,0.3888888888888889,0.5222222222222223,data/deam/DEAM_spectrograms_shiv/242_seg2.npy,classical,0,242_seg2
243,7.2,1.4,4.1,2.17,0.8,0.4555555555555555,data/deam/DEAM_spectrograms_shiv/243_seg0.npy,classical,0,243_seg0
243,7.2,1.4,4.1,2.17,0.8,0.4555555555555555,data/deam/DEAM_spectrograms_shiv/243_seg1.npy,classical,0,243_seg1
243,7.2,1.4,4.1,2.17,0.8,0.4555555555555555,data/deam/DEAM_spectrograms_shiv/243_seg2.npy,classical,0,243_seg2
244,4.3,1.35,4.2,1.66,0.4777777777777777,0.4666666666666667,data/deam/DEAM_spectrograms_shiv/244_seg0.npy,classical,0,244_seg0
244,4.3,1.35,4.2,1.66,0.4777777777777777,0.4666666666666667,data/deam/DEAM_spectrograms_shiv/244_seg1.npy,classical,0,244_seg1
244,4.3,1.35,4.2,1.66,0.4777777777777777,0.4666666666666667,data/deam/DEAM_spectrograms_shiv/244_seg2.npy,classical,0,244_seg2
245,4.2,1.99,6.1,1.58,0.4666666666666667,0.6777777777777777,data/deam/DEAM_spectrograms_shiv/245_seg0.npy,classical,0,245_seg0
245,4.2,1.99,6.1,1.58,0.4666666666666667,0.6777777777777777,data/deam/DEAM_spectrograms_shiv/245_seg1.npy,classical,0,245_seg1
245,4.2,1.99,6.1,1.58,0.4666666666666667,0.6777777777777777,data/deam/DEAM_spectrograms_shiv/245_seg2.npy,classical,0,245_seg2
246,4.9,2.66,3.2,2.04,0.5444444444444445,0.3555555555555555,data/deam/DEAM_spectrograms_shiv/246_seg0.npy,classical,0,246_seg0
246,4.9,2.66,3.2,2.04,0.5444444444444445,0.3555555555555555,data/deam/DEAM_spectrograms_shiv/246_seg1.npy,classical,0,246_seg1
246,4.9,2.66,3.2,2.04,0.5444444444444445,0.3555555555555555,data/deam/DEAM_spectrograms_shiv/246_seg2.npy,classical,0,246_seg2
247,3.9,1.22,4.5,1.28,0.4333333333333333,0.5,data/deam/DEAM_spectrograms_shiv/247_seg0.npy,classical,0,247_seg0
247,3.9,1.22,4.5,1.28,0.4333333333333333,0.5,data/deam/DEAM_spectrograms_shiv/247_seg1.npy,classical,0,247_seg1
247,3.9,1.22,4.5,1.28,0.4333333333333333,0.5,data/deam/DEAM_spectrograms_shiv/247_seg2.npy,classical,0,247_seg2
248,3.4,1.56,3.7,1.0,0.3777777777777777,0.4111111111111111,data/deam/DEAM_spectrograms_shiv/248_seg0.npy,classical,0,248_seg0
248,3.4,1.56,3.7,1.0,0.3777777777777777,0.4111111111111111,data/deam/DEAM_spectrograms_shiv/248_seg1.npy,classical,0,248_seg1
248,3.4,1.56,3.7,1.0,0.3777777777777777,0.4111111111111111,data/deam/DEAM_spectrograms_shiv/248_seg2.npy,classical,0,248_seg2
250,3.4,2.06,3.6,1.36,0.3777777777777777,0.4,data/deam/DEAM_spectrograms_shiv/250_seg0.npy,classical,0,250_seg0
250,3.4,2.06,3.6,1.36,0.3777777777777777,0.4,data/deam/DEAM_spectrograms_shiv/250_seg1.npy,classical,0,250_seg1
250,3.4,2.06,3.6,1.36,0.3777777777777777,0.4,data/deam/DEAM_spectrograms_shiv/250_seg2.npy,classical,0,250_seg2
253,6.6,1.56,2.5,0.81,0.7333333333333333,0.2777777777777778,data/deam/DEAM_spectrograms_shiv/253_seg0.npy,country,1,253_seg0
253,6.6,1.56,2.5,0.81,0.7333333333333333,0.2777777777777778,data/deam/DEAM_spectrograms_shiv/253_seg1.npy,country,1,253_seg1
253,6.6,1.56,2.5,0.81,0.7333333333333333,0.2777777777777778,data/deam/DEAM_spectrograms_shiv/253_seg2.npy,country,1,253_seg2
254,5.3,2.28,7.4,1.11,0.5888888888888889,0.8222222222222223,data/deam/DEAM_spectrograms_shiv/254_seg0.npy,country,1,254_seg0
254,5.3,2.28,7.4,1.11,0.5888888888888889,0.8222222222222223,data/deam/DEAM_spectrograms_shiv/254_seg1.npy,country,1,254_seg1
254,5.3,2.28,7.4,1.11,0.5888888888888889,0.8222222222222223,data/deam/DEAM_spectrograms_shiv/254_seg2.npy,country,1,254_seg2
257,7.6,1.5,6.9,1.7,0.8444444444444444,0.7666666666666667,data/deam/DEAM_spectrograms_shiv/257_seg0.npy,country,1,257_seg0
257,7.6,1.5,6.9,1.7,0.8444444444444444,0.7666666666666667,data/deam/DEAM_spectrograms_shiv/257_seg1.npy,country,1,257_seg1
257,7.6,1.5,6.9,1.7,0.8444444444444444,0.7666666666666667,data/deam/DEAM_spectrograms_shiv/257_seg2.npy,country,1,257_seg2
258,4.3,1.35,4.3,1.35,0.4777777777777777,0.4777777777777777,data/deam/DEAM_spectrograms_shiv/258_seg0.npy,country,1,258_seg0
258,4.3,1.35,4.3,1.35,0.4777777777777777,0.4777777777777777,data/deam/DEAM_spectrograms_shiv/258_seg1.npy,country,1,258_seg1
258,4.3,1.35,4.3,1.35,0.4777777777777777,0.4777777777777777,data/deam/DEAM_spectrograms_shiv/258_seg2.npy,country,1,258_seg2
260,5.3,1.42,3.6,1.62,0.5888888888888889,0.4,data/deam/DEAM_spectrograms_shiv/260_seg0.npy,country,1,260_seg0
260,5.3,1.42,3.6,1.62,0.5888888888888889,0.4,data/deam/DEAM_spectrograms_shiv/260_seg1.npy,country,1,260_seg1
260,5.3,1.42,3.6,1.62,0.5888888888888889,0.4,data/deam/DEAM_spectrograms_shiv/260_seg2.npy,country,1,260_seg2
262,5.6,1.5,6.9,0.94,0.6222222222222222,0.7666666666666667,data/deam/DEAM_spectrograms_shiv/262_seg0.npy,country,1,262_seg0
262,5.6,1.5,6.9,0.94,0.6222222222222222,0.7666666666666667,data/deam/DEAM_spectrograms_shiv/262_seg1.npy,country,1,262_seg1
262,5.6,1.5,6.9,0.94,0.6222222222222222,0.7666666666666667,data/deam/DEAM_spectrograms_shiv/262_seg2.npy,country,1,262_seg2
264,5.3,1.27,5.5,1.5,0.5888888888888889,0.6111111111111112,data/deam/DEAM_spectrograms_shiv/264_seg0.npy,country,1,264_seg0
264,5.3,1.27,5.5,1.5,0.5888888888888889,0.6111111111111112,data/deam/DEAM_spectrograms_shiv/264_seg1.npy,country,1,264_seg1
264,5.3,1.27,5.5,1.5,0.5888888888888889,0.6111111111111112,data/deam/DEAM_spectrograms_shiv/264_seg2.npy,country,1,264_seg2
265,4.5,1.69,6.4,0.66,0.5,0.7111111111111111,data/deam/DEAM_spectrograms_shiv/265_seg0.npy,country,1,265_seg0
265,4.5,1.69,6.4,0.66,0.5,0.7111111111111111,data/deam/DEAM_spectrograms_shiv/265_seg1.npy,country,1,265_seg1
265,4.5,1.69,6.4,0.66,0.5,0.7111111111111111,data/deam/DEAM_spectrograms_shiv/265_seg2.npy,country,1,265_seg2
266,3.6,1.5,4.8,1.94,0.4,0.5333333333333333,data/deam/DEAM_spectrograms_shiv/266_seg0.npy,country,1,266_seg0
266,3.6,1.5,4.8,1.94,0.4,0.5333333333333333,data/deam/DEAM_spectrograms_shiv/266_seg1.npy,country,1,266_seg1
266,3.6,1.5,4.8,1.94,0.4,0.5333333333333333,data/deam/DEAM_spectrograms_shiv/266_seg2.npy,country,1,266_seg2
269,4.3,1.73,4.8,1.94,0.4777777777777777,0.5333333333333333,data/deam/DEAM_spectrograms_shiv/269_seg0.npy,country,1,269_seg0
269,4.3,1.73,4.8,1.94,0.4777777777777777,0.5333333333333333,data/deam/DEAM_spectrograms_shiv/269_seg1.npy,country,1,269_seg1
269,4.3,1.73,4.8,1.94,0.4777777777777777,0.5333333333333333,data/deam/DEAM_spectrograms_shiv/269_seg2.npy,country,1,269_seg2
270,6.1,1.64,7.1,1.64,0.6777777777777777,0.7888888888888889,data/deam/DEAM_spectrograms_shiv/270_seg0.npy,country,1,270_seg0
270,6.1,1.64,7.1,1.64,0.6777777777777777,0.7888888888888889,data/deam/DEAM_spectrograms_shiv/270_seg1.npy,country,1,270_seg1
270,6.1,1.64,7.1,1.64,0.6777777777777777,0.7888888888888889,data/deam/DEAM_spectrograms_shiv/270_seg2.npy,country,1,270_seg2
272,5.9,1.81,6.4,1.85,0.6555555555555556,0.7111111111111111,data/deam/DEAM_spectrograms_shiv/272_seg0.npy,country,1,272_seg0
272,5.9,1.81,6.4,1.85,0.6555555555555556,0.7111111111111111,data/deam/DEAM_spectrograms_shiv/272_seg1.npy,country,1,272_seg1
272,5.9,1.81,6.4,1.85,0.6555555555555556,0.7111111111111111,data/deam/DEAM_spectrograms_shiv/272_seg2.npy,country,1,272_seg2
273,5.4,1.74,7.2,0.87,0.6000000000000001,0.8,data/deam/DEAM_spectrograms_shiv/273_seg0.npy,country,1,273_seg0
273,5.4,1.74,7.2,0.87,0.6000000000000001,0.8,data/deam/DEAM_spectrograms_shiv/273_seg1.npy,country,1,273_seg1
273,5.4,1.74,7.2,0.87,0.6000000000000001,0.8,data/deam/DEAM_spectrograms_shiv/273_seg2.npy,country,1,273_seg2
274,7.7,0.9,6.0,2.0,0.8555555555555556,0.6666666666666666,data/deam/DEAM_spectrograms_shiv/274_seg0.npy,country,1,274_seg0
274,7.7,0.9,6.0,2.0,0.8555555555555556,0.6666666666666666,data/deam/DEAM_spectrograms_shiv/274_seg1.npy,country,1,274_seg1
274,7.7,0.9,6.0,2.0,0.8555555555555556,0.6666666666666666,data/deam/DEAM_spectrograms_shiv/274_seg2.npy,country,1,274_seg2
275,5.3,1.42,5.5,1.02,0.5888888888888889,0.6111111111111112,data/deam/DEAM_spectrograms_shiv/275_seg0.npy,country,1,275_seg0
275,5.3,1.42,5.5,1.02,0.5888888888888889,0.6111111111111112,data/deam/DEAM_spectrograms_shiv/275_seg1.npy,country,1,275_seg1
275,5.3,1.42,5.5,1.02,0.5888888888888889,0.6111111111111112,data/deam/DEAM_spectrograms_shiv/275_seg2.npy,country,1,275_seg2
276,6.1,1.51,5.3,1.68,0.6777777777777777,0.5888888888888889,data/deam/DEAM_spectrograms_shiv/276_seg0.npy,country,1,276_seg0
276,6.1,1.51,5.3,1.68,0.6777777777777777,0.5888888888888889,data/deam/DEAM_spectrograms_shiv/276_seg1.npy,country,1,276_seg1
276,6.1,1.51,5.3,1.68,0.6777777777777777,0.5888888888888889,data/deam/DEAM_spectrograms_shiv/276_seg2.npy,country,1,276_seg2
278,5.5,2.06,5.1,1.64,0.6111111111111112,0.5666666666666667,data/deam/DEAM_spectrograms_shiv/278_seg0.npy,country,1,278_seg0
278,5.5,2.06,5.1,1.64,0.6111111111111112,0.5666666666666667,data/deam/DEAM_spectrograms_shiv/278_seg1.npy,country,1,278_seg1
278,5.5,2.06,5.1,1.64,0.6111111111111112,0.5666666666666667,data/deam/DEAM_spectrograms_shiv/278_seg2.npy,country,1,278_seg2
279,3.6,1.2,4.7,1.42,0.4,0.5222222222222223,data/deam/DEAM_spectrograms_shiv/279_seg0.npy,country,1,279_seg0
279,3.6,1.2,4.7,1.42,0.4,0.5222222222222223,data/deam/DEAM_spectrograms_shiv/279_seg1.npy,country,1,279_seg1
279,3.6,1.2,4.7,1.42,0.4,0.5222222222222223,data/deam/DEAM_spectrograms_shiv/279_seg2.npy,country,1,279_seg2
280,4.2,1.66,3.3,1.1,0.4666666666666667,0.3666666666666666,data/deam/DEAM_spectrograms_shiv/280_seg0.npy,country,1,280_seg0
280,4.2,1.66,3.3,1.1,0.4666666666666667,0.3666666666666666,data/deam/DEAM_spectrograms_shiv/280_seg1.npy,country,1,280_seg1
280,4.2,1.66,3.3,1.1,0.4666666666666667,0.3666666666666666,data/deam/DEAM_spectrograms_shiv/280_seg2.npy,country,1,280_seg2
281,5.4,2.29,7.0,1.18,0.6000000000000001,0.7777777777777778,data/deam/DEAM_spectrograms_shiv/281_seg0.npy,country,1,281_seg0
281,5.4,2.29,7.0,1.18,0.6000000000000001,0.7777777777777778,data/deam/DEAM_spectrograms_shiv/281_seg1.npy,country,1,281_seg1
281,5.4,2.29,7.0,1.18,0.6000000000000001,0.7777777777777778,data/deam/DEAM_spectrograms_shiv/281_seg2.npy,country,1,281_seg2
282,3.2,1.66,4.2,0.75,0.3555555555555555,0.4666666666666667,data/deam/DEAM_spectrograms_shiv/282_seg0.npy,country,1,282_seg0
282,3.2,1.66,4.2,0.75,0.3555555555555555,0.4666666666666667,data/deam/DEAM_spectrograms_shiv/282_seg1.npy,country,1,282_seg1
282,3.2,1.66,4.2,0.75,0.3555555555555555,0.4666666666666667,data/deam/DEAM_spectrograms_shiv/282_seg2.npy,country,1,282_seg2
284,4.4,1.5,5.2,1.17,0.4888888888888889,0.5777777777777778,data/deam/DEAM_spectrograms_shiv/284_seg0.npy,country,1,284_seg0
284,4.4,1.5,5.2,1.17,0.4888888888888889,0.5777777777777778,data/deam/DEAM_spectrograms_shiv/284_seg1.npy,country,1,284_seg1
284,4.4,1.5,5.2,1.17,0.4888888888888889,0.5777777777777778,data/deam/DEAM_spectrograms_shiv/284_seg2.npy,country,1,284_seg2
285,3.5,1.02,5.1,1.37,0.3888888888888889,0.5666666666666667,data/deam/DEAM_spectrograms_shiv/285_seg0.npy,country,1,285_seg0
285,3.5,1.02,5.1,1.37,0.3888888888888889,0.5666666666666667,data/deam/DEAM_spectrograms_shiv/285_seg1.npy,country,1,285_seg1
285,3.5,1.02,5.1,1.37,0.3888888888888889,0.5666666666666667,data/deam/DEAM_spectrograms_shiv/285_seg2.npy,country,1,285_seg2
286,5.7,1.95,6.9,1.87,0.6333333333333333,0.7666666666666667,data/deam/DEAM_spectrograms_shiv/286_seg0.npy,country,1,286_seg0
286,5.7,1.95,6.9,1.87,0.6333333333333333,0.7666666666666667,data/deam/DEAM_spectrograms_shiv/286_seg1.npy,country,1,286_seg1
286,5.7,1.95,6.9,1.87,0.6333333333333333,0.7666666666666667,data/deam/DEAM_spectrograms_shiv/286_seg2.npy,country,1,286_seg2
288,3.5,1.86,5.2,1.78,0.3888888888888889,0.5777777777777778,data/deam/DEAM_spectrograms_shiv/288_seg0.npy,country,1,288_seg0
288,3.5,1.86,5.2,1.78,0.3888888888888889,0.5777777777777778,data/deam/DEAM_spectrograms_shiv/288_seg1.npy,country,1,288_seg1
288,3.5,1.86,5.2,1.78,0.3888888888888889,0.5777777777777778,data/deam/DEAM_spectrograms_shiv/288_seg2.npy,country,1,288_seg2
289,5.7,1.9,6.7,1.0,0.6333333333333333,0.7444444444444445,data/deam/DEAM_spectrograms_shiv/289_seg0.npy,country,1,289_seg0
289,5.7,1.9,6.7,1.0,0.6333333333333333,0.7444444444444445,data/deam/DEAM_spectrograms_shiv/289_seg1.npy,country,1,289_seg1
289,5.7,1.9,6.7,1.0,0.6333333333333333,0.7444444444444445,data/deam/DEAM_spectrograms_shiv/289_seg2.npy,country,1,289_seg2
290,2.1,0.83,3.9,1.58,0.2333333333333333,0.4333333333333333,data/deam/DEAM_spectrograms_shiv/290_seg0.npy,country,1,290_seg0
290,2.1,0.83,3.9,1.58,0.2333333333333333,0.4333333333333333,data/deam/DEAM_spectrograms_shiv/290_seg1.npy,country,1,290_seg1
290,2.1,0.83,3.9,1.58,0.2333333333333333,0.4333333333333333,data/deam/DEAM_spectrograms_shiv/290_seg2.npy,country,1,290_seg2
292,7.3,1.0,7.4,0.92,0.8111111111111111,0.8222222222222223,data/deam/DEAM_spectrograms_shiv/292_seg0.npy,country,1,292_seg0
292,7.3,1.0,7.4,0.92,0.8111111111111111,0.8222222222222223,data/deam/DEAM_spectrograms_shiv/292_seg1.npy,country,1,292_seg1
292,7.3,1.0,7.4,0.92,0.8111111111111111,0.8222222222222223,data/deam/DEAM_spectrograms_shiv/292_seg2.npy,country,1,292_seg2
293,6.3,1.62,4.2,1.94,0.7,0.4666666666666667,data/deam/DEAM_spectrograms_shiv/293_seg0.npy,country,1,293_seg0
293,6.3,1.62,4.2,1.94,0.7,0.4666666666666667,data/deam/DEAM_spectrograms_shiv/293_seg1.npy,country,1,293_seg1
293,6.3,1.62,4.2,1.94,0.7,0.4666666666666667,data/deam/DEAM_spectrograms_shiv/293_seg2.npy,country,1,293_seg2
294,5.5,2.11,6.5,1.91,0.6111111111111112,0.7222222222222222,data/deam/DEAM_spectrograms_shiv/294_seg0.npy,country,1,294_seg0
294,5.5,2.11,6.5,1.91,0.6111111111111112,0.7222222222222222,data/deam/DEAM_spectrograms_shiv/294_seg1.npy,country,1,294_seg1
294,5.5,2.11,6.5,1.91,0.6111111111111112,0.7222222222222222,data/deam/DEAM_spectrograms_shiv/294_seg2.npy,country,1,294_seg2
296,5.9,0.94,5.7,1.27,0.6555555555555556,0.6333333333333333,data/deam/DEAM_spectrograms_shiv/296_seg0.npy,country,1,296_seg0
296,5.9,0.94,5.7,1.27,0.6555555555555556,0.6333333333333333,data/deam/DEAM_spectrograms_shiv/296_seg1.npy,country,1,296_seg1
296,5.9,0.94,5.7,1.27,0.6555555555555556,0.6333333333333333,data/deam/DEAM_spectrograms_shiv/296_seg2.npy,country,1,296_seg2
297,3.1,1.3,3.6,1.36,0.3444444444444444,0.4,data/deam/DEAM_spectrograms_shiv/297_seg0.npy,country,1,297_seg0
297,3.1,1.3,3.6,1.36,0.3444444444444444,0.4,data/deam/DEAM_spectrograms_shiv/297_seg1.npy,country,1,297_seg1
297,3.1,1.3,3.6,1.36,0.3444444444444444,0.4,data/deam/DEAM_spectrograms_shiv/297_seg2.npy,country,1,297_seg2
298,4.0,1.73,5.4,1.69,0.4444444444444444,0.6000000000000001,data/deam/DEAM_spectrograms_shiv/298_seg0.npy,country,1,298_seg0
298,4.0,1.73,5.4,1.69,0.4444444444444444,0.6000000000000001,data/deam/DEAM_spectrograms_shiv/298_seg1.npy,country,1,298_seg1
298,4.0,1.73,5.4,1.69,0.4444444444444444,0.6000000000000001,data/deam/DEAM_spectrograms_shiv/298_seg2.npy,country,1,298_seg2
299,2.8,1.89,4.3,1.27,0.3111111111111111,0.4777777777777777,data/deam/DEAM_spectrograms_shiv/299_seg0.npy,country,1,299_seg0
299,2.8,1.89,4.3,1.27,0.3111111111111111,0.4777777777777777,data/deam/DEAM_spectrograms_shiv/299_seg1.npy,country,1,299_seg1
299,2.8,1.89,4.3,1.27,0.3111111111111111,0.4777777777777777,data/deam/DEAM_spectrograms_shiv/299_seg2.npy,country,1,299_seg2
300,6.8,1.08,4.5,1.86,0.7555555555555555,0.5,data/deam/DEAM_spectrograms_shiv/300_seg0.npy,country,1,300_seg0
300,6.8,1.08,4.5,1.86,0.7555555555555555,0.5,data/deam/DEAM_spectrograms_shiv/300_seg1.npy,country,1,300_seg1
300,6.8,1.08,4.5,1.86,0.7555555555555555,0.5,data/deam/DEAM_spectrograms_shiv/300_seg2.npy,country,1,300_seg2
301,3.2,1.47,3.7,1.73,0.3555555555555555,0.4111111111111111,data/deam/DEAM_spectrograms_shiv/301_seg0.npy,country,1,301_seg0
301,3.2,1.47,3.7,1.73,0.3555555555555555,0.4111111111111111,data/deam/DEAM_spectrograms_shiv/301_seg1.npy,country,1,301_seg1
301,3.2,1.47,3.7,1.73,0.3555555555555555,0.4111111111111111,data/deam/DEAM_spectrograms_shiv/301_seg2.npy,country,1,301_seg2
302,6.6,2.2,7.0,1.48,0.7333333333333333,0.7777777777777778,data/deam/DEAM_spectrograms_shiv/302_seg0.npy,country,1,302_seg0
302,6.6,2.2,7.0,1.48,0.7333333333333333,0.7777777777777778,data/deam/DEAM_spectrograms_shiv/302_seg1.npy,country,1,302_seg1
302,6.6,2.2,7.0,1.48,0.7333333333333333,0.7777777777777778,data/deam/DEAM_spectrograms_shiv/302_seg2.npy,country,1,302_seg2
303,7.0,1.1,6.4,1.74,0.7777777777777778,0.7111111111111111,data/deam/DEAM_spectrograms_shiv/303_seg0.npy,country,1,303_seg0
303,7.0,1.1,6.4,1.74,0.7777777777777778,0.7111111111111111,data/deam/DEAM_spectrograms_shiv/303_seg1.npy,country,1,303_seg1
303,7.0,1.1,6.4,1.74,0.7777777777777778,0.7111111111111111,data/deam/DEAM_spectrograms_shiv/303_seg2.npy,country,1,303_seg2
304,3.8,1.78,4.6,1.69,0.4222222222222222,0.5111111111111111,data/deam/DEAM_spectrograms_shiv/304_seg0.npy,country,1,304_seg0
304,3.8,1.78,4.6,1.69,0.4222222222222222,0.5111111111111111,data/deam/DEAM_spectrograms_shiv/304_seg1.npy,country,1,304_seg1
304,3.8,1.78,4.6,1.69,0.4222222222222222,0.5111111111111111,data/deam/DEAM_spectrograms_shiv/304_seg2.npy,country,1,304_seg2
305,6.4,1.11,6.8,0.98,0.7111111111111111,0.7555555555555555,data/deam/DEAM_spectrograms_shiv/305_seg0.npy,country,1,305_seg0
305,6.4,1.11,6.8,0.98,0.7111111111111111,0.7555555555555555,data/deam/DEAM_spectrograms_shiv/305_seg1.npy,country,1,305_seg1
305,6.4,1.11,6.8,0.98,0.7111111111111111,0.7555555555555555,data/deam/DEAM_spectrograms_shiv/305_seg2.npy,country,1,305_seg2
306,5.7,2.19,6.7,1.73,0.6333333333333333,0.7444444444444445,data/deam/DEAM_spectrograms_shiv/306_seg0.npy,country,1,306_seg0
306,5.7,2.19,6.7,1.73,0.6333333333333333,0.7444444444444445,data/deam/DEAM_spectrograms_shiv/306_seg1.npy,country,1,306_seg1
306,5.7,2.19,6.7,1.73,0.6333333333333333,0.7444444444444445,data/deam/DEAM_spectrograms_shiv/306_seg2.npy,country,1,306_seg2
307,6.1,1.04,6.8,1.4,0.6777777777777777,0.7555555555555555,data/deam/DEAM_spectrograms_shiv/307_seg0.npy,country,1,307_seg0
307,6.1,1.04,6.8,1.4,0.6777777777777777,0.7555555555555555,data/deam/DEAM_spectrograms_shiv/307_seg1.npy,country,1,307_seg1
307,6.1,1.04,6.8,1.4,0.6777777777777777,0.7555555555555555,data/deam/DEAM_spectrograms_shiv/307_seg2.npy,country,1,307_seg2
308,4.3,1.68,6.6,0.92,0.4777777777777777,0.7333333333333333,data/deam/DEAM_spectrograms_shiv/308_seg0.npy,country,1,308_seg0
308,4.3,1.68,6.6,0.92,0.4777777777777777,0.7333333333333333,data/deam/DEAM_spectrograms_shiv/308_seg1.npy,country,1,308_seg1
308,4.3,1.68,6.6,0.92,0.4777777777777777,0.7333333333333333,data/deam/DEAM_spectrograms_shiv/308_seg2.npy,country,1,308_seg2
309,5.3,1.68,5.8,1.78,0.5888888888888889,0.6444444444444444,data/deam/DEAM_spectrograms_shiv/309_seg0.npy,country,1,309_seg0
309,5.3,1.68,5.8,1.78,0.5888888888888889,0.6444444444444444,data/deam/DEAM_spectrograms_shiv/309_seg1.npy,country,1,309_seg1
309,5.3,1.68,5.8,1.78,0.5888888888888889,0.6444444444444444,data/deam/DEAM_spectrograms_shiv/309_seg2.npy,country,1,309_seg2
310,2.1,0.83,2.7,1.0,0.2333333333333333,0.3,data/deam/DEAM_spectrograms_shiv/310_seg0.npy,country,1,310_seg0
310,2.1,0.83,2.7,1.0,0.2333333333333333,0.3,data/deam/DEAM_spectrograms_shiv/310_seg1.npy,country,1,310_seg1
310,2.1,0.83,2.7,1.0,0.2333333333333333,0.3,data/deam/DEAM_spectrograms_shiv/310_seg2.npy,country,1,310_seg2
311,5.8,1.6,6.9,0.94,0.6444444444444444,0.7666666666666667,data/deam/DEAM_spectrograms_shiv/311_seg0.npy,country,1,311_seg0
311,5.8,1.6,6.9,0.94,0.6444444444444444,0.7666666666666667,data/deam/DEAM_spectrograms_shiv/311_seg1.npy,country,1,311_seg1
311,5.8,1.6,6.9,0.94,0.6444444444444444,0.7666666666666667,data/deam/DEAM_spectrograms_shiv/311_seg2.npy,country,1,311_seg2
312,4.6,1.28,5.8,1.6,0.5111111111111111,0.6444444444444444,data/deam/DEAM_spectrograms_shiv/312_seg0.npy,country,1,312_seg0
312,4.6,1.28,5.8,1.6,0.5111111111111111,0.6444444444444444,data/deam/DEAM_spectrograms_shiv/312_seg1.npy,country,1,312_seg1
312,4.6,1.28,5.8,1.6,0.5111111111111111,0.6444444444444444,data/deam/DEAM_spectrograms_shiv/312_seg2.npy,country,1,312_seg2
313,3.6,1.36,5.3,1.27,0.4,0.5888888888888889,data/deam/DEAM_spectrograms_shiv/313_seg0.npy,country,1,313_seg0
313,3.6,1.36,5.3,1.27,0.4,0.5888888888888889,data/deam/DEAM_spectrograms_shiv/313_seg1.npy,country,1,313_seg1
313,3.6,1.36,5.3,1.27,0.4,0.5888888888888889,data/deam/DEAM_spectrograms_shiv/313_seg2.npy,country,1,313_seg2
314,5.8,1.17,5.9,1.22,0.6444444444444444,0.6555555555555556,data/deam/DEAM_spectrograms_shiv/314_seg0.npy,country,1,314_seg0
314,5.8,1.17,5.9,1.22,0.6444444444444444,0.6555555555555556,data/deam/DEAM_spectrograms_shiv/314_seg1.npy,country,1,314_seg1
314,5.8,1.17,5.9,1.22,0.6444444444444444,0.6555555555555556,data/deam/DEAM_spectrograms_shiv/314_seg2.npy,country,1,314_seg2
315,6.4,1.43,7.5,0.81,0.7111111111111111,0.8333333333333334,data/deam/DEAM_spectrograms_shiv/315_seg0.npy,country,1,315_seg0
315,6.4,1.43,7.5,0.81,0.7111111111111111,0.8333333333333334,data/deam/DEAM_spectrograms_shiv/315_seg1.npy,country,1,315_seg1
315,6.4,1.43,7.5,0.81,0.7111111111111111,0.8333333333333334,data/deam/DEAM_spectrograms_shiv/315_seg2.npy,country,1,315_seg2
316,2.8,1.33,3.5,1.96,0.3111111111111111,0.3888888888888889,data/deam/DEAM_spectrograms_shiv/316_seg0.npy,country,1,316_seg0
316,2.8,1.33,3.5,1.96,0.3111111111111111,0.3888888888888889,data/deam/DEAM_spectrograms_shiv/316_seg1.npy,country,1,316_seg1
316,2.8,1.33,3.5,1.96,0.3111111111111111,0.3888888888888889,data/deam/DEAM_spectrograms_shiv/316_seg2.npy,country,1,316_seg2
317,6.1,1.7,4.3,1.35,0.6777777777777777,0.4777777777777777,data/deam/DEAM_spectrograms_shiv/317_seg0.npy,country,1,317_seg0
317,6.1,1.7,4.3,1.35,0.6777777777777777,0.4777777777777777,data/deam/DEAM_spectrograms_shiv/317_seg1.npy,country,1,317_seg1
317,6.1,1.7,4.3,1.35,0.6777777777777777,0.4777777777777777,data/deam/DEAM_spectrograms_shiv/317_seg2.npy,country,1,317_seg2
318,5.9,1.7,5.9,1.45,0.6555555555555556,0.6555555555555556,data/deam/DEAM_spectrograms_shiv/318_seg0.npy,country,1,318_seg0
318,5.9,1.7,5.9,1.45,0.6555555555555556,0.6555555555555556,data/deam/DEAM_spectrograms_shiv/318_seg1.npy,country,1,318_seg1
318,5.9,1.7,5.9,1.45,0.6555555555555556,0.6555555555555556,data/deam/DEAM_spectrograms_shiv/318_seg2.npy,country,1,318_seg2
319,4.5,1.96,6.6,0.8,0.5,0.7333333333333333,data/deam/DEAM_spectrograms_shiv/319_seg0.npy,country,1,319_seg0
319,4.5,1.96,6.6,0.8,0.5,0.7333333333333333,data/deam/DEAM_spectrograms_shiv/319_seg1.npy,country,1,319_seg1
319,4.5,1.96,6.6,0.8,0.5,0.7333333333333333,data/deam/DEAM_spectrograms_shiv/319_seg2.npy,country,1,319_seg2
320,7.4,1.28,6.6,1.43,0.8222222222222223,0.7333333333333333,data/deam/DEAM_spectrograms_shiv/320_seg0.npy,country,1,320_seg0
320,7.4,1.28,6.6,1.43,0.8222222222222223,0.7333333333333333,data/deam/DEAM_spectrograms_shiv/320_seg1.npy,country,1,320_seg1
320,7.4,1.28,6.6,1.43,0.8222222222222223,0.7333333333333333,data/deam/DEAM_spectrograms_shiv/320_seg2.npy,country,1,320_seg2
321,7.3,0.78,6.0,1.73,0.8111111111111111,0.6666666666666666,data/deam/DEAM_spectrograms_shiv/321_seg0.npy,country,1,321_seg0
321,7.3,0.78,6.0,1.73,0.8111111111111111,0.6666666666666666,data/deam/DEAM_spectrograms_shiv/321_seg1.npy,country,1,321_seg1
321,7.3,0.78,6.0,1.73,0.8111111111111111,0.6666666666666666,data/deam/DEAM_spectrograms_shiv/321_seg2.npy,country,1,321_seg2
322,6.1,1.22,7.6,1.02,0.6777777777777777,0.8444444444444444,data/deam/DEAM_spectrograms_shiv/322_seg0.npy,country,1,322_seg0
322,6.1,1.22,7.6,1.02,0.6777777777777777,0.8444444444444444,data/deam/DEAM_spectrograms_shiv/322_seg1.npy,country,1,322_seg1
322,6.1,1.22,7.6,1.02,0.6777777777777777,0.8444444444444444,data/deam/DEAM_spectrograms_shiv/322_seg2.npy,country,1,322_seg2
323,4.82,1.4,5.73,1.48,0.5355555555555556,0.6366666666666667,data/deam/DEAM_spectrograms_shiv/323_seg0.npy,country,1,323_seg0
323,4.82,1.4,5.73,1.48,0.5355555555555556,0.6366666666666667,data/deam/DEAM_spectrograms_shiv/323_seg1.npy,country,1,323_seg1
323,4.82,1.4,5.73,1.48,0.5355555555555556,0.6366666666666667,data/deam/DEAM_spectrograms_shiv/323_seg2.npy,country,1,323_seg2
324,3.3,1.68,4.7,1.42,0.3666666666666666,0.5222222222222223,data/deam/DEAM_spectrograms_shiv/324_seg0.npy,country,1,324_seg0
324,3.3,1.68,4.7,1.42,0.3666666666666666,0.5222222222222223,data/deam/DEAM_spectrograms_shiv/324_seg1.npy,country,1,324_seg1
324,3.3,1.68,4.7,1.42,0.3666666666666666,0.5222222222222223,data/deam/DEAM_spectrograms_shiv/324_seg2.npy,country,1,324_seg2
325,5.5,1.75,5.4,2.06,0.6111111111111112,0.6000000000000001,data/deam/DEAM_spectrograms_shiv/325_seg0.npy,country,1,325_seg0
325,5.5,1.75,5.4,2.06,0.6111111111111112,0.6000000000000001,data/deam/DEAM_spectrograms_shiv/325_seg1.npy,country,1,325_seg1
325,5.5,1.75,5.4,2.06,0.6111111111111112,0.6000000000000001,data/deam/DEAM_spectrograms_shiv/325_seg2.npy,country,1,325_seg2
326,5.4,1.56,7.2,1.25,0.6000000000000001,0.8,data/deam/DEAM_spectrograms_shiv/326_seg0.npy,country,1,326_seg0
326,5.4,1.56,7.2,1.25,0.6000000000000001,0.8,data/deam/DEAM_spectrograms_shiv/326_seg1.npy,country,1,326_seg1
326,5.4,1.56,7.2,1.25,0.6000000000000001,0.8,data/deam/DEAM_spectrograms_shiv/326_seg2.npy,country,1,326_seg2
327,6.0,1.34,7.1,1.3,0.6666666666666666,0.7888888888888889,data/deam/DEAM_spectrograms_shiv/327_seg0.npy,country,1,327_seg0
327,6.0,1.34,7.1,1.3,0.6666666666666666,0.7888888888888889,data/deam/DEAM_spectrograms_shiv/327_seg1.npy,country,1,327_seg1
327,6.0,1.34,7.1,1.3,0.6666666666666666,0.7888888888888889,data/deam/DEAM_spectrograms_shiv/327_seg2.npy,country,1,327_seg2
328,5.2,1.6,4.2,2.09,0.5777777777777778,0.4666666666666667,data/deam/DEAM_spectrograms_shiv/328_seg0.npy,country,1,328_seg0
328,5.2,1.6,4.2,2.09,0.5777777777777778,0.4666666666666667,data/deam/DEAM_spectrograms_shiv/328_seg1.npy,country,1,328_seg1
328,5.2,1.6,4.2,2.09,0.5777777777777778,0.4666666666666667,data/deam/DEAM_spectrograms_shiv/328_seg2.npy,country,1,328_seg2
329,3.3,2.28,4.2,2.23,0.3666666666666666,0.4666666666666667,data/deam/DEAM_spectrograms_shiv/329_seg0.npy,country,1,329_seg0
329,3.3,2.28,4.2,2.23,0.3666666666666666,0.4666666666666667,data/deam/DEAM_spectrograms_shiv/329_seg1.npy,country,1,329_seg1
329,3.3,2.28,4.2,2.23,0.3666666666666666,0.4666666666666667,data/deam/DEAM_spectrograms_shiv/329_seg2.npy,country,1,329_seg2
330,5.9,2.3,3.1,1.87,0.6555555555555556,0.3444444444444444,data/deam/DEAM_spectrograms_shiv/330_seg0.npy,country,1,330_seg0
330,5.9,2.3,3.1,1.87,0.6555555555555556,0.3444444444444444,data/deam/DEAM_spectrograms_shiv/330_seg1.npy,country,1,330_seg1
330,5.9,2.3,3.1,1.87,0.6555555555555556,0.3444444444444444,data/deam/DEAM_spectrograms_shiv/330_seg2.npy,country,1,330_seg2
332,5.5,1.12,6.9,0.83,0.6111111111111112,0.7666666666666667,data/deam/DEAM_spectrograms_shiv/332_seg0.npy,country,1,332_seg0
332,5.5,1.12,6.9,0.83,0.6111111111111112,0.7666666666666667,data/deam/DEAM_spectrograms_shiv/332_seg1.npy,country,1,332_seg1
332,5.5,1.12,6.9,0.83,0.6111111111111112,0.7666666666666667,data/deam/DEAM_spectrograms_shiv/332_seg2.npy,country,1,332_seg2
333,6.7,1.55,6.1,1.7,0.7444444444444445,0.6777777777777777,data/deam/DEAM_spectrograms_shiv/333_seg0.npy,country,1,333_seg0
333,6.7,1.55,6.1,1.7,0.7444444444444445,0.6777777777777777,data/deam/DEAM_spectrograms_shiv/333_seg1.npy,country,1,333_seg1
333,6.7,1.55,6.1,1.7,0.7444444444444445,0.6777777777777777,data/deam/DEAM_spectrograms_shiv/333_seg2.npy,country,1,333_seg2
334,5.9,1.64,5.9,1.92,0.6555555555555556,0.6555555555555556,data/deam/DEAM_spectrograms_shiv/334_seg0.npy,country,1,334_seg0
334,5.9,1.64,5.9,1.92,0.6555555555555556,0.6555555555555556,data/deam/DEAM_spectrograms_shiv/334_seg1.npy,country,1,334_seg1
334,5.9,1.64,5.9,1.92,0.6555555555555556,0.6555555555555556,data/deam/DEAM_spectrograms_shiv/334_seg2.npy,country,1,334_seg2
335,6.8,1.47,6.8,1.33,0.7555555555555555,0.7555555555555555,data/deam/DEAM_spectrograms_shiv/335_seg0.npy,country,1,335_seg0
335,6.8,1.47,6.8,1.33,0.7555555555555555,0.7555555555555555,data/deam/DEAM_spectrograms_shiv/335_seg1.npy,country,1,335_seg1
335,6.8,1.47,6.8,1.33,0.7555555555555555,0.7555555555555555,data/deam/DEAM_spectrograms_shiv/335_seg2.npy,country,1,335_seg2
336,6.1,1.51,6.6,1.5,0.6777777777777777,0.7333333333333333,data/deam/DEAM_spectrograms_shiv/336_seg0.npy,country,1,336_seg0
336,6.1,1.51,6.6,1.5,0.6777777777777777,0.7333333333333333,data/deam/DEAM_spectrograms_shiv/336_seg1.npy,country,1,336_seg1
336,6.1,1.51,6.6,1.5,0.6777777777777777,0.7333333333333333,data/deam/DEAM_spectrograms_shiv/336_seg2.npy,country,1,336_seg2
338,3.0,0.77,3.8,1.47,0.3333333333333333,0.4222222222222222,data/deam/DEAM_spectrograms_shiv/338_seg0.npy,country,1,338_seg0
338,3.0,0.77,3.8,1.47,0.3333333333333333,0.4222222222222222,data/deam/DEAM_spectrograms_shiv/338_seg1.npy,country,1,338_seg1
338,3.0,0.77,3.8,1.47,0.3333333333333333,0.4222222222222222,data/deam/DEAM_spectrograms_shiv/338_seg2.npy,country,1,338_seg2
339,5.9,1.58,6.9,1.14,0.6555555555555556,0.7666666666666667,data/deam/DEAM_spectrograms_shiv/339_seg0.npy,country,1,339_seg0
339,5.9,1.58,6.9,1.14,0.6555555555555556,0.7666666666666667,data/deam/DEAM_spectrograms_shiv/339_seg1.npy,country,1,339_seg1
339,5.9,1.58,6.9,1.14,0.6555555555555556,0.7666666666666667,data/deam/DEAM_spectrograms_shiv/339_seg2.npy,country,1,339_seg2
340,3.8,2.36,4.6,1.91,0.4222222222222222,0.5111111111111111,data/deam/DEAM_spectrograms_shiv/340_seg0.npy,country,1,340_seg0
340,3.8,2.36,4.6,1.91,0.4222222222222222,0.5111111111111111,data/deam/DEAM_spectrograms_shiv/340_seg1.npy,country,1,340_seg1
340,3.8,2.36,4.6,1.91,0.4222222222222222,0.5111111111111111,data/deam/DEAM_spectrograms_shiv/340_seg2.npy,country,1,340_seg2
341,3.8,1.78,4.4,1.69,0.4222222222222222,0.4888888888888889,data/deam/DEAM_spectrograms_shiv/341_seg0.npy,country,1,341_seg0
341,3.8,1.78,4.4,1.69,0.4222222222222222,0.4888888888888889,data/deam/DEAM_spectrograms_shiv/341_seg1.npy,country,1,341_seg1
341,3.8,1.78,4.4,1.69,0.4222222222222222,0.4888888888888889,data/deam/DEAM_spectrograms_shiv/341_seg2.npy,country,1,341_seg2
342,4.0,2.05,5.1,2.12,0.4444444444444444,0.5666666666666667,data/deam/DEAM_spectrograms_shiv/342_seg0.npy,country,1,342_seg0
342,4.0,2.05,5.1,2.12,0.4444444444444444,0.5666666666666667,data/deam/DEAM_spectrograms_shiv/342_seg1.npy,country,1,342_seg1
342,4.0,2.05,5.1,2.12,0.4444444444444444,0.5666666666666667,data/deam/DEAM_spectrograms_shiv/342_seg2.npy,country,1,342_seg2
343,7.0,1.73,8.1,0.83,0.7777777777777778,0.8999999999999999,data/deam/DEAM_spectrograms_shiv/343_seg0.npy,country,1,343_seg0
343,7.0,1.73,8.1,0.83,0.7777777777777778,0.8999999999999999,data/deam/DEAM_spectrograms_shiv/343_seg1.npy,country,1,343_seg1
343,7.0,1.73,8.1,0.83,0.7777777777777778,0.8999999999999999,data/deam/DEAM_spectrograms_shiv/343_seg2.npy,country,1,343_seg2
344,4.6,1.74,5.2,1.6,0.5111111111111111,0.5777777777777778,data/deam/DEAM_spectrograms_shiv/344_seg0.npy,country,1,344_seg0
344,4.6,1.74,5.2,1.6,0.5111111111111111,0.5777777777777778,data/deam/DEAM_spectrograms_shiv/344_seg1.npy,country,1,344_seg1
344,4.6,1.74,5.2,1.6,0.5111111111111111,0.5777777777777778,data/deam/DEAM_spectrograms_shiv/344_seg2.npy,country,1,344_seg2
345,7.2,1.54,6.5,1.86,0.8,0.7222222222222222,data/deam/DEAM_spectrograms_shiv/345_seg0.npy,country,1,345_seg0
345,7.2,1.54,6.5,1.86,0.8,0.7222222222222222,data/deam/DEAM_spectrograms_shiv/345_seg1.npy,country,1,345_seg1
345,7.2,1.54,6.5,1.86,0.8,0.7222222222222222,data/deam/DEAM_spectrograms_shiv/345_seg2.npy,country,1,345_seg2
346,6.7,1.0,7.3,1.55,0.7444444444444445,0.8111111111111111,data/deam/DEAM_spectrograms_shiv/346_seg0.npy,country,1,346_seg0
346,6.7,1.0,7.3,1.55,0.7444444444444445,0.8111111111111111,data/deam/DEAM_spectrograms_shiv/346_seg1.npy,country,1,346_seg1
346,6.7,1.0,7.3,1.55,0.7444444444444445,0.8111111111111111,data/deam/DEAM_spectrograms_shiv/346_seg2.npy,country,1,346_seg2
347,3.82,0.94,5.82,0.94,0.4244444444444444,0.6466666666666667,data/deam/DEAM_spectrograms_shiv/347_seg0.npy,country,1,347_seg0
347,3.82,0.94,5.82,0.94,0.4244444444444444,0.6466666666666667,data/deam/DEAM_spectrograms_shiv/347_seg1.npy,country,1,347_seg1
347,3.82,0.94,5.82,0.94,0.4244444444444444,0.6466666666666667,data/deam/DEAM_spectrograms_shiv/347_seg2.npy,country,1,347_seg2
348,5.0,1.55,5.7,1.73,0.5555555555555556,0.6333333333333333,data/deam/DEAM_spectrograms_shiv/348_seg0.npy,country,1,348_seg0
348,5.0,1.55,5.7,1.73,0.5555555555555556,0.6333333333333333,data/deam/DEAM_spectrograms_shiv/348_seg1.npy,country,1,348_seg1
348,5.0,1.55,5.7,1.73,0.5555555555555556,0.6333333333333333,data/deam/DEAM_spectrograms_shiv/348_seg2.npy,country,1,348_seg2
349,4.6,1.69,5.8,1.89,0.5111111111111111,0.6444444444444444,data/deam/DEAM_spectrograms_shiv/349_seg0.npy,country,1,349_seg0
349,4.6,1.69,5.8,1.89,0.5111111111111111,0.6444444444444444,data/deam/DEAM_spectrograms_shiv/349_seg1.npy,country,1,349_seg1
349,4.6,1.69,5.8,1.89,0.5111111111111111,0.6444444444444444,data/deam/DEAM_spectrograms_shiv/349_seg2.npy,country,1,349_seg2
350,6.0,1.9,6.5,1.8,0.6666666666666666,0.7222222222222222,data/deam/DEAM_spectrograms_shiv/350_seg0.npy,country,1,350_seg0
350,6.0,1.9,6.5,1.8,0.6666666666666666,0.7222222222222222,data/deam/DEAM_spectrograms_shiv/350_seg1.npy,country,1,350_seg1
350,6.0,1.9,6.5,1.8,0.6666666666666666,0.7222222222222222,data/deam/DEAM_spectrograms_shiv/350_seg2.npy,country,1,350_seg2
352,5.5,1.36,4.5,1.43,0.6111111111111112,0.5,data/deam/DEAM_spectrograms_shiv/352_seg0.npy,country,1,352_seg0
352,5.5,1.36,4.5,1.43,0.6111111111111112,0.5,data/deam/DEAM_spectrograms_shiv/352_seg1.npy,country,1,352_seg1
352,5.5,1.36,4.5,1.43,0.6111111111111112,0.5,data/deam/DEAM_spectrograms_shiv/352_seg2.npy,country,1,352_seg2
353,4.0,1.95,4.8,2.04,0.4444444444444444,0.5333333333333333,data/deam/DEAM_spectrograms_shiv/353_seg0.npy,country,1,353_seg0
353,4.0,1.95,4.8,2.04,0.4444444444444444,0.5333333333333333,data/deam/DEAM_spectrograms_shiv/353_seg1.npy,country,1,353_seg1
353,4.0,1.95,4.8,2.04,0.4444444444444444,0.5333333333333333,data/deam/DEAM_spectrograms_shiv/353_seg2.npy,country,1,353_seg2
354,7.1,0.94,6.4,1.28,0.7888888888888889,0.7111111111111111,data/deam/DEAM_spectrograms_shiv/354_seg0.npy,country,1,354_seg0
354,7.1,0.94,6.4,1.28,0.7888888888888889,0.7111111111111111,data/deam/DEAM_spectrograms_shiv/354_seg1.npy,country,1,354_seg1
354,7.1,0.94,6.4,1.28,0.7888888888888889,0.7111111111111111,data/deam/DEAM_spectrograms_shiv/354_seg2.npy,country,1,354_seg2
355,5.1,1.81,6.5,1.2,0.5666666666666667,0.7222222222222222,data/deam/DEAM_spectrograms_shiv/355_seg0.npy,country,1,355_seg0
355,5.1,1.81,6.5,1.2,0.5666666666666667,0.7222222222222222,data/deam/DEAM_spectrograms_shiv/355_seg1.npy,country,1,355_seg1
355,5.1,1.81,6.5,1.2,0.5666666666666667,0.7222222222222222,data/deam/DEAM_spectrograms_shiv/355_seg2.npy,country,1,355_seg2
356,4.6,1.85,5.6,1.36,0.5111111111111111,0.6222222222222222,data/deam/DEAM_spectrograms_shiv/356_seg0.npy,country,1,356_seg0
356,4.6,1.85,5.6,1.36,0.5111111111111111,0.6222222222222222,data/deam/DEAM_spectrograms_shiv/356_seg1.npy,country,1,356_seg1
356,4.6,1.85,5.6,1.36,0.5111111111111111,0.6222222222222222,data/deam/DEAM_spectrograms_shiv/356_seg2.npy,country,1,356_seg2
357,4.8,1.4,6.5,1.2,0.5333333333333333,0.7222222222222222,data/deam/DEAM_spectrograms_shiv/357_seg0.npy,country,1,357_seg0
357,4.8,1.4,6.5,1.2,0.5333333333333333,0.7222222222222222,data/deam/DEAM_spectrograms_shiv/357_seg1.npy,country,1,357_seg1
357,4.8,1.4,6.5,1.2,0.5333333333333333,0.7222222222222222,data/deam/DEAM_spectrograms_shiv/357_seg2.npy,country,1,357_seg2
358,5.6,1.43,4.2,1.6,0.6222222222222222,0.4666666666666667,data/deam/DEAM_spectrograms_shiv/358_seg0.npy,country,1,358_seg0
358,5.6,1.43,4.2,1.6,0.6222222222222222,0.4666666666666667,data/deam/DEAM_spectrograms_shiv/358_seg1.npy,country,1,358_seg1
358,5.6,1.43,4.2,1.6,0.6222222222222222,0.4666666666666667,data/deam/DEAM_spectrograms_shiv/358_seg2.npy,country,1,358_seg2
359,2.5,1.12,3.7,1.62,0.2777777777777778,0.4111111111111111,data/deam/DEAM_spectrograms_shiv/359_seg0.npy,country,1,359_seg0
359,2.5,1.12,3.7,1.62,0.2777777777777778,0.4111111111111111,data/deam/DEAM_spectrograms_shiv/359_seg1.npy,country,1,359_seg1
359,2.5,1.12,3.7,1.62,0.2777777777777778,0.4111111111111111,data/deam/DEAM_spectrograms_shiv/359_seg2.npy,country,1,359_seg2
360,2.5,1.36,5.5,1.57,0.2777777777777778,0.6111111111111112,data/deam/DEAM_spectrograms_shiv/360_seg0.npy,country,1,360_seg0
360,2.5,1.36,5.5,1.57,0.2777777777777778,0.6111111111111112,data/deam/DEAM_spectrograms_shiv/360_seg1.npy,country,1,360_seg1
360,2.5,1.36,5.5,1.57,0.2777777777777778,0.6111111111111112,data/deam/DEAM_spectrograms_shiv/360_seg2.npy,country,1,360_seg2
361,2.55,1.3,3.36,1.61,0.2833333333333333,0.3733333333333333,data/deam/DEAM_spectrograms_shiv/361_seg0.npy,country,1,361_seg0
361,2.55,1.3,3.36,1.61,0.2833333333333333,0.3733333333333333,data/deam/DEAM_spectrograms_shiv/361_seg1.npy,country,1,361_seg1
361,2.55,1.3,3.36,1.61,0.2833333333333333,0.3733333333333333,data/deam/DEAM_spectrograms_shiv/361_seg2.npy,country,1,361_seg2
362,4.0,1.67,5.9,0.83,0.4444444444444444,0.6555555555555556,data/deam/DEAM_spectrograms_shiv/362_seg0.npy,country,1,362_seg0
362,4.0,1.67,5.9,0.83,0.4444444444444444,0.6555555555555556,data/deam/DEAM_spectrograms_shiv/362_seg1.npy,country,1,362_seg1
362,4.0,1.67,5.9,0.83,0.4444444444444444,0.6555555555555556,data/deam/DEAM_spectrograms_shiv/362_seg2.npy,country,1,362_seg2
364,5.5,1.43,6.5,1.12,0.6111111111111112,0.7222222222222222,data/deam/DEAM_spectrograms_shiv/364_seg0.npy,country,1,364_seg0
364,5.5,1.43,6.5,1.12,0.6111111111111112,0.7222222222222222,data/deam/DEAM_spectrograms_shiv/364_seg1.npy,country,1,364_seg1
364,5.5,1.43,6.5,1.12,0.6111111111111112,0.7222222222222222,data/deam/DEAM_spectrograms_shiv/364_seg2.npy,country,1,364_seg2
365,6.0,1.55,7.1,0.83,0.6666666666666666,0.7888888888888889,data/deam/DEAM_spectrograms_shiv/365_seg0.npy,country,1,365_seg0
365,6.0,1.55,7.1,0.83,0.6666666666666666,0.7888888888888889,data/deam/DEAM_spectrograms_shiv/365_seg1.npy,country,1,365_seg1
365,6.0,1.55,7.1,0.83,0.6666666666666666,0.7888888888888889,data/deam/DEAM_spectrograms_shiv/365_seg2.npy,country,1,365_seg2
366,6.9,0.94,6.1,1.3,0.7666666666666667,0.6777777777777777,data/deam/DEAM_spectrograms_shiv/366_seg0.npy,country,1,366_seg0
366,6.9,0.94,6.1,1.3,0.7666666666666667,0.6777777777777777,data/deam/DEAM_spectrograms_shiv/366_seg1.npy,country,1,366_seg1
366,6.9,0.94,6.1,1.3,0.7666666666666667,0.6777777777777777,data/deam/DEAM_spectrograms_shiv/366_seg2.npy,country,1,366_seg2
367,3.1,1.58,2.7,0.64,0.3444444444444444,0.3,data/deam/DEAM_spectrograms_shiv/367_seg0.npy,country,1,367_seg0
367,3.1,1.58,2.7,0.64,0.3444444444444444,0.3,data/deam/DEAM_spectrograms_shiv/367_seg1.npy,country,1,367_seg1
367,3.1,1.58,2.7,0.64,0.3444444444444444,0.3,data/deam/DEAM_spectrograms_shiv/367_seg2.npy,country,1,367_seg2
368,4.8,1.83,6.1,1.58,0.5333333333333333,0.6777777777777777,data/deam/DEAM_spectrograms_shiv/368_seg0.npy,country,1,368_seg0
368,4.8,1.83,6.1,1.58,0.5333333333333333,0.6777777777777777,data/deam/DEAM_spectrograms_shiv/368_seg1.npy,country,1,368_seg1
368,4.8,1.83,6.1,1.58,0.5333333333333333,0.6777777777777777,data/deam/DEAM_spectrograms_shiv/368_seg2.npy,country,1,368_seg2
369,2.9,0.7,3.4,0.8,0.3222222222222222,0.3777777777777777,data/deam/DEAM_spectrograms_shiv/369_seg0.npy,country,1,369_seg0
369,2.9,0.7,3.4,0.8,0.3222222222222222,0.3777777777777777,data/deam/DEAM_spectrograms_shiv/369_seg1.npy,country,1,369_seg1
369,2.9,0.7,3.4,0.8,0.3222222222222222,0.3777777777777777,data/deam/DEAM_spectrograms_shiv/369_seg2.npy,country,1,369_seg2
370,3.8,1.89,3.4,1.8,0.4222222222222222,0.3777777777777777,data/deam/DEAM_spectrograms_shiv/370_seg0.npy,country,1,370_seg0
370,3.8,1.89,3.4,1.8,0.4222222222222222,0.3777777777777777,data/deam/DEAM_spectrograms_shiv/370_seg1.npy,country,1,370_seg1
370,3.8,1.89,3.4,1.8,0.4222222222222222,0.3777777777777777,data/deam/DEAM_spectrograms_shiv/370_seg2.npy,country,1,370_seg2
371,5.2,1.6,6.6,1.02,0.5777777777777778,0.7333333333333333,data/deam/DEAM_spectrograms_shiv/371_seg0.npy,country,1,371_seg0
371,5.2,1.6,6.6,1.02,0.5777777777777778,0.7333333333333333,data/deam/DEAM_spectrograms_shiv/371_seg1.npy,country,1,371_seg1
371,5.2,1.6,6.6,1.02,0.5777777777777778,0.7333333333333333,data/deam/DEAM_spectrograms_shiv/371_seg2.npy,country,1,371_seg2
372,3.6,1.2,4.8,1.72,0.4,0.5333333333333333,data/deam/DEAM_spectrograms_shiv/372_seg0.npy,country,1,372_seg0
372,3.6,1.2,4.8,1.72,0.4,0.5333333333333333,data/deam/DEAM_spectrograms_shiv/372_seg1.npy,country,1,372_seg1
372,3.6,1.2,4.8,1.72,0.4,0.5333333333333333,data/deam/DEAM_spectrograms_shiv/372_seg2.npy,country,1,372_seg2
374,7.0,1.0,4.9,1.14,0.7777777777777778,0.5444444444444445,data/deam/DEAM_spectrograms_shiv/374_seg0.npy,country,1,374_seg0
374,7.0,1.0,4.9,1.14,0.7777777777777778,0.5444444444444445,data/deam/DEAM_spectrograms_shiv/374_seg1.npy,country,1,374_seg1
374,7.0,1.0,4.9,1.14,0.7777777777777778,0.5444444444444445,data/deam/DEAM_spectrograms_shiv/374_seg2.npy,country,1,374_seg2
375,1.9,0.7,2.8,1.66,0.2111111111111111,0.3111111111111111,data/deam/DEAM_spectrograms_shiv/375_seg0.npy,country,1,375_seg0
375,1.9,0.7,2.8,1.66,0.2111111111111111,0.3111111111111111,data/deam/DEAM_spectrograms_shiv/375_seg1.npy,country,1,375_seg1
375,1.9,0.7,2.8,1.66,0.2111111111111111,0.3111111111111111,data/deam/DEAM_spectrograms_shiv/375_seg2.npy,country,1,375_seg2
628,4.9,2.07,6.8,1.66,0.5444444444444445,0.7555555555555555,data/deam/DEAM_spectrograms_shiv/628_seg0.npy,jazz,2,628_seg0
628,4.9,2.07,6.8,1.66,0.5444444444444445,0.7555555555555555,data/deam/DEAM_spectrograms_shiv/628_seg1.npy,jazz,2,628_seg1
628,4.9,2.07,6.8,1.66,0.5444444444444445,0.7555555555555555,data/deam/DEAM_spectrograms_shiv/628_seg2.npy,jazz,2,628_seg2
629,7.4,0.92,7.6,0.8,0.8222222222222223,0.8444444444444444,data/deam/DEAM_spectrograms_shiv/629_seg0.npy,jazz,2,629_seg0
629,7.4,0.92,7.6,0.8,0.8222222222222223,0.8444444444444444,data/deam/DEAM_spectrograms_shiv/629_seg1.npy,jazz,2,629_seg1
629,7.4,0.92,7.6,0.8,0.8222222222222223,0.8444444444444444,data/deam/DEAM_spectrograms_shiv/629_seg2.npy,jazz,2,629_seg2
631,7.6,1.5,3.1,2.34,0.8444444444444444,0.3444444444444444,data/deam/DEAM_spectrograms_shiv/631_seg0.npy,jazz,2,631_seg0
631,7.6,1.5,3.1,2.34,0.8444444444444444,0.3444444444444444,data/deam/DEAM_spectrograms_shiv/631_seg1.npy,jazz,2,631_seg1
631,7.6,1.5,3.1,2.34,0.8444444444444444,0.3444444444444444,data/deam/DEAM_spectrograms_shiv/631_seg2.npy,jazz,2,631_seg2
632,4.2,2.09,5.4,1.8,0.4666666666666667,0.6000000000000001,data/deam/DEAM_spectrograms_shiv/632_seg0.npy,jazz,2,632_seg0
632,4.2,2.09,5.4,1.8,0.4666666666666667,0.6000000000000001,data/deam/DEAM_spectrograms_shiv/632_seg1.npy,jazz,2,632_seg1
632,4.2,2.09,5.4,1.8,0.4666666666666667,0.6000000000000001,data/deam/DEAM_spectrograms_shiv/632_seg2.npy,jazz,2,632_seg2
634,4.7,2.33,5.8,1.54,0.5222222222222223,0.6444444444444444,data/deam/DEAM_spectrograms_shiv/634_seg0.npy,jazz,2,634_seg0
634,4.7,2.33,5.8,1.54,0.5222222222222223,0.6444444444444444,data/deam/DEAM_spectrograms_shiv/634_seg1.npy,jazz,2,634_seg1
634,4.7,2.33,5.8,1.54,0.5222222222222223,0.6444444444444444,data/deam/DEAM_spectrograms_shiv/634_seg2.npy,jazz,2,634_seg2
635,6.6,0.92,7.6,1.02,0.7333333333333333,0.8444444444444444,data/deam/DEAM_spectrograms_shiv/635_seg0.npy,jazz,2,635_seg0
635,6.6,0.92,7.6,1.02,0.7333333333333333,0.8444444444444444,data/deam/DEAM_spectrograms_shiv/635_seg1.npy,jazz,2,635_seg1
635,6.6,0.92,7.6,1.02,0.7333333333333333,0.8444444444444444,data/deam/DEAM_spectrograms_shiv/635_seg2.npy,jazz,2,635_seg2
637,2.2,0.87,3.6,1.96,0.2444444444444444,0.4,data/deam/DEAM_spectrograms_shiv/637_seg0.npy,jazz,2,637_seg0
637,2.2,0.87,3.6,1.96,0.2444444444444444,0.4,data/deam/DEAM_spectrograms_shiv/637_seg1.npy,jazz,2,637_seg1
637,2.2,0.87,3.6,1.96,0.2444444444444444,0.4,data/deam/DEAM_spectrograms_shiv/637_seg2.npy,jazz,2,637_seg2
638,3.2,1.47,4.4,1.62,0.3555555555555555,0.4888888888888889,data/deam/DEAM_spectrograms_shiv/638_seg0.npy,jazz,2,638_seg0
638,3.2,1.47,4.4,1.62,0.3555555555555555,0.4888888888888889,data/deam/DEAM_spectrograms_shiv/638_seg1.npy,jazz,2,638_seg1
638,3.2,1.47,4.4,1.62,0.3555555555555555,0.4888888888888889,data/deam/DEAM_spectrograms_shiv/638_seg2.npy,jazz,2,638_seg2
639,6.1,0.94,6.3,1.1,0.6777777777777777,0.7,data/deam/DEAM_spectrograms_shiv/639_seg0.npy,jazz,2,639_seg0
639,6.1,0.94,6.3,1.1,0.6777777777777777,0.7,data/deam/DEAM_spectrograms_shiv/639_seg1.npy,jazz,2,639_seg1
639,6.1,0.94,6.3,1.1,0.6777777777777777,0.7,data/deam/DEAM_spectrograms_shiv/639_seg2.npy,jazz,2,639_seg2
640,7.6,0.8,7.8,0.75,0.8444444444444444,0.8666666666666667,data/deam/DEAM_spectrograms_shiv/640_seg0.npy,jazz,2,640_seg0
640,7.6,0.8,7.8,0.75,0.8444444444444444,0.8666666666666667,data/deam/DEAM_spectrograms_shiv/640_seg1.npy,jazz,2,640_seg1
640,7.6,0.8,7.8,0.75,0.8444444444444444,0.8666666666666667,data/deam/DEAM_spectrograms_shiv/640_seg2.npy,jazz,2,640_seg2
643,3.5,1.12,4.2,1.72,0.3888888888888889,0.4666666666666667,data/deam/DEAM_spectrograms_shiv/643_seg0.npy,jazz,2,643_seg0
643,3.5,1.12,4.2,1.72,0.3888888888888889,0.4666666666666667,data/deam/DEAM_spectrograms_shiv/643_seg1.npy,jazz,2,643_seg1
643,3.5,1.12,4.2,1.72,0.3888888888888889,0.4666666666666667,data/deam/DEAM_spectrograms_shiv/643_seg2.npy,jazz,2,643_seg2
644,4.3,1.62,5.6,1.96,0.4777777777777777,0.6222222222222222,data/deam/DEAM_spectrograms_shiv/644_seg0.npy,jazz,2,644_seg0
644,4.3,1.62,5.6,1.96,0.4777777777777777,0.6222222222222222,data/deam/DEAM_spectrograms_shiv/644_seg1.npy,jazz,2,644_seg1
644,4.3,1.62,5.6,1.96,0.4777777777777777,0.6222222222222222,data/deam/DEAM_spectrograms_shiv/644_seg2.npy,jazz,2,644_seg2
645,4.6,1.91,5.7,1.68,0.5111111111111111,0.6333333333333333,data/deam/DEAM_spectrograms_shiv/645_seg0.npy,jazz,2,645_seg0
645,4.6,1.91,5.7,1.68,0.5111111111111111,0.6333333333333333,data/deam/DEAM_spectrograms_shiv/645_seg1.npy,jazz,2,645_seg1
645,4.6,1.91,5.7,1.68,0.5111111111111111,0.6333333333333333,data/deam/DEAM_spectrograms_shiv/645_seg2.npy,jazz,2,645_seg2
646,3.1,1.3,3.8,1.4,0.3444444444444444,0.4222222222222222,data/deam/DEAM_spectrograms_shiv/646_seg0.npy,jazz,2,646_seg0
646,3.1,1.3,3.8,1.4,0.3444444444444444,0.4222222222222222,data/deam/DEAM_spectrograms_shiv/646_seg1.npy,jazz,2,646_seg1
646,3.1,1.3,3.8,1.4,0.3444444444444444,0.4222222222222222,data/deam/DEAM_spectrograms_shiv/646_seg2.npy,jazz,2,646_seg2
647,3.0,1.0,5.8,0.87,0.3333333333333333,0.6444444444444444,data/deam/DEAM_spectrograms_shiv/647_seg0.npy,jazz,2,647_seg0
647,3.0,1.0,5.8,0.87,0.3333333333333333,0.6444444444444444,data/deam/DEAM_spectrograms_shiv/647_seg1.npy,jazz,2,647_seg1
647,3.0,1.0,5.8,0.87,0.3333333333333333,0.6444444444444444,data/deam/DEAM_spectrograms_shiv/647_seg2.npy,jazz,2,647_seg2
648,5.1,2.07,6.8,1.54,0.5666666666666667,0.7555555555555555,data/deam/DEAM_spectrograms_shiv/648_seg0.npy,jazz,2,648_seg0
648,5.1,2.07,6.8,1.54,0.5666666666666667,0.7555555555555555,data/deam/DEAM_spectrograms_shiv/648_seg1.npy,jazz,2,648_seg1
648,5.1,2.07,6.8,1.54,0.5666666666666667,0.7555555555555555,data/deam/DEAM_spectrograms_shiv/648_seg2.npy,jazz,2,648_seg2
649,6.2,0.98,6.7,0.64,0.6888888888888889,0.7444444444444445,data/deam/DEAM_spectrograms_shiv/649_seg0.npy,jazz,2,649_seg0
649,6.2,0.98,6.7,0.64,0.6888888888888889,0.7444444444444445,data/deam/DEAM_spectrograms_shiv/649_seg1.npy,jazz,2,649_seg1
649,6.2,0.98,6.7,0.64,0.6888888888888889,0.7444444444444445,data/deam/DEAM_spectrograms_shiv/649_seg2.npy,jazz,2,649_seg2
650,6.0,1.0,4.2,1.66,0.6666666666666666,0.4666666666666667,data/deam/DEAM_spectrograms_shiv/650_seg0.npy,jazz,2,650_seg0
650,6.0,1.0,4.2,1.66,0.6666666666666666,0.4666666666666667,data/deam/DEAM_spectrograms_shiv/650_seg1.npy,jazz,2,650_seg1
650,6.0,1.0,4.2,1.66,0.6666666666666666,0.4666666666666667,data/deam/DEAM_spectrograms_shiv/650_seg2.npy,jazz,2,650_seg2
651,6.4,1.02,7.1,0.7,0.7111111111111111,0.7888888888888889,data/deam/DEAM_spectrograms_shiv/651_seg0.npy,jazz,2,651_seg0
651,6.4,1.02,7.1,0.7,0.7111111111111111,0.7888888888888889,data/deam/DEAM_spectrograms_shiv/651_seg1.npy,jazz,2,651_seg1
651,6.4,1.02,7.1,0.7,0.7111111111111111,0.7888888888888889,data/deam/DEAM_spectrograms_shiv/651_seg2.npy,jazz,2,651_seg2
652,3.2,1.72,4.3,1.62,0.3555555555555555,0.4777777777777777,data/deam/DEAM_spectrograms_shiv/652_seg0.npy,jazz,2,652_seg0
652,3.2,1.72,4.3,1.62,0.3555555555555555,0.4777777777777777,data/deam/DEAM_spectrograms_shiv/652_seg1.npy,jazz,2,652_seg1
652,3.2,1.72,4.3,1.62,0.3555555555555555,0.4777777777777777,data/deam/DEAM_spectrograms_shiv/652_seg2.npy,jazz,2,652_seg2
653,5.3,2.0,6.5,1.02,0.5888888888888889,0.7222222222222222,data/deam/DEAM_spectrograms_shiv/653_seg0.npy,jazz,2,653_seg0
653,5.3,2.0,6.5,1.02,0.5888888888888889,0.7222222222222222,data/deam/DEAM_spectrograms_shiv/653_seg1.npy,jazz,2,653_seg1
653,5.3,2.0,6.5,1.02,0.5888888888888889,0.7222222222222222,data/deam/DEAM_spectrograms_shiv/653_seg2.npy,jazz,2,653_seg2
654,5.1,1.81,4.4,1.69,0.5666666666666667,0.4888888888888889,data/deam/DEAM_spectrograms_shiv/654_seg0.npy,jazz,2,654_seg0
654,5.1,1.81,4.4,1.69,0.5666666666666667,0.4888888888888889,data/deam/DEAM_spectrograms_shiv/654_seg1.npy,jazz,2,654_seg1
654,5.1,1.81,4.4,1.69,0.5666666666666667,0.4888888888888889,data/deam/DEAM_spectrograms_shiv/654_seg2.npy,jazz,2,654_seg2
656,2.6,1.11,4.1,1.45,0.2888888888888889,0.4555555555555555,data/deam/DEAM_spectrograms_shiv/656_seg0.npy,jazz,2,656_seg0
656,2.6,1.11,4.1,1.45,0.2888888888888889,0.4555555555555555,data/deam/DEAM_spectrograms_shiv/656_seg1.npy,jazz,2,656_seg1
656,2.6,1.11,4.1,1.45,0.2888888888888889,0.4555555555555555,data/deam/DEAM_spectrograms_shiv/656_seg2.npy,jazz,2,656_seg2
657,5.1,0.94,5.6,0.8,0.5666666666666667,0.6222222222222222,data/deam/DEAM_spectrograms_shiv/657_seg0.npy,jazz,2,657_seg0
657,5.1,0.94,5.6,0.8,0.5666666666666667,0.6222222222222222,data/deam/DEAM_spectrograms_shiv/657_seg1.npy,jazz,2,657_seg1
657,5.1,0.94,5.6,0.8,0.5666666666666667,0.6222222222222222,data/deam/DEAM_spectrograms_shiv/657_seg2.npy,jazz,2,657_seg2
658,4.4,1.56,5.7,1.27,0.4888888888888889,0.6333333333333333,data/deam/DEAM_spectrograms_shiv/658_seg0.npy,jazz,2,658_seg0
658,4.4,1.56,5.7,1.27,0.4888888888888889,0.6333333333333333,data/deam/DEAM_spectrograms_shiv/658_seg1.npy,jazz,2,658_seg1
658,4.4,1.56,5.7,1.27,0.4888888888888889,0.6333333333333333,data/deam/DEAM_spectrograms_shiv/658_seg2.npy,jazz,2,658_seg2
660,2.1,1.14,2.8,1.4,0.2333333333333333,0.3111111111111111,data/deam/DEAM_spectrograms_shiv/660_seg0.npy,jazz,2,660_seg0
660,2.1,1.14,2.8,1.4,0.2333333333333333,0.3111111111111111,data/deam/DEAM_spectrograms_shiv/660_seg1.npy,jazz,2,660_seg1
660,2.1,1.14,2.8,1.4,0.2333333333333333,0.3111111111111111,data/deam/DEAM_spectrograms_shiv/660_seg2.npy,jazz,2,660_seg2
661,2.2,1.72,2.8,1.66,0.2444444444444444,0.3111111111111111,data/deam/DEAM_spectrograms_shiv/661_seg0.npy,jazz,2,661_seg0
661,2.2,1.72,2.8,1.66,0.2444444444444444,0.3111111111111111,data/deam/DEAM_spectrograms_shiv/661_seg1.npy,jazz,2,661_seg1
661,2.2,1.72,2.8,1.66,0.2444444444444444,0.3111111111111111,data/deam/DEAM_spectrograms_shiv/661_seg2.npy,jazz,2,661_seg2
662,5.9,1.22,5.1,2.12,0.6555555555555556,0.5666666666666667,data/deam/DEAM_spectrograms_shiv/662_seg0.npy,jazz,2,662_seg0
662,5.9,1.22,5.1,2.12,0.6555555555555556,0.5666666666666667,data/deam/DEAM_spectrograms_shiv/662_seg1.npy,jazz,2,662_seg1
662,5.9,1.22,5.1,2.12,0.6555555555555556,0.5666666666666667,data/deam/DEAM_spectrograms_shiv/662_seg2.npy,jazz,2,662_seg2
663,3.3,1.79,4.3,1.49,0.3666666666666666,0.4777777777777777,data/deam/DEAM_spectrograms_shiv/663_seg0.npy,jazz,2,663_seg0
663,3.3,1.79,4.3,1.49,0.3666666666666666,0.4777777777777777,data/deam/DEAM_spectrograms_shiv/663_seg1.npy,jazz,2,663_seg1
663,3.3,1.79,4.3,1.49,0.3666666666666666,0.4777777777777777,data/deam/DEAM_spectrograms_shiv/663_seg2.npy,jazz,2,663_seg2
664,7.0,1.0,6.6,1.43,0.7777777777777778,0.7333333333333333,data/deam/DEAM_spectrograms_shiv/664_seg0.npy,jazz,2,664_seg0
664,7.0,1.0,6.6,1.43,0.7777777777777778,0.7333333333333333,data/deam/DEAM_spectrograms_shiv/664_seg1.npy,jazz,2,664_seg1
664,7.0,1.0,6.6,1.43,0.7777777777777778,0.7333333333333333,data/deam/DEAM_spectrograms_shiv/664_seg2.npy,jazz,2,664_seg2
665,5.7,1.73,6.2,1.6,0.6333333333333333,0.6888888888888889,data/deam/DEAM_spectrograms_shiv/665_seg0.npy,jazz,2,665_seg0
665,5.7,1.73,6.2,1.6,0.6333333333333333,0.6888888888888889,data/deam/DEAM_spectrograms_shiv/665_seg1.npy,jazz,2,665_seg1
665,5.7,1.73,6.2,1.6,0.6333333333333333,0.6888888888888889,data/deam/DEAM_spectrograms_shiv/665_seg2.npy,jazz,2,665_seg2
666,5.3,1.42,5.0,1.9,0.5888888888888889,0.5555555555555556,data/deam/DEAM_spectrograms_shiv/666_seg0.npy,jazz,2,666_seg0
666,5.3,1.42,5.0,1.9,0.5888888888888889,0.5555555555555556,data/deam/DEAM_spectrograms_shiv/666_seg1.npy,jazz,2,666_seg1
666,5.3,1.42,5.0,1.9,0.5888888888888889,0.5555555555555556,data/deam/DEAM_spectrograms_shiv/666_seg2.npy,jazz,2,666_seg2
667,4.2,1.4,4.9,1.22,0.4666666666666667,0.5444444444444445,data/deam/DEAM_spectrograms_shiv/667_seg0.npy,jazz,2,667_seg0
667,4.2,1.4,4.9,1.22,0.4666666666666667,0.5444444444444445,data/deam/DEAM_spectrograms_shiv/667_seg1.npy,jazz,2,667_seg1
667,4.2,1.4,4.9,1.22,0.4666666666666667,0.5444444444444445,data/deam/DEAM_spectrograms_shiv/667_seg2.npy,jazz,2,667_seg2
668,5.0,1.55,5.3,1.62,0.5555555555555556,0.5888888888888889,data/deam/DEAM_spectrograms_shiv/668_seg0.npy,jazz,2,668_seg0
668,5.0,1.55,5.3,1.62,0.5555555555555556,0.5888888888888889,data/deam/DEAM_spectrograms_shiv/668_seg1.npy,jazz,2,668_seg1
668,5.0,1.55,5.3,1.62,0.5555555555555556,0.5888888888888889,data/deam/DEAM_spectrograms_shiv/668_seg2.npy,jazz,2,668_seg2
671,3.1,1.51,3.7,1.55,0.3444444444444444,0.4111111111111111,data/deam/DEAM_spectrograms_shiv/671_seg0.npy,jazz,2,671_seg0
671,3.1,1.51,3.7,1.55,0.3444444444444444,0.4111111111111111,data/deam/DEAM_spectrograms_shiv/671_seg1.npy,jazz,2,671_seg1
671,3.1,1.51,3.7,1.55,0.3444444444444444,0.4111111111111111,data/deam/DEAM_spectrograms_shiv/671_seg2.npy,jazz,2,671_seg2
672,4.4,2.33,6.3,1.73,0.4888888888888889,0.7,data/deam/DEAM_spectrograms_shiv/672_seg0.npy,jazz,2,672_seg0
672,4.4,2.33,6.3,1.73,0.4888888888888889,0.7,data/deam/DEAM_spectrograms_shiv/672_seg1.npy,jazz,2,672_seg1
672,4.4,2.33,6.3,1.73,0.4888888888888889,0.7,data/deam/DEAM_spectrograms_shiv/672_seg2.npy,jazz,2,672_seg2
673,6.6,1.28,6.7,1.35,0.7333333333333333,0.7444444444444445,data/deam/DEAM_spectrograms_shiv/673_seg0.npy,jazz,2,673_seg0
673,6.6,1.28,6.7,1.35,0.7333333333333333,0.7444444444444445,data/deam/DEAM_spectrograms_shiv/673_seg1.npy,jazz,2,673_seg1
673,6.6,1.28,6.7,1.35,0.7333333333333333,0.7444444444444445,data/deam/DEAM_spectrograms_shiv/673_seg2.npy,jazz,2,673_seg2
674,6.8,1.33,7.4,1.36,0.7555555555555555,0.8222222222222223,data/deam/DEAM_spectrograms_shiv/674_seg0.npy,jazz,2,674_seg0
674,6.8,1.33,7.4,1.36,0.7555555555555555,0.8222222222222223,data/deam/DEAM_spectrograms_shiv/674_seg1.npy,jazz,2,674_seg1
674,6.8,1.33,7.4,1.36,0.7555555555555555,0.8222222222222223,data/deam/DEAM_spectrograms_shiv/674_seg2.npy,jazz,2,674_seg2
675,5.1,1.45,5.8,1.25,0.5666666666666667,0.6444444444444444,data/deam/DEAM_spectrograms_shiv/675_seg0.npy,jazz,2,675_seg0
675,5.1,1.45,5.8,1.25,0.5666666666666667,0.6444444444444444,data/deam/DEAM_spectrograms_shiv/675_seg1.npy,jazz,2,675_seg1
675,5.1,1.45,5.8,1.25,0.5666666666666667,0.6444444444444444,data/deam/DEAM_spectrograms_shiv/675_seg2.npy,jazz,2,675_seg2
676,6.6,2.37,6.6,2.37,0.7333333333333333,0.7333333333333333,data/deam/DEAM_spectrograms_shiv/676_seg0.npy,jazz,2,676_seg0
676,6.6,2.37,6.6,2.37,0.7333333333333333,0.7333333333333333,data/deam/DEAM_spectrograms_shiv/676_seg1.npy,jazz,2,676_seg1
676,6.6,2.37,6.6,2.37,0.7333333333333333,0.7333333333333333,data/deam/DEAM_spectrograms_shiv/676_seg2.npy,jazz,2,676_seg2
677,6.5,1.91,5.3,1.79,0.7222222222222222,0.5888888888888889,data/deam/DEAM_spectrograms_shiv/677_seg0.npy,jazz,2,677_seg0
677,6.5,1.91,5.3,1.79,0.7222222222222222,0.5888888888888889,data/deam/DEAM_spectrograms_shiv/677_seg1.npy,jazz,2,677_seg1
677,6.5,1.91,5.3,1.79,0.7222222222222222,0.5888888888888889,data/deam/DEAM_spectrograms_shiv/677_seg2.npy,jazz,2,677_seg2
681,4.9,2.12,6.6,1.74,0.5444444444444445,0.7333333333333333,data/deam/DEAM_spectrograms_shiv/681_seg0.npy,jazz,2,681_seg0
681,4.9,2.12,6.6,1.74,0.5444444444444445,0.7333333333333333,data/deam/DEAM_spectrograms_shiv/681_seg1.npy,jazz,2,681_seg1
681,4.9,2.12,6.6,1.74,0.5444444444444445,0.7333333333333333,data/deam/DEAM_spectrograms_shiv/681_seg2.npy,jazz,2,681_seg2
682,4.8,1.33,6.0,0.77,0.5333333333333333,0.6666666666666666,data/deam/DEAM_spectrograms_shiv/682_seg0.npy,jazz,2,682_seg0
682,4.8,1.33,6.0,0.77,0.5333333333333333,0.6666666666666666,data/deam/DEAM_spectrograms_shiv/682_seg1.npy,jazz,2,682_seg1
682,4.8,1.33,6.0,0.77,0.5333333333333333,0.6666666666666666,data/deam/DEAM_spectrograms_shiv/682_seg2.npy,jazz,2,682_seg2
684,4.3,1.62,4.9,1.45,0.4777777777777777,0.5444444444444445,data/deam/DEAM_spectrograms_shiv/684_seg0.npy,jazz,2,684_seg0
684,4.3,1.62,4.9,1.45,0.4777777777777777,0.5444444444444445,data/deam/DEAM_spectrograms_shiv/684_seg1.npy,jazz,2,684_seg1
684,4.3,1.62,4.9,1.45,0.4777777777777777,0.5444444444444445,data/deam/DEAM_spectrograms_shiv/684_seg2.npy,jazz,2,684_seg2
685,4.5,2.01,3.6,2.01,0.5,0.4,data/deam/DEAM_spectrograms_shiv/685_seg0.npy,jazz,2,685_seg0
685,4.5,2.01,3.6,2.01,0.5,0.4,data/deam/DEAM_spectrograms_shiv/685_seg1.npy,jazz,2,685_seg1
685,4.5,2.01,3.6,2.01,0.5,0.4,data/deam/DEAM_spectrograms_shiv/685_seg2.npy,jazz,2,685_seg2
686,3.4,1.56,5.5,1.43,0.3777777777777777,0.6111111111111112,data/deam/DEAM_spectrograms_shiv/686_seg0.npy,jazz,2,686_seg0
686,3.4,1.56,5.5,1.43,0.3777777777777777,0.6111111111111112,data/deam/DEAM_spectrograms_shiv/686_seg1.npy,jazz,2,686_seg1
686,3.4,1.56,5.5,1.43,0.3777777777777777,0.6111111111111112,data/deam/DEAM_spectrograms_shiv/686_seg2.npy,jazz,2,686_seg2
687,7.3,1.1,7.4,0.92,0.8111111111111111,0.8222222222222223,data/deam/DEAM_spectrograms_shiv/687_seg0.npy,jazz,2,687_seg0
687,7.3,1.1,7.4,0.92,0.8111111111111111,0.8222222222222223,data/deam/DEAM_spectrograms_shiv/687_seg1.npy,jazz,2,687_seg1
687,7.3,1.1,7.4,0.92,0.8111111111111111,0.8222222222222223,data/deam/DEAM_spectrograms_shiv/687_seg2.npy,jazz,2,687_seg2
688,4.3,1.42,5.0,1.61,0.4777777777777777,0.5555555555555556,data/deam/DEAM_spectrograms_shiv/688_seg0.npy,jazz,2,688_seg0
688,4.3,1.42,5.0,1.61,0.4777777777777777,0.5555555555555556,data/deam/DEAM_spectrograms_shiv/688_seg1.npy,jazz,2,688_seg1
688,4.3,1.42,5.0,1.61,0.4777777777777777,0.5555555555555556,data/deam/DEAM_spectrograms_shiv/688_seg2.npy,jazz,2,688_seg2
689,3.8,1.66,4.6,1.43,0.4222222222222222,0.5111111111111111,data/deam/DEAM_spectrograms_shiv/689_seg0.npy,jazz,2,689_seg0
689,3.8,1.66,4.6,1.43,0.4222222222222222,0.5111111111111111,data/deam/DEAM_spectrograms_shiv/689_seg1.npy,jazz,2,689_seg1
689,3.8,1.66,4.6,1.43,0.4222222222222222,0.5111111111111111,data/deam/DEAM_spectrograms_shiv/689_seg2.npy,jazz,2,689_seg2
690,2.4,2.01,4.4,2.06,0.2666666666666666,0.4888888888888889,data/deam/DEAM_spectrograms_shiv/690_seg0.npy,jazz,2,690_seg0
690,2.4,2.01,4.4,2.06,0.2666666666666666,0.4888888888888889,data/deam/DEAM_spectrograms_shiv/690_seg1.npy,jazz,2,690_seg1
690,2.4,2.01,4.4,2.06,0.2666666666666666,0.4888888888888889,data/deam/DEAM_spectrograms_shiv/690_seg2.npy,jazz,2,690_seg2
691,5.0,1.61,3.7,1.27,0.5555555555555556,0.4111111111111111,data/deam/DEAM_spectrograms_shiv/691_seg0.npy,jazz,2,691_seg0
691,5.0,1.61,3.7,1.27,0.5555555555555556,0.4111111111111111,data/deam/DEAM_spectrograms_shiv/691_seg1.npy,jazz,2,691_seg1
691,5.0,1.61,3.7,1.27,0.5555555555555556,0.4111111111111111,data/deam/DEAM_spectrograms_shiv/691_seg2.npy,jazz,2,691_seg2
692,6.9,1.37,6.1,1.7,0.7666666666666667,0.6777777777777777,data/deam/DEAM_spectrograms_shiv/692_seg0.npy,jazz,2,692_seg0
692,6.9,1.37,6.1,1.7,0.7666666666666667,0.6777777777777777,data/deam/DEAM_spectrograms_shiv/692_seg1.npy,jazz,2,692_seg1
692,6.9,1.37,6.1,1.7,0.7666666666666667,0.6777777777777777,data/deam/DEAM_spectrograms_shiv/692_seg2.npy,jazz,2,692_seg2
693,6.2,1.6,5.3,1.95,0.6888888888888889,0.5888888888888889,data/deam/DEAM_spectrograms_shiv/693_seg0.npy,jazz,2,693_seg0
693,6.2,1.6,5.3,1.95,0.6888888888888889,0.5888888888888889,data/deam/DEAM_spectrograms_shiv/693_seg1.npy,jazz,2,693_seg1
693,6.2,1.6,5.3,1.95,0.6888888888888889,0.5888888888888889,data/deam/DEAM_spectrograms_shiv/693_seg2.npy,jazz,2,693_seg2
695,5.9,1.58,6.2,1.72,0.6555555555555556,0.6888888888888889,data/deam/DEAM_spectrograms_shiv/695_seg0.npy,jazz,2,695_seg0
695,5.9,1.58,6.2,1.72,0.6555555555555556,0.6888888888888889,data/deam/DEAM_spectrograms_shiv/695_seg1.npy,jazz,2,695_seg1
695,5.9,1.58,6.2,1.72,0.6555555555555556,0.6888888888888889,data/deam/DEAM_spectrograms_shiv/695_seg2.npy,jazz,2,695_seg2
696,5.3,2.24,5.8,2.23,0.5888888888888889,0.6444444444444444,data/deam/DEAM_spectrograms_shiv/696_seg0.npy,jazz,2,696_seg0
696,5.3,2.24,5.8,2.23,0.5888888888888889,0.6444444444444444,data/deam/DEAM_spectrograms_shiv/696_seg1.npy,jazz,2,696_seg1
696,5.3,2.24,5.8,2.23,0.5888888888888889,0.6444444444444444,data/deam/DEAM_spectrograms_shiv/696_seg2.npy,jazz,2,696_seg2
697,4.8,1.54,5.8,1.08,0.5333333333333333,0.6444444444444444,data/deam/DEAM_spectrograms_shiv/697_seg0.npy,jazz,2,697_seg0
697,4.8,1.54,5.8,1.08,0.5333333333333333,0.6444444444444444,data/deam/DEAM_spectrograms_shiv/697_seg1.npy,jazz,2,697_seg1
697,4.8,1.54,5.8,1.08,0.5333333333333333,0.6444444444444444,data/deam/DEAM_spectrograms_shiv/697_seg2.npy,jazz,2,697_seg2
698,3.9,1.92,3.7,1.62,0.4333333333333333,0.4111111111111111,data/deam/DEAM_spectrograms_shiv/698_seg0.npy,jazz,2,698_seg0
698,3.9,1.92,3.7,1.62,0.4333333333333333,0.4111111111111111,data/deam/DEAM_spectrograms_shiv/698_seg1.npy,jazz,2,698_seg1
698,3.9,1.92,3.7,1.62,0.4333333333333333,0.4111111111111111,data/deam/DEAM_spectrograms_shiv/698_seg2.npy,jazz,2,698_seg2
699,3.7,1.79,4.5,1.5,0.4111111111111111,0.5,data/deam/DEAM_spectrograms_shiv/699_seg0.npy,jazz,2,699_seg0
699,3.7,1.79,4.5,1.5,0.4111111111111111,0.5,data/deam/DEAM_spectrograms_shiv/699_seg1.npy,jazz,2,699_seg1
699,3.7,1.79,4.5,1.5,0.4111111111111111,0.5,data/deam/DEAM_spectrograms_shiv/699_seg2.npy,jazz,2,699_seg2
700,4.8,1.4,5.6,1.36,0.5333333333333333,0.6222222222222222,data/deam/DEAM_spectrograms_shiv/700_seg0.npy,jazz,2,700_seg0
700,4.8,1.4,5.6,1.36,0.5333333333333333,0.6222222222222222,data/deam/DEAM_spectrograms_shiv/700_seg1.npy,jazz,2,700_seg1
700,4.8,1.4,5.6,1.36,0.5333333333333333,0.6222222222222222,data/deam/DEAM_spectrograms_shiv/700_seg2.npy,jazz,2,700_seg2
702,7.5,1.43,3.3,1.95,0.8333333333333334,0.3666666666666666,data/deam/DEAM_spectrograms_shiv/702_seg0.npy,jazz,2,702_seg0
702,7.5,1.43,3.3,1.95,0.8333333333333334,0.3666666666666666,data/deam/DEAM_spectrograms_shiv/702_seg1.npy,jazz,2,702_seg1
702,7.5,1.43,3.3,1.95,0.8333333333333334,0.3666666666666666,data/deam/DEAM_spectrograms_shiv/702_seg2.npy,jazz,2,702_seg2
703,5.1,2.02,6.0,1.61,0.5666666666666667,0.6666666666666666,data/deam/DEAM_spectrograms_shiv/703_seg0.npy,jazz,2,703_seg0
703,5.1,2.02,6.0,1.61,0.5666666666666667,0.6666666666666666,data/deam/DEAM_spectrograms_shiv/703_seg1.npy,jazz,2,703_seg1
703,5.1,2.02,6.0,1.61,0.5666666666666667,0.6666666666666666,data/deam/DEAM_spectrograms_shiv/703_seg2.npy,jazz,2,703_seg2
704,4.1,1.04,4.2,1.4,0.4555555555555555,0.4666666666666667,data/deam/DEAM_spectrograms_shiv/704_seg0.npy,jazz,2,704_seg0
704,4.1,1.04,4.2,1.4,0.4555555555555555,0.4666666666666667,data/deam/DEAM_spectrograms_shiv/704_seg1.npy,jazz,2,704_seg1
704,4.1,1.04,4.2,1.4,0.4555555555555555,0.4666666666666667,data/deam/DEAM_spectrograms_shiv/704_seg2.npy,jazz,2,704_seg2
706,5.5,0.81,6.0,0.89,0.6111111111111112,0.6666666666666666,data/deam/DEAM_spectrograms_shiv/706_seg0.npy,jazz,2,706_seg0
706,5.5,0.81,6.0,0.89,0.6111111111111112,0.6666666666666666,data/deam/DEAM_spectrograms_shiv/706_seg1.npy,jazz,2,706_seg1
706,5.5,0.81,6.0,0.89,0.6111111111111112,0.6666666666666666,data/deam/DEAM_spectrograms_shiv/706_seg2.npy,jazz,2,706_seg2
707,3.2,2.52,3.1,1.81,0.3555555555555555,0.3444444444444444,data/deam/DEAM_spectrograms_shiv/707_seg0.npy,jazz,2,707_seg0
707,3.2,2.52,3.1,1.81,0.3555555555555555,0.3444444444444444,data/deam/DEAM_spectrograms_shiv/707_seg1.npy,jazz,2,707_seg1
707,3.2,2.52,3.1,1.81,0.3555555555555555,0.3444444444444444,data/deam/DEAM_spectrograms_shiv/707_seg2.npy,jazz,2,707_seg2
708,3.2,2.18,3.2,1.6,0.3555555555555555,0.3555555555555555,data/deam/DEAM_spectrograms_shiv/708_seg0.npy,jazz,2,708_seg0
708,3.2,2.18,3.2,1.6,0.3555555555555555,0.3555555555555555,data/deam/DEAM_spectrograms_shiv/708_seg1.npy,jazz,2,708_seg1
708,3.2,2.18,3.2,1.6,0.3555555555555555,0.3555555555555555,data/deam/DEAM_spectrograms_shiv/708_seg2.npy,jazz,2,708_seg2
709,5.8,1.47,5.0,1.79,0.6444444444444444,0.5555555555555556,data/deam/DEAM_spectrograms_shiv/709_seg0.npy,jazz,2,709_seg0
709,5.8,1.47,5.0,1.79,0.6444444444444444,0.5555555555555556,data/deam/DEAM_spectrograms_shiv/709_seg1.npy,jazz,2,709_seg1
709,5.8,1.47,5.0,1.79,0.6444444444444444,0.5555555555555556,data/deam/DEAM_spectrograms_shiv/709_seg2.npy,jazz,2,709_seg2
710,5.4,1.36,5.1,1.3,0.6000000000000001,0.5666666666666667,data/deam/DEAM_spectrograms_shiv/710_seg0.npy,jazz,2,710_seg0
710,5.4,1.36,5.1,1.3,0.6000000000000001,0.5666666666666667,data/deam/DEAM_spectrograms_shiv/710_seg1.npy,jazz,2,710_seg1
710,5.4,1.36,5.1,1.3,0.6000000000000001,0.5666666666666667,data/deam/DEAM_spectrograms_shiv/710_seg2.npy,jazz,2,710_seg2
711,2.9,1.14,3.1,1.14,0.3222222222222222,0.3444444444444444,data/deam/DEAM_spectrograms_shiv/711_seg0.npy,jazz,2,711_seg0
711,2.9,1.14,3.1,1.14,0.3222222222222222,0.3444444444444444,data/deam/DEAM_spectrograms_shiv/711_seg1.npy,jazz,2,711_seg1
711,2.9,1.14,3.1,1.14,0.3222222222222222,0.3444444444444444,data/deam/DEAM_spectrograms_shiv/711_seg2.npy,jazz,2,711_seg2
712,3.4,1.11,5.3,1.42,0.3777777777777777,0.5888888888888889,data/deam/DEAM_spectrograms_shiv/712_seg0.npy,jazz,2,712_seg0
712,3.4,1.11,5.3,1.42,0.3777777777777777,0.5888888888888889,data/deam/DEAM_spectrograms_shiv/712_seg1.npy,jazz,2,712_seg1
712,3.4,1.11,5.3,1.42,0.3777777777777777,0.5888888888888889,data/deam/DEAM_spectrograms_shiv/712_seg2.npy,jazz,2,712_seg2
713,4.9,2.17,6.3,2.0,0.5444444444444445,0.7,data/deam/DEAM_spectrograms_shiv/713_seg0.npy,jazz,2,713_seg0
713,4.9,2.17,6.3,2.0,0.5444444444444445,0.7,data/deam/DEAM_spectrograms_shiv/713_seg1.npy,jazz,2,713_seg1
713,4.9,2.17,6.3,2.0,0.5444444444444445,0.7,data/deam/DEAM_spectrograms_shiv/713_seg2.npy,jazz,2,713_seg2
714,4.4,1.8,4.8,1.78,0.4888888888888889,0.5333333333333333,data/deam/DEAM_spectrograms_shiv/714_seg0.npy,jazz,2,714_seg0
714,4.4,1.8,4.8,1.78,0.4888888888888889,0.5333333333333333,data/deam/DEAM_spectrograms_shiv/714_seg1.npy,jazz,2,714_seg1
714,4.4,1.8,4.8,1.78,0.4888888888888889,0.5333333333333333,data/deam/DEAM_spectrograms_shiv/714_seg2.npy,jazz,2,714_seg2
715,2.9,1.37,4.3,1.68,0.3222222222222222,0.4777777777777777,data/deam/DEAM_spectrograms_shiv/715_seg0.npy,jazz,2,715_seg0
715,2.9,1.37,4.3,1.68,0.3222222222222222,0.4777777777777777,data/deam/DEAM_spectrograms_shiv/715_seg1.npy,jazz,2,715_seg1
715,2.9,1.37,4.3,1.68,0.3222222222222222,0.4777777777777777,data/deam/DEAM_spectrograms_shiv/715_seg2.npy,jazz,2,715_seg2
717,4.5,1.28,4.9,1.22,0.5,0.5444444444444445,data/deam/DEAM_spectrograms_shiv/717_seg0.npy,jazz,2,717_seg0
717,4.5,1.28,4.9,1.22,0.5,0.5444444444444445,data/deam/DEAM_spectrograms_shiv/717_seg1.npy,jazz,2,717_seg1
717,4.5,1.28,4.9,1.22,0.5,0.5444444444444445,data/deam/DEAM_spectrograms_shiv/717_seg2.npy,jazz,2,717_seg2
718,5.9,1.58,6.5,1.63,0.6555555555555556,0.7222222222222222,data/deam/DEAM_spectrograms_shiv/718_seg0.npy,jazz,2,718_seg0
718,5.9,1.58,6.5,1.63,0.6555555555555556,0.7222222222222222,data/deam/DEAM_spectrograms_shiv/718_seg1.npy,jazz,2,718_seg1
718,5.9,1.58,6.5,1.63,0.6555555555555556,0.7222222222222222,data/deam/DEAM_spectrograms_shiv/718_seg2.npy,jazz,2,718_seg2
719,7.1,1.14,7.2,1.17,0.7888888888888889,0.8,data/deam/DEAM_spectrograms_shiv/719_seg0.npy,jazz,2,719_seg0
719,7.1,1.14,7.2,1.17,0.7888888888888889,0.8,data/deam/DEAM_spectrograms_shiv/719_seg1.npy,jazz,2,719_seg1
719,7.1,1.14,7.2,1.17,0.7888888888888889,0.8,data/deam/DEAM_spectrograms_shiv/719_seg2.npy,jazz,2,719_seg2
721,5.7,1.79,5.5,1.02,0.6333333333333333,0.6111111111111112,data/deam/DEAM_spectrograms_shiv/721_seg0.npy,jazz,2,721_seg0
721,5.7,1.79,5.5,1.02,0.6333333333333333,0.6111111111111112,data/deam/DEAM_spectrograms_shiv/721_seg1.npy,jazz,2,721_seg1
721,5.7,1.79,5.5,1.02,0.6333333333333333,0.6111111111111112,data/deam/DEAM_spectrograms_shiv/721_seg2.npy,jazz,2,721_seg2
722,5.7,1.55,7.0,0.63,0.6333333333333333,0.7777777777777778,data/deam/DEAM_spectrograms_shiv/722_seg0.npy,jazz,2,722_seg0
722,5.7,1.55,7.0,0.63,0.6333333333333333,0.7777777777777778,data/deam/DEAM_spectrograms_shiv/722_seg1.npy,jazz,2,722_seg1
722,5.7,1.55,7.0,0.63,0.6333333333333333,0.7777777777777778,data/deam/DEAM_spectrograms_shiv/722_seg2.npy,jazz,2,722_seg2
723,6.5,1.75,7.2,1.08,0.7222222222222222,0.8,data/deam/DEAM_spectrograms_shiv/723_seg0.npy,jazz,2,723_seg0
723,6.5,1.75,7.2,1.08,0.7222222222222222,0.8,data/deam/DEAM_spectrograms_shiv/723_seg1.npy,jazz,2,723_seg1
723,6.5,1.75,7.2,1.08,0.7222222222222222,0.8,data/deam/DEAM_spectrograms_shiv/723_seg2.npy,jazz,2,723_seg2
724,6.0,1.0,6.1,1.04,0.6666666666666666,0.6777777777777777,data/deam/DEAM_spectrograms_shiv/724_seg0.npy,jazz,2,724_seg0
724,6.0,1.0,6.1,1.04,0.6666666666666666,0.6777777777777777,data/deam/DEAM_spectrograms_shiv/724_seg1.npy,jazz,2,724_seg1
724,6.0,1.0,6.1,1.04,0.6666666666666666,0.6777777777777777,data/deam/DEAM_spectrograms_shiv/724_seg2.npy,jazz,2,724_seg2
725,5.1,1.7,5.1,1.45,0.5666666666666667,0.5666666666666667,data/deam/DEAM_spectrograms_shiv/725_seg0.npy,jazz,2,725_seg0
725,5.1,1.7,5.1,1.45,0.5666666666666667,0.5666666666666667,data/deam/DEAM_spectrograms_shiv/725_seg1.npy,jazz,2,725_seg1
725,5.1,1.7,5.1,1.45,0.5666666666666667,0.5666666666666667,data/deam/DEAM_spectrograms_shiv/725_seg2.npy,jazz,2,725_seg2
726,7.0,2.14,3.6,1.74,0.7777777777777778,0.4,data/deam/DEAM_spectrograms_shiv/726_seg0.npy,jazz,2,726_seg0
726,7.0,2.14,3.6,1.74,0.7777777777777778,0.4,data/deam/DEAM_spectrograms_shiv/726_seg1.npy,jazz,2,726_seg1
726,7.0,2.14,3.6,1.74,0.7777777777777778,0.4,data/deam/DEAM_spectrograms_shiv/726_seg2.npy,jazz,2,726_seg2
727,4.3,1.68,4.5,1.86,0.4777777777777777,0.5,data/deam/DEAM_spectrograms_shiv/727_seg0.npy,jazz,2,727_seg0
727,4.3,1.68,4.5,1.86,0.4777777777777777,0.5,data/deam/DEAM_spectrograms_shiv/727_seg1.npy,jazz,2,727_seg1
727,4.3,1.68,4.5,1.86,0.4777777777777777,0.5,data/deam/DEAM_spectrograms_shiv/727_seg2.npy,jazz,2,727_seg2
728,6.9,1.76,7.5,1.2,0.7666666666666667,0.8333333333333334,data/deam/DEAM_spectrograms_shiv/728_seg0.npy,jazz,2,728_seg0
728,6.9,1.76,7.5,1.2,0.7666666666666667,0.8333333333333334,data/deam/DEAM_spectrograms_shiv/728_seg1.npy,jazz,2,728_seg1
728,6.9,1.76,7.5,1.2,0.7666666666666667,0.8333333333333334,data/deam/DEAM_spectrograms_shiv/728_seg2.npy,jazz,2,728_seg2
729,6.4,1.02,3.5,1.57,0.7111111111111111,0.3888888888888889,data/deam/DEAM_spectrograms_shiv/729_seg0.npy,jazz,2,729_seg0
729,6.4,1.02,3.5,1.57,0.7111111111111111,0.3888888888888889,data/deam/DEAM_spectrograms_shiv/729_seg1.npy,jazz,2,729_seg1
729,6.4,1.02,3.5,1.57,0.7111111111111111,0.3888888888888889,data/deam/DEAM_spectrograms_shiv/729_seg2.npy,jazz,2,729_seg2
730,3.7,1.62,4.5,1.02,0.4111111111111111,0.5,data/deam/DEAM_spectrograms_shiv/730_seg0.npy,jazz,2,730_seg0
730,3.7,1.62,4.5,1.02,0.4111111111111111,0.5,data/deam/DEAM_spectrograms_shiv/730_seg1.npy,jazz,2,730_seg1
730,3.7,1.62,4.5,1.02,0.4111111111111111,0.5,data/deam/DEAM_spectrograms_shiv/730_seg2.npy,jazz,2,730_seg2
731,7.3,1.62,5.8,1.78,0.8111111111111111,0.6444444444444444,data/deam/DEAM_spectrograms_shiv/731_seg0.npy,jazz,2,731_seg0
731,7.3,1.62,5.8,1.78,0.8111111111111111,0.6444444444444444,data/deam/DEAM_spectrograms_shiv/731_seg1.npy,jazz,2,731_seg1
731,7.3,1.62,5.8,1.78,0.8111111111111111,0.6444444444444444,data/deam/DEAM_spectrograms_shiv/731_seg2.npy,jazz,2,731_seg2
732,5.6,1.74,6.3,0.9,0.6222222222222222,0.7,data/deam/DEAM_spectrograms_shiv/732_seg0.npy,jazz,2,732_seg0
732,5.6,1.74,6.3,0.9,0.6222222222222222,0.7,data/deam/DEAM_spectrograms_shiv/732_seg1.npy,jazz,2,732_seg1
732,5.6,1.74,6.3,0.9,0.6222222222222222,0.7,data/deam/DEAM_spectrograms_shiv/732_seg2.npy,jazz,2,732_seg2
733,4.3,1.42,5.0,1.48,0.4777777777777777,0.5555555555555556,data/deam/DEAM_spectrograms_shiv/733_seg0.npy,jazz,2,733_seg0
733,4.3,1.42,5.0,1.48,0.4777777777777777,0.5555555555555556,data/deam/DEAM_spectrograms_shiv/733_seg1.npy,jazz,2,733_seg1
733,4.3,1.42,5.0,1.48,0.4777777777777777,0.5555555555555556,data/deam/DEAM_spectrograms_shiv/733_seg2.npy,jazz,2,733_seg2
734,5.7,1.79,6.3,1.55,0.6333333333333333,0.7,data/deam/DEAM_spectrograms_shiv/734_seg0.npy,jazz,2,734_seg0
734,5.7,1.79,6.3,1.55,0.6333333333333333,0.7,data/deam/DEAM_spectrograms_shiv/734_seg1.npy,jazz,2,734_seg1
734,5.7,1.79,6.3,1.55,0.6333333333333333,0.7,data/deam/DEAM_spectrograms_shiv/734_seg2.npy,jazz,2,734_seg2
735,4.3,1.0,4.9,0.94,0.4777777777777777,0.5444444444444445,data/deam/DEAM_spectrograms_shiv/735_seg0.npy,jazz,2,735_seg0
735,4.3,1.0,4.9,0.94,0.4777777777777777,0.5444444444444445,data/deam/DEAM_spectrograms_shiv/735_seg1.npy,jazz,2,735_seg1
735,4.3,1.0,4.9,0.94,0.4777777777777777,0.5444444444444445,data/deam/DEAM_spectrograms_shiv/735_seg2.npy,jazz,2,735_seg2
736,2.7,1.42,3.7,0.9,0.3,0.4111111111111111,data/deam/DEAM_spectrograms_shiv/736_seg0.npy,jazz,2,736_seg0
736,2.7,1.42,3.7,0.9,0.3,0.4111111111111111,data/deam/DEAM_spectrograms_shiv/736_seg1.npy,jazz,2,736_seg1
736,2.7,1.42,3.7,0.9,0.3,0.4111111111111111,data/deam/DEAM_spectrograms_shiv/736_seg2.npy,jazz,2,736_seg2
737,4.1,0.94,4.9,1.22,0.4555555555555555,0.5444444444444445,data/deam/DEAM_spectrograms_shiv/737_seg0.npy,jazz,2,737_seg0
737,4.1,0.94,4.9,1.22,0.4555555555555555,0.5444444444444445,data/deam/DEAM_spectrograms_shiv/737_seg1.npy,jazz,2,737_seg1
737,4.1,0.94,4.9,1.22,0.4555555555555555,0.5444444444444445,data/deam/DEAM_spectrograms_shiv/737_seg2.npy,jazz,2,737_seg2
738,5.5,1.43,6.2,1.33,0.6111111111111112,0.6888888888888889,data/deam/DEAM_spectrograms_shiv/738_seg0.npy,jazz,2,738_seg0
738,5.5,1.43,6.2,1.33,0.6111111111111112,0.6888888888888889,data/deam/DEAM_spectrograms_shiv/738_seg1.npy,jazz,2,738_seg1
738,5.5,1.43,6.2,1.33,0.6111111111111112,0.6888888888888889,data/deam/DEAM_spectrograms_shiv/738_seg2.npy,jazz,2,738_seg2
739,6.2,1.54,6.9,0.94,0.6888888888888889,0.7666666666666667,data/deam/DEAM_spectrograms_shiv/739_seg0.npy,jazz,2,739_seg0
739,6.2,1.54,6.9,0.94,0.6888888888888889,0.7666666666666667,data/deam/DEAM_spectrograms_shiv/739_seg1.npy,jazz,2,739_seg1
739,6.2,1.54,6.9,0.94,0.6888888888888889,0.7666666666666667,data/deam/DEAM_spectrograms_shiv/739_seg2.npy,jazz,2,739_seg2
740,3.7,1.79,4.0,1.34,0.4111111111111111,0.4444444444444444,data/deam/DEAM_spectrograms_shiv/740_seg0.npy,jazz,2,740_seg0
740,3.7,1.79,4.0,1.34,0.4111111111111111,0.4444444444444444,data/deam/DEAM_spectrograms_shiv/740_seg1.npy,jazz,2,740_seg1
740,3.7,1.79,4.0,1.34,0.4111111111111111,0.4444444444444444,data/deam/DEAM_spectrograms_shiv/740_seg2.npy,jazz,2,740_seg2
741,4.6,1.5,4.4,1.5,0.5111111111111111,0.4888888888888889,data/deam/DEAM_spectrograms_shiv/741_seg0.npy,jazz,2,741_seg0
741,4.6,1.5,4.4,1.5,0.5111111111111111,0.4888888888888889,data/deam/DEAM_spectrograms_shiv/741_seg1.npy,jazz,2,741_seg1
741,4.6,1.5,4.4,1.5,0.5111111111111111,0.4888888888888889,data/deam/DEAM_spectrograms_shiv/741_seg2.npy,jazz,2,741_seg2
742,6.1,2.12,6.5,1.63,0.6777777777777777,0.7222222222222222,data/deam/DEAM_spectrograms_shiv/742_seg0.npy,jazz,2,742_seg0
742,6.1,2.12,6.5,1.63,0.6777777777777777,0.7222222222222222,data/deam/DEAM_spectrograms_shiv/742_seg1.npy,jazz,2,742_seg1
742,6.1,2.12,6.5,1.63,0.6777777777777777,0.7222222222222222,data/deam/DEAM_spectrograms_shiv/742_seg2.npy,jazz,2,742_seg2
743,3.1,1.45,5.0,1.95,0.3444444444444444,0.5555555555555556,data/deam/DEAM_spectrograms_shiv/743_seg0.npy,jazz,2,743_seg0
743,3.1,1.45,5.0,1.95,0.3444444444444444,0.5555555555555556,data/deam/DEAM_spectrograms_shiv/743_seg1.npy,jazz,2,743_seg1
743,3.1,1.45,5.0,1.95,0.3444444444444444,0.5555555555555556,data/deam/DEAM_spectrograms_shiv/743_seg2.npy,jazz,2,743_seg2
744,6.1,1.3,5.5,1.12,0.6777777777777777,0.6111111111111112,data/deam/DEAM_spectrograms_shiv/744_seg0.npy,jazz,2,744_seg0
744,6.1,1.3,5.5,1.12,0.6777777777777777,0.6111111111111112,data/deam/DEAM_spectrograms_shiv/744_seg1.npy,jazz,2,744_seg1
744,6.1,1.3,5.5,1.12,0.6777777777777777,0.6111111111111112,data/deam/DEAM_spectrograms_shiv/744_seg2.npy,jazz,2,744_seg2
745,4.2,1.08,1.6,0.66,0.4666666666666667,0.1777777777777777,data/deam/DEAM_spectrograms_shiv/745_seg0.npy,jazz,2,745_seg0
745,4.2,1.08,1.6,0.66,0.4666666666666667,0.1777777777777777,data/deam/DEAM_spectrograms_shiv/745_seg1.npy,jazz,2,745_seg1
745,4.2,1.08,1.6,0.66,0.4666666666666667,0.1777777777777777,data/deam/DEAM_spectrograms_shiv/745_seg2.npy,jazz,2,745_seg2
746,3.7,1.73,4.6,1.91,0.4111111111111111,0.5111111111111111,data/deam/DEAM_spectrograms_shiv/746_seg0.npy,jazz,2,746_seg0
746,3.7,1.73,4.6,1.91,0.4111111111111111,0.5111111111111111,data/deam/DEAM_spectrograms_shiv/746_seg1.npy,jazz,2,746_seg1
746,3.7,1.73,4.6,1.91,0.4111111111111111,0.5111111111111111,data/deam/DEAM_spectrograms_shiv/746_seg2.npy,jazz,2,746_seg2
747,3.6,1.36,4.9,1.22,0.4,0.5444444444444445,data/deam/DEAM_spectrograms_shiv/747_seg0.npy,jazz,2,747_seg0
747,3.6,1.36,4.9,1.22,0.4,0.5444444444444445,data/deam/DEAM_spectrograms_shiv/747_seg1.npy,jazz,2,747_seg1
747,3.6,1.36,4.9,1.22,0.4,0.5444444444444445,data/deam/DEAM_spectrograms_shiv/747_seg2.npy,jazz,2,747_seg2
748,5.1,1.92,4.4,1.56,0.5666666666666667,0.4888888888888889,data/deam/DEAM_spectrograms_shiv/748_seg0.npy,jazz,2,748_seg0
748,5.1,1.92,4.4,1.56,0.5666666666666667,0.4888888888888889,data/deam/DEAM_spectrograms_shiv/748_seg1.npy,jazz,2,748_seg1
748,5.1,1.92,4.4,1.56,0.5666666666666667,0.4888888888888889,data/deam/DEAM_spectrograms_shiv/748_seg2.npy,jazz,2,748_seg2
749,4.2,1.25,4.9,1.37,0.4666666666666667,0.5444444444444445,data/deam/DEAM_spectrograms_shiv/749_seg0.npy,jazz,2,749_seg0
749,4.2,1.25,4.9,1.37,0.4666666666666667,0.5444444444444445,data/deam/DEAM_spectrograms_shiv/749_seg1.npy,jazz,2,749_seg1
749,4.2,1.25,4.9,1.37,0.4666666666666667,0.5444444444444445,data/deam/DEAM_spectrograms_shiv/749_seg2.npy,jazz,2,749_seg2
750,5.3,2.0,5.7,1.9,0.5888888888888889,0.6333333333333333,data/deam/DEAM_spectrograms_shiv/750_seg0.npy,jazz,2,750_seg0
750,5.3,2.0,5.7,1.9,0.5888888888888889,0.6333333333333333,data/deam/DEAM_spectrograms_shiv/750_seg1.npy,jazz,2,750_seg1
750,5.3,2.0,5.7,1.9,0.5888888888888889,0.6333333333333333,data/deam/DEAM_spectrograms_shiv/750_seg2.npy,jazz,2,750_seg2
1001,4.4,1.5,3.8,1.72,0.4888888888888889,0.4222222222222222,data/deam/DEAM_spectrograms_shiv/1001_seg0.npy,country,1,1001_seg0
1001,4.4,1.5,3.8,1.72,0.4888888888888889,0.4222222222222222,data/deam/DEAM_spectrograms_shiv/1001_seg1.npy,country,1,1001_seg1
1001,4.4,1.5,3.8,1.72,0.4888888888888889,0.4222222222222222,data/deam/DEAM_spectrograms_shiv/1001_seg2.npy,country,1,1001_seg2
1004,3.8,0.98,4.7,1.49,0.4222222222222222,0.5222222222222223,data/deam/DEAM_spectrograms_shiv/1004_seg0.npy,country,1,1004_seg0
1004,3.8,0.98,4.7,1.49,0.4222222222222222,0.5222222222222223,data/deam/DEAM_spectrograms_shiv/1004_seg1.npy,country,1,1004_seg1
1004,3.8,0.98,4.7,1.49,0.4222222222222222,0.5222222222222223,data/deam/DEAM_spectrograms_shiv/1004_seg2.npy,country,1,1004_seg2
1042,5.0,1.18,4.3,1.85,0.5555555555555556,0.4777777777777777,data/deam/DEAM_spectrograms_shiv/1042_seg0.npy,country,1,1042_seg0
1042,5.0,1.18,4.3,1.85,0.5555555555555556,0.4777777777777777,data/deam/DEAM_spectrograms_shiv/1042_seg1.npy,country,1,1042_seg1
1042,5.0,1.18,4.3,1.85,0.5555555555555556,0.4777777777777777,data/deam/DEAM_spectrograms_shiv/1042_seg2.npy,country,1,1042_seg2
1044,7.1,1.64,6.1,1.81,0.7888888888888889,0.6777777777777777,data/deam/DEAM_spectrograms_shiv/1044_seg0.npy,jazz,2,1044_seg0
1044,7.1,1.64,6.1,1.81,0.7888888888888889,0.6777777777777777,data/deam/DEAM_spectrograms_shiv/1044_seg1.npy,jazz,2,1044_seg1
1044,7.1,1.64,6.1,1.81,0.7888888888888889,0.6777777777777777,data/deam/DEAM_spectrograms_shiv/1044_seg2.npy,jazz,2,1044_seg2
1045,4.4,1.43,3.1,1.22,0.4888888888888889,0.3444444444444444,data/deam/DEAM_spectrograms_shiv/1045_seg0.npy,jazz,2,1045_seg0
1045,4.4,1.43,3.1,1.22,0.4888888888888889,0.3444444444444444,data/deam/DEAM_spectrograms_shiv/1045_seg1.npy,jazz,2,1045_seg1
1045,4.4,1.43,3.1,1.22,0.4888888888888889,0.3444444444444444,data/deam/DEAM_spectrograms_shiv/1045_seg2.npy,jazz,2,1045_seg2
1101,3.7,1.42,2.4,1.43,0.4111111111111111,0.2666666666666666,data/deam/DEAM_spectrograms_shiv/1101_seg0.npy,classical,0,1101_seg0
1101,3.7,1.42,2.4,1.43,0.4111111111111111,0.2666666666666666,data/deam/DEAM_spectrograms_shiv/1101_seg1.npy,classical,0,1101_seg1
1101,3.7,1.42,2.4,1.43,0.4111111111111111,0.2666666666666666,data/deam/DEAM_spectrograms_shiv/1101_seg2.npy,classical,0,1101_seg2
1102,2.3,0.78,4.5,2.16,0.2555555555555555,0.5,data/deam/DEAM_spectrograms_shiv/1102_seg0.npy,classical,0,1102_seg0
1102,2.3,0.78,4.5,2.16,0.2555555555555555,0.5,data/deam/DEAM_spectrograms_shiv/1102_seg1.npy,classical,0,1102_seg1
1102,2.3,0.78,4.5,2.16,0.2555555555555555,0.5,data/deam/DEAM_spectrograms_shiv/1102_seg2.npy,classical,0,1102_seg2
1103,3.6,1.56,3.5,1.91,0.4,0.3888888888888889,data/deam/DEAM_spectrograms_shiv/1103_seg0.npy,classical,0,1103_seg0
1103,3.6,1.56,3.5,1.91,0.4,0.3888888888888889,data/deam/DEAM_spectrograms_shiv/1103_seg1.npy,classical,0,1103_seg1
1103,3.6,1.56,3.5,1.91,0.4,0.3888888888888889,data/deam/DEAM_spectrograms_shiv/1103_seg2.npy,classical,0,1103_seg2
1104,4.2,1.54,4.4,1.28,0.4666666666666667,0.4888888888888889,data/deam/DEAM_spectrograms_shiv/1104_seg0.npy,classical,0,1104_seg0
1104,4.2,1.54,4.4,1.28,0.4666666666666667,0.4888888888888889,data/deam/DEAM_spectrograms_shiv/1104_seg1.npy,classical,0,1104_seg1
1104,4.2,1.54,4.4,1.28,0.4666666666666667,0.4888888888888889,data/deam/DEAM_spectrograms_shiv/1104_seg2.npy,classical,0,1104_seg2
1105,3.8,1.47,3.7,1.9,0.4222222222222222,0.4111111111111111,data/deam/DEAM_spectrograms_shiv/1105_seg0.npy,classical,0,1105_seg0
1105,3.8,1.47,3.7,1.9,0.4222222222222222,0.4111111111111111,data/deam/DEAM_spectrograms_shiv/1105_seg1.npy,classical,0,1105_seg1
1105,3.8,1.47,3.7,1.9,0.4222222222222222,0.4111111111111111,data/deam/DEAM_spectrograms_shiv/1105_seg2.npy,classical,0,1105_seg2
1106,3.0,1.34,3.9,1.97,0.3333333333333333,0.4333333333333333,data/deam/DEAM_spectrograms_shiv/1106_seg0.npy,classical,0,1106_seg0
1106,3.0,1.34,3.9,1.97,0.3333333333333333,0.4333333333333333,data/deam/DEAM_spectrograms_shiv/1106_seg1.npy,classical,0,1106_seg1
1106,3.0,1.34,3.9,1.97,0.3333333333333333,0.4333333333333333,data/deam/DEAM_spectrograms_shiv/1106_seg2.npy,classical,0,1106_seg2
1107,3.0,1.26,3.2,1.33,0.3333333333333333,0.3555555555555555,data/deam/DEAM_spectrograms_shiv/1107_seg0.npy,classical,0,1107_seg0
1107,3.0,1.26,3.2,1.33,0.3333333333333333,0.3555555555555555,data/deam/DEAM_spectrograms_shiv/1107_seg1.npy,classical,0,1107_seg1
1107,3.0,1.26,3.2,1.33,0.3333333333333333,0.3555555555555555,data/deam/DEAM_spectrograms_shiv/1107_seg2.npy,classical,0,1107_seg2
1108,4.8,1.17,3.7,1.42,0.5333333333333333,0.4111111111111111,data/deam/DEAM_spectrograms_shiv/1108_seg0.npy,classical,0,1108_seg0
1108,4.8,1.17,3.7,1.42,0.5333333333333333,0.4111111111111111,data/deam/DEAM_spectrograms_shiv/1108_seg1.npy,classical,0,1108_seg1
1108,4.8,1.17,3.7,1.42,0.5333333333333333,0.4111111111111111,data/deam/DEAM_spectrograms_shiv/1108_seg2.npy,classical,0,1108_seg2
1109,4.2,2.18,2.4,1.02,0.4666666666666667,0.2666666666666666,data/deam/DEAM_spectrograms_shiv/1109_seg0.npy,classical,0,1109_seg0
1109,4.2,2.18,2.4,1.02,0.4666666666666667,0.2666666666666666,data/deam/DEAM_spectrograms_shiv/1109_seg1.npy,classical,0,1109_seg1
1109,4.2,2.18,2.4,1.02,0.4666666666666667,0.2666666666666666,data/deam/DEAM_spectrograms_shiv/1109_seg2.npy,classical,0,1109_seg2
1110,5.1,2.17,5.4,1.74,0.5666666666666667,0.6000000000000001,data/deam/DEAM_spectrograms_shiv/1110_seg0.npy,classical,0,1110_seg0
1110,5.1,2.17,5.4,1.74,0.5666666666666667,0.6000000000000001,data/deam/DEAM_spectrograms_shiv/1110_seg1.npy,classical,0,1110_seg1
1110,5.1,2.17,5.4,1.74,0.5666666666666667,0.6000000000000001,data/deam/DEAM_spectrograms_shiv/1110_seg2.npy,classical,0,1110_seg2
1111,3.2,1.4,2.9,1.58,0.3555555555555555,0.3222222222222222,data/deam/DEAM_spectrograms_shiv/1111_seg0.npy,classical,0,1111_seg0
1111,3.2,1.4,2.9,1.58,0.3555555555555555,0.3222222222222222,data/deam/DEAM_spectrograms_shiv/1111_seg1.npy,classical,0,1111_seg1
1111,3.2,1.4,2.9,1.58,0.3555555555555555,0.3222222222222222,data/deam/DEAM_spectrograms_shiv/1111_seg2.npy,classical,0,1111_seg2
1112,3.1,1.45,2.3,1.27,0.3444444444444444,0.2555555555555555,data/deam/DEAM_spectrograms_shiv/1112_seg0.npy,classical,0,1112_seg0
1112,3.1,1.45,2.3,1.27,0.3444444444444444,0.2555555555555555,data/deam/DEAM_spectrograms_shiv/1112_seg1.npy,classical,0,1112_seg1
1112,3.1,1.45,2.3,1.27,0.3444444444444444,0.2555555555555555,data/deam/DEAM_spectrograms_shiv/1112_seg2.npy,classical,0,1112_seg2
1113,3.4,1.5,3.0,1.55,0.3777777777777777,0.3333333333333333,data/deam/DEAM_spectrograms_shiv/1113_seg0.npy,classical,0,1113_seg0
1113,3.4,1.5,3.0,1.55,0.3777777777777777,0.3333333333333333,data/deam/DEAM_spectrograms_shiv/1113_seg1.npy,classical,0,1113_seg1
1113,3.4,1.5,3.0,1.55,0.3777777777777777,0.3333333333333333,data/deam/DEAM_spectrograms_shiv/1113_seg2.npy,classical,0,1113_seg2
1114,3.4,1.56,3.3,2.37,0.3777777777777777,0.3666666666666666,data/deam/DEAM_spectrograms_shiv/1114_seg0.npy,classical,0,1114_seg0
1114,3.4,1.56,3.3,2.37,0.3777777777777777,0.3666666666666666,data/deam/DEAM_spectrograms_shiv/1114_seg1.npy,classical,0,1114_seg1
1114,3.4,1.56,3.3,2.37,0.3777777777777777,0.3666666666666666,data/deam/DEAM_spectrograms_shiv/1114_seg2.npy,classical,0,1114_seg2
1115,4.4,2.37,3.9,1.97,0.4888888888888889,0.4333333333333333,data/deam/DEAM_spectrograms_shiv/1115_seg0.npy,classical,0,1115_seg0
1115,4.4,2.37,3.9,1.97,0.4888888888888889,0.4333333333333333,data/deam/DEAM_spectrograms_shiv/1115_seg1.npy,classical,0,1115_seg1
1115,4.4,2.37,3.9,1.97,0.4888888888888889,0.4333333333333333,data/deam/DEAM_spectrograms_shiv/1115_seg2.npy,classical,0,1115_seg2
1116,5.7,1.9,3.0,1.41,0.6333333333333333,0.3333333333333333,data/deam/DEAM_spectrograms_shiv/1116_seg0.npy,classical,0,1116_seg0
1116,5.7,1.9,3.0,1.41,0.6333333333333333,0.3333333333333333,data/deam/DEAM_spectrograms_shiv/1116_seg1.npy,classical,0,1116_seg1
1116,5.7,1.9,3.0,1.41,0.6333333333333333,0.3333333333333333,data/deam/DEAM_spectrograms_shiv/1116_seg2.npy,classical,0,1116_seg2
1117,4.2,1.33,3.4,1.5,0.4666666666666667,0.3777777777777777,data/deam/DEAM_spectrograms_shiv/1117_seg0.npy,classical,0,1117_seg0
1117,4.2,1.33,3.4,1.5,0.4666666666666667,0.3777777777777777,data/deam/DEAM_spectrograms_shiv/1117_seg1.npy,classical,0,1117_seg1
1117,4.2,1.33,3.4,1.5,0.4666666666666667,0.3777777777777777,data/deam/DEAM_spectrograms_shiv/1117_seg2.npy,classical,0,1117_seg2
1118,4.0,1.84,1.9,0.7,0.4444444444444444,0.2111111111111111,data/deam/DEAM_spectrograms_shiv/1118_seg0.npy,classical,0,1118_seg0
1118,4.0,1.84,1.9,0.7,0.4444444444444444,0.2111111111111111,data/deam/DEAM_spectrograms_shiv/1118_seg1.npy,classical,0,1118_seg1
1118,4.0,1.84,1.9,0.7,0.4444444444444444,0.2111111111111111,data/deam/DEAM_spectrograms_shiv/1118_seg2.npy,classical,0,1118_seg2
1119,3.4,2.01,2.1,1.04,0.3777777777777777,0.2333333333333333,data/deam/DEAM_spectrograms_shiv/1119_seg0.npy,classical,0,1119_seg0
1119,3.4,2.01,2.1,1.04,0.3777777777777777,0.2333333333333333,data/deam/DEAM_spectrograms_shiv/1119_seg1.npy,classical,0,1119_seg1
1119,3.4,2.01,2.1,1.04,0.3777777777777777,0.2333333333333333,data/deam/DEAM_spectrograms_shiv/1119_seg2.npy,classical,0,1119_seg2
1120,3.4,1.56,2.8,1.08,0.3777777777777777,0.3111111111111111,data/deam/DEAM_spectrograms_shiv/1120_seg0.npy,classical,0,1120_seg0
1120,3.4,1.56,2.8,1.08,0.3777777777777777,0.3111111111111111,data/deam/DEAM_spectrograms_shiv/1120_seg1.npy,classical,0,1120_seg1
1120,3.4,1.56,2.8,1.08,0.3777777777777777,0.3111111111111111,data/deam/DEAM_spectrograms_shiv/1120_seg2.npy,classical,0,1120_seg2
1121,3.9,1.76,2.3,1.1,0.4333333333333333,0.2555555555555555,data/deam/DEAM_spectrograms_shiv/1121_seg0.npy,classical,0,1121_seg0
1121,3.9,1.76,2.3,1.1,0.4333333333333333,0.2555555555555555,data/deam/DEAM_spectrograms_shiv/1121_seg1.npy,classical,0,1121_seg1
1121,3.9,1.76,2.3,1.1,0.4333333333333333,0.2555555555555555,data/deam/DEAM_spectrograms_shiv/1121_seg2.npy,classical,0,1121_seg2
1122,6.8,1.94,5.4,1.5,0.7555555555555555,0.6000000000000001,data/deam/DEAM_spectrograms_shiv/1122_seg0.npy,classical,0,1122_seg0
1122,6.8,1.94,5.4,1.5,0.7555555555555555,0.6000000000000001,data/deam/DEAM_spectrograms_shiv/1122_seg1.npy,classical,0,1122_seg1
1122,6.8,1.94,5.4,1.5,0.7555555555555555,0.6000000000000001,data/deam/DEAM_spectrograms_shiv/1122_seg2.npy,classical,0,1122_seg2
1123,3.1,1.64,3.1,1.97,0.3444444444444444,0.3444444444444444,data/deam/DEAM_spectrograms_shiv/1123_seg0.npy,classical,0,1123_seg0
1123,3.1,1.64,3.1,1.97,0.3444444444444444,0.3444444444444444,data/deam/DEAM_spectrograms_shiv/1123_seg1.npy,classical,0,1123_seg1
1123,3.1,1.64,3.1,1.97,0.3444444444444444,0.3444444444444444,data/deam/DEAM_spectrograms_shiv/1123_seg2.npy,classical,0,1123_seg2
1124,5.4,1.62,5.1,1.22,0.6000000000000001,0.5666666666666667,data/deam/DEAM_spectrograms_shiv/1124_seg0.npy,classical,0,1124_seg0
1124,5.4,1.62,5.1,1.22,0.6000000000000001,0.5666666666666667,data/deam/DEAM_spectrograms_shiv/1124_seg1.npy,classical,0,1124_seg1
1124,5.4,1.62,5.1,1.22,0.6000000000000001,0.5666666666666667,data/deam/DEAM_spectrograms_shiv/1124_seg2.npy,classical,0,1124_seg2
1125,4.9,1.14,3.0,1.41,0.5444444444444445,0.3333333333333333,data/deam/DEAM_spectrograms_shiv/1125_seg0.npy,classical,0,1125_seg0
1125,4.9,1.14,3.0,1.41,0.5444444444444445,0.3333333333333333,data/deam/DEAM_spectrograms_shiv/1125_seg1.npy,classical,0,1125_seg1
1125,4.9,1.14,3.0,1.41,0.5444444444444445,0.3333333333333333,data/deam/DEAM_spectrograms_shiv/1125_seg2.npy,classical,0,1125_seg2
1126,3.9,1.81,3.2,1.25,0.4333333333333333,0.3555555555555555,data/deam/DEAM_spectrograms_shiv/1126_seg0.npy,classical,0,1126_seg0
1126,3.9,1.81,3.2,1.25,0.4333333333333333,0.3555555555555555,data/deam/DEAM_spectrograms_shiv/1126_seg1.npy,classical,0,1126_seg1
1126,3.9,1.81,3.2,1.25,0.4333333333333333,0.3555555555555555,data/deam/DEAM_spectrograms_shiv/1126_seg2.npy,classical,0,1126_seg2
1127,3.4,1.62,3.0,1.55,0.3777777777777777,0.3333333333333333,data/deam/DEAM_spectrograms_shiv/1127_seg0.npy,classical,0,1127_seg0
1127,3.4,1.62,3.0,1.55,0.3777777777777777,0.3333333333333333,data/deam/DEAM_spectrograms_shiv/1127_seg1.npy,classical,0,1127_seg1
1127,3.4,1.62,3.0,1.55,0.3777777777777777,0.3333333333333333,data/deam/DEAM_spectrograms_shiv/1127_seg2.npy,classical,0,1127_seg2
1128,3.7,1.55,2.7,1.49,0.4111111111111111,0.3,data/deam/DEAM_spectrograms_shiv/1128_seg0.npy,classical,0,1128_seg0
1128,3.7,1.55,2.7,1.49,0.4111111111111111,0.3,data/deam/DEAM_spectrograms_shiv/1128_seg1.npy,classical,0,1128_seg1
1128,3.7,1.55,2.7,1.49,0.4111111111111111,0.3,data/deam/DEAM_spectrograms_shiv/1128_seg2.npy,classical,0,1128_seg2
1129,3.5,1.75,2.4,0.66,0.3888888888888889,0.2666666666666666,data/deam/DEAM_spectrograms_shiv/1129_seg0.npy,classical,0,1129_seg0
1129,3.5,1.75,2.4,0.66,0.3888888888888889,0.2666666666666666,data/deam/DEAM_spectrograms_shiv/1129_seg1.npy,classical,0,1129_seg1
1129,3.5,1.75,2.4,0.66,0.3888888888888889,0.2666666666666666,data/deam/DEAM_spectrograms_shiv/1129_seg2.npy,classical,0,1129_seg2
1130,3.8,1.17,3.1,1.58,0.4222222222222222,0.3444444444444444,data/deam/DEAM_spectrograms_shiv/1130_seg0.npy,classical,0,1130_seg0
1130,3.8,1.17,3.1,1.58,0.4222222222222222,0.3444444444444444,data/deam/DEAM_spectrograms_shiv/1130_seg1.npy,classical,0,1130_seg1
1130,3.8,1.17,3.1,1.58,0.4222222222222222,0.3444444444444444,data/deam/DEAM_spectrograms_shiv/1130_seg2.npy,classical,0,1130_seg2
1131,4.5,1.69,3.4,1.96,0.5,0.3777777777777777,data/deam/DEAM_spectrograms_shiv/1131_seg0.npy,classical,0,1131_seg0
1131,4.5,1.69,3.4,1.96,0.5,0.3777777777777777,data/deam/DEAM_spectrograms_shiv/1131_seg1.npy,classical,0,1131_seg1
1131,4.5,1.69,3.4,1.96,0.5,0.3777777777777777,data/deam/DEAM_spectrograms_shiv/1131_seg2.npy,classical,0,1131_seg2
1132,4.6,1.62,3.4,0.66,0.5111111111111111,0.3777777777777777,data/deam/DEAM_spectrograms_shiv/1132_seg0.npy,classical,0,1132_seg0
1132,4.6,1.62,3.4,0.66,0.5111111111111111,0.3777777777777777,data/deam/DEAM_spectrograms_shiv/1132_seg1.npy,classical,0,1132_seg1
1132,4.6,1.62,3.4,0.66,0.5111111111111111,0.3777777777777777,data/deam/DEAM_spectrograms_shiv/1132_seg2.npy,classical,0,1132_seg2
1133,5.0,2.05,2.4,1.96,0.5555555555555556,0.2666666666666666,data/deam/DEAM_spectrograms_shiv/1133_seg0.npy,classical,0,1133_seg0
1133,5.0,2.05,2.4,1.96,0.5555555555555556,0.2666666666666666,data/deam/DEAM_spectrograms_shiv/1133_seg1.npy,classical,0,1133_seg1
1133,5.0,2.05,2.4,1.96,0.5555555555555556,0.2666666666666666,data/deam/DEAM_spectrograms_shiv/1133_seg2.npy,classical,0,1133_seg2
1134,4.1,1.87,2.1,1.04,0.4555555555555555,0.2333333333333333,data/deam/DEAM_spectrograms_shiv/1134_seg0.npy,classical,0,1134_seg0
1134,4.1,1.87,2.1,1.04,0.4555555555555555,0.2333333333333333,data/deam/DEAM_spectrograms_shiv/1134_seg1.npy,classical,0,1134_seg1
1134,4.1,1.87,2.1,1.04,0.4555555555555555,0.2333333333333333,data/deam/DEAM_spectrograms_shiv/1134_seg2.npy,classical,0,1134_seg2
1135,3.1,1.51,2.7,1.35,0.3444444444444444,0.3,data/deam/DEAM_spectrograms_shiv/1135_seg0.npy,classical,0,1135_seg0
1135,3.1,1.51,2.7,1.35,0.3444444444444444,0.3,data/deam/DEAM_spectrograms_shiv/1135_seg1.npy,classical,0,1135_seg1
1135,3.1,1.51,2.7,1.35,0.3444444444444444,0.3,data/deam/DEAM_spectrograms_shiv/1135_seg2.npy,classical,0,1135_seg2
1136,4.5,1.36,3.4,1.91,0.5,0.3777777777777777,data/deam/DEAM_spectrograms_shiv/1136_seg0.npy,classical,0,1136_seg0
1136,4.5,1.36,3.4,1.91,0.5,0.3777777777777777,data/deam/DEAM_spectrograms_shiv/1136_seg1.npy,classical,0,1136_seg1
1136,4.5,1.36,3.4,1.91,0.5,0.3777777777777777,data/deam/DEAM_spectrograms_shiv/1136_seg2.npy,classical,0,1136_seg2
1137,4.3,1.42,4.2,1.33,0.4777777777777777,0.4666666666666667,data/deam/DEAM_spectrograms_shiv/1137_seg0.npy,classical,0,1137_seg0
1137,4.3,1.42,4.2,1.33,0.4777777777777777,0.4666666666666667,data/deam/DEAM_spectrograms_shiv/1137_seg1.npy,classical,0,1137_seg1
1137,4.3,1.42,4.2,1.33,0.4777777777777777,0.4666666666666667,data/deam/DEAM_spectrograms_shiv/1137_seg2.npy,classical,0,1137_seg2
1138,4.4,1.56,3.7,1.79,0.4888888888888889,0.4111111111111111,data/deam/DEAM_spectrograms_shiv/1138_seg0.npy,classical,0,1138_seg0
1138,4.4,1.56,3.7,1.79,0.4888888888888889,0.4111111111111111,data/deam/DEAM_spectrograms_shiv/1138_seg1.npy,classical,0,1138_seg1
1138,4.4,1.56,3.7,1.79,0.4888888888888889,0.4111111111111111,data/deam/DEAM_spectrograms_shiv/1138_seg2.npy,classical,0,1138_seg2
1139,5.1,1.92,2.5,1.02,0.5666666666666667,0.2777777777777778,data/deam/DEAM_spectrograms_shiv/1139_seg0.npy,classical,0,1139_seg0
1139,5.1,1.92,2.5,1.02,0.5666666666666667,0.2777777777777778,data/deam/DEAM_spectrograms_shiv/1139_seg1.npy,classical,0,1139_seg1
1139,5.1,1.92,2.5,1.02,0.5666666666666667,0.2777777777777778,data/deam/DEAM_spectrograms_shiv/1139_seg2.npy,classical,0,1139_seg2
1140,5.9,1.45,5.4,1.43,0.6555555555555556,0.6000000000000001,data/deam/DEAM_spectrograms_shiv/1140_seg0.npy,classical,0,1140_seg0
1140,5.9,1.45,5.4,1.43,0.6555555555555556,0.6000000000000001,data/deam/DEAM_spectrograms_shiv/1140_seg1.npy,classical,0,1140_seg1
1140,5.9,1.45,5.4,1.43,0.6555555555555556,0.6000000000000001,data/deam/DEAM_spectrograms_shiv/1140_seg2.npy,classical,0,1140_seg2
1141,4.5,1.36,3.6,1.28,0.5,0.4,data/deam/DEAM_spectrograms_shiv/1141_seg0.npy,classical,0,1141_seg0
1141,4.5,1.36,3.6,1.28,0.5,0.4,data/deam/DEAM_spectrograms_shiv/1141_seg1.npy,classical,0,1141_seg1
1141,4.5,1.36,3.6,1.28,0.5,0.4,data/deam/DEAM_spectrograms_shiv/1141_seg2.npy,classical,0,1141_seg2
1142,3.2,1.66,2.1,1.3,0.3555555555555555,0.2333333333333333,data/deam/DEAM_spectrograms_shiv/1142_seg0.npy,classical,0,1142_seg0
1142,3.2,1.66,2.1,1.3,0.3555555555555555,0.2333333333333333,data/deam/DEAM_spectrograms_shiv/1142_seg1.npy,classical,0,1142_seg1
1142,3.2,1.66,2.1,1.3,0.3555555555555555,0.2333333333333333,data/deam/DEAM_spectrograms_shiv/1142_seg2.npy,classical,0,1142_seg2
1143,3.8,1.4,5.1,1.76,0.4222222222222222,0.5666666666666667,data/deam/DEAM_spectrograms_shiv/1143_seg0.npy,classical,0,1143_seg0
1143,3.8,1.4,5.1,1.76,0.4222222222222222,0.5666666666666667,data/deam/DEAM_spectrograms_shiv/1143_seg1.npy,classical,0,1143_seg1
1143,3.8,1.4,5.1,1.76,0.4222222222222222,0.5666666666666667,data/deam/DEAM_spectrograms_shiv/1143_seg2.npy,classical,0,1143_seg2
1144,3.7,1.49,4.6,1.62,0.4111111111111111,0.5111111111111111,data/deam/DEAM_spectrograms_shiv/1144_seg0.npy,classical,0,1144_seg0
1144,3.7,1.49,4.6,1.62,0.4111111111111111,0.5111111111111111,data/deam/DEAM_spectrograms_shiv/1144_seg1.npy,classical,0,1144_seg1
1144,3.7,1.49,4.6,1.62,0.4111111111111111,0.5111111111111111,data/deam/DEAM_spectrograms_shiv/1144_seg2.npy,classical,0,1144_seg2
1145,4.7,1.95,2.4,1.2,0.5222222222222223,0.2666666666666666,data/deam/DEAM_spectrograms_shiv/1145_seg0.npy,classical,0,1145_seg0
1145,4.7,1.95,2.4,1.2,0.5222222222222223,0.2666666666666666,data/deam/DEAM_spectrograms_shiv/1145_seg1.npy,classical,0,1145_seg1
1145,4.7,1.95,2.4,1.2,0.5222222222222223,0.2666666666666666,data/deam/DEAM_spectrograms_shiv/1145_seg2.npy,classical,0,1145_seg2
1146,2.6,1.2,3.4,1.62,0.2888888888888889,0.3777777777777777,data/deam/DEAM_spectrograms_shiv/1146_seg0.npy,classical,0,1146_seg0
1146,2.6,1.2,3.4,1.62,0.2888888888888889,0.3777777777777777,data/deam/DEAM_spectrograms_shiv/1146_seg1.npy,classical,0,1146_seg1
1146,2.6,1.2,3.4,1.62,0.2888888888888889,0.3777777777777777,data/deam/DEAM_spectrograms_shiv/1146_seg2.npy,classical,0,1146_seg2
1147,4.6,1.5,3.6,1.2,0.5111111111111111,0.4,data/deam/DEAM_spectrograms_shiv/1147_seg0.npy,classical,0,1147_seg0
1147,4.6,1.5,3.6,1.2,0.5111111111111111,0.4,data/deam/DEAM_spectrograms_shiv/1147_seg1.npy,classical,0,1147_seg1
1147,4.6,1.5,3.6,1.2,0.5111111111111111,0.4,data/deam/DEAM_spectrograms_shiv/1147_seg2.npy,classical,0,1147_seg2
1148,3.4,1.85,3.0,1.41,0.3777777777777777,0.3333333333333333,data/deam/DEAM_spectrograms_shiv/1148_seg0.npy,classical,0,1148_seg0
1148,3.4,1.85,3.0,1.41,0.3777777777777777,0.3333333333333333,data/deam/DEAM_spectrograms_shiv/1148_seg1.npy,classical,0,1148_seg1
1148,3.4,1.85,3.0,1.41,0.3777777777777777,0.3333333333333333,data/deam/DEAM_spectrograms_shiv/1148_seg2.npy,classical,0,1148_seg2
1149,4.0,1.73,2.6,1.36,0.4444444444444444,0.2888888888888889,data/deam/DEAM_spectrograms_shiv/1149_seg0.npy,classical,0,1149_seg0
1149,4.0,1.73,2.6,1.36,0.4444444444444444,0.2888888888888889,data/deam/DEAM_spectrograms_shiv/1149_seg1.npy,classical,0,1149_seg1
1149,4.0,1.73,2.6,1.36,0.4444444444444444,0.2888888888888889,data/deam/DEAM_spectrograms_shiv/1149_seg2.npy,classical,0,1149_seg2
1150,4.1,1.7,2.3,0.64,0.4555555555555555,0.2555555555555555,data/deam/DEAM_spectrograms_shiv/1150_seg0.npy,classical,0,1150_seg0
1150,4.1,1.7,2.3,0.64,0.4555555555555555,0.2555555555555555,data/deam/DEAM_spectrograms_shiv/1150_seg1.npy,classical,0,1150_seg1
1150,4.1,1.7,2.3,0.64,0.4555555555555555,0.2555555555555555,data/deam/DEAM_spectrograms_shiv/1150_seg2.npy,classical,0,1150_seg2
1151,5.0,1.73,5.6,1.2,0.5555555555555556,0.6222222222222222,data/deam/DEAM_spectrograms_shiv/1151_seg0.npy,classical,0,1151_seg0
1151,5.0,1.73,5.6,1.2,0.5555555555555556,0.6222222222222222,data/deam/DEAM_spectrograms_shiv/1151_seg1.npy,classical,0,1151_seg1
1151,5.0,1.73,5.6,1.2,0.5555555555555556,0.6222222222222222,data/deam/DEAM_spectrograms_shiv/1151_seg2.npy,classical,0,1151_seg2
1152,6.1,1.58,5.6,1.28,0.6777777777777777,0.6222222222222222,data/deam/DEAM_spectrograms_shiv/1152_seg0.npy,classical,0,1152_seg0
1152,6.1,1.58,5.6,1.28,0.6777777777777777,0.6222222222222222,data/deam/DEAM_spectrograms_shiv/1152_seg1.npy,classical,0,1152_seg1
1152,6.1,1.58,5.6,1.28,0.6777777777777777,0.6222222222222222,data/deam/DEAM_spectrograms_shiv/1152_seg2.npy,classical,0,1152_seg2
1153,3.9,1.81,2.5,0.67,0.4333333333333333,0.2777777777777778,data/deam/DEAM_spectrograms_shiv/1153_seg0.npy,classical,0,1153_seg0
1153,3.9,1.81,2.5,0.67,0.4333333333333333,0.2777777777777778,data/deam/DEAM_spectrograms_shiv/1153_seg1.npy,classical,0,1153_seg1
1153,3.9,1.81,2.5,0.67,0.4333333333333333,0.2777777777777778,data/deam/DEAM_spectrograms_shiv/1153_seg2.npy,classical,0,1153_seg2
1154,3.9,1.7,4.4,1.56,0.4333333333333333,0.4888888888888889,data/deam/DEAM_spectrograms_shiv/1154_seg0.npy,classical,0,1154_seg0
1154,3.9,1.7,4.4,1.56,0.4333333333333333,0.4888888888888889,data/deam/DEAM_spectrograms_shiv/1154_seg1.npy,classical,0,1154_seg1
1154,3.9,1.7,4.4,1.56,0.4333333333333333,0.4888888888888889,data/deam/DEAM_spectrograms_shiv/1154_seg2.npy,classical,0,1154_seg2
1155,4.2,1.66,4.3,1.0,0.4666666666666667,0.4777777777777777,data/deam/DEAM_spectrograms_shiv/1155_seg0.npy,classical,0,1155_seg0
1155,4.2,1.66,4.3,1.0,0.4666666666666667,0.4777777777777777,data/deam/DEAM_spectrograms_shiv/1155_seg1.npy,classical,0,1155_seg1
1155,4.2,1.66,4.3,1.0,0.4666666666666667,0.4777777777777777,data/deam/DEAM_spectrograms_shiv/1155_seg2.npy,classical,0,1155_seg2
1156,7.0,1.34,5.6,2.2,0.7777777777777778,0.6222222222222222,data/deam/DEAM_spectrograms_shiv/1156_seg0.npy,classical,0,1156_seg0
1156,7.0,1.34,5.6,2.2,0.7777777777777778,0.6222222222222222,data/deam/DEAM_spectrograms_shiv/1156_seg1.npy,classical,0,1156_seg1
1156,7.0,1.34,5.6,2.2,0.7777777777777778,0.6222222222222222,data/deam/DEAM_spectrograms_shiv/1156_seg2.npy,classical,0,1156_seg2
1157,6.9,0.94,6.1,1.37,0.7666666666666667,0.6777777777777777,data/deam/DEAM_spectrograms_shiv/1157_seg0.npy,classical,0,1157_seg0
1157,6.9,0.94,6.1,1.37,0.7666666666666667,0.6777777777777777,data/deam/DEAM_spectrograms_shiv/1157_seg1.npy,classical,0,1157_seg1
1157,6.9,0.94,6.1,1.37,0.7666666666666667,0.6777777777777777,data/deam/DEAM_spectrograms_shiv/1157_seg2.npy,classical,0,1157_seg2
1158,6.2,1.33,6.2,1.78,0.6888888888888889,0.6888888888888889,data/deam/DEAM_spectrograms_shiv/1158_seg0.npy,classical,0,1158_seg0
1158,6.2,1.33,6.2,1.78,0.6888888888888889,0.6888888888888889,data/deam/DEAM_spectrograms_shiv/1158_seg1.npy,classical,0,1158_seg1
1158,6.2,1.33,6.2,1.78,0.6888888888888889,0.6888888888888889,data/deam/DEAM_spectrograms_shiv/1158_seg2.npy,classical,0,1158_seg2
1159,5.8,1.94,6.0,1.67,0.6444444444444444,0.6666666666666666,data/deam/DEAM_spectrograms_shiv/1159_seg0.npy,classical,0,1159_seg0
1159,5.8,1.94,6.0,1.67,0.6444444444444444,0.6666666666666666,data/deam/DEAM_spectrograms_shiv/1159_seg1.npy,classical,0,1159_seg1
1159,5.8,1.94,6.0,1.67,0.6444444444444444,0.6666666666666666,data/deam/DEAM_spectrograms_shiv/1159_seg2.npy,classical,0,1159_seg2
1160,6.4,0.66,5.4,1.5,0.7111111111111111,0.6000000000000001,data/deam/DEAM_spectrograms_shiv/1160_seg0.npy,classical,0,1160_seg0
1160,6.4,0.66,5.4,1.5,0.7111111111111111,0.6000000000000001,data/deam/DEAM_spectrograms_shiv/1160_seg1.npy,classical,0,1160_seg1
1160,6.4,0.66,5.4,1.5,0.7111111111111111,0.6000000000000001,data/deam/DEAM_spectrograms_shiv/1160_seg2.npy,classical,0,1160_seg2
1161,4.1,1.87,2.5,1.5,0.4555555555555555,0.2777777777777778,data/deam/DEAM_spectrograms_shiv/1161_seg0.npy,classical,0,1161_seg0
1161,4.1,1.87,2.5,1.5,0.4555555555555555,0.2777777777777778,data/deam/DEAM_spectrograms_shiv/1161_seg1.npy,classical,0,1161_seg1
1161,4.1,1.87,2.5,1.5,0.4555555555555555,0.2777777777777778,data/deam/DEAM_spectrograms_shiv/1161_seg2.npy,classical,0,1161_seg2
1162,3.6,1.11,3.8,1.72,0.4,0.4222222222222222,data/deam/DEAM_spectrograms_shiv/1162_seg0.npy,classical,0,1162_seg0
1162,3.6,1.11,3.8,1.72,0.4,0.4222222222222222,data/deam/DEAM_spectrograms_shiv/1162_seg1.npy,classical,0,1162_seg1
1162,3.6,1.11,3.8,1.72,0.4,0.4222222222222222,data/deam/DEAM_spectrograms_shiv/1162_seg2.npy,classical,0,1162_seg2
1163,6.2,1.89,5.3,1.49,0.6888888888888889,0.5888888888888889,data/deam/DEAM_spectrograms_shiv/1163_seg0.npy,classical,0,1163_seg0
1163,6.2,1.89,5.3,1.49,0.6888888888888889,0.5888888888888889,data/deam/DEAM_spectrograms_shiv/1163_seg1.npy,classical,0,1163_seg1
1163,6.2,1.89,5.3,1.49,0.6888888888888889,0.5888888888888889,data/deam/DEAM_spectrograms_shiv/1163_seg2.npy,classical,0,1163_seg2
1164,3.6,1.56,3.1,1.22,0.4,0.3444444444444444,data/deam/DEAM_spectrograms_shiv/1164_seg0.npy,classical,0,1164_seg0
1164,3.6,1.56,3.1,1.22,0.4,0.3444444444444444,data/deam/DEAM_spectrograms_shiv/1164_seg1.npy,classical,0,1164_seg1
1164,3.6,1.56,3.1,1.22,0.4,0.3444444444444444,data/deam/DEAM_spectrograms_shiv/1164_seg2.npy,classical,0,1164_seg2
1165,3.5,1.43,2.8,1.17,0.3888888888888889,0.3111111111111111,data/deam/DEAM_spectrograms_shiv/1165_seg0.npy,classical,0,1165_seg0
1165,3.5,1.43,2.8,1.17,0.3888888888888889,0.3111111111111111,data/deam/DEAM_spectrograms_shiv/1165_seg1.npy,classical,0,1165_seg1
1165,3.5,1.43,2.8,1.17,0.3888888888888889,0.3111111111111111,data/deam/DEAM_spectrograms_shiv/1165_seg2.npy,classical,0,1165_seg2
1166,4.6,1.85,3.3,1.9,0.5111111111111111,0.3666666666666666,data/deam/DEAM_spectrograms_shiv/1166_seg0.npy,classical,0,1166_seg0
1166,4.6,1.85,3.3,1.9,0.5111111111111111,0.3666666666666666,data/deam/DEAM_spectrograms_shiv/1166_seg1.npy,classical,0,1166_seg1
1166,4.6,1.85,3.3,1.9,0.5111111111111111,0.3666666666666666,data/deam/DEAM_spectrograms_shiv/1166_seg2.npy,classical,0,1166_seg2
1167,3.6,1.8,2.8,1.25,0.4,0.3111111111111111,data/deam/DEAM_spectrograms_shiv/1167_seg0.npy,classical,0,1167_seg0
1167,3.6,1.8,2.8,1.25,0.4,0.3111111111111111,data/deam/DEAM_spectrograms_shiv/1167_seg1.npy,classical,0,1167_seg1
1167,3.6,1.8,2.8,1.25,0.4,0.3111111111111111,data/deam/DEAM_spectrograms_shiv/1167_seg2.npy,classical,0,1167_seg2
1168,4.4,2.54,3.3,1.68,0.4888888888888889,0.3666666666666666,data/deam/DEAM_spectrograms_shiv/1168_seg0.npy,classical,0,1168_seg0
1168,4.4,2.54,3.3,1.68,0.4888888888888889,0.3666666666666666,data/deam/DEAM_spectrograms_shiv/1168_seg1.npy,classical,0,1168_seg1
1168,4.4,2.54,3.3,1.68,0.4888888888888889,0.3666666666666666,data/deam/DEAM_spectrograms_shiv/1168_seg2.npy,classical,0,1168_seg2
1169,3.9,1.7,2.8,1.25,0.4333333333333333,0.3111111111111111,data/deam/DEAM_spectrograms_shiv/1169_seg0.npy,classical,0,1169_seg0
1169,3.9,1.7,2.8,1.25,0.4333333333333333,0.3111111111111111,data/deam/DEAM_spectrograms_shiv/1169_seg1.npy,classical,0,1169_seg1
1169,3.9,1.7,2.8,1.25,0.4333333333333333,0.3111111111111111,data/deam/DEAM_spectrograms_shiv/1169_seg2.npy,classical,0,1169_seg2
1170,3.1,1.7,2.1,0.94,0.3444444444444444,0.2333333333333333,data/deam/DEAM_spectrograms_shiv/1170_seg0.npy,classical,0,1170_seg0
1170,3.1,1.7,2.1,0.94,0.3444444444444444,0.2333333333333333,data/deam/DEAM_spectrograms_shiv/1170_seg1.npy,classical,0,1170_seg1
1170,3.1,1.7,2.1,0.94,0.3444444444444444,0.2333333333333333,data/deam/DEAM_spectrograms_shiv/1170_seg2.npy,classical,0,1170_seg2
1171,3.6,1.56,1.9,1.04,0.4,0.2111111111111111,data/deam/DEAM_spectrograms_shiv/1171_seg0.npy,classical,0,1171_seg0
1171,3.6,1.56,1.9,1.04,0.4,0.2111111111111111,data/deam/DEAM_spectrograms_shiv/1171_seg1.npy,classical,0,1171_seg1
1171,3.6,1.56,1.9,1.04,0.4,0.2111111111111111,data/deam/DEAM_spectrograms_shiv/1171_seg2.npy,classical,0,1171_seg2
1172,3.9,2.02,2.5,1.5,0.4333333333333333,0.2777777777777778,data/deam/DEAM_spectrograms_shiv/1172_seg0.npy,classical,0,1172_seg0
1172,3.9,2.02,2.5,1.5,0.4333333333333333,0.2777777777777778,data/deam/DEAM_spectrograms_shiv/1172_seg1.npy,classical,0,1172_seg1
1172,3.9,2.02,2.5,1.5,0.4333333333333333,0.2777777777777778,data/deam/DEAM_spectrograms_shiv/1172_seg2.npy,classical,0,1172_seg2
1173,4.3,1.49,4.0,2.05,0.4777777777777777,0.4444444444444444,data/deam/DEAM_spectrograms_shiv/1173_seg0.npy,classical,0,1173_seg0
1173,4.3,1.49,4.0,2.05,0.4777777777777777,0.4444444444444444,data/deam/DEAM_spectrograms_shiv/1173_seg1.npy,classical,0,1173_seg1
1173,4.3,1.49,4.0,2.05,0.4777777777777777,0.4444444444444444,data/deam/DEAM_spectrograms_shiv/1173_seg2.npy,classical,0,1173_seg2
1174,3.6,2.15,3.3,1.79,0.4,0.3666666666666666,data/deam/DEAM_spectrograms_shiv/1174_seg0.npy,classical,0,1174_seg0
1174,3.6,2.15,3.3,1.79,0.4,0.3666666666666666,data/deam/DEAM_spectrograms_shiv/1174_seg1.npy,classical,0,1174_seg1
1174,3.6,2.15,3.3,1.79,0.4,0.3666666666666666,data/deam/DEAM_spectrograms_shiv/1174_seg2.npy,classical,0,1174_seg2
1175,3.7,1.27,3.4,1.02,0.4111111111111111,0.3777777777777777,data/deam/DEAM_spectrograms_shiv/1175_seg0.npy,classical,0,1175_seg0
1175,3.7,1.27,3.4,1.02,0.4111111111111111,0.3777777777777777,data/deam/DEAM_spectrograms_shiv/1175_seg1.npy,classical,0,1175_seg1
1175,3.7,1.27,3.4,1.02,0.4111111111111111,0.3777777777777777,data/deam/DEAM_spectrograms_shiv/1175_seg2.npy,classical,0,1175_seg2
1176,4.9,1.81,2.7,1.62,0.5444444444444445,0.3,data/deam/DEAM_spectrograms_shiv/1176_seg0.npy,classical,0,1176_seg0
1176,4.9,1.81,2.7,1.62,0.5444444444444445,0.3,data/deam/DEAM_spectrograms_shiv/1176_seg1.npy,classical,0,1176_seg1
1176,4.9,1.81,2.7,1.62,0.5444444444444445,0.3,data/deam/DEAM_spectrograms_shiv/1176_seg2.npy,classical,0,1176_seg2
1177,5.2,2.14,3.3,1.9,0.5777777777777778,0.3666666666666666,data/deam/DEAM_spectrograms_shiv/1177_seg0.npy,classical,0,1177_seg0
1177,5.2,2.14,3.3,1.9,0.5777777777777778,0.3666666666666666,data/deam/DEAM_spectrograms_shiv/1177_seg1.npy,classical,0,1177_seg1
1177,5.2,2.14,3.3,1.9,0.5777777777777778,0.3666666666666666,data/deam/DEAM_spectrograms_shiv/1177_seg2.npy,classical,0,1177_seg2
1178,4.9,2.12,4.5,1.96,0.5444444444444445,0.5,data/deam/DEAM_spectrograms_shiv/1178_seg0.npy,classical,0,1178_seg0
1178,4.9,2.12,4.5,1.96,0.5444444444444445,0.5,data/deam/DEAM_spectrograms_shiv/1178_seg1.npy,classical,0,1178_seg1
1178,4.9,2.12,4.5,1.96,0.5444444444444445,0.5,data/deam/DEAM_spectrograms_shiv/1178_seg2.npy,classical,0,1178_seg2
1179,3.4,1.02,4.1,1.37,0.3777777777777777,0.4555555555555555,data/deam/DEAM_spectrograms_shiv/1179_seg0.npy,classical,0,1179_seg0
1179,3.4,1.02,4.1,1.37,0.3777777777777777,0.4555555555555555,data/deam/DEAM_spectrograms_shiv/1179_seg1.npy,classical,0,1179_seg1
1179,3.4,1.02,4.1,1.37,0.3777777777777777,0.4555555555555555,data/deam/DEAM_spectrograms_shiv/1179_seg2.npy,classical,0,1179_seg2
1180,3.3,1.62,2.6,1.02,0.3666666666666666,0.2888888888888889,data/deam/DEAM_spectrograms_shiv/1180_seg0.npy,classical,0,1180_seg0
1180,3.3,1.62,2.6,1.02,0.3666666666666666,0.2888888888888889,data/deam/DEAM_spectrograms_shiv/1180_seg1.npy,classical,0,1180_seg1
1180,3.3,1.62,2.6,1.02,0.3666666666666666,0.2888888888888889,data/deam/DEAM_spectrograms_shiv/1180_seg2.npy,classical,0,1180_seg2
1181,3.7,1.42,4.4,1.91,0.4111111111111111,0.4888888888888889,data/deam/DEAM_spectrograms_shiv/1181_seg0.npy,classical,0,1181_seg0
1181,3.7,1.42,4.4,1.91,0.4111111111111111,0.4888888888888889,data/deam/DEAM_spectrograms_shiv/1181_seg1.npy,classical,0,1181_seg1
1181,3.7,1.42,4.4,1.91,0.4111111111111111,0.4888888888888889,data/deam/DEAM_spectrograms_shiv/1181_seg2.npy,classical,0,1181_seg2
1182,2.7,1.35,2.2,1.17,0.3,0.2444444444444444,data/deam/DEAM_spectrograms_shiv/1182_seg0.npy,classical,0,1182_seg0
1182,2.7,1.35,2.2,1.17,0.3,0.2444444444444444,data/deam/DEAM_spectrograms_shiv/1182_seg1.npy,classical,0,1182_seg1
1182,2.7,1.35,2.2,1.17,0.3,0.2444444444444444,data/deam/DEAM_spectrograms_shiv/1182_seg2.npy,classical,0,1182_seg2
1183,3.7,2.1,3.2,1.89,0.4111111111111111,0.3555555555555555,data/deam/DEAM_spectrograms_shiv/1183_seg0.npy,classical,0,1183_seg0
1183,3.7,2.1,3.2,1.89,0.4111111111111111,0.3555555555555555,data/deam/DEAM_spectrograms_shiv/1183_seg1.npy,classical,0,1183_seg1
1183,3.7,2.1,3.2,1.89,0.4111111111111111,0.3555555555555555,data/deam/DEAM_spectrograms_shiv/1183_seg2.npy,classical,0,1183_seg2
1184,4.2,1.6,2.3,1.27,0.4666666666666667,0.2555555555555555,data/deam/DEAM_spectrograms_shiv/1184_seg0.npy,classical,0,1184_seg0
1184,4.2,1.6,2.3,1.27,0.4666666666666667,0.2555555555555555,data/deam/DEAM_spectrograms_shiv/1184_seg1.npy,classical,0,1184_seg1
1184,4.2,1.6,2.3,1.27,0.4666666666666667,0.2555555555555555,data/deam/DEAM_spectrograms_shiv/1184_seg2.npy,classical,0,1184_seg2
1185,6.2,1.6,4.8,1.47,0.6888888888888889,0.5333333333333333,data/deam/DEAM_spectrograms_shiv/1185_seg0.npy,classical,0,1185_seg0
1185,6.2,1.6,4.8,1.47,0.6888888888888889,0.5333333333333333,data/deam/DEAM_spectrograms_shiv/1185_seg1.npy,classical,0,1185_seg1
1185,6.2,1.6,4.8,1.47,0.6888888888888889,0.5333333333333333,data/deam/DEAM_spectrograms_shiv/1185_seg2.npy,classical,0,1185_seg2
1186,3.7,1.55,1.9,0.83,0.4111111111111111,0.2111111111111111,data/deam/DEAM_spectrograms_shiv/1186_seg0.npy,classical,0,1186_seg0
1186,3.7,1.55,1.9,0.83,0.4111111111111111,0.2111111111111111,data/deam/DEAM_spectrograms_shiv/1186_seg1.npy,classical,0,1186_seg1
1186,3.7,1.55,1.9,0.83,0.4111111111111111,0.2111111111111111,data/deam/DEAM_spectrograms_shiv/1186_seg2.npy,classical,0,1186_seg2
1187,4.4,1.96,4.1,1.81,0.4888888888888889,0.4555555555555555,data/deam/DEAM_spectrograms_shiv/1187_seg0.npy,classical,0,1187_seg0
1187,4.4,1.96,4.1,1.81,0.4888888888888889,0.4555555555555555,data/deam/DEAM_spectrograms_shiv/1187_seg1.npy,classical,0,1187_seg1
1187,4.4,1.96,4.1,1.81,0.4888888888888889,0.4555555555555555,data/deam/DEAM_spectrograms_shiv/1187_seg2.npy,classical,0,1187_seg2
1188,4.7,1.85,3.3,1.42,0.5222222222222223,0.3666666666666666,data/deam/DEAM_spectrograms_shiv/1188_seg0.npy,classical,0,1188_seg0
1188,4.7,1.85,3.3,1.42,0.5222222222222223,0.3666666666666666,data/deam/DEAM_spectrograms_shiv/1188_seg1.npy,classical,0,1188_seg1
1188,4.7,1.85,3.3,1.42,0.5222222222222223,0.3666666666666666,data/deam/DEAM_spectrograms_shiv/1188_seg2.npy,classical,0,1188_seg2
1189,4.8,1.78,3.2,1.4,0.5333333333333333,0.3555555555555555,data/deam/DEAM_spectrograms_shiv/1189_seg0.npy,classical,0,1189_seg0
1189,4.8,1.78,3.2,1.4,0.5333333333333333,0.3555555555555555,data/deam/DEAM_spectrograms_shiv/1189_seg1.npy,classical,0,1189_seg1
1189,4.8,1.78,3.2,1.4,0.5333333333333333,0.3555555555555555,data/deam/DEAM_spectrograms_shiv/1189_seg2.npy,classical,0,1189_seg2
1190,3.5,1.75,2.2,0.87,0.3888888888888889,0.2444444444444444,data/deam/DEAM_spectrograms_shiv/1190_seg0.npy,classical,0,1190_seg0
1190,3.5,1.75,2.2,0.87,0.3888888888888889,0.2444444444444444,data/deam/DEAM_spectrograms_shiv/1190_seg1.npy,classical,0,1190_seg1
1190,3.5,1.75,2.2,0.87,0.3888888888888889,0.2444444444444444,data/deam/DEAM_spectrograms_shiv/1190_seg2.npy,classical,0,1190_seg2
1191,4.4,1.85,2.6,1.2,0.4888888888888889,0.2888888888888889,data/deam/DEAM_spectrograms_shiv/1191_seg0.npy,classical,0,1191_seg0
1191,4.4,1.85,2.6,1.2,0.4888888888888889,0.2888888888888889,data/deam/DEAM_spectrograms_shiv/1191_seg1.npy,classical,0,1191_seg1
1191,4.4,1.85,2.6,1.2,0.4888888888888889,0.2888888888888889,data/deam/DEAM_spectrograms_shiv/1191_seg2.npy,classical,0,1191_seg2
1192,3.7,1.95,2.9,1.22,0.4111111111111111,0.3222222222222222,data/deam/DEAM_spectrograms_shiv/1192_seg0.npy,classical,0,1192_seg0
1192,3.7,1.95,2.9,1.22,0.4111111111111111,0.3222222222222222,data/deam/DEAM_spectrograms_shiv/1192_seg1.npy,classical,0,1192_seg1
1192,3.7,1.95,2.9,1.22,0.4111111111111111,0.3222222222222222,data/deam/DEAM_spectrograms_shiv/1192_seg2.npy,classical,0,1192_seg2
1193,4.4,1.43,3.9,1.45,0.4888888888888889,0.4333333333333333,data/deam/DEAM_spectrograms_shiv/1193_seg0.npy,classical,0,1193_seg0
1193,4.4,1.43,3.9,1.45,0.4888888888888889,0.4333333333333333,data/deam/DEAM_spectrograms_shiv/1193_seg1.npy,classical,0,1193_seg1
1193,4.4,1.43,3.9,1.45,0.4888888888888889,0.4333333333333333,data/deam/DEAM_spectrograms_shiv/1193_seg2.npy,classical,0,1193_seg2
1194,3.4,1.43,2.5,1.2,0.3777777777777777,0.2777777777777778,data/deam/DEAM_spectrograms_shiv/1194_seg0.npy,classical,0,1194_seg0
1194,3.4,1.43,2.5,1.2,0.3777777777777777,0.2777777777777778,data/deam/DEAM_spectrograms_shiv/1194_seg1.npy,classical,0,1194_seg1
1194,3.4,1.43,2.5,1.2,0.3777777777777777,0.2777777777777778,data/deam/DEAM_spectrograms_shiv/1194_seg2.npy,classical,0,1194_seg2
1195,4.2,2.23,4.0,1.48,0.4666666666666667,0.4444444444444444,data/deam/DEAM_spectrograms_shiv/1195_seg0.npy,classical,0,1195_seg0
1195,4.2,2.23,4.0,1.48,0.4666666666666667,0.4444444444444444,data/deam/DEAM_spectrograms_shiv/1195_seg1.npy,classical,0,1195_seg1
1195,4.2,2.23,4.0,1.48,0.4666666666666667,0.4444444444444444,data/deam/DEAM_spectrograms_shiv/1195_seg2.npy,classical,0,1195_seg2
1196,3.8,1.6,2.7,1.55,0.4222222222222222,0.3,data/deam/DEAM_spectrograms_shiv/1196_seg0.npy,classical,0,1196_seg0
1196,3.8,1.6,2.7,1.55,0.4222222222222222,0.3,data/deam/DEAM_spectrograms_shiv/1196_seg1.npy,classical,0,1196_seg1
1196,3.8,1.6,2.7,1.55,0.4222222222222222,0.3,data/deam/DEAM_spectrograms_shiv/1196_seg2.npy,classical,0,1196_seg2
1197,3.9,1.64,2.8,1.54,0.4333333333333333,0.3111111111111111,data/deam/DEAM_spectrograms_shiv/1197_seg0.npy,classical,0,1197_seg0
1197,3.9,1.64,2.8,1.54,0.4333333333333333,0.3111111111111111,data/deam/DEAM_spectrograms_shiv/1197_seg1.npy,classical,0,1197_seg1
1197,3.9,1.64,2.8,1.54,0.4333333333333333,0.3111111111111111,data/deam/DEAM_spectrograms_shiv/1197_seg2.npy,classical,0,1197_seg2
1198,3.5,2.06,1.8,0.98,0.3888888888888889,0.2,data/deam/DEAM_spectrograms_shiv/1198_seg0.npy,classical,0,1198_seg0
1198,3.5,2.06,1.8,0.98,0.3888888888888889,0.2,data/deam/DEAM_spectrograms_shiv/1198_seg1.npy,classical,0,1198_seg1
1198,3.5,2.06,1.8,0.98,0.3888888888888889,0.2,data/deam/DEAM_spectrograms_shiv/1198_seg2.npy,classical,0,1198_seg2
1199,4.5,1.96,3.5,1.36,0.5,0.3888888888888889,data/deam/DEAM_spectrograms_shiv/1199_seg0.npy,classical,0,1199_seg0
1199,4.5,1.96,3.5,1.36,0.5,0.3888888888888889,data/deam/DEAM_spectrograms_shiv/1199_seg1.npy,classical,0,1199_seg1
1199,4.5,1.96,3.5,1.36,0.5,0.3888888888888889,data/deam/DEAM_spectrograms_shiv/1199_seg2.npy,classical,0,1199_seg2
1200,3.2,1.08,3.6,1.43,0.3555555555555555,0.4,data/deam/DEAM_spectrograms_shiv/1200_seg0.npy,classical,0,1200_seg0
1200,3.2,1.08,3.6,1.43,0.3555555555555555,0.4,data/deam/DEAM_spectrograms_shiv/1200_seg1.npy,classical,0,1200_seg1
1200,3.2,1.08,3.6,1.43,0.3555555555555555,0.4,data/deam/DEAM_spectrograms_shiv/1200_seg2.npy,classical,0,1200_seg2
1201,6.0,1.61,5.5,1.12,0.6666666666666666,0.6111111111111112,data/deam/DEAM_spectrograms_shiv/1201_seg0.npy,country,1,1201_seg0
1201,6.0,1.61,5.5,1.12,0.6666666666666666,0.6111111111111112,data/deam/DEAM_spectrograms_shiv/1201_seg1.npy,country,1,1201_seg1
1201,6.0,1.61,5.5,1.12,0.6666666666666666,0.6111111111111112,data/deam/DEAM_spectrograms_shiv/1201_seg2.npy,country,1,1201_seg2
1202,4.1,1.97,2.7,1.35,0.4555555555555555,0.3,data/deam/DEAM_spectrograms_shiv/1202_seg0.npy,country,1,1202_seg0
1202,4.1,1.97,2.7,1.35,0.4555555555555555,0.3,data/deam/DEAM_spectrograms_shiv/1202_seg1.npy,country,1,1202_seg1
1202,4.1,1.97,2.7,1.35,0.4555555555555555,0.3,data/deam/DEAM_spectrograms_shiv/1202_seg2.npy,country,1,1202_seg2
1203,4.0,1.41,3.4,1.28,0.4444444444444444,0.3777777777777777,data/deam/DEAM_spectrograms_shiv/1203_seg0.npy,country,1,1203_seg0
1203,4.0,1.41,3.4,1.28,0.4444444444444444,0.3777777777777777,data/deam/DEAM_spectrograms_shiv/1203_seg1.npy,country,1,1203_seg1
1203,4.0,1.41,3.4,1.28,0.4444444444444444,0.3777777777777777,data/deam/DEAM_spectrograms_shiv/1203_seg2.npy,country,1,1203_seg2
1204,6.6,0.92,5.5,1.28,0.7333333333333333,0.6111111111111112,data/deam/DEAM_spectrograms_shiv/1204_seg0.npy,country,1,1204_seg0
1204,6.6,0.92,5.5,1.28,0.7333333333333333,0.6111111111111112,data/deam/DEAM_spectrograms_shiv/1204_seg1.npy,country,1,1204_seg1
1204,6.6,0.92,5.5,1.28,0.7333333333333333,0.6111111111111112,data/deam/DEAM_spectrograms_shiv/1204_seg2.npy,country,1,1204_seg2
1205,6.0,1.67,5.7,1.62,0.6666666666666666,0.6333333333333333,data/deam/DEAM_spectrograms_shiv/1205_seg0.npy,country,1,1205_seg0
1205,6.0,1.67,5.7,1.62,0.6666666666666666,0.6333333333333333,data/deam/DEAM_spectrograms_shiv/1205_seg1.npy,country,1,1205_seg1
1205,6.0,1.67,5.7,1.62,0.6666666666666666,0.6333333333333333,data/deam/DEAM_spectrograms_shiv/1205_seg2.npy,country,1,1205_seg2
1206,5.1,1.7,5.8,1.6,0.5666666666666667,0.6444444444444444,data/deam/DEAM_spectrograms_shiv/1206_seg0.npy,country,1,1206_seg0
1206,5.1,1.7,5.8,1.6,0.5666666666666667,0.6444444444444444,data/deam/DEAM_spectrograms_shiv/1206_seg1.npy,country,1,1206_seg1
1206,5.1,1.7,5.8,1.6,0.5666666666666667,0.6444444444444444,data/deam/DEAM_spectrograms_shiv/1206_seg2.npy,country,1,1206_seg2
1207,4.7,1.68,3.4,1.74,0.5222222222222223,0.3777777777777777,data/deam/DEAM_spectrograms_shiv/1207_seg0.npy,country,1,1207_seg0
1207,4.7,1.68,3.4,1.74,0.5222222222222223,0.3777777777777777,data/deam/DEAM_spectrograms_shiv/1207_seg1.npy,country,1,1207_seg1
1207,4.7,1.68,3.4,1.74,0.5222222222222223,0.3777777777777777,data/deam/DEAM_spectrograms_shiv/1207_seg2.npy,country,1,1207_seg2
1208,6.2,1.08,4.6,1.11,0.6888888888888889,0.5111111111111111,data/deam/DEAM_spectrograms_shiv/1208_seg0.npy,country,1,1208_seg0
1208,6.2,1.08,4.6,1.11,0.6888888888888889,0.5111111111111111,data/deam/DEAM_spectrograms_shiv/1208_seg1.npy,country,1,1208_seg1
1208,6.2,1.08,4.6,1.11,0.6888888888888889,0.5111111111111111,data/deam/DEAM_spectrograms_shiv/1208_seg2.npy,country,1,1208_seg2
1209,4.4,1.62,2.7,0.78,0.4888888888888889,0.3,data/deam/DEAM_spectrograms_shiv/1209_seg0.npy,country,1,1209_seg0
1209,4.4,1.62,2.7,0.78,0.4888888888888889,0.3,data/deam/DEAM_spectrograms_shiv/1209_seg1.npy,country,1,1209_seg1
1209,4.4,1.62,2.7,0.78,0.4888888888888889,0.3,data/deam/DEAM_spectrograms_shiv/1209_seg2.npy,country,1,1209_seg2
1210,3.8,2.04,2.4,1.2,0.4222222222222222,0.2666666666666666,data/deam/DEAM_spectrograms_shiv/1210_seg0.npy,country,1,1210_seg0
1210,3.8,2.04,2.4,1.2,0.4222222222222222,0.2666666666666666,data/deam/DEAM_spectrograms_shiv/1210_seg1.npy,country,1,1210_seg1
1210,3.8,2.04,2.4,1.2,0.4222222222222222,0.2666666666666666,data/deam/DEAM_spectrograms_shiv/1210_seg2.npy,country,1,1210_seg2
1211,5.5,1.43,4.7,1.55,0.6111111111111112,0.5222222222222223,data/deam/DEAM_spectrograms_shiv/1211_seg0.npy,country,1,1211_seg0
1211,5.5,1.43,4.7,1.55,0.6111111111111112,0.5222222222222223,data/deam/DEAM_spectrograms_shiv/1211_seg1.npy,country,1,1211_seg1
1211,5.5,1.43,4.7,1.55,0.6111111111111112,0.5222222222222223,data/deam/DEAM_spectrograms_shiv/1211_seg2.npy,country,1,1211_seg2
1212,3.5,1.43,2.7,1.27,0.3888888888888889,0.3,data/deam/DEAM_spectrograms_shiv/1212_seg0.npy,country,1,1212_seg0
1212,3.5,1.43,2.7,1.27,0.3888888888888889,0.3,data/deam/DEAM_spectrograms_shiv/1212_seg1.npy,country,1,1212_seg1
1212,3.5,1.43,2.7,1.27,0.3888888888888889,0.3,data/deam/DEAM_spectrograms_shiv/1212_seg2.npy,country,1,1212_seg2
1213,3.1,1.22,2.8,1.25,0.3444444444444444,0.3111111111111111,data/deam/DEAM_spectrograms_shiv/1213_seg0.npy,country,1,1213_seg0
1213,3.1,1.22,2.8,1.25,0.3444444444444444,0.3111111111111111,data/deam/DEAM_spectrograms_shiv/1213_seg1.npy,country,1,1213_seg1
1213,3.1,1.22,2.8,1.25,0.3444444444444444,0.3111111111111111,data/deam/DEAM_spectrograms_shiv/1213_seg2.npy,country,1,1213_seg2
1214,6.2,1.08,5.3,1.49,0.6888888888888889,0.5888888888888889,data/deam/DEAM_spectrograms_shiv/1214_seg0.npy,country,1,1214_seg0
1214,6.2,1.08,5.3,1.49,0.6888888888888889,0.5888888888888889,data/deam/DEAM_spectrograms_shiv/1214_seg1.npy,country,1,1214_seg1
1214,6.2,1.08,5.3,1.49,0.6888888888888889,0.5888888888888889,data/deam/DEAM_spectrograms_shiv/1214_seg2.npy,country,1,1214_seg2
1215,6.2,1.17,5.6,1.36,0.6888888888888889,0.6222222222222222,data/deam/DEAM_spectrograms_shiv/1215_seg0.npy,country,1,1215_seg0
1215,6.2,1.17,5.6,1.36,0.6888888888888889,0.6222222222222222,data/deam/DEAM_spectrograms_shiv/1215_seg1.npy,country,1,1215_seg1
1215,6.2,1.17,5.6,1.36,0.6888888888888889,0.6222222222222222,data/deam/DEAM_spectrograms_shiv/1215_seg2.npy,country,1,1215_seg2
1216,5.5,1.36,5.3,1.73,0.6111111111111112,0.5888888888888889,data/deam/DEAM_spectrograms_shiv/1216_seg0.npy,country,1,1216_seg0
1216,5.5,1.36,5.3,1.73,0.6111111111111112,0.5888888888888889,data/deam/DEAM_spectrograms_shiv/1216_seg1.npy,country,1,1216_seg1
1216,5.5,1.36,5.3,1.73,0.6111111111111112,0.5888888888888889,data/deam/DEAM_spectrograms_shiv/1216_seg2.npy,country,1,1216_seg2
1217,3.9,1.58,2.6,1.02,0.4333333333333333,0.2888888888888889,data/deam/DEAM_spectrograms_shiv/1217_seg0.npy,country,1,1217_seg0
1217,3.9,1.58,2.6,1.02,0.4333333333333333,0.2888888888888889,data/deam/DEAM_spectrograms_shiv/1217_seg1.npy,country,1,1217_seg1
1217,3.9,1.58,2.6,1.02,0.4333333333333333,0.2888888888888889,data/deam/DEAM_spectrograms_shiv/1217_seg2.npy,country,1,1217_seg2
1218,3.9,1.92,4.1,1.81,0.4333333333333333,0.4555555555555555,data/deam/DEAM_spectrograms_shiv/1218_seg0.npy,country,1,1218_seg0
1218,3.9,1.92,4.1,1.81,0.4333333333333333,0.4555555555555555,data/deam/DEAM_spectrograms_shiv/1218_seg1.npy,country,1,1218_seg1
1218,3.9,1.92,4.1,1.81,0.4333333333333333,0.4555555555555555,data/deam/DEAM_spectrograms_shiv/1218_seg2.npy,country,1,1218_seg2
1219,4.3,1.27,2.2,1.17,0.4777777777777777,0.2444444444444444,data/deam/DEAM_spectrograms_shiv/1219_seg0.npy,country,1,1219_seg0
1219,4.3,1.27,2.2,1.17,0.4777777777777777,0.2444444444444444,data/deam/DEAM_spectrograms_shiv/1219_seg1.npy,country,1,1219_seg1
1219,4.3,1.27,2.2,1.17,0.4777777777777777,0.2444444444444444,data/deam/DEAM_spectrograms_shiv/1219_seg2.npy,country,1,1219_seg2
1220,3.6,1.56,2.2,1.08,0.4,0.2444444444444444,data/deam/DEAM_spectrograms_shiv/1220_seg0.npy,country,1,1220_seg0
1220,3.6,1.56,2.2,1.08,0.4,0.2444444444444444,data/deam/DEAM_spectrograms_shiv/1220_seg1.npy,country,1,1220_seg1
1220,3.6,1.56,2.2,1.08,0.4,0.2444444444444444,data/deam/DEAM_spectrograms_shiv/1220_seg2.npy,country,1,1220_seg2
1221,5.4,0.8,5.3,1.0,0.6000000000000001,0.5888888888888889,data/deam/DEAM_spectrograms_shiv/1221_seg0.npy,country,1,1221_seg0
1221,5.4,0.8,5.3,1.0,0.6000000000000001,0.5888888888888889,data/deam/DEAM_spectrograms_shiv/1221_seg1.npy,country,1,1221_seg1
1221,5.4,0.8,5.3,1.0,0.6000000000000001,0.5888888888888889,data/deam/DEAM_spectrograms_shiv/1221_seg2.npy,country,1,1221_seg2
1222,4.1,2.02,3.2,1.66,0.4555555555555555,0.3555555555555555,data/deam/DEAM_spectrograms_shiv/1222_seg0.npy,country,1,1222_seg0
1222,4.1,2.02,3.2,1.66,0.4555555555555555,0.3555555555555555,data/deam/DEAM_spectrograms_shiv/1222_seg1.npy,country,1,1222_seg1
1222,4.1,2.02,3.2,1.66,0.4555555555555555,0.3555555555555555,data/deam/DEAM_spectrograms_shiv/1222_seg2.npy,country,1,1222_seg2
1223,4.6,1.91,5.6,1.74,0.5111111111111111,0.6222222222222222,data/deam/DEAM_spectrograms_shiv/1223_seg0.npy,country,1,1223_seg0
1223,4.6,1.91,5.6,1.74,0.5111111111111111,0.6222222222222222,data/deam/DEAM_spectrograms_shiv/1223_seg1.npy,country,1,1223_seg1
1223,4.6,1.91,5.6,1.74,0.5111111111111111,0.6222222222222222,data/deam/DEAM_spectrograms_shiv/1223_seg2.npy,country,1,1223_seg2
1224,6.2,1.72,6.8,1.33,0.6888888888888889,0.7555555555555555,data/deam/DEAM_spectrograms_shiv/1224_seg0.npy,country,1,1224_seg0
1224,6.2,1.72,6.8,1.33,0.6888888888888889,0.7555555555555555,data/deam/DEAM_spectrograms_shiv/1224_seg1.npy,country,1,1224_seg1
1224,6.2,1.72,6.8,1.33,0.6888888888888889,0.7555555555555555,data/deam/DEAM_spectrograms_shiv/1224_seg2.npy,country,1,1224_seg2
1225,3.4,1.85,4.6,2.15,0.3777777777777777,0.5111111111111111,data/deam/DEAM_spectrograms_shiv/1225_seg0.npy,country,1,1225_seg0
1225,3.4,1.85,4.6,2.15,0.3777777777777777,0.5111111111111111,data/deam/DEAM_spectrograms_shiv/1225_seg1.npy,country,1,1225_seg1
1225,3.4,1.85,4.6,2.15,0.3777777777777777,0.5111111111111111,data/deam/DEAM_spectrograms_shiv/1225_seg2.npy,country,1,1225_seg2
1226,3.9,1.58,3.8,1.66,0.4333333333333333,0.4222222222222222,data/deam/DEAM_spectrograms_shiv/1226_seg0.npy,country,1,1226_seg0
1226,3.9,1.58,3.8,1.66,0.4333333333333333,0.4222222222222222,data/deam/DEAM_spectrograms_shiv/1226_seg1.npy,country,1,1226_seg1
1226,3.9,1.58,3.8,1.66,0.4333333333333333,0.4222222222222222,data/deam/DEAM_spectrograms_shiv/1226_seg2.npy,country,1,1226_seg2
1227,4.7,1.79,5.7,1.85,0.5222222222222223,0.6333333333333333,data/deam/DEAM_spectrograms_shiv/1227_seg0.npy,country,1,1227_seg0
1227,4.7,1.79,5.7,1.85,0.5222222222222223,0.6333333333333333,data/deam/DEAM_spectrograms_shiv/1227_seg1.npy,country,1,1227_seg1
1227,4.7,1.79,5.7,1.85,0.5222222222222223,0.6333333333333333,data/deam/DEAM_spectrograms_shiv/1227_seg2.npy,country,1,1227_seg2
1228,5.4,1.43,3.3,1.19,0.6000000000000001,0.3666666666666666,data/deam/DEAM_spectrograms_shiv/1228_seg0.npy,country,1,1228_seg0
1228,5.4,1.43,3.3,1.19,0.6000000000000001,0.3666666666666666,data/deam/DEAM_spectrograms_shiv/1228_seg1.npy,country,1,1228_seg1
1228,5.4,1.43,3.3,1.19,0.6000000000000001,0.3666666666666666,data/deam/DEAM_spectrograms_shiv/1228_seg2.npy,country,1,1228_seg2
1229,5.2,1.66,4.3,1.68,0.5777777777777778,0.4777777777777777,data/deam/DEAM_spectrograms_shiv/1229_seg0.npy,country,1,1229_seg0
1229,5.2,1.66,4.3,1.68,0.5777777777777778,0.4777777777777777,data/deam/DEAM_spectrograms_shiv/1229_seg1.npy,country,1,1229_seg1
1229,5.2,1.66,4.3,1.68,0.5777777777777778,0.4777777777777777,data/deam/DEAM_spectrograms_shiv/1229_seg2.npy,country,1,1229_seg2
1230,5.3,1.42,3.7,1.49,0.5888888888888889,0.4111111111111111,data/deam/DEAM_spectrograms_shiv/1230_seg0.npy,country,1,1230_seg0
1230,5.3,1.42,3.7,1.49,0.5888888888888889,0.4111111111111111,data/deam/DEAM_spectrograms_shiv/1230_seg1.npy,country,1,1230_seg1
1230,5.3,1.42,3.7,1.49,0.5888888888888889,0.4111111111111111,data/deam/DEAM_spectrograms_shiv/1230_seg2.npy,country,1,1230_seg2
1231,5.5,1.5,6.5,1.2,0.6111111111111112,0.7222222222222222,data/deam/DEAM_spectrograms_shiv/1231_seg0.npy,country,1,1231_seg0
1231,5.5,1.5,6.5,1.2,0.6111111111111112,0.7222222222222222,data/deam/DEAM_spectrograms_shiv/1231_seg1.npy,country,1,1231_seg1
1231,5.5,1.5,6.5,1.2,0.6111111111111112,0.7222222222222222,data/deam/DEAM_spectrograms_shiv/1231_seg2.npy,country,1,1231_seg2
1232,6.9,0.83,6.3,1.42,0.7666666666666667,0.7,data/deam/DEAM_spectrograms_shiv/1232_seg0.npy,country,1,1232_seg0
1232,6.9,0.83,6.3,1.42,0.7666666666666667,0.7,data/deam/DEAM_spectrograms_shiv/1232_seg1.npy,country,1,1232_seg1
1232,6.9,0.83,6.3,1.42,0.7666666666666667,0.7,data/deam/DEAM_spectrograms_shiv/1232_seg2.npy,country,1,1232_seg2
1233,5.5,1.28,4.8,1.47,0.6111111111111112,0.5333333333333333,data/deam/DEAM_spectrograms_shiv/1233_seg0.npy,country,1,1233_seg0
1233,5.5,1.28,4.8,1.47,0.6111111111111112,0.5333333333333333,data/deam/DEAM_spectrograms_shiv/1233_seg1.npy,country,1,1233_seg1
1233,5.5,1.28,4.8,1.47,0.6111111111111112,0.5333333333333333,data/deam/DEAM_spectrograms_shiv/1233_seg2.npy,country,1,1233_seg2
1234,4.6,1.43,3.0,0.89,0.5111111111111111,0.3333333333333333,data/deam/DEAM_spectrograms_shiv/1234_seg0.npy,country,1,1234_seg0
1234,4.6,1.43,3.0,0.89,0.5111111111111111,0.3333333333333333,data/deam/DEAM_spectrograms_shiv/1234_seg1.npy,country,1,1234_seg1
1234,4.6,1.43,3.0,0.89,0.5111111111111111,0.3333333333333333,data/deam/DEAM_spectrograms_shiv/1234_seg2.npy,country,1,1234_seg2
1235,4.9,1.22,5.8,1.17,0.5444444444444445,0.6444444444444444,data/deam/DEAM_spectrograms_shiv/1235_seg0.npy,country,1,1235_seg0
1235,4.9,1.22,5.8,1.17,0.5444444444444445,0.6444444444444444,data/deam/DEAM_spectrograms_shiv/1235_seg1.npy,country,1,1235_seg1
1235,4.9,1.22,5.8,1.17,0.5444444444444445,0.6444444444444444,data/deam/DEAM_spectrograms_shiv/1235_seg2.npy,country,1,1235_seg2
1236,4.5,1.02,4.9,1.04,0.5,0.5444444444444445,data/deam/DEAM_spectrograms_shiv/1236_seg0.npy,country,1,1236_seg0
1236,4.5,1.02,4.9,1.04,0.5,0.5444444444444445,data/deam/DEAM_spectrograms_shiv/1236_seg1.npy,country,1,1236_seg1
1236,4.5,1.02,4.9,1.04,0.5,0.5444444444444445,data/deam/DEAM_spectrograms_shiv/1236_seg2.npy,country,1,1236_seg2
1237,4.1,1.37,3.3,1.27,0.4555555555555555,0.3666666666666666,data/deam/DEAM_spectrograms_shiv/1237_seg0.npy,country,1,1237_seg0
1237,4.1,1.37,3.3,1.27,0.4555555555555555,0.3666666666666666,data/deam/DEAM_spectrograms_shiv/1237_seg1.npy,country,1,1237_seg1
1237,4.1,1.37,3.3,1.27,0.4555555555555555,0.3666666666666666,data/deam/DEAM_spectrograms_shiv/1237_seg2.npy,country,1,1237_seg2
1238,5.5,1.36,5.1,1.81,0.6111111111111112,0.5666666666666667,data/deam/DEAM_spectrograms_shiv/1238_seg0.npy,country,1,1238_seg0
1238,5.5,1.36,5.1,1.81,0.6111111111111112,0.5666666666666667,data/deam/DEAM_spectrograms_shiv/1238_seg1.npy,country,1,1238_seg1
1238,5.5,1.36,5.1,1.81,0.6111111111111112,0.5666666666666667,data/deam/DEAM_spectrograms_shiv/1238_seg2.npy,country,1,1238_seg2
1239,6.3,2.0,6.7,1.73,0.7,0.7444444444444445,data/deam/DEAM_spectrograms_shiv/1239_seg0.npy,country,1,1239_seg0
1239,6.3,2.0,6.7,1.73,0.7,0.7444444444444445,data/deam/DEAM_spectrograms_shiv/1239_seg1.npy,country,1,1239_seg1
1239,6.3,2.0,6.7,1.73,0.7,0.7444444444444445,data/deam/DEAM_spectrograms_shiv/1239_seg2.npy,country,1,1239_seg2
1240,2.7,1.19,2.6,0.8,0.3,0.2888888888888889,data/deam/DEAM_spectrograms_shiv/1240_seg0.npy,country,1,1240_seg0
1240,2.7,1.19,2.6,0.8,0.3,0.2888888888888889,data/deam/DEAM_spectrograms_shiv/1240_seg1.npy,country,1,1240_seg1
1240,2.7,1.19,2.6,0.8,0.3,0.2888888888888889,data/deam/DEAM_spectrograms_shiv/1240_seg2.npy,country,1,1240_seg2
1241,4.1,1.37,3.7,1.62,0.4555555555555555,0.4111111111111111,data/deam/DEAM_spectrograms_shiv/1241_seg0.npy,country,1,1241_seg0
1241,4.1,1.37,3.7,1.62,0.4555555555555555,0.4111111111111111,data/deam/DEAM_spectrograms_shiv/1241_seg1.npy,country,1,1241_seg1
1241,4.1,1.37,3.7,1.62,0.4555555555555555,0.4111111111111111,data/deam/DEAM_spectrograms_shiv/1241_seg2.npy,country,1,1241_seg2
1242,4.7,0.9,4.3,1.35,0.5222222222222223,0.4777777777777777,data/deam/DEAM_spectrograms_shiv/1242_seg0.npy,country,1,1242_seg0
1242,4.7,0.9,4.3,1.35,0.5222222222222223,0.4777777777777777,data/deam/DEAM_spectrograms_shiv/1242_seg1.npy,country,1,1242_seg1
1242,4.7,0.9,4.3,1.35,0.5222222222222223,0.4777777777777777,data/deam/DEAM_spectrograms_shiv/1242_seg2.npy,country,1,1242_seg2
1243,5.8,1.4,5.7,1.55,0.6444444444444444,0.6333333333333333,data/deam/DEAM_spectrograms_shiv/1243_seg0.npy,country,1,1243_seg0
1243,5.8,1.4,5.7,1.55,0.6444444444444444,0.6333333333333333,data/deam/DEAM_spectrograms_shiv/1243_seg1.npy,country,1,1243_seg1
1243,5.8,1.4,5.7,1.55,0.6444444444444444,0.6333333333333333,data/deam/DEAM_spectrograms_shiv/1243_seg2.npy,country,1,1243_seg2
1244,4.6,1.5,3.7,1.27,0.5111111111111111,0.4111111111111111,data/deam/DEAM_spectrograms_shiv/1244_seg0.npy,country,1,1244_seg0
1244,4.6,1.5,3.7,1.27,0.5111111111111111,0.4111111111111111,data/deam/DEAM_spectrograms_shiv/1244_seg1.npy,country,1,1244_seg1
1244,4.6,1.5,3.7,1.27,0.5111111111111111,0.4111111111111111,data/deam/DEAM_spectrograms_shiv/1244_seg2.npy,country,1,1244_seg2
1245,6.4,1.91,5.3,2.0,0.7111111111111111,0.5888888888888889,data/deam/DEAM_spectrograms_shiv/1245_seg0.npy,country,1,1245_seg0
1245,6.4,1.91,5.3,2.0,0.7111111111111111,0.5888888888888889,data/deam/DEAM_spectrograms_shiv/1245_seg1.npy,country,1,1245_seg1
1245,6.4,1.91,5.3,2.0,0.7111111111111111,0.5888888888888889,data/deam/DEAM_spectrograms_shiv/1245_seg2.npy,country,1,1245_seg2
1246,4.5,1.8,3.1,1.58,0.5,0.3444444444444444,data/deam/DEAM_spectrograms_shiv/1246_seg0.npy,country,1,1246_seg0
1246,4.5,1.8,3.1,1.58,0.5,0.3444444444444444,data/deam/DEAM_spectrograms_shiv/1246_seg1.npy,country,1,1246_seg1
1246,4.5,1.8,3.1,1.58,0.5,0.3444444444444444,data/deam/DEAM_spectrograms_shiv/1246_seg2.npy,country,1,1246_seg2
1247,4.4,1.91,6.3,1.85,0.4888888888888889,0.7,data/deam/DEAM_spectrograms_shiv/1247_seg0.npy,country,1,1247_seg0
1247,4.4,1.91,6.3,1.85,0.4888888888888889,0.7,data/deam/DEAM_spectrograms_shiv/1247_seg1.npy,country,1,1247_seg1
1247,4.4,1.91,6.3,1.85,0.4888888888888889,0.7,data/deam/DEAM_spectrograms_shiv/1247_seg2.npy,country,1,1247_seg2
1248,3.7,1.35,3.0,1.26,0.4111111111111111,0.3333333333333333,data/deam/DEAM_spectrograms_shiv/1248_seg0.npy,country,1,1248_seg0
1248,3.7,1.35,3.0,1.26,0.4111111111111111,0.3333333333333333,data/deam/DEAM_spectrograms_shiv/1248_seg1.npy,country,1,1248_seg1
1248,3.7,1.35,3.0,1.26,0.4111111111111111,0.3333333333333333,data/deam/DEAM_spectrograms_shiv/1248_seg2.npy,country,1,1248_seg2
1249,5.1,1.76,5.6,1.8,0.5666666666666667,0.6222222222222222,data/deam/DEAM_spectrograms_shiv/1249_seg0.npy,country,1,1249_seg0
1249,5.1,1.76,5.6,1.8,0.5666666666666667,0.6222222222222222,data/deam/DEAM_spectrograms_shiv/1249_seg1.npy,country,1,1249_seg1
1249,5.1,1.76,5.6,1.8,0.5666666666666667,0.6222222222222222,data/deam/DEAM_spectrograms_shiv/1249_seg2.npy,country,1,1249_seg2
1250,7.0,1.41,7.4,0.92,0.7777777777777778,0.8222222222222223,data/deam/DEAM_spectrograms_shiv/1250_seg0.npy,country,1,1250_seg0
1250,7.0,1.41,7.4,0.92,0.7777777777777778,0.8222222222222223,data/deam/DEAM_spectrograms_shiv/1250_seg1.npy,country,1,1250_seg1
1250,7.0,1.41,7.4,0.92,0.7777777777777778,0.8222222222222223,data/deam/DEAM_spectrograms_shiv/1250_seg2.npy,country,1,1250_seg2
1251,6.9,0.83,6.3,0.78,0.7666666666666667,0.7,data/deam/DEAM_spectrograms_shiv/1251_seg0.npy,country,1,1251_seg0
1251,6.9,0.83,6.3,0.78,0.7666666666666667,0.7,data/deam/DEAM_spectrograms_shiv/1251_seg1.npy,country,1,1251_seg1
1251,6.9,0.83,6.3,0.78,0.7666666666666667,0.7,data/deam/DEAM_spectrograms_shiv/1251_seg2.npy,country,1,1251_seg2
1252,5.2,0.87,5.1,1.04,0.5777777777777778,0.5666666666666667,data/deam/DEAM_spectrograms_shiv/1252_seg0.npy,country,1,1252_seg0
1252,5.2,0.87,5.1,1.04,0.5777777777777778,0.5666666666666667,data/deam/DEAM_spectrograms_shiv/1252_seg1.npy,country,1,1252_seg1
1252,5.2,0.87,5.1,1.04,0.5777777777777778,0.5666666666666667,data/deam/DEAM_spectrograms_shiv/1252_seg2.npy,country,1,1252_seg2
1253,4.1,1.3,3.0,1.0,0.4555555555555555,0.3333333333333333,data/deam/DEAM_spectrograms_shiv/1253_seg0.npy,country,1,1253_seg0
1253,4.1,1.3,3.0,1.0,0.4555555555555555,0.3333333333333333,data/deam/DEAM_spectrograms_shiv/1253_seg1.npy,country,1,1253_seg1
1253,4.1,1.3,3.0,1.0,0.4555555555555555,0.3333333333333333,data/deam/DEAM_spectrograms_shiv/1253_seg2.npy,country,1,1253_seg2
1254,4.7,1.79,6.2,2.23,0.5222222222222223,0.6888888888888889,data/deam/DEAM_spectrograms_shiv/1254_seg0.npy,country,1,1254_seg0
1254,4.7,1.79,6.2,2.23,0.5222222222222223,0.6888888888888889,data/deam/DEAM_spectrograms_shiv/1254_seg1.npy,country,1,1254_seg1
1254,4.7,1.79,6.2,2.23,0.5222222222222223,0.6888888888888889,data/deam/DEAM_spectrograms_shiv/1254_seg2.npy,country,1,1254_seg2
1255,3.4,2.32,2.0,0.81,0.3777777777777777,0.2222222222222222,data/deam/DEAM_spectrograms_shiv/1255_seg0.npy,country,1,1255_seg0
1255,3.4,2.32,2.0,0.81,0.3777777777777777,0.2222222222222222,data/deam/DEAM_spectrograms_shiv/1255_seg1.npy,country,1,1255_seg1
1255,3.4,2.32,2.0,0.81,0.3777777777777777,0.2222222222222222,data/deam/DEAM_spectrograms_shiv/1255_seg2.npy,country,1,1255_seg2
1256,5.7,1.27,5.5,1.69,0.6333333333333333,0.6111111111111112,data/deam/DEAM_spectrograms_shiv/1256_seg0.npy,country,1,1256_seg0
1256,5.7,1.27,5.5,1.69,0.6333333333333333,0.6111111111111112,data/deam/DEAM_spectrograms_shiv/1256_seg1.npy,country,1,1256_seg1
1256,5.7,1.27,5.5,1.69,0.6333333333333333,0.6111111111111112,data/deam/DEAM_spectrograms_shiv/1256_seg2.npy,country,1,1256_seg2
1257,5.0,1.18,3.8,1.25,0.5555555555555556,0.4222222222222222,data/deam/DEAM_spectrograms_shiv/1257_seg0.npy,country,1,1257_seg0
1257,5.0,1.18,3.8,1.25,0.5555555555555556,0.4222222222222222,data/deam/DEAM_spectrograms_shiv/1257_seg1.npy,country,1,1257_seg1
1257,5.0,1.18,3.8,1.25,0.5555555555555556,0.4222222222222222,data/deam/DEAM_spectrograms_shiv/1257_seg2.npy,country,1,1257_seg2
1258,5.7,1.62,5.6,1.74,0.6333333333333333,0.6222222222222222,data/deam/DEAM_spectrograms_shiv/1258_seg0.npy,country,1,1258_seg0
1258,5.7,1.62,5.6,1.74,0.6333333333333333,0.6222222222222222,data/deam/DEAM_spectrograms_shiv/1258_seg1.npy,country,1,1258_seg1
1258,5.7,1.62,5.6,1.74,0.6333333333333333,0.6222222222222222,data/deam/DEAM_spectrograms_shiv/1258_seg2.npy,country,1,1258_seg2
1259,3.6,1.5,2.8,1.08,0.4,0.3111111111111111,data/deam/DEAM_spectrograms_shiv/1259_seg0.npy,country,1,1259_seg0
1259,3.6,1.5,2.8,1.08,0.4,0.3111111111111111,data/deam/DEAM_spectrograms_shiv/1259_seg1.npy,country,1,1259_seg1
1259,3.6,1.5,2.8,1.08,0.4,0.3111111111111111,data/deam/DEAM_spectrograms_shiv/1259_seg2.npy,country,1,1259_seg2
1260,7.2,0.75,6.5,1.43,0.8,0.7222222222222222,data/deam/DEAM_spectrograms_shiv/1260_seg0.npy,country,1,1260_seg0
1260,7.2,0.75,6.5,1.43,0.8,0.7222222222222222,data/deam/DEAM_spectrograms_shiv/1260_seg1.npy,country,1,1260_seg1
1260,7.2,0.75,6.5,1.43,0.8,0.7222222222222222,data/deam/DEAM_spectrograms_shiv/1260_seg2.npy,country,1,1260_seg2
1261,3.8,1.83,3.1,1.37,0.4222222222222222,0.3444444444444444,data/deam/DEAM_spectrograms_shiv/1261_seg0.npy,country,1,1261_seg0
1261,3.8,1.83,3.1,1.37,0.4222222222222222,0.3444444444444444,data/deam/DEAM_spectrograms_shiv/1261_seg1.npy,country,1,1261_seg1
1261,3.8,1.83,3.1,1.37,0.4222222222222222,0.3444444444444444,data/deam/DEAM_spectrograms_shiv/1261_seg2.npy,country,1,1261_seg2
1262,4.5,1.8,4.8,1.4,0.5,0.5333333333333333,data/deam/DEAM_spectrograms_shiv/1262_seg0.npy,country,1,1262_seg0
1262,4.5,1.8,4.8,1.4,0.5,0.5333333333333333,data/deam/DEAM_spectrograms_shiv/1262_seg1.npy,country,1,1262_seg1
1262,4.5,1.8,4.8,1.4,0.5,0.5333333333333333,data/deam/DEAM_spectrograms_shiv/1262_seg2.npy,country,1,1262_seg2
1263,5.8,1.47,5.1,1.22,0.6444444444444444,0.5666666666666667,data/deam/DEAM_spectrograms_shiv/1263_seg0.npy,country,1,1263_seg0
1263,5.8,1.47,5.1,1.22,0.6444444444444444,0.5666666666666667,data/deam/DEAM_spectrograms_shiv/1263_seg1.npy,country,1,1263_seg1
1263,5.8,1.47,5.1,1.22,0.6444444444444444,0.5666666666666667,data/deam/DEAM_spectrograms_shiv/1263_seg2.npy,country,1,1263_seg2
1264,4.6,1.96,3.6,1.96,0.5111111111111111,0.4,data/deam/DEAM_spectrograms_shiv/1264_seg0.npy,country,1,1264_seg0
1264,4.6,1.96,3.6,1.96,0.5111111111111111,0.4,data/deam/DEAM_spectrograms_shiv/1264_seg1.npy,country,1,1264_seg1
1264,4.6,1.96,3.6,1.96,0.5111111111111111,0.4,data/deam/DEAM_spectrograms_shiv/1264_seg2.npy,country,1,1264_seg2
1265,5.8,1.4,5.5,1.12,0.6444444444444444,0.6111111111111112,data/deam/DEAM_spectrograms_shiv/1265_seg0.npy,country,1,1265_seg0
1265,5.8,1.4,5.5,1.12,0.6444444444444444,0.6111111111111112,data/deam/DEAM_spectrograms_shiv/1265_seg1.npy,country,1,1265_seg1
1265,5.8,1.4,5.5,1.12,0.6444444444444444,0.6111111111111112,data/deam/DEAM_spectrograms_shiv/1265_seg2.npy,country,1,1265_seg2
1266,5.6,0.66,5.1,1.14,0.6222222222222222,0.5666666666666667,data/deam/DEAM_spectrograms_shiv/1266_seg0.npy,country,1,1266_seg0
1266,5.6,0.66,5.1,1.14,0.6222222222222222,0.5666666666666667,data/deam/DEAM_spectrograms_shiv/1266_seg1.npy,country,1,1266_seg1
1266,5.6,0.66,5.1,1.14,0.6222222222222222,0.5666666666666667,data/deam/DEAM_spectrograms_shiv/1266_seg2.npy,country,1,1266_seg2
1267,4.5,1.69,3.7,1.55,0.5,0.4111111111111111,data/deam/DEAM_spectrograms_shiv/1267_seg0.npy,country,1,1267_seg0
1267,4.5,1.69,3.7,1.55,0.5,0.4111111111111111,data/deam/DEAM_spectrograms_shiv/1267_seg1.npy,country,1,1267_seg1
1267,4.5,1.69,3.7,1.55,0.5,0.4111111111111111,data/deam/DEAM_spectrograms_shiv/1267_seg2.npy,country,1,1267_seg2
1268,5.3,1.42,3.7,1.55,0.5888888888888889,0.4111111111111111,data/deam/DEAM_spectrograms_shiv/1268_seg0.npy,country,1,1268_seg0
1268,5.3,1.42,3.7,1.55,0.5888888888888889,0.4111111111111111,data/deam/DEAM_spectrograms_shiv/1268_seg1.npy,country,1,1268_seg1
1268,5.3,1.42,3.7,1.55,0.5888888888888889,0.4111111111111111,data/deam/DEAM_spectrograms_shiv/1268_seg2.npy,country,1,1268_seg2
1269,3.5,1.2,4.4,1.56,0.3888888888888889,0.4888888888888889,data/deam/DEAM_spectrograms_shiv/1269_seg0.npy,country,1,1269_seg0
1269,3.5,1.2,4.4,1.56,0.3888888888888889,0.4888888888888889,data/deam/DEAM_spectrograms_shiv/1269_seg1.npy,country,1,1269_seg1
1269,3.5,1.2,4.4,1.56,0.3888888888888889,0.4888888888888889,data/deam/DEAM_spectrograms_shiv/1269_seg2.npy,country,1,1269_seg2
1270,4.6,1.02,5.3,1.49,0.5111111111111111,0.5888888888888889,data/deam/DEAM_spectrograms_shiv/1270_seg0.npy,country,1,1270_seg0
1270,4.6,1.02,5.3,1.49,0.5111111111111111,0.5888888888888889,data/deam/DEAM_spectrograms_shiv/1270_seg1.npy,country,1,1270_seg1
1270,4.6,1.02,5.3,1.49,0.5111111111111111,0.5888888888888889,data/deam/DEAM_spectrograms_shiv/1270_seg2.npy,country,1,1270_seg2
1271,4.6,1.2,4.7,1.0,0.5111111111111111,0.5222222222222223,data/deam/DEAM_spectrograms_shiv/1271_seg0.npy,country,1,1271_seg0
1271,4.6,1.2,4.7,1.0,0.5111111111111111,0.5222222222222223,data/deam/DEAM_spectrograms_shiv/1271_seg1.npy,country,1,1271_seg1
1271,4.6,1.2,4.7,1.0,0.5111111111111111,0.5222222222222223,data/deam/DEAM_spectrograms_shiv/1271_seg2.npy,country,1,1271_seg2
1272,4.0,1.48,3.2,1.33,0.4444444444444444,0.3555555555555555,data/deam/DEAM_spectrograms_shiv/1272_seg0.npy,country,1,1272_seg0
1272,4.0,1.48,3.2,1.33,0.4444444444444444,0.3555555555555555,data/deam/DEAM_spectrograms_shiv/1272_seg1.npy,country,1,1272_seg1
1272,4.0,1.48,3.2,1.33,0.4444444444444444,0.3555555555555555,data/deam/DEAM_spectrograms_shiv/1272_seg2.npy,country,1,1272_seg2
1273,4.8,2.18,5.6,1.69,0.5333333333333333,0.6222222222222222,data/deam/DEAM_spectrograms_shiv/1273_seg0.npy,country,1,1273_seg0
1273,4.8,2.18,5.6,1.69,0.5333333333333333,0.6222222222222222,data/deam/DEAM_spectrograms_shiv/1273_seg1.npy,country,1,1273_seg1
1273,4.8,2.18,5.6,1.69,0.5333333333333333,0.6222222222222222,data/deam/DEAM_spectrograms_shiv/1273_seg2.npy,country,1,1273_seg2
1274,6.0,1.48,5.4,1.11,0.6666666666666666,0.6000000000000001,data/deam/DEAM_spectrograms_shiv/1274_seg0.npy,country,1,1274_seg0
1274,6.0,1.48,5.4,1.11,0.6666666666666666,0.6000000000000001,data/deam/DEAM_spectrograms_shiv/1274_seg1.npy,country,1,1274_seg1
1274,6.0,1.48,5.4,1.11,0.6666666666666666,0.6000000000000001,data/deam/DEAM_spectrograms_shiv/1274_seg2.npy,country,1,1274_seg2
1275,3.5,1.63,2.8,1.25,0.3888888888888889,0.3111111111111111,data/deam/DEAM_spectrograms_shiv/1275_seg0.npy,country,1,1275_seg0
1275,3.5,1.63,2.8,1.25,0.3888888888888889,0.3111111111111111,data/deam/DEAM_spectrograms_shiv/1275_seg1.npy,country,1,1275_seg1
1275,3.5,1.63,2.8,1.25,0.3888888888888889,0.3111111111111111,data/deam/DEAM_spectrograms_shiv/1275_seg2.npy,country,1,1275_seg2
1276,4.8,1.08,5.5,0.81,0.5333333333333333,0.6111111111111112,data/deam/DEAM_spectrograms_shiv/1276_seg0.npy,country,1,1276_seg0
1276,4.8,1.08,5.5,0.81,0.5333333333333333,0.6111111111111112,data/deam/DEAM_spectrograms_shiv/1276_seg1.npy,country,1,1276_seg1
1276,4.8,1.08,5.5,0.81,0.5333333333333333,0.6111111111111112,data/deam/DEAM_spectrograms_shiv/1276_seg2.npy,country,1,1276_seg2
1277,2.9,1.14,2.2,1.17,0.3222222222222222,0.2444444444444444,data/deam/DEAM_spectrograms_shiv/1277_seg0.npy,country,1,1277_seg0
1277,2.9,1.14,2.2,1.17,0.3222222222222222,0.2444444444444444,data/deam/DEAM_spectrograms_shiv/1277_seg1.npy,country,1,1277_seg1
1277,2.9,1.14,2.2,1.17,0.3222222222222222,0.2444444444444444,data/deam/DEAM_spectrograms_shiv/1277_seg2.npy,country,1,1277_seg2
1278,5.1,1.58,4.1,1.64,0.5666666666666667,0.4555555555555555,data/deam/DEAM_spectrograms_shiv/1278_seg0.npy,country,1,1278_seg0
1278,5.1,1.58,4.1,1.64,0.5666666666666667,0.4555555555555555,data/deam/DEAM_spectrograms_shiv/1278_seg1.npy,country,1,1278_seg1
1278,5.1,1.58,4.1,1.64,0.5666666666666667,0.4555555555555555,data/deam/DEAM_spectrograms_shiv/1278_seg2.npy,country,1,1278_seg2
1279,5.6,1.8,4.2,1.33,0.6222222222222222,0.4666666666666667,data/deam/DEAM_spectrograms_shiv/1279_seg0.npy,country,1,1279_seg0
1279,5.6,1.8,4.2,1.33,0.6222222222222222,0.4666666666666667,data/deam/DEAM_spectrograms_shiv/1279_seg1.npy,country,1,1279_seg1
1279,5.6,1.8,4.2,1.33,0.6222222222222222,0.4666666666666667,data/deam/DEAM_spectrograms_shiv/1279_seg2.npy,country,1,1279_seg2
1280,5.9,1.7,5.4,1.43,0.6555555555555556,0.6000000000000001,data/deam/DEAM_spectrograms_shiv/1280_seg0.npy,country,1,1280_seg0
1280,5.9,1.7,5.4,1.43,0.6555555555555556,0.6000000000000001,data/deam/DEAM_spectrograms_shiv/1280_seg1.npy,country,1,1280_seg1
1280,5.9,1.7,5.4,1.43,0.6555555555555556,0.6000000000000001,data/deam/DEAM_spectrograms_shiv/1280_seg2.npy,country,1,1280_seg2
1281,5.4,1.36,4.5,1.86,0.6000000000000001,0.5,data/deam/DEAM_spectrograms_shiv/1281_seg0.npy,country,1,1281_seg0
1281,5.4,1.36,4.5,1.86,0.6000000000000001,0.5,data/deam/DEAM_spectrograms_shiv/1281_seg1.npy,country,1,1281_seg1
1281,5.4,1.36,4.5,1.86,0.6000000000000001,0.5,data/deam/DEAM_spectrograms_shiv/1281_seg2.npy,country,1,1281_seg2
1282,6.8,1.54,6.4,1.43,0.7555555555555555,0.7111111111111111,data/deam/DEAM_spectrograms_shiv/1282_seg0.npy,country,1,1282_seg0
1282,6.8,1.54,6.4,1.43,0.7555555555555555,0.7111111111111111,data/deam/DEAM_spectrograms_shiv/1282_seg1.npy,country,1,1282_seg1
1282,6.8,1.54,6.4,1.43,0.7555555555555555,0.7111111111111111,data/deam/DEAM_spectrograms_shiv/1282_seg2.npy,country,1,1282_seg2
1283,3.3,1.79,5.2,1.47,0.3666666666666666,0.5777777777777778,data/deam/DEAM_spectrograms_shiv/1283_seg0.npy,country,1,1283_seg0
1283,3.3,1.79,5.2,1.47,0.3666666666666666,0.5777777777777778,data/deam/DEAM_spectrograms_shiv/1283_seg1.npy,country,1,1283_seg1
1283,3.3,1.79,5.2,1.47,0.3666666666666666,0.5777777777777778,data/deam/DEAM_spectrograms_shiv/1283_seg2.npy,country,1,1283_seg2
1284,6.3,1.42,6.6,1.28,0.7,0.7333333333333333,data/deam/DEAM_spectrograms_shiv/1284_seg0.npy,country,1,1284_seg0
1284,6.3,1.42,6.6,1.28,0.7,0.7333333333333333,data/deam/DEAM_spectrograms_shiv/1284_seg1.npy,country,1,1284_seg1
1284,6.3,1.42,6.6,1.28,0.7,0.7333333333333333,data/deam/DEAM_spectrograms_shiv/1284_seg2.npy,country,1,1284_seg2
1285,5.1,1.81,4.9,1.92,0.5666666666666667,0.5444444444444445,data/deam/DEAM_spectrograms_shiv/1285_seg0.npy,country,1,1285_seg0
1285,5.1,1.81,4.9,1.92,0.5666666666666667,0.5444444444444445,data/deam/DEAM_spectrograms_shiv/1285_seg1.npy,country,1,1285_seg1
1285,5.1,1.81,4.9,1.92,0.5666666666666667,0.5444444444444445,data/deam/DEAM_spectrograms_shiv/1285_seg2.npy,country,1,1285_seg2
1286,3.8,1.83,3.0,1.34,0.4222222222222222,0.3333333333333333,data/deam/DEAM_spectrograms_shiv/1286_seg0.npy,country,1,1286_seg0
1286,3.8,1.83,3.0,1.34,0.4222222222222222,0.3333333333333333,data/deam/DEAM_spectrograms_shiv/1286_seg1.npy,country,1,1286_seg1
1286,3.8,1.83,3.0,1.34,0.4222222222222222,0.3333333333333333,data/deam/DEAM_spectrograms_shiv/1286_seg2.npy,country,1,1286_seg2
1287,4.5,1.36,4.3,2.0,0.5,0.4777777777777777,data/deam/DEAM_spectrograms_shiv/1287_seg0.npy,country,1,1287_seg0
1287,4.5,1.36,4.3,2.0,0.5,0.4777777777777777,data/deam/DEAM_spectrograms_shiv/1287_seg1.npy,country,1,1287_seg1
1287,4.5,1.36,4.3,2.0,0.5,0.4777777777777777,data/deam/DEAM_spectrograms_shiv/1287_seg2.npy,country,1,1287_seg2
1288,5.2,1.54,3.4,1.36,0.5777777777777778,0.3777777777777777,data/deam/DEAM_spectrograms_shiv/1288_seg0.npy,country,1,1288_seg0
1288,5.2,1.54,3.4,1.36,0.5777777777777778,0.3777777777777777,data/deam/DEAM_spectrograms_shiv/1288_seg1.npy,country,1,1288_seg1
1288,5.2,1.54,3.4,1.36,0.5777777777777778,0.3777777777777777,data/deam/DEAM_spectrograms_shiv/1288_seg2.npy,country,1,1288_seg2
1289,5.0,1.41,4.4,1.43,0.5555555555555556,0.4888888888888889,data/deam/DEAM_spectrograms_shiv/1289_seg0.npy,country,1,1289_seg0
1289,5.0,1.41,4.4,1.43,0.5555555555555556,0.4888888888888889,data/deam/DEAM_spectrograms_shiv/1289_seg1.npy,country,1,1289_seg1
1289,5.0,1.41,4.4,1.43,0.5555555555555556,0.4888888888888889,data/deam/DEAM_spectrograms_shiv/1289_seg2.npy,country,1,1289_seg2
1290,6.6,1.2,6.6,1.36,0.7333333333333333,0.7333333333333333,data/deam/DEAM_spectrograms_shiv/1290_seg0.npy,country,1,1290_seg0
1290,6.6,1.2,6.6,1.36,0.7333333333333333,0.7333333333333333,data/deam/DEAM_spectrograms_shiv/1290_seg1.npy,country,1,1290_seg1
1290,6.6,1.2,6.6,1.36,0.7333333333333333,0.7333333333333333,data/deam/DEAM_spectrograms_shiv/1290_seg2.npy,country,1,1290_seg2
1291,3.6,2.01,2.5,1.28,0.4,0.2777777777777778,data/deam/DEAM_spectrograms_shiv/1291_seg0.npy,country,1,1291_seg0
1291,3.6,2.01,2.5,1.28,0.4,0.2777777777777778,data/deam/DEAM_spectrograms_shiv/1291_seg1.npy,country,1,1291_seg1
1291,3.6,2.01,2.5,1.28,0.4,0.2777777777777778,data/deam/DEAM_spectrograms_shiv/1291_seg2.npy,country,1,1291_seg2
1292,5.6,1.91,5.2,1.08,0.6222222222222222,0.5777777777777778,data/deam/DEAM_spectrograms_shiv/1292_seg0.npy,country,1,1292_seg0
1292,5.6,1.91,5.2,1.08,0.6222222222222222,0.5777777777777778,data/deam/DEAM_spectrograms_shiv/1292_seg1.npy,country,1,1292_seg1
1292,5.6,1.91,5.2,1.08,0.6222222222222222,0.5777777777777778,data/deam/DEAM_spectrograms_shiv/1292_seg2.npy,country,1,1292_seg2
1293,5.7,1.1,5.1,1.22,0.6333333333333333,0.5666666666666667,data/deam/DEAM_spectrograms_shiv/1293_seg0.npy,country,1,1293_seg0
1293,5.7,1.1,5.1,1.22,0.6333333333333333,0.5666666666666667,data/deam/DEAM_spectrograms_shiv/1293_seg1.npy,country,1,1293_seg1
1293,5.7,1.1,5.1,1.22,0.6333333333333333,0.5666666666666667,data/deam/DEAM_spectrograms_shiv/1293_seg2.npy,country,1,1293_seg2
1294,5.9,1.22,5.5,1.28,0.6555555555555556,0.6111111111111112,data/deam/DEAM_spectrograms_shiv/1294_seg0.npy,country,1,1294_seg0
1294,5.9,1.22,5.5,1.28,0.6555555555555556,0.6111111111111112,data/deam/DEAM_spectrograms_shiv/1294_seg1.npy,country,1,1294_seg1
1294,5.9,1.22,5.5,1.28,0.6555555555555556,0.6111111111111112,data/deam/DEAM_spectrograms_shiv/1294_seg2.npy,country,1,1294_seg2
1295,6.9,1.04,6.4,1.8,0.7666666666666667,0.7111111111111111,data/deam/DEAM_spectrograms_shiv/1295_seg0.npy,country,1,1295_seg0
1295,6.9,1.04,6.4,1.8,0.7666666666666667,0.7111111111111111,data/deam/DEAM_spectrograms_shiv/1295_seg1.npy,country,1,1295_seg1
1295,6.9,1.04,6.4,1.8,0.7666666666666667,0.7111111111111111,data/deam/DEAM_spectrograms_shiv/1295_seg2.npy,country,1,1295_seg2
1296,5.0,1.34,5.9,0.83,0.5555555555555556,0.6555555555555556,data/deam/DEAM_spectrograms_shiv/1296_seg0.npy,country,1,1296_seg0
1296,5.0,1.34,5.9,0.83,0.5555555555555556,0.6555555555555556,data/deam/DEAM_spectrograms_shiv/1296_seg1.npy,country,1,1296_seg1
1296,5.0,1.34,5.9,0.83,0.5555555555555556,0.6555555555555556,data/deam/DEAM_spectrograms_shiv/1296_seg2.npy,country,1,1296_seg2
1297,4.8,1.81,3.7,1.49,0.5333333333333333,0.4111111111111111,data/deam/DEAM_spectrograms_shiv/1297_seg0.npy,country,1,1297_seg0
1297,4.8,1.81,3.7,1.49,0.5333333333333333,0.4111111111111111,data/deam/DEAM_spectrograms_shiv/1297_seg1.npy,country,1,1297_seg1
1297,4.8,1.81,3.7,1.49,0.5333333333333333,0.4111111111111111,data/deam/DEAM_spectrograms_shiv/1297_seg2.npy,country,1,1297_seg2
1298,6.9,0.94,5.6,1.36,0.7666666666666667,0.6222222222222222,data/deam/DEAM_spectrograms_shiv/1298_seg0.npy,country,1,1298_seg0
1298,6.9,0.94,5.6,1.36,0.7666666666666667,0.6222222222222222,data/deam/DEAM_spectrograms_shiv/1298_seg1.npy,country,1,1298_seg1
1298,6.9,0.94,5.6,1.36,0.7666666666666667,0.6222222222222222,data/deam/DEAM_spectrograms_shiv/1298_seg2.npy,country,1,1298_seg2
1299,4.5,1.5,4.7,1.27,0.5,0.5222222222222223,data/deam/DEAM_spectrograms_shiv/1299_seg0.npy,country,1,1299_seg0
1299,4.5,1.5,4.7,1.27,0.5,0.5222222222222223,data/deam/DEAM_spectrograms_shiv/1299_seg1.npy,country,1,1299_seg1
1299,4.5,1.5,4.7,1.27,0.5,0.5222222222222223,data/deam/DEAM_spectrograms_shiv/1299_seg2.npy,country,1,1299_seg2
1300,6.0,1.1,4.5,1.2,0.6666666666666666,0.5,data/deam/DEAM_spectrograms_shiv/1300_seg0.npy,country,1,1300_seg0
1300,6.0,1.1,4.5,1.2,0.6666666666666666,0.5,data/deam/DEAM_spectrograms_shiv/1300_seg1.npy,country,1,1300_seg1
1300,6.0,1.1,4.5,1.2,0.6666666666666666,0.5,data/deam/DEAM_spectrograms_shiv/1300_seg2.npy,country,1,1300_seg2
1701,4.0,1.55,3.1,1.51,0.4444444444444444,0.3444444444444444,data/deam/DEAM_spectrograms_shiv/1701_seg0.npy,jazz,2,1701_seg0
1701,4.0,1.55,3.1,1.51,0.4444444444444444,0.3444444444444444,data/deam/DEAM_spectrograms_shiv/1701_seg1.npy,jazz,2,1701_seg1
1701,4.0,1.55,3.1,1.51,0.4444444444444444,0.3444444444444444,data/deam/DEAM_spectrograms_shiv/1701_seg2.npy,jazz,2,1701_seg2
1702,4.1,1.3,3.9,1.81,0.4555555555555555,0.4333333333333333,data/deam/DEAM_spectrograms_shiv/1702_seg0.npy,jazz,2,1702_seg0
1702,4.1,1.3,3.9,1.81,0.4555555555555555,0.4333333333333333,data/deam/DEAM_spectrograms_shiv/1702_seg1.npy,jazz,2,1702_seg1
1702,4.1,1.3,3.9,1.81,0.4555555555555555,0.4333333333333333,data/deam/DEAM_spectrograms_shiv/1702_seg2.npy,jazz,2,1702_seg2
1703,5.3,1.42,6.7,2.1,0.5888888888888889,0.7444444444444445,data/deam/DEAM_spectrograms_shiv/1703_seg0.npy,jazz,2,1703_seg0
1703,5.3,1.42,6.7,2.1,0.5888888888888889,0.7444444444444445,data/deam/DEAM_spectrograms_shiv/1703_seg1.npy,jazz,2,1703_seg1
1703,5.3,1.42,6.7,2.1,0.5888888888888889,0.7444444444444445,data/deam/DEAM_spectrograms_shiv/1703_seg2.npy,jazz,2,1703_seg2
1704,5.3,1.62,6.4,1.11,0.5888888888888889,0.7111111111111111,data/deam/DEAM_spectrograms_shiv/1704_seg0.npy,jazz,2,1704_seg0
1704,5.3,1.62,6.4,1.11,0.5888888888888889,0.7111111111111111,data/deam/DEAM_spectrograms_shiv/1704_seg1.npy,jazz,2,1704_seg1
1704,5.3,1.62,6.4,1.11,0.5888888888888889,0.7111111111111111,data/deam/DEAM_spectrograms_shiv/1704_seg2.npy,jazz,2,1704_seg2
1705,4.0,1.34,4.4,1.43,0.4444444444444444,0.4888888888888889,data/deam/DEAM_spectrograms_shiv/1705_seg0.npy,jazz,2,1705_seg0
1705,4.0,1.34,4.4,1.43,0.4444444444444444,0.4888888888888889,data/deam/DEAM_spectrograms_shiv/1705_seg1.npy,jazz,2,1705_seg1
1705,4.0,1.34,4.4,1.43,0.4444444444444444,0.4888888888888889,data/deam/DEAM_spectrograms_shiv/1705_seg2.npy,jazz,2,1705_seg2
1706,4.9,1.81,4.0,1.9,0.5444444444444445,0.4444444444444444,data/deam/DEAM_spectrograms_shiv/1706_seg0.npy,jazz,2,1706_seg0
1706,4.9,1.81,4.0,1.9,0.5444444444444445,0.4444444444444444,data/deam/DEAM_spectrograms_shiv/1706_seg1.npy,jazz,2,1706_seg1
1706,4.9,1.81,4.0,1.9,0.5444444444444445,0.4444444444444444,data/deam/DEAM_spectrograms_shiv/1706_seg2.npy,jazz,2,1706_seg2
1707,3.5,1.28,4.0,1.26,0.3888888888888889,0.4444444444444444,data/deam/DEAM_spectrograms_shiv/1707_seg0.npy,jazz,2,1707_seg0
1707,3.5,1.28,4.0,1.26,0.3888888888888889,0.4444444444444444,data/deam/DEAM_spectrograms_shiv/1707_seg1.npy,jazz,2,1707_seg1
1707,3.5,1.28,4.0,1.26,0.3888888888888889,0.4444444444444444,data/deam/DEAM_spectrograms_shiv/1707_seg2.npy,jazz,2,1707_seg2
1708,4.2,1.4,3.6,1.43,0.4666666666666667,0.4,data/deam/DEAM_spectrograms_shiv/1708_seg0.npy,jazz,2,1708_seg0
1708,4.2,1.4,3.6,1.43,0.4666666666666667,0.4,data/deam/DEAM_spectrograms_shiv/1708_seg1.npy,jazz,2,1708_seg1
1708,4.2,1.4,3.6,1.43,0.4666666666666667,0.4,data/deam/DEAM_spectrograms_shiv/1708_seg2.npy,jazz,2,1708_seg2
1709,4.0,2.0,3.8,1.94,0.4444444444444444,0.4222222222222222,data/deam/DEAM_spectrograms_shiv/1709_seg0.npy,jazz,2,1709_seg0
1709,4.0,2.0,3.8,1.94,0.4444444444444444,0.4222222222222222,data/deam/DEAM_spectrograms_shiv/1709_seg1.npy,jazz,2,1709_seg1
1709,4.0,2.0,3.8,1.94,0.4444444444444444,0.4222222222222222,data/deam/DEAM_spectrograms_shiv/1709_seg2.npy,jazz,2,1709_seg2
1710,3.6,1.02,2.9,0.94,0.4,0.3222222222222222,data/deam/DEAM_spectrograms_shiv/1710_seg0.npy,jazz,2,1710_seg0
1710,3.6,1.02,2.9,0.94,0.4,0.3222222222222222,data/deam/DEAM_spectrograms_shiv/1710_seg1.npy,jazz,2,1710_seg1
1710,3.6,1.02,2.9,0.94,0.4,0.3222222222222222,data/deam/DEAM_spectrograms_shiv/1710_seg2.npy,jazz,2,1710_seg2
1711,5.0,1.1,3.2,1.47,0.5555555555555556,0.3555555555555555,data/deam/DEAM_spectrograms_shiv/1711_seg0.npy,jazz,2,1711_seg0
1711,5.0,1.1,3.2,1.47,0.5555555555555556,0.3555555555555555,data/deam/DEAM_spectrograms_shiv/1711_seg1.npy,jazz,2,1711_seg1
1711,5.0,1.1,3.2,1.47,0.5555555555555556,0.3555555555555555,data/deam/DEAM_spectrograms_shiv/1711_seg2.npy,jazz,2,1711_seg2
1712,4.4,1.69,2.9,1.22,0.4888888888888889,0.3222222222222222,data/deam/DEAM_spectrograms_shiv/1712_seg0.npy,jazz,2,1712_seg0
1712,4.4,1.69,2.9,1.22,0.4888888888888889,0.3222222222222222,data/deam/DEAM_spectrograms_shiv/1712_seg1.npy,jazz,2,1712_seg1
1712,4.4,1.69,2.9,1.22,0.4888888888888889,0.3222222222222222,data/deam/DEAM_spectrograms_shiv/1712_seg2.npy,jazz,2,1712_seg2
1713,6.2,1.4,5.7,1.27,0.6888888888888889,0.6333333333333333,data/deam/DEAM_spectrograms_shiv/1713_seg0.npy,jazz,2,1713_seg0
1713,6.2,1.4,5.7,1.27,0.6888888888888889,0.6333333333333333,data/deam/DEAM_spectrograms_shiv/1713_seg1.npy,jazz,2,1713_seg1
1713,6.2,1.4,5.7,1.27,0.6888888888888889,0.6333333333333333,data/deam/DEAM_spectrograms_shiv/1713_seg2.npy,jazz,2,1713_seg2
1714,6.1,0.7,4.0,1.61,0.6777777777777777,0.4444444444444444,data/deam/DEAM_spectrograms_shiv/1714_seg0.npy,jazz,2,1714_seg0
1714,6.1,0.7,4.0,1.61,0.6777777777777777,0.4444444444444444,data/deam/DEAM_spectrograms_shiv/1714_seg1.npy,jazz,2,1714_seg1
1714,6.1,0.7,4.0,1.61,0.6777777777777777,0.4444444444444444,data/deam/DEAM_spectrograms_shiv/1714_seg2.npy,jazz,2,1714_seg2
1715,5.9,1.22,5.6,1.62,0.6555555555555556,0.6222222222222222,data/deam/DEAM_spectrograms_shiv/1715_seg0.npy,jazz,2,1715_seg0
1715,5.9,1.22,5.6,1.62,0.6555555555555556,0.6222222222222222,data/deam/DEAM_spectrograms_shiv/1715_seg1.npy,jazz,2,1715_seg1
1715,5.9,1.22,5.6,1.62,0.6555555555555556,0.6222222222222222,data/deam/DEAM_spectrograms_shiv/1715_seg2.npy,jazz,2,1715_seg2
1716,5.8,1.47,5.4,1.28,0.6444444444444444,0.6000000000000001,data/deam/DEAM_spectrograms_shiv/1716_seg0.npy,jazz,2,1716_seg0
1716,5.8,1.47,5.4,1.28,0.6444444444444444,0.6000000000000001,data/deam/DEAM_spectrograms_shiv/1716_seg1.npy,jazz,2,1716_seg1
1716,5.8,1.47,5.4,1.28,0.6444444444444444,0.6000000000000001,data/deam/DEAM_spectrograms_shiv/1716_seg2.npy,jazz,2,1716_seg2
1717,6.0,0.89,4.8,1.33,0.6666666666666666,0.5333333333333333,data/deam/DEAM_spectrograms_shiv/1717_seg0.npy,jazz,2,1717_seg0
1717,6.0,0.89,4.8,1.33,0.6666666666666666,0.5333333333333333,data/deam/DEAM_spectrograms_shiv/1717_seg1.npy,jazz,2,1717_seg1
1717,6.0,0.89,4.8,1.33,0.6666666666666666,0.5333333333333333,data/deam/DEAM_spectrograms_shiv/1717_seg2.npy,jazz,2,1717_seg2
1718,4.7,1.49,3.5,1.91,0.5222222222222223,0.3888888888888889,data/deam/DEAM_spectrograms_shiv/1718_seg0.npy,jazz,2,1718_seg0
1718,4.7,1.49,3.5,1.91,0.5222222222222223,0.3888888888888889,data/deam/DEAM_spectrograms_shiv/1718_seg1.npy,jazz,2,1718_seg1
1718,4.7,1.49,3.5,1.91,0.5222222222222223,0.3888888888888889,data/deam/DEAM_spectrograms_shiv/1718_seg2.npy,jazz,2,1718_seg2
1719,5.0,1.61,3.3,1.49,0.5555555555555556,0.3666666666666666,data/deam/DEAM_spectrograms_shiv/1719_seg0.npy,jazz,2,1719_seg0
1719,5.0,1.61,3.3,1.49,0.5555555555555556,0.3666666666666666,data/deam/DEAM_spectrograms_shiv/1719_seg1.npy,jazz,2,1719_seg1
1719,5.0,1.61,3.3,1.49,0.5555555555555556,0.3666666666666666,data/deam/DEAM_spectrograms_shiv/1719_seg2.npy,jazz,2,1719_seg2
1720,7.5,0.92,6.0,1.48,0.8333333333333334,0.6666666666666666,data/deam/DEAM_spectrograms_shiv/1720_seg0.npy,jazz,2,1720_seg0
1720,7.5,0.92,6.0,1.48,0.8333333333333334,0.6666666666666666,data/deam/DEAM_spectrograms_shiv/1720_seg1.npy,jazz,2,1720_seg1
1720,7.5,0.92,6.0,1.48,0.8333333333333334,0.6666666666666666,data/deam/DEAM_spectrograms_shiv/1720_seg2.npy,jazz,2,1720_seg2
1721,4.2,1.25,2.9,1.14,0.4666666666666667,0.3222222222222222,data/deam/DEAM_spectrograms_shiv/1721_seg0.npy,jazz,2,1721_seg0
1721,4.2,1.25,2.9,1.14,0.4666666666666667,0.3222222222222222,data/deam/DEAM_spectrograms_shiv/1721_seg1.npy,jazz,2,1721_seg1
1721,4.2,1.25,2.9,1.14,0.4666666666666667,0.3222222222222222,data/deam/DEAM_spectrograms_shiv/1721_seg2.npy,jazz,2,1721_seg2
1722,5.0,1.48,3.1,1.22,0.5555555555555556,0.3444444444444444,data/deam/DEAM_spectrograms_shiv/1722_seg0.npy,jazz,2,1722_seg0
1722,5.0,1.48,3.1,1.22,0.5555555555555556,0.3444444444444444,data/deam/DEAM_spectrograms_shiv/1722_seg1.npy,jazz,2,1722_seg1
1722,5.0,1.48,3.1,1.22,0.5555555555555556,0.3444444444444444,data/deam/DEAM_spectrograms_shiv/1722_seg2.npy,jazz,2,1722_seg2
1723,4.3,1.27,3.4,1.28,0.4777777777777777,0.3777777777777777,data/deam/DEAM_spectrograms_shiv/1723_seg0.npy,jazz,2,1723_seg0
1723,4.3,1.27,3.4,1.28,0.4777777777777777,0.3777777777777777,data/deam/DEAM_spectrograms_shiv/1723_seg1.npy,jazz,2,1723_seg1
1723,4.3,1.27,3.4,1.28,0.4777777777777777,0.3777777777777777,data/deam/DEAM_spectrograms_shiv/1723_seg2.npy,jazz,2,1723_seg2
1724,3.7,1.79,3.3,1.49,0.4111111111111111,0.3666666666666666,data/deam/DEAM_spectrograms_shiv/1724_seg0.npy,jazz,2,1724_seg0
1724,3.7,1.79,3.3,1.49,0.4111111111111111,0.3666666666666666,data/deam/DEAM_spectrograms_shiv/1724_seg1.npy,jazz,2,1724_seg1
1724,3.7,1.79,3.3,1.49,0.4111111111111111,0.3666666666666666,data/deam/DEAM_spectrograms_shiv/1724_seg2.npy,jazz,2,1724_seg2
1725,5.2,1.33,4.4,1.36,0.5777777777777778,0.4888888888888889,data/deam/DEAM_spectrograms_shiv/1725_seg0.npy,jazz,2,1725_seg0
1725,5.2,1.33,4.4,1.36,0.5777777777777778,0.4888888888888889,data/deam/DEAM_spectrograms_shiv/1725_seg1.npy,jazz,2,1725_seg1
1725,5.2,1.33,4.4,1.36,0.5777777777777778,0.4888888888888889,data/deam/DEAM_spectrograms_shiv/1725_seg2.npy,jazz,2,1725_seg2
1726,4.6,1.28,3.2,1.17,0.5111111111111111,0.3555555555555555,data/deam/DEAM_spectrograms_shiv/1726_seg0.npy,jazz,2,1726_seg0
1726,4.6,1.28,3.2,1.17,0.5111111111111111,0.3555555555555555,data/deam/DEAM_spectrograms_shiv/1726_seg1.npy,jazz,2,1726_seg1
1726,4.6,1.28,3.2,1.17,0.5111111111111111,0.3555555555555555,data/deam/DEAM_spectrograms_shiv/1726_seg2.npy,jazz,2,1726_seg2
1727,4.9,1.3,4.7,1.42,0.5444444444444445,0.5222222222222223,data/deam/DEAM_spectrograms_shiv/1727_seg0.npy,jazz,2,1727_seg0
1727,4.9,1.3,4.7,1.42,0.5444444444444445,0.5222222222222223,data/deam/DEAM_spectrograms_shiv/1727_seg1.npy,jazz,2,1727_seg1
1727,4.9,1.3,4.7,1.42,0.5444444444444445,0.5222222222222223,data/deam/DEAM_spectrograms_shiv/1727_seg2.npy,jazz,2,1727_seg2
1728,3.1,1.45,4.7,2.28,0.3444444444444444,0.5222222222222223,data/deam/DEAM_spectrograms_shiv/1728_seg0.npy,jazz,2,1728_seg0
1728,3.1,1.45,4.7,2.28,0.3444444444444444,0.5222222222222223,data/deam/DEAM_spectrograms_shiv/1728_seg1.npy,jazz,2,1728_seg1
1728,3.1,1.45,4.7,2.28,0.3444444444444444,0.5222222222222223,data/deam/DEAM_spectrograms_shiv/1728_seg2.npy,jazz,2,1728_seg2
1729,5.1,1.97,5.4,1.56,0.5666666666666667,0.6000000000000001,data/deam/DEAM_spectrograms_shiv/1729_seg0.npy,jazz,2,1729_seg0
1729,5.1,1.97,5.4,1.56,0.5666666666666667,0.6000000000000001,data/deam/DEAM_spectrograms_shiv/1729_seg1.npy,jazz,2,1729_seg1
1729,5.1,1.97,5.4,1.56,0.5666666666666667,0.6000000000000001,data/deam/DEAM_spectrograms_shiv/1729_seg2.npy,jazz,2,1729_seg2
1730,5.3,0.9,3.9,1.51,0.5888888888888889,0.4333333333333333,data/deam/DEAM_spectrograms_shiv/1730_seg0.npy,jazz,2,1730_seg0
1730,5.3,0.9,3.9,1.51,0.5888888888888889,0.4333333333333333,data/deam/DEAM_spectrograms_shiv/1730_seg1.npy,jazz,2,1730_seg1
1730,5.3,0.9,3.9,1.51,0.5888888888888889,0.4333333333333333,data/deam/DEAM_spectrograms_shiv/1730_seg2.npy,jazz,2,1730_seg2
1731,4.2,1.08,3.6,1.5,0.4666666666666667,0.4,data/deam/DEAM_spectrograms_shiv/1731_seg0.npy,jazz,2,1731_seg0
1731,4.2,1.08,3.6,1.5,0.4666666666666667,0.4,data/deam/DEAM_spectrograms_shiv/1731_seg1.npy,jazz,2,1731_seg1
1731,4.2,1.08,3.6,1.5,0.4666666666666667,0.4,data/deam/DEAM_spectrograms_shiv/1731_seg2.npy,jazz,2,1731_seg2
1732,4.2,1.6,3.0,1.1,0.4666666666666667,0.3333333333333333,data/deam/DEAM_spectrograms_shiv/1732_seg0.npy,jazz,2,1732_seg0
1732,4.2,1.6,3.0,1.1,0.4666666666666667,0.3333333333333333,data/deam/DEAM_spectrograms_shiv/1732_seg1.npy,jazz,2,1732_seg1
1732,4.2,1.6,3.0,1.1,0.4666666666666667,0.3333333333333333,data/deam/DEAM_spectrograms_shiv/1732_seg2.npy,jazz,2,1732_seg2
1733,3.8,1.83,3.3,1.55,0.4222222222222222,0.3666666666666666,data/deam/DEAM_spectrograms_shiv/1733_seg0.npy,jazz,2,1733_seg0
1733,3.8,1.83,3.3,1.55,0.4222222222222222,0.3666666666666666,data/deam/DEAM_spectrograms_shiv/1733_seg1.npy,jazz,2,1733_seg1
1733,3.8,1.83,3.3,1.55,0.4222222222222222,0.3666666666666666,data/deam/DEAM_spectrograms_shiv/1733_seg2.npy,jazz,2,1733_seg2
1734,5.1,1.58,5.2,1.72,0.5666666666666667,0.5777777777777778,data/deam/DEAM_spectrograms_shiv/1734_seg0.npy,jazz,2,1734_seg0
1734,5.1,1.58,5.2,1.72,0.5666666666666667,0.5777777777777778,data/deam/DEAM_spectrograms_shiv/1734_seg1.npy,jazz,2,1734_seg1
1734,5.1,1.58,5.2,1.72,0.5666666666666667,0.5777777777777778,data/deam/DEAM_spectrograms_shiv/1734_seg2.npy,jazz,2,1734_seg2
1735,4.7,1.49,3.0,1.18,0.5222222222222223,0.3333333333333333,data/deam/DEAM_spectrograms_shiv/1735_seg0.npy,jazz,2,1735_seg0
1735,4.7,1.49,3.0,1.18,0.5222222222222223,0.3333333333333333,data/deam/DEAM_spectrograms_shiv/1735_seg1.npy,jazz,2,1735_seg1
1735,4.7,1.49,3.0,1.18,0.5222222222222223,0.3333333333333333,data/deam/DEAM_spectrograms_shiv/1735_seg2.npy,jazz,2,1735_seg2
1736,4.7,1.49,3.1,0.94,0.5222222222222223,0.3444444444444444,data/deam/DEAM_spectrograms_shiv/1736_seg0.npy,jazz,2,1736_seg0
1736,4.7,1.49,3.1,0.94,0.5222222222222223,0.3444444444444444,data/deam/DEAM_spectrograms_shiv/1736_seg1.npy,jazz,2,1736_seg1
1736,4.7,1.49,3.1,0.94,0.5222222222222223,0.3444444444444444,data/deam/DEAM_spectrograms_shiv/1736_seg2.npy,jazz,2,1736_seg2
1737,3.6,1.62,3.6,1.36,0.4,0.4,data/deam/DEAM_spectrograms_shiv/1737_seg0.npy,jazz,2,1737_seg0
1737,3.6,1.62,3.6,1.36,0.4,0.4,data/deam/DEAM_spectrograms_shiv/1737_seg1.npy,jazz,2,1737_seg1
1737,3.6,1.62,3.6,1.36,0.4,0.4,data/deam/DEAM_spectrograms_shiv/1737_seg2.npy,jazz,2,1737_seg2
1738,2.8,1.6,4.8,1.72,0.3111111111111111,0.5333333333333333,data/deam/DEAM_spectrograms_shiv/1738_seg0.npy,jazz,2,1738_seg0
1738,2.8,1.6,4.8,1.72,0.3111111111111111,0.5333333333333333,data/deam/DEAM_spectrograms_shiv/1738_seg1.npy,jazz,2,1738_seg1
1738,2.8,1.6,4.8,1.72,0.3111111111111111,0.5333333333333333,data/deam/DEAM_spectrograms_shiv/1738_seg2.npy,jazz,2,1738_seg2
1739,3.7,1.55,2.8,1.17,0.4111111111111111,0.3111111111111111,data/deam/DEAM_spectrograms_shiv/1739_seg0.npy,jazz,2,1739_seg0
1739,3.7,1.55,2.8,1.17,0.4111111111111111,0.3111111111111111,data/deam/DEAM_spectrograms_shiv/1739_seg1.npy,jazz,2,1739_seg1
1739,3.7,1.55,2.8,1.17,0.4111111111111111,0.3111111111111111,data/deam/DEAM_spectrograms_shiv/1739_seg2.npy,jazz,2,1739_seg2
1740,5.3,1.49,4.3,1.55,0.5888888888888889,0.4777777777777777,data/deam/DEAM_spectrograms_shiv/1740_seg0.npy,jazz,2,1740_seg0
1740,5.3,1.49,4.3,1.55,0.5888888888888889,0.4777777777777777,data/deam/DEAM_spectrograms_shiv/1740_seg1.npy,jazz,2,1740_seg1
1740,5.3,1.49,4.3,1.55,0.5888888888888889,0.4777777777777777,data/deam/DEAM_spectrograms_shiv/1740_seg2.npy,jazz,2,1740_seg2
1741,3.3,1.49,3.5,1.36,0.3666666666666666,0.3888888888888889,data/deam/DEAM_spectrograms_shiv/1741_seg0.npy,jazz,2,1741_seg0
1741,3.3,1.49,3.5,1.36,0.3666666666666666,0.3888888888888889,data/deam/DEAM_spectrograms_shiv/1741_seg1.npy,jazz,2,1741_seg1
1741,3.3,1.49,3.5,1.36,0.3666666666666666,0.3888888888888889,data/deam/DEAM_spectrograms_shiv/1741_seg2.npy,jazz,2,1741_seg2
1742,6.8,0.98,5.1,1.58,0.7555555555555555,0.5666666666666667,data/deam/DEAM_spectrograms_shiv/1742_seg0.npy,jazz,2,1742_seg0
1742,6.8,0.98,5.1,1.58,0.7555555555555555,0.5666666666666667,data/deam/DEAM_spectrograms_shiv/1742_seg1.npy,jazz,2,1742_seg1
1742,6.8,0.98,5.1,1.58,0.7555555555555555,0.5666666666666667,data/deam/DEAM_spectrograms_shiv/1742_seg2.npy,jazz,2,1742_seg2
1743,6.8,0.98,6.5,1.2,0.7555555555555555,0.7222222222222222,data/deam/DEAM_spectrograms_shiv/1743_seg0.npy,jazz,2,1743_seg0
1743,6.8,0.98,6.5,1.2,0.7555555555555555,0.7222222222222222,data/deam/DEAM_spectrograms_shiv/1743_seg1.npy,jazz,2,1743_seg1
1743,6.8,0.98,6.5,1.2,0.7555555555555555,0.7222222222222222,data/deam/DEAM_spectrograms_shiv/1743_seg2.npy,jazz,2,1743_seg2
1744,4.9,0.94,4.3,0.9,0.5444444444444445,0.4777777777777777,data/deam/DEAM_spectrograms_shiv/1744_seg0.npy,jazz,2,1744_seg0
1744,4.9,0.94,4.3,0.9,0.5444444444444445,0.4777777777777777,data/deam/DEAM_spectrograms_shiv/1744_seg1.npy,jazz,2,1744_seg1
1744,4.9,0.94,4.3,0.9,0.5444444444444445,0.4777777777777777,data/deam/DEAM_spectrograms_shiv/1744_seg2.npy,jazz,2,1744_seg2
1745,7.1,0.94,5.9,1.7,0.7888888888888889,0.6555555555555556,data/deam/DEAM_spectrograms_shiv/1745_seg0.npy,jazz,2,1745_seg0
1745,7.1,0.94,5.9,1.7,0.7888888888888889,0.6555555555555556,data/deam/DEAM_spectrograms_shiv/1745_seg1.npy,jazz,2,1745_seg1
1745,7.1,0.94,5.9,1.7,0.7888888888888889,0.6555555555555556,data/deam/DEAM_spectrograms_shiv/1745_seg2.npy,jazz,2,1745_seg2
1746,5.7,1.19,4.8,1.17,0.6333333333333333,0.5333333333333333,data/deam/DEAM_spectrograms_shiv/1746_seg0.npy,jazz,2,1746_seg0
1746,5.7,1.19,4.8,1.17,0.6333333333333333,0.5333333333333333,data/deam/DEAM_spectrograms_shiv/1746_seg1.npy,jazz,2,1746_seg1
1746,5.7,1.19,4.8,1.17,0.6333333333333333,0.5333333333333333,data/deam/DEAM_spectrograms_shiv/1746_seg2.npy,jazz,2,1746_seg2
1747,4.3,1.35,2.9,1.14,0.4777777777777777,0.3222222222222222,data/deam/DEAM_spectrograms_shiv/1747_seg0.npy,jazz,2,1747_seg0
1747,4.3,1.35,2.9,1.14,0.4777777777777777,0.3222222222222222,data/deam/DEAM_spectrograms_shiv/1747_seg1.npy,jazz,2,1747_seg1
1747,4.3,1.35,2.9,1.14,0.4777777777777777,0.3222222222222222,data/deam/DEAM_spectrograms_shiv/1747_seg2.npy,jazz,2,1747_seg2
1748,5.4,0.66,4.1,1.22,0.6000000000000001,0.4555555555555555,data/deam/DEAM_spectrograms_shiv/1748_seg0.npy,jazz,2,1748_seg0
1748,5.4,0.66,4.1,1.22,0.6000000000000001,0.4555555555555555,data/deam/DEAM_spectrograms_shiv/1748_seg1.npy,jazz,2,1748_seg1
1748,5.4,0.66,4.1,1.22,0.6000000000000001,0.4555555555555555,data/deam/DEAM_spectrograms_shiv/1748_seg2.npy,jazz,2,1748_seg2
1749,6.7,1.42,4.6,0.92,0.7444444444444445,0.5111111111111111,data/deam/DEAM_spectrograms_shiv/1749_seg0.npy,jazz,2,1749_seg0
1749,6.7,1.42,4.6,0.92,0.7444444444444445,0.5111111111111111,data/deam/DEAM_spectrograms_shiv/1749_seg1.npy,jazz,2,1749_seg1
1749,6.7,1.42,4.6,0.92,0.7444444444444445,0.5111111111111111,data/deam/DEAM_spectrograms_shiv/1749_seg2.npy,jazz,2,1749_seg2
1750,4.7,1.35,5.3,1.49,0.5222222222222223,0.5888888888888889,data/deam/DEAM_spectrograms_shiv/1750_seg0.npy,jazz,2,1750_seg0
1750,4.7,1.35,5.3,1.49,0.5222222222222223,0.5888888888888889,data/deam/DEAM_spectrograms_shiv/1750_seg1.npy,jazz,2,1750_seg1
1750,4.7,1.35,5.3,1.49,0.5222222222222223,0.5888888888888889,data/deam/DEAM_spectrograms_shiv/1750_seg2.npy,jazz,2,1750_seg2
1751,4.1,1.14,4.3,1.55,0.4555555555555555,0.4777777777777777,data/deam/DEAM_spectrograms_shiv/1751_seg0.npy,jazz,2,1751_seg0
1751,4.1,1.14,4.3,1.55,0.4555555555555555,0.4777777777777777,data/deam/DEAM_spectrograms_shiv/1751_seg1.npy,jazz,2,1751_seg1
1751,4.1,1.14,4.3,1.55,0.4555555555555555,0.4777777777777777,data/deam/DEAM_spectrograms_shiv/1751_seg2.npy,jazz,2,1751_seg2
1752,5.5,2.25,6.1,1.81,0.6111111111111112,0.6777777777777777,data/deam/DEAM_spectrograms_shiv/1752_seg0.npy,jazz,2,1752_seg0
1752,5.5,2.25,6.1,1.81,0.6111111111111112,0.6777777777777777,data/deam/DEAM_spectrograms_shiv/1752_seg1.npy,jazz,2,1752_seg1
1752,5.5,2.25,6.1,1.81,0.6111111111111112,0.6777777777777777,data/deam/DEAM_spectrograms_shiv/1752_seg2.npy,jazz,2,1752_seg2
1753,3.2,1.25,3.4,1.5,0.3555555555555555,0.3777777777777777,data/deam/DEAM_spectrograms_shiv/1753_seg0.npy,jazz,2,1753_seg0
1753,3.2,1.25,3.4,1.5,0.3555555555555555,0.3777777777777777,data/deam/DEAM_spectrograms_shiv/1753_seg1.npy,jazz,2,1753_seg1
1753,3.2,1.25,3.4,1.5,0.3555555555555555,0.3777777777777777,data/deam/DEAM_spectrograms_shiv/1753_seg2.npy,jazz,2,1753_seg2
1754,4.2,1.54,2.4,1.02,0.4666666666666667,0.2666666666666666,data/deam/DEAM_spectrograms_shiv/1754_seg0.npy,jazz,2,1754_seg0
1754,4.2,1.54,2.4,1.02,0.4666666666666667,0.2666666666666666,data/deam/DEAM_spectrograms_shiv/1754_seg1.npy,jazz,2,1754_seg1
1754,4.2,1.54,2.4,1.02,0.4666666666666667,0.2666666666666666,data/deam/DEAM_spectrograms_shiv/1754_seg2.npy,jazz,2,1754_seg2
1755,6.4,1.62,5.7,1.19,0.7111111111111111,0.6333333333333333,data/deam/DEAM_spectrograms_shiv/1755_seg0.npy,jazz,2,1755_seg0
1755,6.4,1.62,5.7,1.19,0.7111111111111111,0.6333333333333333,data/deam/DEAM_spectrograms_shiv/1755_seg1.npy,jazz,2,1755_seg1
1755,6.4,1.62,5.7,1.19,0.7111111111111111,0.6333333333333333,data/deam/DEAM_spectrograms_shiv/1755_seg2.npy,jazz,2,1755_seg2
1756,4.4,1.36,3.9,1.22,0.4888888888888889,0.4333333333333333,data/deam/DEAM_spectrograms_shiv/1756_seg0.npy,jazz,2,1756_seg0
1756,4.4,1.36,3.9,1.22,0.4888888888888889,0.4333333333333333,data/deam/DEAM_spectrograms_shiv/1756_seg1.npy,jazz,2,1756_seg1
1756,4.4,1.36,3.9,1.22,0.4888888888888889,0.4333333333333333,data/deam/DEAM_spectrograms_shiv/1756_seg2.npy,jazz,2,1756_seg2
1757,5.0,0.77,3.1,0.83,0.5555555555555556,0.3444444444444444,data/deam/DEAM_spectrograms_shiv/1757_seg0.npy,jazz,2,1757_seg0
1757,5.0,0.77,3.1,0.83,0.5555555555555556,0.3444444444444444,data/deam/DEAM_spectrograms_shiv/1757_seg1.npy,jazz,2,1757_seg1
1757,5.0,0.77,3.1,0.83,0.5555555555555556,0.3444444444444444,data/deam/DEAM_spectrograms_shiv/1757_seg2.npy,jazz,2,1757_seg2
1758,5.4,1.02,3.0,1.0,0.6000000000000001,0.3333333333333333,data/deam/DEAM_spectrograms_shiv/1758_seg0.npy,jazz,2,1758_seg0
1758,5.4,1.02,3.0,1.0,0.6000000000000001,0.3333333333333333,data/deam/DEAM_spectrograms_shiv/1758_seg1.npy,jazz,2,1758_seg1
1758,5.4,1.02,3.0,1.0,0.6000000000000001,0.3333333333333333,data/deam/DEAM_spectrograms_shiv/1758_seg2.npy,jazz,2,1758_seg2
1759,5.4,1.28,4.7,1.55,0.6000000000000001,0.5222222222222223,data/deam/DEAM_spectrograms_shiv/1759_seg0.npy,jazz,2,1759_seg0
1759,5.4,1.28,4.7,1.55,0.6000000000000001,0.5222222222222223,data/deam/DEAM_spectrograms_shiv/1759_seg1.npy,jazz,2,1759_seg1
1759,5.4,1.28,4.7,1.55,0.6000000000000001,0.5222222222222223,data/deam/DEAM_spectrograms_shiv/1759_seg2.npy,jazz,2,1759_seg2
1760,4.3,1.68,4.1,1.64,0.4777777777777777,0.4555555555555555,data/deam/DEAM_spectrograms_shiv/1760_seg0.npy,jazz,2,1760_seg0
1760,4.3,1.68,4.1,1.64,0.4777777777777777,0.4555555555555555,data/deam/DEAM_spectrograms_shiv/1760_seg1.npy,jazz,2,1760_seg1
1760,4.3,1.68,4.1,1.64,0.4777777777777777,0.4555555555555555,data/deam/DEAM_spectrograms_shiv/1760_seg2.npy,jazz,2,1760_seg2
1761,7.9,0.83,7.1,1.22,0.8777777777777778,0.7888888888888889,data/deam/DEAM_spectrograms_shiv/1761_seg0.npy,jazz,2,1761_seg0
1761,7.9,0.83,7.1,1.22,0.8777777777777778,0.7888888888888889,data/deam/DEAM_spectrograms_shiv/1761_seg1.npy,jazz,2,1761_seg1
1761,7.9,0.83,7.1,1.22,0.8777777777777778,0.7888888888888889,data/deam/DEAM_spectrograms_shiv/1761_seg2.npy,jazz,2,1761_seg2
1762,6.1,1.81,5.4,1.91,0.6777777777777777,0.6000000000000001,data/deam/DEAM_spectrograms_shiv/1762_seg0.npy,jazz,2,1762_seg0
1762,6.1,1.81,5.4,1.91,0.6777777777777777,0.6000000000000001,data/deam/DEAM_spectrograms_shiv/1762_seg1.npy,jazz,2,1762_seg1
1762,6.1,1.81,5.4,1.91,0.6777777777777777,0.6000000000000001,data/deam/DEAM_spectrograms_shiv/1762_seg2.npy,jazz,2,1762_seg2
1763,4.4,1.11,3.5,1.02,0.4888888888888889,0.3888888888888889,data/deam/DEAM_spectrograms_shiv/1763_seg0.npy,jazz,2,1763_seg0
1763,4.4,1.11,3.5,1.02,0.4888888888888889,0.3888888888888889,data/deam/DEAM_spectrograms_shiv/1763_seg1.npy,jazz,2,1763_seg1
1763,4.4,1.11,3.5,1.02,0.4888888888888889,0.3888888888888889,data/deam/DEAM_spectrograms_shiv/1763_seg2.npy,jazz,2,1763_seg2
1764,4.9,1.81,4.0,1.61,0.5444444444444445,0.4444444444444444,data/deam/DEAM_spectrograms_shiv/1764_seg0.npy,jazz,2,1764_seg0
1764,4.9,1.81,4.0,1.61,0.5444444444444445,0.4444444444444444,data/deam/DEAM_spectrograms_shiv/1764_seg1.npy,jazz,2,1764_seg1
1764,4.9,1.81,4.0,1.61,0.5444444444444445,0.4444444444444444,data/deam/DEAM_spectrograms_shiv/1764_seg2.npy,jazz,2,1764_seg2
1765,5.8,0.98,4.6,1.02,0.6444444444444444,0.5111111111111111,data/deam/DEAM_spectrograms_shiv/1765_seg0.npy,jazz,2,1765_seg0
1765,5.8,0.98,4.6,1.02,0.6444444444444444,0.5111111111111111,data/deam/DEAM_spectrograms_shiv/1765_seg1.npy,jazz,2,1765_seg1
1765,5.8,0.98,4.6,1.02,0.6444444444444444,0.5111111111111111,data/deam/DEAM_spectrograms_shiv/1765_seg2.npy,jazz,2,1765_seg2
1766,3.7,1.19,3.0,1.1,0.4111111111111111,0.3333333333333333,data/deam/DEAM_spectrograms_shiv/1766_seg0.npy,jazz,2,1766_seg0
1766,3.7,1.19,3.0,1.1,0.4111111111111111,0.3333333333333333,data/deam/DEAM_spectrograms_shiv/1766_seg1.npy,jazz,2,1766_seg1
1766,3.7,1.19,3.0,1.1,0.4111111111111111,0.3333333333333333,data/deam/DEAM_spectrograms_shiv/1766_seg2.npy,jazz,2,1766_seg2
1767,3.8,1.78,2.4,1.36,0.4222222222222222,0.2666666666666666,data/deam/DEAM_spectrograms_shiv/1767_seg0.npy,jazz,2,1767_seg0
1767,3.8,1.78,2.4,1.36,0.4222222222222222,0.2666666666666666,data/deam/DEAM_spectrograms_shiv/1767_seg1.npy,jazz,2,1767_seg1
1767,3.8,1.78,2.4,1.36,0.4222222222222222,0.2666666666666666,data/deam/DEAM_spectrograms_shiv/1767_seg2.npy,jazz,2,1767_seg2
1768,4.1,1.64,3.1,1.37,0.4555555555555555,0.3444444444444444,data/deam/DEAM_spectrograms_shiv/1768_seg0.npy,jazz,2,1768_seg0
1768,4.1,1.64,3.1,1.37,0.4555555555555555,0.3444444444444444,data/deam/DEAM_spectrograms_shiv/1768_seg1.npy,jazz,2,1768_seg1
1768,4.1,1.64,3.1,1.37,0.4555555555555555,0.3444444444444444,data/deam/DEAM_spectrograms_shiv/1768_seg2.npy,jazz,2,1768_seg2
1769,5.9,1.37,5.3,1.42,0.6555555555555556,0.5888888888888889,data/deam/DEAM_spectrograms_shiv/1769_seg0.npy,jazz,2,1769_seg0
1769,5.9,1.37,5.3,1.42,0.6555555555555556,0.5888888888888889,data/deam/DEAM_spectrograms_shiv/1769_seg1.npy,jazz,2,1769_seg1
1769,5.9,1.37,5.3,1.42,0.6555555555555556,0.5888888888888889,data/deam/DEAM_spectrograms_shiv/1769_seg2.npy,jazz,2,1769_seg2
1770,4.5,1.63,2.9,1.37,0.5,0.3222222222222222,data/deam/DEAM_spectrograms_shiv/1770_seg0.npy,jazz,2,1770_seg0
1770,4.5,1.63,2.9,1.37,0.5,0.3222222222222222,data/deam/DEAM_spectrograms_shiv/1770_seg1.npy,jazz,2,1770_seg1
1770,4.5,1.63,2.9,1.37,0.5,0.3222222222222222,data/deam/DEAM_spectrograms_shiv/1770_seg2.npy,jazz,2,1770_seg2
1771,4.9,0.94,5.3,1.0,0.5444444444444445,0.5888888888888889,data/deam/DEAM_spectrograms_shiv/1771_seg0.npy,jazz,2,1771_seg0
1771,4.9,0.94,5.3,1.0,0.5444444444444445,0.5888888888888889,data/deam/DEAM_spectrograms_shiv/1771_seg1.npy,jazz,2,1771_seg1
1771,4.9,0.94,5.3,1.0,0.5444444444444445,0.5888888888888889,data/deam/DEAM_spectrograms_shiv/1771_seg2.npy,jazz,2,1771_seg2
1772,5.6,1.62,4.3,1.35,0.6222222222222222,0.4777777777777777,data/deam/DEAM_spectrograms_shiv/1772_seg0.npy,jazz,2,1772_seg0
1772,5.6,1.62,4.3,1.35,0.6222222222222222,0.4777777777777777,data/deam/DEAM_spectrograms_shiv/1772_seg1.npy,jazz,2,1772_seg1
1772,5.6,1.62,4.3,1.35,0.6222222222222222,0.4777777777777777,data/deam/DEAM_spectrograms_shiv/1772_seg2.npy,jazz,2,1772_seg2
1773,5.4,1.56,4.1,1.58,0.6000000000000001,0.4555555555555555,data/deam/DEAM_spectrograms_shiv/1773_seg0.npy,jazz,2,1773_seg0
1773,5.4,1.56,4.1,1.58,0.6000000000000001,0.4555555555555555,data/deam/DEAM_spectrograms_shiv/1773_seg1.npy,jazz,2,1773_seg1
1773,5.4,1.56,4.1,1.58,0.6000000000000001,0.4555555555555555,data/deam/DEAM_spectrograms_shiv/1773_seg2.npy,jazz,2,1773_seg2
1774,4.9,1.58,4.8,1.47,0.5444444444444445,0.5333333333333333,data/deam/DEAM_spectrograms_shiv/1774_seg0.npy,jazz,2,1774_seg0
1774,4.9,1.58,4.8,1.47,0.5444444444444445,0.5333333333333333,data/deam/DEAM_spectrograms_shiv/1774_seg1.npy,jazz,2,1774_seg1
1774,4.9,1.58,4.8,1.47,0.5444444444444445,0.5333333333333333,data/deam/DEAM_spectrograms_shiv/1774_seg2.npy,jazz,2,1774_seg2
1775,4.6,1.02,3.0,0.77,0.5111111111111111,0.3333333333333333,data/deam/DEAM_spectrograms_shiv/1775_seg0.npy,jazz,2,1775_seg0
1775,4.6,1.02,3.0,0.77,0.5111111111111111,0.3333333333333333,data/deam/DEAM_spectrograms_shiv/1775_seg1.npy,jazz,2,1775_seg1
1775,4.6,1.02,3.0,0.77,0.5111111111111111,0.3333333333333333,data/deam/DEAM_spectrograms_shiv/1775_seg2.npy,jazz,2,1775_seg2
1776,4.8,1.94,3.8,1.66,0.5333333333333333,0.4222222222222222,data/deam/DEAM_spectrograms_shiv/1776_seg0.npy,jazz,2,1776_seg0
1776,4.8,1.94,3.8,1.66,0.5333333333333333,0.4222222222222222,data/deam/DEAM_spectrograms_shiv/1776_seg1.npy,jazz,2,1776_seg1
1776,4.8,1.94,3.8,1.66,0.5333333333333333,0.4222222222222222,data/deam/DEAM_spectrograms_shiv/1776_seg2.npy,jazz,2,1776_seg2
1777,5.3,1.73,4.4,1.8,0.5888888888888889,0.4888888888888889,data/deam/DEAM_spectrograms_shiv/1777_seg0.npy,jazz,2,1777_seg0
1777,5.3,1.73,4.4,1.8,0.5888888888888889,0.4888888888888889,data/deam/DEAM_spectrograms_shiv/1777_seg1.npy,jazz,2,1777_seg1
1777,5.3,1.73,4.4,1.8,0.5888888888888889,0.4888888888888889,data/deam/DEAM_spectrograms_shiv/1777_seg2.npy,jazz,2,1777_seg2
1778,4.4,1.5,3.2,1.99,0.4888888888888889,0.3555555555555555,data/deam/DEAM_spectrograms_shiv/1778_seg0.npy,jazz,2,1778_seg0
1778,4.4,1.5,3.2,1.99,0.4888888888888889,0.3555555555555555,data/deam/DEAM_spectrograms_shiv/1778_seg1.npy,jazz,2,1778_seg1
1778,4.4,1.5,3.2,1.99,0.4888888888888889,0.3555555555555555,data/deam/DEAM_spectrograms_shiv/1778_seg2.npy,jazz,2,1778_seg2
1779,5.7,1.9,2.9,0.94,0.6333333333333333,0.3222222222222222,data/deam/DEAM_spectrograms_shiv/1779_seg0.npy,jazz,2,1779_seg0
1779,5.7,1.9,2.9,0.94,0.6333333333333333,0.3222222222222222,data/deam/DEAM_spectrograms_shiv/1779_seg1.npy,jazz,2,1779_seg1
1779,5.7,1.9,2.9,0.94,0.6333333333333333,0.3222222222222222,data/deam/DEAM_spectrograms_shiv/1779_seg2.npy,jazz,2,1779_seg2
1780,4.8,1.33,3.5,1.2,0.5333333333333333,0.3888888888888889,data/deam/DEAM_spectrograms_shiv/1780_seg0.npy,jazz,2,1780_seg0
1780,4.8,1.33,3.5,1.2,0.5333333333333333,0.3888888888888889,data/deam/DEAM_spectrograms_shiv/1780_seg1.npy,jazz,2,1780_seg1
1780,4.8,1.33,3.5,1.2,0.5333333333333333,0.3888888888888889,data/deam/DEAM_spectrograms_shiv/1780_seg2.npy,jazz,2,1780_seg2
1781,4.2,1.83,2.7,1.1,0.4666666666666667,0.3,data/deam/DEAM_spectrograms_shiv/1781_seg0.npy,jazz,2,1781_seg0
1781,4.2,1.83,2.7,1.1,0.4666666666666667,0.3,data/deam/DEAM_spectrograms_shiv/1781_seg1.npy,jazz,2,1781_seg1
1781,4.2,1.83,2.7,1.1,0.4666666666666667,0.3,data/deam/DEAM_spectrograms_shiv/1781_seg2.npy,jazz,2,1781_seg2
1782,4.7,1.68,5.2,1.89,0.5222222222222223,0.5777777777777778,data/deam/DEAM_spectrograms_shiv/1782_seg0.npy,jazz,2,1782_seg0
1782,4.7,1.68,5.2,1.89,0.5222222222222223,0.5777777777777778,data/deam/DEAM_spectrograms_shiv/1782_seg1.npy,jazz,2,1782_seg1
1782,4.7,1.68,5.2,1.89,0.5222222222222223,0.5777777777777778,data/deam/DEAM_spectrograms_shiv/1782_seg2.npy,jazz,2,1782_seg2
1783,4.2,1.47,3.3,1.1,0.4666666666666667,0.3666666666666666,data/deam/DEAM_spectrograms_shiv/1783_seg0.npy,jazz,2,1783_seg0
1783,4.2,1.47,3.3,1.1,0.4666666666666667,0.3666666666666666,data/deam/DEAM_spectrograms_shiv/1783_seg1.npy,jazz,2,1783_seg1
1783,4.2,1.47,3.3,1.1,0.4666666666666667,0.3666666666666666,data/deam/DEAM_spectrograms_shiv/1783_seg2.npy,jazz,2,1783_seg2
1784,5.5,1.2,5.1,1.58,0.6111111111111112,0.5666666666666667,data/deam/DEAM_spectrograms_shiv/1784_seg0.npy,jazz,2,1784_seg0
1784,5.5,1.2,5.1,1.58,0.6111111111111112,0.5666666666666667,data/deam/DEAM_spectrograms_shiv/1784_seg1.npy,jazz,2,1784_seg1
1784,5.5,1.2,5.1,1.58,0.6111111111111112,0.5666666666666667,data/deam/DEAM_spectrograms_shiv/1784_seg2.npy,jazz,2,1784_seg2
1785,5.6,0.8,5.2,1.17,0.6222222222222222,0.5777777777777778,data/deam/DEAM_spectrograms_shiv/1785_seg0.npy,jazz,2,1785_seg0
1785,5.6,0.8,5.2,1.17,0.6222222222222222,0.5777777777777778,data/deam/DEAM_spectrograms_shiv/1785_seg1.npy,jazz,2,1785_seg1
1785,5.6,0.8,5.2,1.17,0.6222222222222222,0.5777777777777778,data/deam/DEAM_spectrograms_shiv/1785_seg2.npy,jazz,2,1785_seg2
1786,4.2,1.94,3.1,1.58,0.4666666666666667,0.3444444444444444,data/deam/DEAM_spectrograms_shiv/1786_seg0.npy,jazz,2,1786_seg0
1786,4.2,1.94,3.1,1.58,0.4666666666666667,0.3444444444444444,data/deam/DEAM_spectrograms_shiv/1786_seg1.npy,jazz,2,1786_seg1
1786,4.2,1.94,3.1,1.58,0.4666666666666667,0.3444444444444444,data/deam/DEAM_spectrograms_shiv/1786_seg2.npy,jazz,2,1786_seg2
1787,3.9,1.64,3.4,1.2,0.4333333333333333,0.3777777777777777,data/deam/DEAM_spectrograms_shiv/1787_seg0.npy,jazz,2,1787_seg0
1787,3.9,1.64,3.4,1.2,0.4333333333333333,0.3777777777777777,data/deam/DEAM_spectrograms_shiv/1787_seg1.npy,jazz,2,1787_seg1
1787,3.9,1.64,3.4,1.2,0.4333333333333333,0.3777777777777777,data/deam/DEAM_spectrograms_shiv/1787_seg2.npy,jazz,2,1787_seg2
1788,3.6,1.74,6.0,2.37,0.4,0.6666666666666666,data/deam/DEAM_spectrograms_shiv/1788_seg0.npy,jazz,2,1788_seg0
1788,3.6,1.74,6.0,2.37,0.4,0.6666666666666666,data/deam/DEAM_spectrograms_shiv/1788_seg1.npy,jazz,2,1788_seg1
1788,3.6,1.74,6.0,2.37,0.4,0.6666666666666666,data/deam/DEAM_spectrograms_shiv/1788_seg2.npy,jazz,2,1788_seg2
1789,5.9,1.04,5.1,0.94,0.6555555555555556,0.5666666666666667,data/deam/DEAM_spectrograms_shiv/1789_seg0.npy,jazz,2,1789_seg0
1789,5.9,1.04,5.1,0.94,0.6555555555555556,0.5666666666666667,data/deam/DEAM_spectrograms_shiv/1789_seg1.npy,jazz,2,1789_seg1
1789,5.9,1.04,5.1,0.94,0.6555555555555556,0.5666666666666667,data/deam/DEAM_spectrograms_shiv/1789_seg2.npy,jazz,2,1789_seg2
1790,3.8,1.99,3.3,1.49,0.4222222222222222,0.3666666666666666,data/deam/DEAM_spectrograms_shiv/1790_seg0.npy,jazz,2,1790_seg0
1790,3.8,1.99,3.3,1.49,0.4222222222222222,0.3666666666666666,data/deam/DEAM_spectrograms_shiv/1790_seg1.npy,jazz,2,1790_seg1
1790,3.8,1.99,3.3,1.49,0.4222222222222222,0.3666666666666666,data/deam/DEAM_spectrograms_shiv/1790_seg2.npy,jazz,2,1790_seg2
1791,5.3,1.79,3.3,1.1,0.5888888888888889,0.3666666666666666,data/deam/DEAM_spectrograms_shiv/1791_seg0.npy,jazz,2,1791_seg0
1791,5.3,1.79,3.3,1.1,0.5888888888888889,0.3666666666666666,data/deam/DEAM_spectrograms_shiv/1791_seg1.npy,jazz,2,1791_seg1
1791,5.3,1.79,3.3,1.1,0.5888888888888889,0.3666666666666666,data/deam/DEAM_spectrograms_shiv/1791_seg2.npy,jazz,2,1791_seg2
1792,6.1,0.54,5.1,1.04,0.6777777777777777,0.5666666666666667,data/deam/DEAM_spectrograms_shiv/1792_seg0.npy,jazz,2,1792_seg0
1792,6.1,0.54,5.1,1.04,0.6777777777777777,0.5666666666666667,data/deam/DEAM_spectrograms_shiv/1792_seg1.npy,jazz,2,1792_seg1
1792,6.1,0.54,5.1,1.04,0.6777777777777777,0.5666666666666667,data/deam/DEAM_spectrograms_shiv/1792_seg2.npy,jazz,2,1792_seg2
1793,5.1,0.83,4.2,0.87,0.5666666666666667,0.4666666666666667,data/deam/DEAM_spectrograms_shiv/1793_seg0.npy,jazz,2,1793_seg0
1793,5.1,0.83,4.2,0.87,0.5666666666666667,0.4666666666666667,data/deam/DEAM_spectrograms_shiv/1793_seg1.npy,jazz,2,1793_seg1
1793,5.1,0.83,4.2,0.87,0.5666666666666667,0.4666666666666667,data/deam/DEAM_spectrograms_shiv/1793_seg2.npy,jazz,2,1793_seg2
1794,4.2,0.98,3.7,1.1,0.4666666666666667,0.4111111111111111,data/deam/DEAM_spectrograms_shiv/1794_seg0.npy,jazz,2,1794_seg0
1794,4.2,0.98,3.7,1.1,0.4666666666666667,0.4111111111111111,data/deam/DEAM_spectrograms_shiv/1794_seg1.npy,jazz,2,1794_seg1
1794,4.2,0.98,3.7,1.1,0.4666666666666667,0.4111111111111111,data/deam/DEAM_spectrograms_shiv/1794_seg2.npy,jazz,2,1794_seg2
1795,3.9,1.3,3.0,1.0,0.4333333333333333,0.3333333333333333,data/deam/DEAM_spectrograms_shiv/1795_seg0.npy,jazz,2,1795_seg0
1795,3.9,1.3,3.0,1.0,0.4333333333333333,0.3333333333333333,data/deam/DEAM_spectrograms_shiv/1795_seg1.npy,jazz,2,1795_seg1
1795,3.9,1.3,3.0,1.0,0.4333333333333333,0.3333333333333333,data/deam/DEAM_spectrograms_shiv/1795_seg2.npy,jazz,2,1795_seg2
1796,5.8,1.6,6.0,1.55,0.6444444444444444,0.6666666666666666,data/deam/DEAM_spectrograms_shiv/1796_seg0.npy,jazz,2,1796_seg0
1796,5.8,1.6,6.0,1.55,0.6444444444444444,0.6666666666666666,data/deam/DEAM_spectrograms_shiv/1796_seg1.npy,jazz,2,1796_seg1
1796,5.8,1.6,6.0,1.55,0.6444444444444444,0.6666666666666666,data/deam/DEAM_spectrograms_shiv/1796_seg2.npy,jazz,2,1796_seg2
1797,3.6,1.11,4.1,1.81,0.4,0.4555555555555555,data/deam/DEAM_spectrograms_shiv/1797_seg0.npy,jazz,2,1797_seg0
1797,3.6,1.11,4.1,1.81,0.4,0.4555555555555555,data/deam/DEAM_spectrograms_shiv/1797_seg1.npy,jazz,2,1797_seg1
1797,3.6,1.11,4.1,1.81,0.4,0.4555555555555555,data/deam/DEAM_spectrograms_shiv/1797_seg2.npy,jazz,2,1797_seg2
1798,5.7,0.64,4.0,1.48,0.6333333333333333,0.4444444444444444,data/deam/DEAM_spectrograms_shiv/1798_seg0.npy,jazz,2,1798_seg0
1798,5.7,0.64,4.0,1.48,0.6333333333333333,0.4444444444444444,data/deam/DEAM_spectrograms_shiv/1798_seg1.npy,jazz,2,1798_seg1
1798,5.7,0.64,4.0,1.48,0.6333333333333333,0.4444444444444444,data/deam/DEAM_spectrograms_shiv/1798_seg2.npy,jazz,2,1798_seg2
1799,5.8,0.87,4.5,1.28,0.6444444444444444,0.5,data/deam/DEAM_spectrograms_shiv/1799_seg0.npy,jazz,2,1799_seg0
1799,5.8,0.87,4.5,1.28,0.6444444444444444,0.5,data/deam/DEAM_spectrograms_shiv/1799_seg1.npy,jazz,2,1799_seg1
1799,5.8,0.87,4.5,1.28,0.6444444444444444,0.5,data/deam/DEAM_spectrograms_shiv/1799_seg2.npy,jazz,2,1799_seg2
1800,3.4,1.62,2.6,1.02,0.3777777777777777,0.2888888888888889,data/deam/DEAM_spectrograms_shiv/1800_seg0.npy,jazz,2,1800_seg0
1800,3.4,1.62,2.6,1.02,0.3777777777777777,0.2888888888888889,data/deam/DEAM_spectrograms_shiv/1800_seg1.npy,jazz,2,1800_seg1
1800,3.4,1.62,2.6,1.02,0.3777777777777777,0.2888888888888889,data/deam/DEAM_spectrograms_shiv/1800_seg2.npy,jazz,2,1800_seg2
