song_id,valence_mean,valence_std,arousal_mean,arousal_std,valence,arousal,spec_path,Genre,genre_id,segment_id
2,3.1,0.94,3.0,0.63,0.3444444444444444,0.3333333333333333,data/deam/DEAM_spectrograms_shiv/2_seg0.png,blues,1,2_seg0
2,3.1,0.94,3.0,0.63,0.3444444444444444,0.3333333333333333,data/deam/DEAM_spectrograms_shiv/2_seg1.png,blues,1,2_seg1
2,3.1,0.94,3.0,0.63,0.3444444444444444,0.3333333333333333,data/deam/DEAM_spectrograms_shiv/2_seg2.png,blues,1,2_seg2
3,3.5,1.75,3.3,1.62,0.3888888888888889,0.3666666666666666,data/deam/DEAM_spectrograms_shiv/3_seg0.png,blues,1,3_seg0
3,3.5,1.75,3.3,1.62,0.3888888888888889,0.3666666666666666,data/deam/DEAM_spectrograms_shiv/3_seg1.png,blues,1,3_seg1
3,3.5,1.75,3.3,1.62,0.3888888888888889,0.3666666666666666,data/deam/DEAM_spectrograms_shiv/3_seg2.png,blues,1,3_seg2
5,4.4,2.01,5.3,1.85,0.4888888888888889,0.5888888888888889,data/deam/DEAM_spectrograms_shiv/5_seg0.png,blues,1,5_seg0
5,4.4,2.01,5.3,1.85,0.4888888888888889,0.5888888888888889,data/deam/DEAM_spectrograms_shiv/5_seg1.png,blues,1,5_seg1
5,4.4,2.01,5.3,1.85,0.4888888888888889,0.5888888888888889,data/deam/DEAM_spectrograms_shiv/5_seg2.png,blues,1,5_seg2
7,5.8,1.47,6.4,1.69,0.6444444444444444,0.7111111111111111,data/deam/DEAM_spectrograms_shiv/7_seg0.png,blues,1,7_seg0
7,5.8,1.47,6.4,1.69,0.6444444444444444,0.7111111111111111,data/deam/DEAM_spectrograms_shiv/7_seg1.png,blues,1,7_seg1
7,5.8,1.47,6.4,1.69,0.6444444444444444,0.7111111111111111,data/deam/DEAM_spectrograms_shiv/7_seg2.png,blues,1,7_seg2
8,3.2,1.4,4.8,1.54,0.3555555555555555,0.5333333333333333,data/deam/DEAM_spectrograms_shiv/8_seg0.png,blues,1,8_seg0
8,3.2,1.4,4.8,1.54,0.3555555555555555,0.5333333333333333,data/deam/DEAM_spectrograms_shiv/8_seg1.png,blues,1,8_seg1
8,3.2,1.4,4.8,1.54,0.3555555555555555,0.5333333333333333,data/deam/DEAM_spectrograms_shiv/8_seg2.png,blues,1,8_seg2
10,4.0,1.67,4.7,1.85,0.4444444444444444,0.5222222222222223,data/deam/DEAM_spectrograms_shiv/10_seg0.png,blues,1,10_seg0
10,4.0,1.67,4.7,1.85,0.4444444444444444,0.5222222222222223,data/deam/DEAM_spectrograms_shiv/10_seg1.png,blues,1,10_seg1
10,4.0,1.67,4.7,1.85,0.4444444444444444,0.5222222222222223,data/deam/DEAM_spectrograms_shiv/10_seg2.png,blues,1,10_seg2
17,4.4,1.8,6.0,2.05,0.4888888888888889,0.6666666666666666,data/deam/DEAM_spectrograms_shiv/17_seg0.png,blues,1,17_seg0
17,4.4,1.8,6.0,2.05,0.4888888888888889,0.6666666666666666,data/deam/DEAM_spectrograms_shiv/17_seg1.png,blues,1,17_seg1
17,4.4,1.8,6.0,2.05,0.4888888888888889,0.6666666666666666,data/deam/DEAM_spectrograms_shiv/17_seg2.png,blues,1,17_seg2
18,4.8,1.72,3.9,1.37,0.5333333333333333,0.4333333333333333,data/deam/DEAM_spectrograms_shiv/18_seg0.png,blues,1,18_seg0
18,4.8,1.72,3.9,1.37,0.5333333333333333,0.4333333333333333,data/deam/DEAM_spectrograms_shiv/18_seg1.png,blues,1,18_seg1
18,4.8,1.72,3.9,1.37,0.5333333333333333,0.4333333333333333,data/deam/DEAM_spectrograms_shiv/18_seg2.png,blues,1,18_seg2
19,5.9,1.64,4.3,1.9,0.6555555555555556,0.4777777777777777,data/deam/DEAM_spectrograms_shiv/19_seg0.png,blues,1,19_seg0
19,5.9,1.64,4.3,1.9,0.6555555555555556,0.4777777777777777,data/deam/DEAM_spectrograms_shiv/19_seg1.png,blues,1,19_seg1
19,5.9,1.64,4.3,1.9,0.6555555555555556,0.4777777777777777,data/deam/DEAM_spectrograms_shiv/19_seg2.png,blues,1,19_seg2
20,5.4,2.5,6.5,2.11,0.6000000000000001,0.7222222222222222,data/deam/DEAM_spectrograms_shiv/20_seg0.png,blues,1,20_seg0
20,5.4,2.5,6.5,2.11,0.6000000000000001,0.7222222222222222,data/deam/DEAM_spectrograms_shiv/20_seg1.png,blues,1,20_seg1
20,5.4,2.5,6.5,2.11,0.6000000000000001,0.7222222222222222,data/deam/DEAM_spectrograms_shiv/20_seg2.png,blues,1,20_seg2
21,6.6,0.92,6.3,1.42,0.7333333333333333,0.7,data/deam/DEAM_spectrograms_shiv/21_seg0.png,blues,1,21_seg0
21,6.6,0.92,6.3,1.42,0.7333333333333333,0.7,data/deam/DEAM_spectrograms_shiv/21_seg1.png,blues,1,21_seg1
21,6.6,0.92,6.3,1.42,0.7333333333333333,0.7,data/deam/DEAM_spectrograms_shiv/21_seg2.png,blues,1,21_seg2
22,4.0,1.34,4.8,1.47,0.4444444444444444,0.5333333333333333,data/deam/DEAM_spectrograms_shiv/22_seg0.png,blues,1,22_seg0
22,4.0,1.34,4.8,1.47,0.4444444444444444,0.5333333333333333,data/deam/DEAM_spectrograms_shiv/22_seg1.png,blues,1,22_seg1
22,4.0,1.34,4.8,1.47,0.4444444444444444,0.5333333333333333,data/deam/DEAM_spectrograms_shiv/22_seg2.png,blues,1,22_seg2
24,5.3,1.62,3.9,1.76,0.5888888888888889,0.4333333333333333,data/deam/DEAM_spectrograms_shiv/24_seg0.png,blues,1,24_seg0
24,5.3,1.62,3.9,1.76,0.5888888888888889,0.4333333333333333,data/deam/DEAM_spectrograms_shiv/24_seg1.png,blues,1,24_seg1
24,5.3,1.62,3.9,1.76,0.5888888888888889,0.4333333333333333,data/deam/DEAM_spectrograms_shiv/24_seg2.png,blues,1,24_seg2
25,7.9,0.7,4.7,2.53,0.8777777777777778,0.5222222222222223,data/deam/DEAM_spectrograms_shiv/25_seg0.png,blues,1,25_seg0
25,7.9,0.7,4.7,2.53,0.8777777777777778,0.5222222222222223,data/deam/DEAM_spectrograms_shiv/25_seg1.png,blues,1,25_seg1
25,7.9,0.7,4.7,2.53,0.8777777777777778,0.5222222222222223,data/deam/DEAM_spectrograms_shiv/25_seg2.png,blues,1,25_seg2
31,4.7,1.55,3.8,1.54,0.5222222222222223,0.4222222222222222,data/deam/DEAM_spectrograms_shiv/31_seg0.png,blues,1,31_seg0
31,4.7,1.55,3.8,1.54,0.5222222222222223,0.4222222222222222,data/deam/DEAM_spectrograms_shiv/31_seg1.png,blues,1,31_seg1
31,4.7,1.55,3.8,1.54,0.5222222222222223,0.4222222222222222,data/deam/DEAM_spectrograms_shiv/31_seg2.png,blues,1,31_seg2
32,4.2,1.78,3.3,1.49,0.4666666666666667,0.3666666666666666,data/deam/DEAM_spectrograms_shiv/32_seg0.png,blues,1,32_seg0
32,4.2,1.78,3.3,1.49,0.4666666666666667,0.3666666666666666,data/deam/DEAM_spectrograms_shiv/32_seg1.png,blues,1,32_seg1
32,4.2,1.78,3.3,1.49,0.4666666666666667,0.3666666666666666,data/deam/DEAM_spectrograms_shiv/32_seg2.png,blues,1,32_seg2
35,4.8,2.14,6.5,2.11,0.5333333333333333,0.7222222222222222,data/deam/DEAM_spectrograms_shiv/35_seg0.png,blues,1,35_seg0
35,4.8,2.14,6.5,2.11,0.5333333333333333,0.7222222222222222,data/deam/DEAM_spectrograms_shiv/35_seg1.png,blues,1,35_seg1
35,4.8,2.14,6.5,2.11,0.5333333333333333,0.7222222222222222,data/deam/DEAM_spectrograms_shiv/35_seg2.png,blues,1,35_seg2
37,6.6,2.11,5.3,2.0,0.7333333333333333,0.5888888888888889,data/deam/DEAM_spectrograms_shiv/37_seg0.png,blues,1,37_seg0
37,6.6,2.11,5.3,2.0,0.7333333333333333,0.5888888888888889,data/deam/DEAM_spectrograms_shiv/37_seg1.png,blues,1,37_seg1
37,6.6,2.11,5.3,2.0,0.7333333333333333,0.5888888888888889,data/deam/DEAM_spectrograms_shiv/37_seg2.png,blues,1,37_seg2
39,7.3,1.85,5.4,2.37,0.8111111111111111,0.6000000000000001,data/deam/DEAM_spectrograms_shiv/39_seg0.png,blues,1,39_seg0
39,7.3,1.85,5.4,2.37,0.8111111111111111,0.6000000000000001,data/deam/DEAM_spectrograms_shiv/39_seg1.png,blues,1,39_seg1
39,7.3,1.85,5.4,2.37,0.8111111111111111,0.6000000000000001,data/deam/DEAM_spectrograms_shiv/39_seg2.png,blues,1,39_seg2
40,4.6,1.28,4.8,1.54,0.5111111111111111,0.5333333333333333,data/deam/DEAM_spectrograms_shiv/40_seg0.png,blues,1,40_seg0
40,4.6,1.28,4.8,1.54,0.5111111111111111,0.5333333333333333,data/deam/DEAM_spectrograms_shiv/40_seg1.png,blues,1,40_seg1
40,4.6,1.28,4.8,1.54,0.5111111111111111,0.5333333333333333,data/deam/DEAM_spectrograms_shiv/40_seg2.png,blues,1,40_seg2
41,4.3,1.62,5.1,1.3,0.4777777777777777,0.5666666666666667,data/deam/DEAM_spectrograms_shiv/41_seg0.png,blues,1,41_seg0
41,4.3,1.62,5.1,1.3,0.4777777777777777,0.5666666666666667,data/deam/DEAM_spectrograms_shiv/41_seg1.png,blues,1,41_seg1
41,4.3,1.62,5.1,1.3,0.4777777777777777,0.5666666666666667,data/deam/DEAM_spectrograms_shiv/41_seg2.png,blues,1,41_seg2
42,6.1,1.58,5.1,1.92,0.6777777777777777,0.5666666666666667,data/deam/DEAM_spectrograms_shiv/42_seg0.png,blues,1,42_seg0
42,6.1,1.58,5.1,1.92,0.6777777777777777,0.5666666666666667,data/deam/DEAM_spectrograms_shiv/42_seg1.png,blues,1,42_seg1
42,6.1,1.58,5.1,1.92,0.6777777777777777,0.5666666666666667,data/deam/DEAM_spectrograms_shiv/42_seg2.png,blues,1,42_seg2
43,6.7,2.33,3.5,1.5,0.7444444444444445,0.3888888888888889,data/deam/DEAM_spectrograms_shiv/43_seg0.png,blues,1,43_seg0
43,6.7,2.33,3.5,1.5,0.7444444444444445,0.3888888888888889,data/deam/DEAM_spectrograms_shiv/43_seg1.png,blues,1,43_seg1
43,6.7,2.33,3.5,1.5,0.7444444444444445,0.3888888888888889,data/deam/DEAM_spectrograms_shiv/43_seg2.png,blues,1,43_seg2
44,3.9,1.04,4.9,1.58,0.4333333333333333,0.5444444444444445,data/deam/DEAM_spectrograms_shiv/44_seg0.png,blues,1,44_seg0
44,3.9,1.04,4.9,1.58,0.4333333333333333,0.5444444444444445,data/deam/DEAM_spectrograms_shiv/44_seg1.png,blues,1,44_seg1
44,3.9,1.04,4.9,1.58,0.4333333333333333,0.5444444444444445,data/deam/DEAM_spectrograms_shiv/44_seg2.png,blues,1,44_seg2
45,5.1,2.43,2.1,1.37,0.5666666666666667,0.2333333333333333,data/deam/DEAM_spectrograms_shiv/45_seg0.png,blues,1,45_seg0
45,5.1,2.43,2.1,1.37,0.5666666666666667,0.2333333333333333,data/deam/DEAM_spectrograms_shiv/45_seg1.png,blues,1,45_seg1
45,5.1,2.43,2.1,1.37,0.5666666666666667,0.2333333333333333,data/deam/DEAM_spectrograms_shiv/45_seg2.png,blues,1,45_seg2
46,5.3,1.95,4.0,1.73,0.5888888888888889,0.4444444444444444,data/deam/DEAM_spectrograms_shiv/46_seg0.png,blues,1,46_seg0
46,5.3,1.95,4.0,1.73,0.5888888888888889,0.4444444444444444,data/deam/DEAM_spectrograms_shiv/46_seg1.png,blues,1,46_seg1
46,5.3,1.95,4.0,1.73,0.5888888888888889,0.4444444444444444,data/deam/DEAM_spectrograms_shiv/46_seg2.png,blues,1,46_seg2
47,4.4,1.74,4.4,1.56,0.4888888888888889,0.4888888888888889,data/deam/DEAM_spectrograms_shiv/47_seg0.png,blues,1,47_seg0
47,4.4,1.74,4.4,1.56,0.4888888888888889,0.4888888888888889,data/deam/DEAM_spectrograms_shiv/47_seg1.png,blues,1,47_seg1
47,4.4,1.74,4.4,1.56,0.4888888888888889,0.4888888888888889,data/deam/DEAM_spectrograms_shiv/47_seg2.png,blues,1,47_seg2
48,4.5,1.86,4.8,1.78,0.5,0.5333333333333333,data/deam/DEAM_spectrograms_shiv/48_seg0.png,blues,1,48_seg0
48,4.5,1.86,4.8,1.78,0.5,0.5333333333333333,data/deam/DEAM_spectrograms_shiv/48_seg1.png,blues,1,48_seg1
48,4.5,1.86,4.8,1.78,0.5,0.5333333333333333,data/deam/DEAM_spectrograms_shiv/48_seg2.png,blues,1,48_seg2
49,3.9,1.3,5.3,1.19,0.4333333333333333,0.5888888888888889,data/deam/DEAM_spectrograms_shiv/49_seg0.png,blues,1,49_seg0
49,3.9,1.3,5.3,1.19,0.4333333333333333,0.5888888888888889,data/deam/DEAM_spectrograms_shiv/49_seg1.png,blues,1,49_seg1
49,3.9,1.3,5.3,1.19,0.4333333333333333,0.5888888888888889,data/deam/DEAM_spectrograms_shiv/49_seg2.png,blues,1,49_seg2
51,3.6,1.11,3.2,0.98,0.4,0.3555555555555555,data/deam/DEAM_spectrograms_shiv/51_seg0.png,blues,1,51_seg0
51,3.6,1.11,3.2,0.98,0.4,0.3555555555555555,data/deam/DEAM_spectrograms_shiv/51_seg1.png,blues,1,51_seg1
51,3.6,1.11,3.2,0.98,0.4,0.3555555555555555,data/deam/DEAM_spectrograms_shiv/51_seg2.png,blues,1,51_seg2
52,4.6,1.11,5.1,1.81,0.5111111111111111,0.5666666666666667,data/deam/DEAM_spectrograms_shiv/52_seg0.png,blues,1,52_seg0
52,4.6,1.11,5.1,1.81,0.5111111111111111,0.5666666666666667,data/deam/DEAM_spectrograms_shiv/52_seg1.png,blues,1,52_seg1
52,4.6,1.11,5.1,1.81,0.5111111111111111,0.5666666666666667,data/deam/DEAM_spectrograms_shiv/52_seg2.png,blues,1,52_seg2
53,4.3,2.37,5.1,1.7,0.4777777777777777,0.5666666666666667,data/deam/DEAM_spectrograms_shiv/53_seg0.png,blues,1,53_seg0
53,4.3,2.37,5.1,1.7,0.4777777777777777,0.5666666666666667,data/deam/DEAM_spectrograms_shiv/53_seg1.png,blues,1,53_seg1
53,4.3,2.37,5.1,1.7,0.4777777777777777,0.5666666666666667,data/deam/DEAM_spectrograms_shiv/53_seg2.png,blues,1,53_seg2
54,3.1,1.58,3.3,1.62,0.3444444444444444,0.3666666666666666,data/deam/DEAM_spectrograms_shiv/54_seg0.png,blues,1,54_seg0
54,3.1,1.58,3.3,1.62,0.3444444444444444,0.3666666666666666,data/deam/DEAM_spectrograms_shiv/54_seg1.png,blues,1,54_seg1
54,3.1,1.58,3.3,1.62,0.3444444444444444,0.3666666666666666,data/deam/DEAM_spectrograms_shiv/54_seg2.png,blues,1,54_seg2
55,5.8,1.33,5.4,1.11,0.6444444444444444,0.6000000000000001,data/deam/DEAM_spectrograms_shiv/55_seg0.png,blues,1,55_seg0
55,5.8,1.33,5.4,1.11,0.6444444444444444,0.6000000000000001,data/deam/DEAM_spectrograms_shiv/55_seg1.png,blues,1,55_seg1
55,5.8,1.33,5.4,1.11,0.6444444444444444,0.6000000000000001,data/deam/DEAM_spectrograms_shiv/55_seg2.png,blues,1,55_seg2
56,6.4,1.43,5.8,1.4,0.7111111111111111,0.6444444444444444,data/deam/DEAM_spectrograms_shiv/56_seg0.png,blues,1,56_seg0
56,6.4,1.43,5.8,1.4,0.7111111111111111,0.6444444444444444,data/deam/DEAM_spectrograms_shiv/56_seg1.png,blues,1,56_seg1
56,6.4,1.43,5.8,1.4,0.7111111111111111,0.6444444444444444,data/deam/DEAM_spectrograms_shiv/56_seg2.png,blues,1,56_seg2
60,4.3,1.49,6.4,0.49,0.4777777777777777,0.7111111111111111,data/deam/DEAM_spectrograms_shiv/60_seg0.png,blues,1,60_seg0
60,4.3,1.49,6.4,0.49,0.4777777777777777,0.7111111111111111,data/deam/DEAM_spectrograms_shiv/60_seg1.png,blues,1,60_seg1
60,4.3,1.49,6.4,0.49,0.4777777777777777,0.7111111111111111,data/deam/DEAM_spectrograms_shiv/60_seg2.png,blues,1,60_seg2
64,3.6,1.28,4.9,1.58,0.4,0.5444444444444445,data/deam/DEAM_spectrograms_shiv/64_seg0.png,blues,1,64_seg0
64,3.6,1.28,4.9,1.58,0.4,0.5444444444444445,data/deam/DEAM_spectrograms_shiv/64_seg1.png,blues,1,64_seg1
64,3.6,1.28,4.9,1.58,0.4,0.5444444444444445,data/deam/DEAM_spectrograms_shiv/64_seg2.png,blues,1,64_seg2
67,7.2,0.75,6.8,1.4,0.8,0.7555555555555555,data/deam/DEAM_spectrograms_shiv/67_seg0.png,blues,1,67_seg0
67,7.2,0.75,6.8,1.4,0.8,0.7555555555555555,data/deam/DEAM_spectrograms_shiv/67_seg1.png,blues,1,67_seg1
67,7.2,0.75,6.8,1.4,0.8,0.7555555555555555,data/deam/DEAM_spectrograms_shiv/67_seg2.png,blues,1,67_seg2
68,3.8,1.33,4.9,1.64,0.4222222222222222,0.5444444444444445,data/deam/DEAM_spectrograms_shiv/68_seg0.png,blues,1,68_seg0
68,3.8,1.33,4.9,1.64,0.4222222222222222,0.5444444444444445,data/deam/DEAM_spectrograms_shiv/68_seg1.png,blues,1,68_seg1
68,3.8,1.33,4.9,1.64,0.4222222222222222,0.5444444444444445,data/deam/DEAM_spectrograms_shiv/68_seg2.png,blues,1,68_seg2
71,5.9,1.51,3.7,0.78,0.6555555555555556,0.4111111111111111,data/deam/DEAM_spectrograms_shiv/71_seg0.png,blues,1,71_seg0
71,5.9,1.51,3.7,0.78,0.6555555555555556,0.4111111111111111,data/deam/DEAM_spectrograms_shiv/71_seg1.png,blues,1,71_seg1
71,5.9,1.51,3.7,0.78,0.6555555555555556,0.4111111111111111,data/deam/DEAM_spectrograms_shiv/71_seg2.png,blues,1,71_seg2
73,5.8,1.72,5.6,1.74,0.6444444444444444,0.6222222222222222,data/deam/DEAM_spectrograms_shiv/73_seg0.png,blues,1,73_seg0
73,5.8,1.72,5.6,1.74,0.6444444444444444,0.6222222222222222,data/deam/DEAM_spectrograms_shiv/73_seg1.png,blues,1,73_seg1
73,5.8,1.72,5.6,1.74,0.6444444444444444,0.6222222222222222,data/deam/DEAM_spectrograms_shiv/73_seg2.png,blues,1,73_seg2
74,3.0,1.67,4.3,1.42,0.3333333333333333,0.4777777777777777,data/deam/DEAM_spectrograms_shiv/74_seg0.png,blues,1,74_seg0
74,3.0,1.67,4.3,1.42,0.3333333333333333,0.4777777777777777,data/deam/DEAM_spectrograms_shiv/74_seg1.png,blues,1,74_seg1
74,3.0,1.67,4.3,1.42,0.3333333333333333,0.4777777777777777,data/deam/DEAM_spectrograms_shiv/74_seg2.png,blues,1,74_seg2
78,3.4,1.56,3.9,1.92,0.3777777777777777,0.4333333333333333,data/deam/DEAM_spectrograms_shiv/78_seg0.png,blues,1,78_seg0
78,3.4,1.56,3.9,1.92,0.3777777777777777,0.4333333333333333,data/deam/DEAM_spectrograms_shiv/78_seg1.png,blues,1,78_seg1
78,3.4,1.56,3.9,1.92,0.3777777777777777,0.4333333333333333,data/deam/DEAM_spectrograms_shiv/78_seg2.png,blues,1,78_seg2
79,5.5,2.11,5.5,1.36,0.6111111111111112,0.6111111111111112,data/deam/DEAM_spectrograms_shiv/79_seg0.png,blues,1,79_seg0
79,5.5,2.11,5.5,1.36,0.6111111111111112,0.6111111111111112,data/deam/DEAM_spectrograms_shiv/79_seg1.png,blues,1,79_seg1
79,5.5,2.11,5.5,1.36,0.6111111111111112,0.6111111111111112,data/deam/DEAM_spectrograms_shiv/79_seg2.png,blues,1,79_seg2
80,6.0,1.34,5.1,1.37,0.6666666666666666,0.5666666666666667,data/deam/DEAM_spectrograms_shiv/80_seg0.png,blues,1,80_seg0
80,6.0,1.34,5.1,1.37,0.6666666666666666,0.5666666666666667,data/deam/DEAM_spectrograms_shiv/80_seg1.png,blues,1,80_seg1
80,6.0,1.34,5.1,1.37,0.6666666666666666,0.5666666666666667,data/deam/DEAM_spectrograms_shiv/80_seg2.png,blues,1,80_seg2
81,6.1,1.92,3.9,1.7,0.6777777777777777,0.4333333333333333,data/deam/DEAM_spectrograms_shiv/81_seg0.png,blues,1,81_seg0
81,6.1,1.92,3.9,1.7,0.6777777777777777,0.4333333333333333,data/deam/DEAM_spectrograms_shiv/81_seg1.png,blues,1,81_seg1
81,6.1,1.92,3.9,1.7,0.6777777777777777,0.4333333333333333,data/deam/DEAM_spectrograms_shiv/81_seg2.png,blues,1,81_seg2
82,2.9,1.45,3.5,1.63,0.3222222222222222,0.3888888888888889,data/deam/DEAM_spectrograms_shiv/82_seg0.png,blues,1,82_seg0
82,2.9,1.45,3.5,1.63,0.3222222222222222,0.3888888888888889,data/deam/DEAM_spectrograms_shiv/82_seg1.png,blues,1,82_seg1
82,2.9,1.45,3.5,1.63,0.3222222222222222,0.3888888888888889,data/deam/DEAM_spectrograms_shiv/82_seg2.png,blues,1,82_seg2
83,6.1,1.04,5.8,1.72,0.6777777777777777,0.6444444444444444,data/deam/DEAM_spectrograms_shiv/83_seg0.png,blues,1,83_seg0
83,6.1,1.04,5.8,1.72,0.6777777777777777,0.6444444444444444,data/deam/DEAM_spectrograms_shiv/83_seg1.png,blues,1,83_seg1
83,6.1,1.04,5.8,1.72,0.6777777777777777,0.6444444444444444,data/deam/DEAM_spectrograms_shiv/83_seg2.png,blues,1,83_seg2
85,7.1,1.14,6.2,1.6,0.7888888888888889,0.6888888888888889,data/deam/DEAM_spectrograms_shiv/85_seg0.png,blues,1,85_seg0
85,7.1,1.14,6.2,1.6,0.7888888888888889,0.6888888888888889,data/deam/DEAM_spectrograms_shiv/85_seg1.png,blues,1,85_seg1
85,7.1,1.14,6.2,1.6,0.7888888888888889,0.6888888888888889,data/deam/DEAM_spectrograms_shiv/85_seg2.png,blues,1,85_seg2
86,5.4,1.62,5.6,1.2,0.6000000000000001,0.6222222222222222,data/deam/DEAM_spectrograms_shiv/86_seg0.png,blues,1,86_seg0
86,5.4,1.62,5.6,1.2,0.6000000000000001,0.6222222222222222,data/deam/DEAM_spectrograms_shiv/86_seg1.png,blues,1,86_seg1
86,5.4,1.62,5.6,1.2,0.6000000000000001,0.6222222222222222,data/deam/DEAM_spectrograms_shiv/86_seg2.png,blues,1,86_seg2
87,5.3,2.45,2.6,0.92,0.5888888888888889,0.2888888888888889,data/deam/DEAM_spectrograms_shiv/87_seg0.png,blues,1,87_seg0
87,5.3,2.45,2.6,0.92,0.5888888888888889,0.2888888888888889,data/deam/DEAM_spectrograms_shiv/87_seg1.png,blues,1,87_seg1
87,5.3,2.45,2.6,0.92,0.5888888888888889,0.2888888888888889,data/deam/DEAM_spectrograms_shiv/87_seg2.png,blues,1,87_seg2
88,6.7,1.73,5.5,1.28,0.7444444444444445,0.6111111111111112,data/deam/DEAM_spectrograms_shiv/88_seg0.png,blues,1,88_seg0
88,6.7,1.73,5.5,1.28,0.7444444444444445,0.6111111111111112,data/deam/DEAM_spectrograms_shiv/88_seg1.png,blues,1,88_seg1
88,6.7,1.73,5.5,1.28,0.7444444444444445,0.6111111111111112,data/deam/DEAM_spectrograms_shiv/88_seg2.png,blues,1,88_seg2
90,4.3,1.73,4.2,1.72,0.4777777777777777,0.4666666666666667,data/deam/DEAM_spectrograms_shiv/90_seg0.png,blues,1,90_seg0
90,4.3,1.73,4.2,1.72,0.4777777777777777,0.4666666666666667,data/deam/DEAM_spectrograms_shiv/90_seg1.png,blues,1,90_seg1
90,4.3,1.73,4.2,1.72,0.4777777777777777,0.4666666666666667,data/deam/DEAM_spectrograms_shiv/90_seg2.png,blues,1,90_seg2
91,4.5,1.43,5.5,1.2,0.5,0.6111111111111112,data/deam/DEAM_spectrograms_shiv/91_seg0.png,blues,1,91_seg0
91,4.5,1.43,5.5,1.2,0.5,0.6111111111111112,data/deam/DEAM_spectrograms_shiv/91_seg1.png,blues,1,91_seg1
91,4.5,1.43,5.5,1.2,0.5,0.6111111111111112,data/deam/DEAM_spectrograms_shiv/91_seg2.png,blues,1,91_seg2
93,7.2,0.75,6.0,1.73,0.8,0.6666666666666666,data/deam/DEAM_spectrograms_shiv/93_seg0.png,blues,1,93_seg0
93,7.2,0.75,6.0,1.73,0.8,0.6666666666666666,data/deam/DEAM_spectrograms_shiv/93_seg1.png,blues,1,93_seg1
93,7.2,0.75,6.0,1.73,0.8,0.6666666666666666,data/deam/DEAM_spectrograms_shiv/93_seg2.png,blues,1,93_seg2
95,3.3,1.85,4.6,2.2,0.3666666666666666,0.5111111111111111,data/deam/DEAM_spectrograms_shiv/95_seg0.png,blues,1,95_seg0
95,3.3,1.85,4.6,2.2,0.3666666666666666,0.5111111111111111,data/deam/DEAM_spectrograms_shiv/95_seg1.png,blues,1,95_seg1
95,3.3,1.85,4.6,2.2,0.3666666666666666,0.5111111111111111,data/deam/DEAM_spectrograms_shiv/95_seg2.png,blues,1,95_seg2
99,4.3,1.85,4.1,1.97,0.4777777777777777,0.4555555555555555,data/deam/DEAM_spectrograms_shiv/99_seg0.png,blues,1,99_seg0
99,4.3,1.85,4.1,1.97,0.4777777777777777,0.4555555555555555,data/deam/DEAM_spectrograms_shiv/99_seg1.png,blues,1,99_seg1
99,4.3,1.85,4.1,1.97,0.4777777777777777,0.4555555555555555,data/deam/DEAM_spectrograms_shiv/99_seg2.png,blues,1,99_seg2
101,3.4,1.62,2.8,0.87,0.3777777777777777,0.3111111111111111,data/deam/DEAM_spectrograms_shiv/101_seg0.png,blues,1,101_seg0
101,3.4,1.62,2.8,0.87,0.3777777777777777,0.3111111111111111,data/deam/DEAM_spectrograms_shiv/101_seg1.png,blues,1,101_seg1
101,3.4,1.62,2.8,0.87,0.3777777777777777,0.3111111111111111,data/deam/DEAM_spectrograms_shiv/101_seg2.png,blues,1,101_seg2
102,6.5,0.92,5.4,1.56,0.7222222222222222,0.6000000000000001,data/deam/DEAM_spectrograms_shiv/102_seg0.png,blues,1,102_seg0
102,6.5,0.92,5.4,1.56,0.7222222222222222,0.6000000000000001,data/deam/DEAM_spectrograms_shiv/102_seg1.png,blues,1,102_seg1
102,6.5,0.92,5.4,1.56,0.7222222222222222,0.6000000000000001,data/deam/DEAM_spectrograms_shiv/102_seg2.png,blues,1,102_seg2
103,5.6,1.91,3.3,1.79,0.6222222222222222,0.3666666666666666,data/deam/DEAM_spectrograms_shiv/103_seg0.png,blues,1,103_seg0
103,5.6,1.91,3.3,1.79,0.6222222222222222,0.3666666666666666,data/deam/DEAM_spectrograms_shiv/103_seg1.png,blues,1,103_seg1
103,5.6,1.91,3.3,1.79,0.6222222222222222,0.3666666666666666,data/deam/DEAM_spectrograms_shiv/103_seg2.png,blues,1,103_seg2
104,6.1,1.81,3.3,1.79,0.6777777777777777,0.3666666666666666,data/deam/DEAM_spectrograms_shiv/104_seg0.png,blues,1,104_seg0
104,6.1,1.81,3.3,1.79,0.6777777777777777,0.3666666666666666,data/deam/DEAM_spectrograms_shiv/104_seg1.png,blues,1,104_seg1
104,6.1,1.81,3.3,1.79,0.6777777777777777,0.3666666666666666,data/deam/DEAM_spectrograms_shiv/104_seg2.png,blues,1,104_seg2
105,6.5,1.43,5.0,1.41,0.7222222222222222,0.5555555555555556,data/deam/DEAM_spectrograms_shiv/105_seg0.png,blues,1,105_seg0
105,6.5,1.43,5.0,1.41,0.7222222222222222,0.5555555555555556,data/deam/DEAM_spectrograms_shiv/105_seg1.png,blues,1,105_seg1
105,6.5,1.43,5.0,1.41,0.7222222222222222,0.5555555555555556,data/deam/DEAM_spectrograms_shiv/105_seg2.png,blues,1,105_seg2
106,4.6,1.5,3.3,1.19,0.5111111111111111,0.3666666666666666,data/deam/DEAM_spectrograms_shiv/106_seg0.png,blues,1,106_seg0
106,4.6,1.5,3.3,1.19,0.5111111111111111,0.3666666666666666,data/deam/DEAM_spectrograms_shiv/106_seg1.png,blues,1,106_seg1
106,4.6,1.5,3.3,1.19,0.5111111111111111,0.3666666666666666,data/deam/DEAM_spectrograms_shiv/106_seg2.png,blues,1,106_seg2
107,6.0,2.0,4.8,2.14,0.6666666666666666,0.5333333333333333,data/deam/DEAM_spectrograms_shiv/107_seg0.png,blues,1,107_seg0
107,6.0,2.0,4.8,2.14,0.6666666666666666,0.5333333333333333,data/deam/DEAM_spectrograms_shiv/107_seg1.png,blues,1,107_seg1
107,6.0,2.0,4.8,2.14,0.6666666666666666,0.5333333333333333,data/deam/DEAM_spectrograms_shiv/107_seg2.png,blues,1,107_seg2
108,4.5,1.63,4.2,1.94,0.5,0.4666666666666667,data/deam/DEAM_spectrograms_shiv/108_seg0.png,blues,1,108_seg0
108,4.5,1.63,4.2,1.94,0.5,0.4666666666666667,data/deam/DEAM_spectrograms_shiv/108_seg1.png,blues,1,108_seg1
108,4.5,1.63,4.2,1.94,0.5,0.4666666666666667,data/deam/DEAM_spectrograms_shiv/108_seg2.png,blues,1,108_seg2
109,4.4,2.24,4.5,1.5,0.4888888888888889,0.5,data/deam/DEAM_spectrograms_shiv/109_seg0.png,blues,1,109_seg0
109,4.4,2.24,4.5,1.5,0.4888888888888889,0.5,data/deam/DEAM_spectrograms_shiv/109_seg1.png,blues,1,109_seg1
109,4.4,2.24,4.5,1.5,0.4888888888888889,0.5,data/deam/DEAM_spectrograms_shiv/109_seg2.png,blues,1,109_seg2
110,4.4,1.8,2.8,0.87,0.4888888888888889,0.3111111111111111,data/deam/DEAM_spectrograms_shiv/110_seg0.png,blues,1,110_seg0
110,4.4,1.8,2.8,0.87,0.4888888888888889,0.3111111111111111,data/deam/DEAM_spectrograms_shiv/110_seg1.png,blues,1,110_seg1
110,4.4,1.8,2.8,0.87,0.4888888888888889,0.3111111111111111,data/deam/DEAM_spectrograms_shiv/110_seg2.png,blues,1,110_seg2
111,5.3,1.27,5.3,1.42,0.5888888888888889,0.5888888888888889,data/deam/DEAM_spectrograms_shiv/111_seg0.png,blues,1,111_seg0
111,5.3,1.27,5.3,1.42,0.5888888888888889,0.5888888888888889,data/deam/DEAM_spectrograms_shiv/111_seg1.png,blues,1,111_seg1
111,5.3,1.27,5.3,1.42,0.5888888888888889,0.5888888888888889,data/deam/DEAM_spectrograms_shiv/111_seg2.png,blues,1,111_seg2
112,6.8,0.98,6.4,1.56,0.7555555555555555,0.7111111111111111,data/deam/DEAM_spectrograms_shiv/112_seg0.png,blues,1,112_seg0
112,6.8,0.98,6.4,1.56,0.7555555555555555,0.7111111111111111,data/deam/DEAM_spectrograms_shiv/112_seg1.png,blues,1,112_seg1
112,6.8,0.98,6.4,1.56,0.7555555555555555,0.7111111111111111,data/deam/DEAM_spectrograms_shiv/112_seg2.png,blues,1,112_seg2
114,4.8,0.75,5.7,0.9,0.5333333333333333,0.6333333333333333,data/deam/DEAM_spectrograms_shiv/114_seg0.png,blues,1,114_seg0
114,4.8,0.75,5.7,0.9,0.5333333333333333,0.6333333333333333,data/deam/DEAM_spectrograms_shiv/114_seg1.png,blues,1,114_seg1
114,4.8,0.75,5.7,0.9,0.5333333333333333,0.6333333333333333,data/deam/DEAM_spectrograms_shiv/114_seg2.png,blues,1,114_seg2
115,8.4,0.66,7.8,1.17,0.9333333333333332,0.8666666666666667,data/deam/DEAM_spectrograms_shiv/115_seg0.png,blues,1,115_seg0
115,8.4,0.66,7.8,1.17,0.9333333333333332,0.8666666666666667,data/deam/DEAM_spectrograms_shiv/115_seg1.png,blues,1,115_seg1
115,8.4,0.66,7.8,1.17,0.9333333333333332,0.8666666666666667,data/deam/DEAM_spectrograms_shiv/115_seg2.png,blues,1,115_seg2
116,4.4,1.56,3.9,1.22,0.4888888888888889,0.4333333333333333,data/deam/DEAM_spectrograms_shiv/116_seg0.png,blues,1,116_seg0
116,4.4,1.56,3.9,1.22,0.4888888888888889,0.4333333333333333,data/deam/DEAM_spectrograms_shiv/116_seg1.png,blues,1,116_seg1
116,4.4,1.56,3.9,1.22,0.4888888888888889,0.4333333333333333,data/deam/DEAM_spectrograms_shiv/116_seg2.png,blues,1,116_seg2
118,4.9,1.92,4.6,1.85,0.5444444444444445,0.5111111111111111,data/deam/DEAM_spectrograms_shiv/118_seg0.png,blues,1,118_seg0
118,4.9,1.92,4.6,1.85,0.5444444444444445,0.5111111111111111,data/deam/DEAM_spectrograms_shiv/118_seg1.png,blues,1,118_seg1
118,4.9,1.92,4.6,1.85,0.5444444444444445,0.5111111111111111,data/deam/DEAM_spectrograms_shiv/118_seg2.png,blues,1,118_seg2
119,4.3,2.28,3.2,1.25,0.4777777777777777,0.3555555555555555,data/deam/DEAM_spectrograms_shiv/119_seg0.png,blues,1,119_seg0
119,4.3,2.28,3.2,1.25,0.4777777777777777,0.3555555555555555,data/deam/DEAM_spectrograms_shiv/119_seg1.png,blues,1,119_seg1
119,4.3,2.28,3.2,1.25,0.4777777777777777,0.3555555555555555,data/deam/DEAM_spectrograms_shiv/119_seg2.png,blues,1,119_seg2
120,3.8,1.6,5.0,1.61,0.4222222222222222,0.5555555555555556,data/deam/DEAM_spectrograms_shiv/120_seg0.png,blues,1,120_seg0
120,3.8,1.6,5.0,1.61,0.4222222222222222,0.5555555555555556,data/deam/DEAM_spectrograms_shiv/120_seg1.png,blues,1,120_seg1
120,3.8,1.6,5.0,1.61,0.4222222222222222,0.5555555555555556,data/deam/DEAM_spectrograms_shiv/120_seg2.png,blues,1,120_seg2
121,3.1,0.83,3.9,1.51,0.3444444444444444,0.4333333333333333,data/deam/DEAM_spectrograms_shiv/121_seg0.png,blues,1,121_seg0
121,3.1,0.83,3.9,1.51,0.3444444444444444,0.4333333333333333,data/deam/DEAM_spectrograms_shiv/121_seg1.png,blues,1,121_seg1
121,3.1,0.83,3.9,1.51,0.3444444444444444,0.4333333333333333,data/deam/DEAM_spectrograms_shiv/121_seg2.png,blues,1,121_seg2
122,5.5,1.91,4.6,1.85,0.6111111111111112,0.5111111111111111,data/deam/DEAM_spectrograms_shiv/122_seg0.png,blues,1,122_seg0
122,5.5,1.91,4.6,1.85,0.6111111111111112,0.5111111111111111,data/deam/DEAM_spectrograms_shiv/122_seg1.png,blues,1,122_seg1
122,5.5,1.91,4.6,1.85,0.6111111111111112,0.5111111111111111,data/deam/DEAM_spectrograms_shiv/122_seg2.png,blues,1,122_seg2
123,6.1,1.58,6.2,1.47,0.6777777777777777,0.6888888888888889,data/deam/DEAM_spectrograms_shiv/123_seg0.png,blues,1,123_seg0
123,6.1,1.58,6.2,1.47,0.6777777777777777,0.6888888888888889,data/deam/DEAM_spectrograms_shiv/123_seg1.png,blues,1,123_seg1
123,6.1,1.58,6.2,1.47,0.6777777777777777,0.6888888888888889,data/deam/DEAM_spectrograms_shiv/123_seg2.png,blues,1,123_seg2
124,3.7,1.27,2.8,0.75,0.4111111111111111,0.3111111111111111,data/deam/DEAM_spectrograms_shiv/124_seg0.png,blues,1,124_seg0
124,3.7,1.27,2.8,0.75,0.4111111111111111,0.3111111111111111,data/deam/DEAM_spectrograms_shiv/124_seg1.png,blues,1,124_seg1
124,3.7,1.27,2.8,0.75,0.4111111111111111,0.3111111111111111,data/deam/DEAM_spectrograms_shiv/124_seg2.png,blues,1,124_seg2
126,5.1,1.64,6.1,1.37,0.5666666666666667,0.6777777777777777,data/deam/DEAM_spectrograms_shiv/126_seg0.png,classical,2,126_seg0
126,5.1,1.64,6.1,1.37,0.5666666666666667,0.6777777777777777,data/deam/DEAM_spectrograms_shiv/126_seg1.png,classical,2,126_seg1
126,5.1,1.64,6.1,1.37,0.5666666666666667,0.6777777777777777,data/deam/DEAM_spectrograms_shiv/126_seg2.png,classical,2,126_seg2
127,3.0,1.84,5.3,1.68,0.3333333333333333,0.5888888888888889,data/deam/DEAM_spectrograms_shiv/127_seg0.png,classical,2,127_seg0
127,3.0,1.84,5.3,1.68,0.3333333333333333,0.5888888888888889,data/deam/DEAM_spectrograms_shiv/127_seg1.png,classical,2,127_seg1
127,3.0,1.84,5.3,1.68,0.3333333333333333,0.5888888888888889,data/deam/DEAM_spectrograms_shiv/127_seg2.png,classical,2,127_seg2
128,3.6,1.43,4.0,1.55,0.4,0.4444444444444444,data/deam/DEAM_spectrograms_shiv/128_seg0.png,classical,2,128_seg0
128,3.6,1.43,4.0,1.55,0.4,0.4444444444444444,data/deam/DEAM_spectrograms_shiv/128_seg1.png,classical,2,128_seg1
128,3.6,1.43,4.0,1.55,0.4,0.4444444444444444,data/deam/DEAM_spectrograms_shiv/128_seg2.png,classical,2,128_seg2
129,4.2,1.72,6.0,1.67,0.4666666666666667,0.6666666666666666,data/deam/DEAM_spectrograms_shiv/129_seg0.png,classical,2,129_seg0
129,4.2,1.72,6.0,1.67,0.4666666666666667,0.6666666666666666,data/deam/DEAM_spectrograms_shiv/129_seg1.png,classical,2,129_seg1
129,4.2,1.72,6.0,1.67,0.4666666666666667,0.6666666666666666,data/deam/DEAM_spectrograms_shiv/129_seg2.png,classical,2,129_seg2
130,3.3,1.42,4.2,1.33,0.3666666666666666,0.4666666666666667,data/deam/DEAM_spectrograms_shiv/130_seg0.png,classical,2,130_seg0
130,3.3,1.42,4.2,1.33,0.3666666666666666,0.4666666666666667,data/deam/DEAM_spectrograms_shiv/130_seg1.png,classical,2,130_seg1
130,3.3,1.42,4.2,1.33,0.3666666666666666,0.4666666666666667,data/deam/DEAM_spectrograms_shiv/130_seg2.png,classical,2,130_seg2
131,6.1,1.04,4.9,1.64,0.6777777777777777,0.5444444444444445,data/deam/DEAM_spectrograms_shiv/131_seg0.png,classical,2,131_seg0
131,6.1,1.04,4.9,1.64,0.6777777777777777,0.5444444444444445,data/deam/DEAM_spectrograms_shiv/131_seg1.png,classical,2,131_seg1
131,6.1,1.04,4.9,1.64,0.6777777777777777,0.5444444444444445,data/deam/DEAM_spectrograms_shiv/131_seg2.png,classical,2,131_seg2
133,2.8,1.99,2.2,1.17,0.3111111111111111,0.2444444444444444,data/deam/DEAM_spectrograms_shiv/133_seg0.png,classical,2,133_seg0
133,2.8,1.99,2.2,1.17,0.3111111111111111,0.2444444444444444,data/deam/DEAM_spectrograms_shiv/133_seg1.png,classical,2,133_seg1
133,2.8,1.99,2.2,1.17,0.3111111111111111,0.2444444444444444,data/deam/DEAM_spectrograms_shiv/133_seg2.png,classical,2,133_seg2
134,5.4,1.74,6.0,1.18,0.6000000000000001,0.6666666666666666,data/deam/DEAM_spectrograms_shiv/134_seg0.png,classical,2,134_seg0
134,5.4,1.74,6.0,1.18,0.6000000000000001,0.6666666666666666,data/deam/DEAM_spectrograms_shiv/134_seg1.png,classical,2,134_seg1
134,5.4,1.74,6.0,1.18,0.6000000000000001,0.6666666666666666,data/deam/DEAM_spectrograms_shiv/134_seg2.png,classical,2,134_seg2
138,3.8,2.64,2.4,0.92,0.4222222222222222,0.2666666666666666,data/deam/DEAM_spectrograms_shiv/138_seg0.png,classical,2,138_seg0
138,3.8,2.64,2.4,0.92,0.4222222222222222,0.2666666666666666,data/deam/DEAM_spectrograms_shiv/138_seg1.png,classical,2,138_seg1
138,3.8,2.64,2.4,0.92,0.4222222222222222,0.2666666666666666,data/deam/DEAM_spectrograms_shiv/138_seg2.png,classical,2,138_seg2
140,4.2,1.47,4.5,2.01,0.4666666666666667,0.5,data/deam/DEAM_spectrograms_shiv/140_seg0.png,classical,2,140_seg0
140,4.2,1.47,4.5,2.01,0.4666666666666667,0.5,data/deam/DEAM_spectrograms_shiv/140_seg1.png,classical,2,140_seg1
140,4.2,1.47,4.5,2.01,0.4666666666666667,0.5,data/deam/DEAM_spectrograms_shiv/140_seg2.png,classical,2,140_seg2
142,4.6,1.8,4.8,1.72,0.5111111111111111,0.5333333333333333,data/deam/DEAM_spectrograms_shiv/142_seg0.png,classical,2,142_seg0
142,4.6,1.8,4.8,1.72,0.5111111111111111,0.5333333333333333,data/deam/DEAM_spectrograms_shiv/142_seg1.png,classical,2,142_seg1
142,4.6,1.8,4.8,1.72,0.5111111111111111,0.5333333333333333,data/deam/DEAM_spectrograms_shiv/142_seg2.png,classical,2,142_seg2
143,4.0,1.73,4.9,1.45,0.4444444444444444,0.5444444444444445,data/deam/DEAM_spectrograms_shiv/143_seg0.png,classical,2,143_seg0
143,4.0,1.73,4.9,1.45,0.4444444444444444,0.5444444444444445,data/deam/DEAM_spectrograms_shiv/143_seg1.png,classical,2,143_seg1
143,4.0,1.73,4.9,1.45,0.4444444444444444,0.5444444444444445,data/deam/DEAM_spectrograms_shiv/143_seg2.png,classical,2,143_seg2
144,3.4,1.11,4.7,0.9,0.3777777777777777,0.5222222222222223,data/deam/DEAM_spectrograms_shiv/144_seg0.png,classical,2,144_seg0
144,3.4,1.11,4.7,0.9,0.3777777777777777,0.5222222222222223,data/deam/DEAM_spectrograms_shiv/144_seg1.png,classical,2,144_seg1
144,3.4,1.11,4.7,0.9,0.3777777777777777,0.5222222222222223,data/deam/DEAM_spectrograms_shiv/144_seg2.png,classical,2,144_seg2
146,2.4,1.8,3.5,1.91,0.2666666666666666,0.3888888888888889,data/deam/DEAM_spectrograms_shiv/146_seg0.png,classical,2,146_seg0
146,2.4,1.8,3.5,1.91,0.2666666666666666,0.3888888888888889,data/deam/DEAM_spectrograms_shiv/146_seg1.png,classical,2,146_seg1
146,2.4,1.8,3.5,1.91,0.2666666666666666,0.3888888888888889,data/deam/DEAM_spectrograms_shiv/146_seg2.png,classical,2,146_seg2
148,4.7,1.19,5.0,2.05,0.5222222222222223,0.5555555555555556,data/deam/DEAM_spectrograms_shiv/148_seg0.png,classical,2,148_seg0
148,4.7,1.19,5.0,2.05,0.5222222222222223,0.5555555555555556,data/deam/DEAM_spectrograms_shiv/148_seg1.png,classical,2,148_seg1
148,4.7,1.19,5.0,2.05,0.5222222222222223,0.5555555555555556,data/deam/DEAM_spectrograms_shiv/148_seg2.png,classical,2,148_seg2
149,3.4,1.85,3.1,1.92,0.3777777777777777,0.3444444444444444,data/deam/DEAM_spectrograms_shiv/149_seg0.png,classical,2,149_seg0
149,3.4,1.85,3.1,1.92,0.3777777777777777,0.3444444444444444,data/deam/DEAM_spectrograms_shiv/149_seg1.png,classical,2,149_seg1
149,3.4,1.85,3.1,1.92,0.3777777777777777,0.3444444444444444,data/deam/DEAM_spectrograms_shiv/149_seg2.png,classical,2,149_seg2
151,4.0,1.95,4.5,1.28,0.4444444444444444,0.5,data/deam/DEAM_spectrograms_shiv/151_seg0.png,classical,2,151_seg0
151,4.0,1.95,4.5,1.28,0.4444444444444444,0.5,data/deam/DEAM_spectrograms_shiv/151_seg1.png,classical,2,151_seg1
151,4.0,1.95,4.5,1.28,0.4444444444444444,0.5,data/deam/DEAM_spectrograms_shiv/151_seg2.png,classical,2,151_seg2
152,4.4,1.62,5.6,1.43,0.4888888888888889,0.6222222222222222,data/deam/DEAM_spectrograms_shiv/152_seg0.png,classical,2,152_seg0
152,4.4,1.62,5.6,1.43,0.4888888888888889,0.6222222222222222,data/deam/DEAM_spectrograms_shiv/152_seg1.png,classical,2,152_seg1
152,4.4,1.62,5.6,1.43,0.4888888888888889,0.6222222222222222,data/deam/DEAM_spectrograms_shiv/152_seg2.png,classical,2,152_seg2
153,3.9,1.92,4.5,1.69,0.4333333333333333,0.5,data/deam/DEAM_spectrograms_shiv/153_seg0.png,classical,2,153_seg0
153,3.9,1.92,4.5,1.69,0.4333333333333333,0.5,data/deam/DEAM_spectrograms_shiv/153_seg1.png,classical,2,153_seg1
153,3.9,1.92,4.5,1.69,0.4333333333333333,0.5,data/deam/DEAM_spectrograms_shiv/153_seg2.png,classical,2,153_seg2
154,4.2,1.66,4.1,1.87,0.4666666666666667,0.4555555555555555,data/deam/DEAM_spectrograms_shiv/154_seg0.png,classical,2,154_seg0
154,4.2,1.66,4.1,1.87,0.4666666666666667,0.4555555555555555,data/deam/DEAM_spectrograms_shiv/154_seg1.png,classical,2,154_seg1
154,4.2,1.66,4.1,1.87,0.4666666666666667,0.4555555555555555,data/deam/DEAM_spectrograms_shiv/154_seg2.png,classical,2,154_seg2
155,3.6,1.96,5.4,0.92,0.4,0.6000000000000001,data/deam/DEAM_spectrograms_shiv/155_seg0.png,classical,2,155_seg0
155,3.6,1.96,5.4,0.92,0.4,0.6000000000000001,data/deam/DEAM_spectrograms_shiv/155_seg1.png,classical,2,155_seg1
155,3.6,1.96,5.4,0.92,0.4,0.6000000000000001,data/deam/DEAM_spectrograms_shiv/155_seg2.png,classical,2,155_seg2
156,6.4,1.2,6.7,0.46,0.7111111111111111,0.7444444444444445,data/deam/DEAM_spectrograms_shiv/156_seg0.png,classical,2,156_seg0
156,6.4,1.2,6.7,0.46,0.7111111111111111,0.7444444444444445,data/deam/DEAM_spectrograms_shiv/156_seg1.png,classical,2,156_seg1
156,6.4,1.2,6.7,0.46,0.7111111111111111,0.7444444444444445,data/deam/DEAM_spectrograms_shiv/156_seg2.png,classical,2,156_seg2
157,4.0,1.67,6.2,1.08,0.4444444444444444,0.6888888888888889,data/deam/DEAM_spectrograms_shiv/157_seg0.png,classical,2,157_seg0
157,4.0,1.67,6.2,1.08,0.4444444444444444,0.6888888888888889,data/deam/DEAM_spectrograms_shiv/157_seg1.png,classical,2,157_seg1
157,4.0,1.67,6.2,1.08,0.4444444444444444,0.6888888888888889,data/deam/DEAM_spectrograms_shiv/157_seg2.png,classical,2,157_seg2
158,2.1,0.7,3.6,1.43,0.2333333333333333,0.4,data/deam/DEAM_spectrograms_shiv/158_seg0.png,classical,2,158_seg0
158,2.1,0.7,3.6,1.43,0.2333333333333333,0.4,data/deam/DEAM_spectrograms_shiv/158_seg1.png,classical,2,158_seg1
158,2.1,0.7,3.6,1.43,0.2333333333333333,0.4,data/deam/DEAM_spectrograms_shiv/158_seg2.png,classical,2,158_seg2
160,3.5,2.11,3.5,1.57,0.3888888888888889,0.3888888888888889,data/deam/DEAM_spectrograms_shiv/160_seg0.png,classical,2,160_seg0
160,3.5,2.11,3.5,1.57,0.3888888888888889,0.3888888888888889,data/deam/DEAM_spectrograms_shiv/160_seg1.png,classical,2,160_seg1
160,3.5,2.11,3.5,1.57,0.3888888888888889,0.3888888888888889,data/deam/DEAM_spectrograms_shiv/160_seg2.png,classical,2,160_seg2
163,3.6,1.28,4.5,1.36,0.4,0.5,data/deam/DEAM_spectrograms_shiv/163_seg0.png,classical,2,163_seg0
163,3.6,1.28,4.5,1.36,0.4,0.5,data/deam/DEAM_spectrograms_shiv/163_seg1.png,classical,2,163_seg1
163,3.6,1.28,4.5,1.36,0.4,0.5,data/deam/DEAM_spectrograms_shiv/163_seg2.png,classical,2,163_seg2
166,3.1,1.45,4.2,1.08,0.3444444444444444,0.4666666666666667,data/deam/DEAM_spectrograms_shiv/166_seg0.png,classical,2,166_seg0
166,3.1,1.45,4.2,1.08,0.3444444444444444,0.4666666666666667,data/deam/DEAM_spectrograms_shiv/166_seg1.png,classical,2,166_seg1
166,3.1,1.45,4.2,1.08,0.3444444444444444,0.4666666666666667,data/deam/DEAM_spectrograms_shiv/166_seg2.png,classical,2,166_seg2
167,2.7,1.35,3.3,1.62,0.3,0.3666666666666666,data/deam/DEAM_spectrograms_shiv/167_seg0.png,classical,2,167_seg0
167,2.7,1.35,3.3,1.62,0.3,0.3666666666666666,data/deam/DEAM_spectrograms_shiv/167_seg1.png,classical,2,167_seg1
167,2.7,1.35,3.3,1.62,0.3,0.3666666666666666,data/deam/DEAM_spectrograms_shiv/167_seg2.png,classical,2,167_seg2
168,3.3,1.35,3.4,1.56,0.3666666666666666,0.3777777777777777,data/deam/DEAM_spectrograms_shiv/168_seg0.png,classical,2,168_seg0
168,3.3,1.35,3.4,1.56,0.3666666666666666,0.3777777777777777,data/deam/DEAM_spectrograms_shiv/168_seg1.png,classical,2,168_seg1
168,3.3,1.35,3.4,1.56,0.3666666666666666,0.3777777777777777,data/deam/DEAM_spectrograms_shiv/168_seg2.png,classical,2,168_seg2
169,2.4,0.8,2.8,1.08,0.2666666666666666,0.3111111111111111,data/deam/DEAM_spectrograms_shiv/169_seg0.png,classical,2,169_seg0
169,2.4,0.8,2.8,1.08,0.2666666666666666,0.3111111111111111,data/deam/DEAM_spectrograms_shiv/169_seg1.png,classical,2,169_seg1
169,2.4,0.8,2.8,1.08,0.2666666666666666,0.3111111111111111,data/deam/DEAM_spectrograms_shiv/169_seg2.png,classical,2,169_seg2
171,2.1,0.7,3.6,1.74,0.2333333333333333,0.4,data/deam/DEAM_spectrograms_shiv/171_seg0.png,classical,2,171_seg0
171,2.1,0.7,3.6,1.74,0.2333333333333333,0.4,data/deam/DEAM_spectrograms_shiv/171_seg1.png,classical,2,171_seg1
171,2.1,0.7,3.6,1.74,0.2333333333333333,0.4,data/deam/DEAM_spectrograms_shiv/171_seg2.png,classical,2,171_seg2
172,3.8,2.23,5.0,2.24,0.4222222222222222,0.5555555555555556,data/deam/DEAM_spectrograms_shiv/172_seg0.png,classical,2,172_seg0
172,3.8,2.23,5.0,2.24,0.4222222222222222,0.5555555555555556,data/deam/DEAM_spectrograms_shiv/172_seg1.png,classical,2,172_seg1
172,3.8,2.23,5.0,2.24,0.4222222222222222,0.5555555555555556,data/deam/DEAM_spectrograms_shiv/172_seg2.png,classical,2,172_seg2
173,4.6,1.69,2.2,1.17,0.5111111111111111,0.2444444444444444,data/deam/DEAM_spectrograms_shiv/173_seg0.png,classical,2,173_seg0
173,4.6,1.69,2.2,1.17,0.5111111111111111,0.2444444444444444,data/deam/DEAM_spectrograms_shiv/173_seg1.png,classical,2,173_seg1
173,4.6,1.69,2.2,1.17,0.5111111111111111,0.2444444444444444,data/deam/DEAM_spectrograms_shiv/173_seg2.png,classical,2,173_seg2
174,4.0,1.61,3.8,1.4,0.4444444444444444,0.4222222222222222,data/deam/DEAM_spectrograms_shiv/174_seg0.png,classical,2,174_seg0
174,4.0,1.61,3.8,1.4,0.4444444444444444,0.4222222222222222,data/deam/DEAM_spectrograms_shiv/174_seg1.png,classical,2,174_seg1
174,4.0,1.61,3.8,1.4,0.4444444444444444,0.4222222222222222,data/deam/DEAM_spectrograms_shiv/174_seg2.png,classical,2,174_seg2
176,2.4,1.62,3.9,1.58,0.2666666666666666,0.4333333333333333,data/deam/DEAM_spectrograms_shiv/176_seg0.png,classical,2,176_seg0
176,2.4,1.62,3.9,1.58,0.2666666666666666,0.4333333333333333,data/deam/DEAM_spectrograms_shiv/176_seg1.png,classical,2,176_seg1
176,2.4,1.62,3.9,1.58,0.2666666666666666,0.4333333333333333,data/deam/DEAM_spectrograms_shiv/176_seg2.png,classical,2,176_seg2
177,4.8,1.4,5.6,1.74,0.5333333333333333,0.6222222222222222,data/deam/DEAM_spectrograms_shiv/177_seg0.png,classical,2,177_seg0
177,4.8,1.4,5.6,1.74,0.5333333333333333,0.6222222222222222,data/deam/DEAM_spectrograms_shiv/177_seg1.png,classical,2,177_seg1
177,4.8,1.4,5.6,1.74,0.5333333333333333,0.6222222222222222,data/deam/DEAM_spectrograms_shiv/177_seg2.png,classical,2,177_seg2
180,4.8,1.89,5.9,1.37,0.5333333333333333,0.6555555555555556,data/deam/DEAM_spectrograms_shiv/180_seg0.png,classical,2,180_seg0
180,4.8,1.89,5.9,1.37,0.5333333333333333,0.6555555555555556,data/deam/DEAM_spectrograms_shiv/180_seg1.png,classical,2,180_seg1
180,4.8,1.89,5.9,1.37,0.5333333333333333,0.6555555555555556,data/deam/DEAM_spectrograms_shiv/180_seg2.png,classical,2,180_seg2
182,2.2,0.87,3.7,2.05,0.2444444444444444,0.4111111111111111,data/deam/DEAM_spectrograms_shiv/182_seg0.png,classical,2,182_seg0
182,2.2,0.87,3.7,2.05,0.2444444444444444,0.4111111111111111,data/deam/DEAM_spectrograms_shiv/182_seg1.png,classical,2,182_seg1
182,2.2,0.87,3.7,2.05,0.2444444444444444,0.4111111111111111,data/deam/DEAM_spectrograms_shiv/182_seg2.png,classical,2,182_seg2
184,3.6,1.85,3.4,1.11,0.4,0.3777777777777777,data/deam/DEAM_spectrograms_shiv/184_seg0.png,classical,2,184_seg0
184,3.6,1.85,3.4,1.11,0.4,0.3777777777777777,data/deam/DEAM_spectrograms_shiv/184_seg1.png,classical,2,184_seg1
184,3.6,1.85,3.4,1.11,0.4,0.3777777777777777,data/deam/DEAM_spectrograms_shiv/184_seg2.png,classical,2,184_seg2
186,3.7,1.68,4.0,1.61,0.4111111111111111,0.4444444444444444,data/deam/DEAM_spectrograms_shiv/186_seg0.png,classical,2,186_seg0
186,3.7,1.68,4.0,1.61,0.4111111111111111,0.4444444444444444,data/deam/DEAM_spectrograms_shiv/186_seg1.png,classical,2,186_seg1
186,3.7,1.68,4.0,1.61,0.4111111111111111,0.4444444444444444,data/deam/DEAM_spectrograms_shiv/186_seg2.png,classical,2,186_seg2
188,4.0,1.55,3.3,1.55,0.4444444444444444,0.3666666666666666,data/deam/DEAM_spectrograms_shiv/188_seg0.png,classical,2,188_seg0
188,4.0,1.55,3.3,1.55,0.4444444444444444,0.3666666666666666,data/deam/DEAM_spectrograms_shiv/188_seg1.png,classical,2,188_seg1
188,4.0,1.55,3.3,1.55,0.4444444444444444,0.3666666666666666,data/deam/DEAM_spectrograms_shiv/188_seg2.png,classical,2,188_seg2
189,6.5,1.63,7.1,1.58,0.7222222222222222,0.7888888888888889,data/deam/DEAM_spectrograms_shiv/189_seg0.png,classical,2,189_seg0
189,6.5,1.63,7.1,1.58,0.7222222222222222,0.7888888888888889,data/deam/DEAM_spectrograms_shiv/189_seg1.png,classical,2,189_seg1
189,6.5,1.63,7.1,1.58,0.7222222222222222,0.7888888888888889,data/deam/DEAM_spectrograms_shiv/189_seg2.png,classical,2,189_seg2
190,2.8,1.83,3.1,1.3,0.3111111111111111,0.3444444444444444,data/deam/DEAM_spectrograms_shiv/190_seg0.png,classical,2,190_seg0
190,2.8,1.83,3.1,1.3,0.3111111111111111,0.3444444444444444,data/deam/DEAM_spectrograms_shiv/190_seg1.png,classical,2,190_seg1
190,2.8,1.83,3.1,1.3,0.3111111111111111,0.3444444444444444,data/deam/DEAM_spectrograms_shiv/190_seg2.png,classical,2,190_seg2
191,5.1,2.02,6.3,1.9,0.5666666666666667,0.7,data/deam/DEAM_spectrograms_shiv/191_seg0.png,classical,2,191_seg0
191,5.1,2.02,6.3,1.9,0.5666666666666667,0.7,data/deam/DEAM_spectrograms_shiv/191_seg1.png,classical,2,191_seg1
191,5.1,2.02,6.3,1.9,0.5666666666666667,0.7,data/deam/DEAM_spectrograms_shiv/191_seg2.png,classical,2,191_seg2
192,5.8,0.6,6.1,0.54,0.6444444444444444,0.6777777777777777,data/deam/DEAM_spectrograms_shiv/192_seg0.png,classical,2,192_seg0
192,5.8,0.6,6.1,0.54,0.6444444444444444,0.6777777777777777,data/deam/DEAM_spectrograms_shiv/192_seg1.png,classical,2,192_seg1
192,5.8,0.6,6.1,0.54,0.6444444444444444,0.6777777777777777,data/deam/DEAM_spectrograms_shiv/192_seg2.png,classical,2,192_seg2
193,4.1,1.81,3.0,1.34,0.4555555555555555,0.3333333333333333,data/deam/DEAM_spectrograms_shiv/193_seg0.png,classical,2,193_seg0
193,4.1,1.81,3.0,1.34,0.4555555555555555,0.3333333333333333,data/deam/DEAM_spectrograms_shiv/193_seg1.png,classical,2,193_seg1
193,4.1,1.81,3.0,1.34,0.4555555555555555,0.3333333333333333,data/deam/DEAM_spectrograms_shiv/193_seg2.png,classical,2,193_seg2
194,2.7,1.79,4.7,1.27,0.3,0.5222222222222223,data/deam/DEAM_spectrograms_shiv/194_seg0.png,classical,2,194_seg0
194,2.7,1.79,4.7,1.27,0.3,0.5222222222222223,data/deam/DEAM_spectrograms_shiv/194_seg1.png,classical,2,194_seg1
194,2.7,1.79,4.7,1.27,0.3,0.5222222222222223,data/deam/DEAM_spectrograms_shiv/194_seg2.png,classical,2,194_seg2
196,4.3,1.68,4.5,1.63,0.4777777777777777,0.5,data/deam/DEAM_spectrograms_shiv/196_seg0.png,classical,2,196_seg0
196,4.3,1.68,4.5,1.63,0.4777777777777777,0.5,data/deam/DEAM_spectrograms_shiv/196_seg1.png,classical,2,196_seg1
196,4.3,1.68,4.5,1.63,0.4777777777777777,0.5,data/deam/DEAM_spectrograms_shiv/196_seg2.png,classical,2,196_seg2
197,2.2,1.4,2.8,1.33,0.2444444444444444,0.3111111111111111,data/deam/DEAM_spectrograms_shiv/197_seg0.png,classical,2,197_seg0
197,2.2,1.4,2.8,1.33,0.2444444444444444,0.3111111111111111,data/deam/DEAM_spectrograms_shiv/197_seg1.png,classical,2,197_seg1
197,2.2,1.4,2.8,1.33,0.2444444444444444,0.3111111111111111,data/deam/DEAM_spectrograms_shiv/197_seg2.png,classical,2,197_seg2
198,1.9,0.7,3.3,1.79,0.2111111111111111,0.3666666666666666,data/deam/DEAM_spectrograms_shiv/198_seg0.png,classical,2,198_seg0
198,1.9,0.7,3.3,1.79,0.2111111111111111,0.3666666666666666,data/deam/DEAM_spectrograms_shiv/198_seg1.png,classical,2,198_seg1
198,1.9,0.7,3.3,1.79,0.2111111111111111,0.3666666666666666,data/deam/DEAM_spectrograms_shiv/198_seg2.png,classical,2,198_seg2
201,3.7,1.49,4.8,1.54,0.4111111111111111,0.5333333333333333,data/deam/DEAM_spectrograms_shiv/201_seg0.png,classical,2,201_seg0
201,3.7,1.49,4.8,1.54,0.4111111111111111,0.5333333333333333,data/deam/DEAM_spectrograms_shiv/201_seg1.png,classical,2,201_seg1
201,3.7,1.49,4.8,1.54,0.4111111111111111,0.5333333333333333,data/deam/DEAM_spectrograms_shiv/201_seg2.png,classical,2,201_seg2
202,4.6,1.36,5.2,1.4,0.5111111111111111,0.5777777777777778,data/deam/DEAM_spectrograms_shiv/202_seg0.png,classical,2,202_seg0
202,4.6,1.36,5.2,1.4,0.5111111111111111,0.5777777777777778,data/deam/DEAM_spectrograms_shiv/202_seg1.png,classical,2,202_seg1
202,4.6,1.36,5.2,1.4,0.5111111111111111,0.5777777777777778,data/deam/DEAM_spectrograms_shiv/202_seg2.png,classical,2,202_seg2
203,3.5,1.96,4.8,1.66,0.3888888888888889,0.5333333333333333,data/deam/DEAM_spectrograms_shiv/203_seg0.png,classical,2,203_seg0
203,3.5,1.96,4.8,1.66,0.3888888888888889,0.5333333333333333,data/deam/DEAM_spectrograms_shiv/203_seg1.png,classical,2,203_seg1
203,3.5,1.96,4.8,1.66,0.3888888888888889,0.5333333333333333,data/deam/DEAM_spectrograms_shiv/203_seg2.png,classical,2,203_seg2
204,3.6,2.01,2.2,0.98,0.4,0.2444444444444444,data/deam/DEAM_spectrograms_shiv/204_seg0.png,classical,2,204_seg0
204,3.6,2.01,2.2,0.98,0.4,0.2444444444444444,data/deam/DEAM_spectrograms_shiv/204_seg1.png,classical,2,204_seg1
204,3.6,2.01,2.2,0.98,0.4,0.2444444444444444,data/deam/DEAM_spectrograms_shiv/204_seg2.png,classical,2,204_seg2
205,3.0,1.41,4.5,2.01,0.3333333333333333,0.5,data/deam/DEAM_spectrograms_shiv/205_seg0.png,classical,2,205_seg0
205,3.0,1.41,4.5,2.01,0.3333333333333333,0.5,data/deam/DEAM_spectrograms_shiv/205_seg1.png,classical,2,205_seg1
205,3.0,1.41,4.5,2.01,0.3333333333333333,0.5,data/deam/DEAM_spectrograms_shiv/205_seg2.png,classical,2,205_seg2
206,2.3,0.78,2.6,1.02,0.2555555555555555,0.2888888888888889,data/deam/DEAM_spectrograms_shiv/206_seg0.png,classical,2,206_seg0
206,2.3,0.78,2.6,1.02,0.2555555555555555,0.2888888888888889,data/deam/DEAM_spectrograms_shiv/206_seg1.png,classical,2,206_seg1
206,2.3,0.78,2.6,1.02,0.2555555555555555,0.2888888888888889,data/deam/DEAM_spectrograms_shiv/206_seg2.png,classical,2,206_seg2
207,4.8,2.09,4.8,2.44,0.5333333333333333,0.5333333333333333,data/deam/DEAM_spectrograms_shiv/207_seg0.png,classical,2,207_seg0
207,4.8,2.09,4.8,2.44,0.5333333333333333,0.5333333333333333,data/deam/DEAM_spectrograms_shiv/207_seg1.png,classical,2,207_seg1
207,4.8,2.09,4.8,2.44,0.5333333333333333,0.5333333333333333,data/deam/DEAM_spectrograms_shiv/207_seg2.png,classical,2,207_seg2
208,4.8,2.04,6.5,1.02,0.5333333333333333,0.7222222222222222,data/deam/DEAM_spectrograms_shiv/208_seg0.png,classical,2,208_seg0
208,4.8,2.04,6.5,1.02,0.5333333333333333,0.7222222222222222,data/deam/DEAM_spectrograms_shiv/208_seg1.png,classical,2,208_seg1
208,4.8,2.04,6.5,1.02,0.5333333333333333,0.7222222222222222,data/deam/DEAM_spectrograms_shiv/208_seg2.png,classical,2,208_seg2
209,3.1,0.94,4.6,1.85,0.3444444444444444,0.5111111111111111,data/deam/DEAM_spectrograms_shiv/209_seg0.png,classical,2,209_seg0
209,3.1,0.94,4.6,1.85,0.3444444444444444,0.5111111111111111,data/deam/DEAM_spectrograms_shiv/209_seg1.png,classical,2,209_seg1
209,3.1,0.94,4.6,1.85,0.3444444444444444,0.5111111111111111,data/deam/DEAM_spectrograms_shiv/209_seg2.png,classical,2,209_seg2
211,3.1,1.22,4.9,0.83,0.3444444444444444,0.5444444444444445,data/deam/DEAM_spectrograms_shiv/211_seg0.png,classical,2,211_seg0
211,3.1,1.22,4.9,0.83,0.3444444444444444,0.5444444444444445,data/deam/DEAM_spectrograms_shiv/211_seg1.png,classical,2,211_seg1
211,3.1,1.22,4.9,0.83,0.3444444444444444,0.5444444444444445,data/deam/DEAM_spectrograms_shiv/211_seg2.png,classical,2,211_seg2
212,4.6,1.56,5.4,1.8,0.5111111111111111,0.6000000000000001,data/deam/DEAM_spectrograms_shiv/212_seg0.png,classical,2,212_seg0
212,4.6,1.56,5.4,1.8,0.5111111111111111,0.6000000000000001,data/deam/DEAM_spectrograms_shiv/212_seg1.png,classical,2,212_seg1
212,4.6,1.56,5.4,1.8,0.5111111111111111,0.6000000000000001,data/deam/DEAM_spectrograms_shiv/212_seg2.png,classical,2,212_seg2
213,2.6,1.5,2.5,1.63,0.2888888888888889,0.2777777777777778,data/deam/DEAM_spectrograms_shiv/213_seg0.png,classical,2,213_seg0
213,2.6,1.5,2.5,1.63,0.2888888888888889,0.2777777777777778,data/deam/DEAM_spectrograms_shiv/213_seg1.png,classical,2,213_seg1
213,2.6,1.5,2.5,1.63,0.2888888888888889,0.2777777777777778,data/deam/DEAM_spectrograms_shiv/213_seg2.png,classical,2,213_seg2
214,3.6,1.96,4.1,1.58,0.4,0.4555555555555555,data/deam/DEAM_spectrograms_shiv/214_seg0.png,classical,2,214_seg0
214,3.6,1.96,4.1,1.58,0.4,0.4555555555555555,data/deam/DEAM_spectrograms_shiv/214_seg1.png,classical,2,214_seg1
214,3.6,1.96,4.1,1.58,0.4,0.4555555555555555,data/deam/DEAM_spectrograms_shiv/214_seg2.png,classical,2,214_seg2
215,3.2,2.09,2.6,1.2,0.3555555555555555,0.2888888888888889,data/deam/DEAM_spectrograms_shiv/215_seg0.png,classical,2,215_seg0
215,3.2,2.09,2.6,1.2,0.3555555555555555,0.2888888888888889,data/deam/DEAM_spectrograms_shiv/215_seg1.png,classical,2,215_seg1
215,3.2,2.09,2.6,1.2,0.3555555555555555,0.2888888888888889,data/deam/DEAM_spectrograms_shiv/215_seg2.png,classical,2,215_seg2
216,4.5,1.57,5.3,1.1,0.5,0.5888888888888889,data/deam/DEAM_spectrograms_shiv/216_seg0.png,classical,2,216_seg0
216,4.5,1.57,5.3,1.1,0.5,0.5888888888888889,data/deam/DEAM_spectrograms_shiv/216_seg1.png,classical,2,216_seg1
216,4.5,1.57,5.3,1.1,0.5,0.5888888888888889,data/deam/DEAM_spectrograms_shiv/216_seg2.png,classical,2,216_seg2
217,3.5,1.57,4.8,1.6,0.3888888888888889,0.5333333333333333,data/deam/DEAM_spectrograms_shiv/217_seg0.png,classical,2,217_seg0
217,3.5,1.57,4.8,1.6,0.3888888888888889,0.5333333333333333,data/deam/DEAM_spectrograms_shiv/217_seg1.png,classical,2,217_seg1
217,3.5,1.57,4.8,1.6,0.3888888888888889,0.5333333333333333,data/deam/DEAM_spectrograms_shiv/217_seg2.png,classical,2,217_seg2
218,2.9,1.37,4.0,1.48,0.3222222222222222,0.4444444444444444,data/deam/DEAM_spectrograms_shiv/218_seg0.png,classical,2,218_seg0
218,2.9,1.37,4.0,1.48,0.3222222222222222,0.4444444444444444,data/deam/DEAM_spectrograms_shiv/218_seg1.png,classical,2,218_seg1
218,2.9,1.37,4.0,1.48,0.3222222222222222,0.4444444444444444,data/deam/DEAM_spectrograms_shiv/218_seg2.png,classical,2,218_seg2
219,2.4,0.8,3.8,1.47,0.2666666666666666,0.4222222222222222,data/deam/DEAM_spectrograms_shiv/219_seg0.png,classical,2,219_seg0
219,2.4,0.8,3.8,1.47,0.2666666666666666,0.4222222222222222,data/deam/DEAM_spectrograms_shiv/219_seg1.png,classical,2,219_seg1
219,2.4,0.8,3.8,1.47,0.2666666666666666,0.4222222222222222,data/deam/DEAM_spectrograms_shiv/219_seg2.png,classical,2,219_seg2
220,4.1,1.51,3.4,1.02,0.4555555555555555,0.3777777777777777,data/deam/DEAM_spectrograms_shiv/220_seg0.png,classical,2,220_seg0
220,4.1,1.51,3.4,1.02,0.4555555555555555,0.3777777777777777,data/deam/DEAM_spectrograms_shiv/220_seg1.png,classical,2,220_seg1
220,4.1,1.51,3.4,1.02,0.4555555555555555,0.3777777777777777,data/deam/DEAM_spectrograms_shiv/220_seg2.png,classical,2,220_seg2
221,4.3,1.55,3.4,1.8,0.4777777777777777,0.3777777777777777,data/deam/DEAM_spectrograms_shiv/221_seg0.png,classical,2,221_seg0
221,4.3,1.55,3.4,1.8,0.4777777777777777,0.3777777777777777,data/deam/DEAM_spectrograms_shiv/221_seg1.png,classical,2,221_seg1
221,4.3,1.55,3.4,1.8,0.4777777777777777,0.3777777777777777,data/deam/DEAM_spectrograms_shiv/221_seg2.png,classical,2,221_seg2
222,3.8,1.33,4.3,2.37,0.4222222222222222,0.4777777777777777,data/deam/DEAM_spectrograms_shiv/222_seg0.png,classical,2,222_seg0
222,3.8,1.33,4.3,2.37,0.4222222222222222,0.4777777777777777,data/deam/DEAM_spectrograms_shiv/222_seg1.png,classical,2,222_seg1
222,3.8,1.33,4.3,2.37,0.4222222222222222,0.4777777777777777,data/deam/DEAM_spectrograms_shiv/222_seg2.png,classical,2,222_seg2
224,5.5,1.5,5.7,1.79,0.6111111111111112,0.6333333333333333,data/deam/DEAM_spectrograms_shiv/224_seg0.png,classical,2,224_seg0
224,5.5,1.5,5.7,1.79,0.6111111111111112,0.6333333333333333,data/deam/DEAM_spectrograms_shiv/224_seg1.png,classical,2,224_seg1
224,5.5,1.5,5.7,1.79,0.6111111111111112,0.6333333333333333,data/deam/DEAM_spectrograms_shiv/224_seg2.png,classical,2,224_seg2
225,3.7,1.85,4.2,1.6,0.4111111111111111,0.4666666666666667,data/deam/DEAM_spectrograms_shiv/225_seg0.png,classical,2,225_seg0
225,3.7,1.85,4.2,1.6,0.4111111111111111,0.4666666666666667,data/deam/DEAM_spectrograms_shiv/225_seg1.png,classical,2,225_seg1
225,3.7,1.85,4.2,1.6,0.4111111111111111,0.4666666666666667,data/deam/DEAM_spectrograms_shiv/225_seg2.png,classical,2,225_seg2
226,4.9,1.7,5.0,1.55,0.5444444444444445,0.5555555555555556,data/deam/DEAM_spectrograms_shiv/226_seg0.png,classical,2,226_seg0
226,4.9,1.7,5.0,1.55,0.5444444444444445,0.5555555555555556,data/deam/DEAM_spectrograms_shiv/226_seg1.png,classical,2,226_seg1
226,4.9,1.7,5.0,1.55,0.5444444444444445,0.5555555555555556,data/deam/DEAM_spectrograms_shiv/226_seg2.png,classical,2,226_seg2
227,3.1,1.14,3.5,1.5,0.3444444444444444,0.3888888888888889,data/deam/DEAM_spectrograms_shiv/227_seg0.png,classical,2,227_seg0
227,3.1,1.14,3.5,1.5,0.3444444444444444,0.3888888888888889,data/deam/DEAM_spectrograms_shiv/227_seg1.png,classical,2,227_seg1
227,3.1,1.14,3.5,1.5,0.3444444444444444,0.3888888888888889,data/deam/DEAM_spectrograms_shiv/227_seg2.png,classical,2,227_seg2
228,3.5,1.63,4.0,1.26,0.3888888888888889,0.4444444444444444,data/deam/DEAM_spectrograms_shiv/228_seg0.png,classical,2,228_seg0
228,3.5,1.63,4.0,1.26,0.3888888888888889,0.4444444444444444,data/deam/DEAM_spectrograms_shiv/228_seg1.png,classical,2,228_seg1
228,3.5,1.63,4.0,1.26,0.3888888888888889,0.4444444444444444,data/deam/DEAM_spectrograms_shiv/228_seg2.png,classical,2,228_seg2
231,4.1,1.45,5.6,1.69,0.4555555555555555,0.6222222222222222,data/deam/DEAM_spectrograms_shiv/231_seg0.png,classical,2,231_seg0
231,4.1,1.45,5.6,1.69,0.4555555555555555,0.6222222222222222,data/deam/DEAM_spectrograms_shiv/231_seg1.png,classical,2,231_seg1
231,4.1,1.45,5.6,1.69,0.4555555555555555,0.6222222222222222,data/deam/DEAM_spectrograms_shiv/231_seg2.png,classical,2,231_seg2
232,2.5,1.75,2.7,1.0,0.2777777777777778,0.3,data/deam/DEAM_spectrograms_shiv/232_seg0.png,classical,2,232_seg0
232,2.5,1.75,2.7,1.0,0.2777777777777778,0.3,data/deam/DEAM_spectrograms_shiv/232_seg1.png,classical,2,232_seg1
232,2.5,1.75,2.7,1.0,0.2777777777777778,0.3,data/deam/DEAM_spectrograms_shiv/232_seg2.png,classical,2,232_seg2
233,4.7,1.49,4.5,1.8,0.5222222222222223,0.5,data/deam/DEAM_spectrograms_shiv/233_seg0.png,classical,2,233_seg0
233,4.7,1.49,4.5,1.8,0.5222222222222223,0.5,data/deam/DEAM_spectrograms_shiv/233_seg1.png,classical,2,233_seg1
233,4.7,1.49,4.5,1.8,0.5222222222222223,0.5,data/deam/DEAM_spectrograms_shiv/233_seg2.png,classical,2,233_seg2
234,3.5,2.38,3.9,1.45,0.3888888888888889,0.4333333333333333,data/deam/DEAM_spectrograms_shiv/234_seg0.png,classical,2,234_seg0
234,3.5,2.38,3.9,1.45,0.3888888888888889,0.4333333333333333,data/deam/DEAM_spectrograms_shiv/234_seg1.png,classical,2,234_seg1
234,3.5,2.38,3.9,1.45,0.3888888888888889,0.4333333333333333,data/deam/DEAM_spectrograms_shiv/234_seg2.png,classical,2,234_seg2
235,3.0,1.1,3.7,1.35,0.3333333333333333,0.4111111111111111,data/deam/DEAM_spectrograms_shiv/235_seg0.png,classical,2,235_seg0
235,3.0,1.1,3.7,1.35,0.3333333333333333,0.4111111111111111,data/deam/DEAM_spectrograms_shiv/235_seg1.png,classical,2,235_seg1
235,3.0,1.1,3.7,1.35,0.3333333333333333,0.4111111111111111,data/deam/DEAM_spectrograms_shiv/235_seg2.png,classical,2,235_seg2
236,2.5,1.5,2.4,1.2,0.2777777777777778,0.2666666666666666,data/deam/DEAM_spectrograms_shiv/236_seg0.png,classical,2,236_seg0
236,2.5,1.5,2.4,1.2,0.2777777777777778,0.2666666666666666,data/deam/DEAM_spectrograms_shiv/236_seg1.png,classical,2,236_seg1
236,2.5,1.5,2.4,1.2,0.2777777777777778,0.2666666666666666,data/deam/DEAM_spectrograms_shiv/236_seg2.png,classical,2,236_seg2
237,4.2,2.09,3.9,1.3,0.4666666666666667,0.4333333333333333,data/deam/DEAM_spectrograms_shiv/237_seg0.png,classical,2,237_seg0
237,4.2,2.09,3.9,1.3,0.4666666666666667,0.4333333333333333,data/deam/DEAM_spectrograms_shiv/237_seg1.png,classical,2,237_seg1
237,4.2,2.09,3.9,1.3,0.4666666666666667,0.4333333333333333,data/deam/DEAM_spectrograms_shiv/237_seg2.png,classical,2,237_seg2
238,3.0,1.95,4.6,1.8,0.3333333333333333,0.5111111111111111,data/deam/DEAM_spectrograms_shiv/238_seg0.png,classical,2,238_seg0
238,3.0,1.95,4.6,1.8,0.3333333333333333,0.5111111111111111,data/deam/DEAM_spectrograms_shiv/238_seg1.png,classical,2,238_seg1
238,3.0,1.95,4.6,1.8,0.3333333333333333,0.5111111111111111,data/deam/DEAM_spectrograms_shiv/238_seg2.png,classical,2,238_seg2
239,2.3,1.9,3.3,1.55,0.2555555555555555,0.3666666666666666,data/deam/DEAM_spectrograms_shiv/239_seg0.png,classical,2,239_seg0
239,2.3,1.9,3.3,1.55,0.2555555555555555,0.3666666666666666,data/deam/DEAM_spectrograms_shiv/239_seg1.png,classical,2,239_seg1
239,2.3,1.9,3.3,1.55,0.2555555555555555,0.3666666666666666,data/deam/DEAM_spectrograms_shiv/239_seg2.png,classical,2,239_seg2
240,6.4,1.36,6.6,1.02,0.7111111111111111,0.7333333333333333,data/deam/DEAM_spectrograms_shiv/240_seg0.png,classical,2,240_seg0
240,6.4,1.36,6.6,1.02,0.7111111111111111,0.7333333333333333,data/deam/DEAM_spectrograms_shiv/240_seg1.png,classical,2,240_seg1
240,6.4,1.36,6.6,1.02,0.7111111111111111,0.7333333333333333,data/deam/DEAM_spectrograms_shiv/240_seg2.png,classical,2,240_seg2
241,4.1,2.12,4.6,1.36,0.4555555555555555,0.5111111111111111,data/deam/DEAM_spectrograms_shiv/241_seg0.png,classical,2,241_seg0
241,4.1,2.12,4.6,1.36,0.4555555555555555,0.5111111111111111,data/deam/DEAM_spectrograms_shiv/241_seg1.png,classical,2,241_seg1
241,4.1,2.12,4.6,1.36,0.4555555555555555,0.5111111111111111,data/deam/DEAM_spectrograms_shiv/241_seg2.png,classical,2,241_seg2
242,3.5,1.75,4.7,1.55,0.3888888888888889,0.5222222222222223,data/deam/DEAM_spectrograms_shiv/242_seg0.png,classical,2,242_seg0
242,3.5,1.75,4.7,1.55,0.3888888888888889,0.5222222222222223,data/deam/DEAM_spectrograms_shiv/242_seg1.png,classical,2,242_seg1
242,3.5,1.75,4.7,1.55,0.3888888888888889,0.5222222222222223,data/deam/DEAM_spectrograms_shiv/242_seg2.png,classical,2,242_seg2
243,7.2,1.4,4.1,2.17,0.8,0.4555555555555555,data/deam/DEAM_spectrograms_shiv/243_seg0.png,classical,2,243_seg0
243,7.2,1.4,4.1,2.17,0.8,0.4555555555555555,data/deam/DEAM_spectrograms_shiv/243_seg1.png,classical,2,243_seg1
243,7.2,1.4,4.1,2.17,0.8,0.4555555555555555,data/deam/DEAM_spectrograms_shiv/243_seg2.png,classical,2,243_seg2
244,4.3,1.35,4.2,1.66,0.4777777777777777,0.4666666666666667,data/deam/DEAM_spectrograms_shiv/244_seg0.png,classical,2,244_seg0
244,4.3,1.35,4.2,1.66,0.4777777777777777,0.4666666666666667,data/deam/DEAM_spectrograms_shiv/244_seg1.png,classical,2,244_seg1
244,4.3,1.35,4.2,1.66,0.4777777777777777,0.4666666666666667,data/deam/DEAM_spectrograms_shiv/244_seg2.png,classical,2,244_seg2
245,4.2,1.99,6.1,1.58,0.4666666666666667,0.6777777777777777,data/deam/DEAM_spectrograms_shiv/245_seg0.png,classical,2,245_seg0
245,4.2,1.99,6.1,1.58,0.4666666666666667,0.6777777777777777,data/deam/DEAM_spectrograms_shiv/245_seg1.png,classical,2,245_seg1
245,4.2,1.99,6.1,1.58,0.4666666666666667,0.6777777777777777,data/deam/DEAM_spectrograms_shiv/245_seg2.png,classical,2,245_seg2
246,4.9,2.66,3.2,2.04,0.5444444444444445,0.3555555555555555,data/deam/DEAM_spectrograms_shiv/246_seg0.png,classical,2,246_seg0
246,4.9,2.66,3.2,2.04,0.5444444444444445,0.3555555555555555,data/deam/DEAM_spectrograms_shiv/246_seg1.png,classical,2,246_seg1
246,4.9,2.66,3.2,2.04,0.5444444444444445,0.3555555555555555,data/deam/DEAM_spectrograms_shiv/246_seg2.png,classical,2,246_seg2
247,3.9,1.22,4.5,1.28,0.4333333333333333,0.5,data/deam/DEAM_spectrograms_shiv/247_seg0.png,classical,2,247_seg0
247,3.9,1.22,4.5,1.28,0.4333333333333333,0.5,data/deam/DEAM_spectrograms_shiv/247_seg1.png,classical,2,247_seg1
247,3.9,1.22,4.5,1.28,0.4333333333333333,0.5,data/deam/DEAM_spectrograms_shiv/247_seg2.png,classical,2,247_seg2
248,3.4,1.56,3.7,1.0,0.3777777777777777,0.4111111111111111,data/deam/DEAM_spectrograms_shiv/248_seg0.png,classical,2,248_seg0
248,3.4,1.56,3.7,1.0,0.3777777777777777,0.4111111111111111,data/deam/DEAM_spectrograms_shiv/248_seg1.png,classical,2,248_seg1
248,3.4,1.56,3.7,1.0,0.3777777777777777,0.4111111111111111,data/deam/DEAM_spectrograms_shiv/248_seg2.png,classical,2,248_seg2
250,3.4,2.06,3.6,1.36,0.3777777777777777,0.4,data/deam/DEAM_spectrograms_shiv/250_seg0.png,classical,2,250_seg0
250,3.4,2.06,3.6,1.36,0.3777777777777777,0.4,data/deam/DEAM_spectrograms_shiv/250_seg1.png,classical,2,250_seg1
250,3.4,2.06,3.6,1.36,0.3777777777777777,0.4,data/deam/DEAM_spectrograms_shiv/250_seg2.png,classical,2,250_seg2
253,6.6,1.56,2.5,0.81,0.7333333333333333,0.2777777777777778,data/deam/DEAM_spectrograms_shiv/253_seg0.png,country,3,253_seg0
253,6.6,1.56,2.5,0.81,0.7333333333333333,0.2777777777777778,data/deam/DEAM_spectrograms_shiv/253_seg1.png,country,3,253_seg1
253,6.6,1.56,2.5,0.81,0.7333333333333333,0.2777777777777778,data/deam/DEAM_spectrograms_shiv/253_seg2.png,country,3,253_seg2
257,7.6,1.5,6.9,1.7,0.8444444444444444,0.7666666666666667,data/deam/DEAM_spectrograms_shiv/257_seg0.png,country,3,257_seg0
257,7.6,1.5,6.9,1.7,0.8444444444444444,0.7666666666666667,data/deam/DEAM_spectrograms_shiv/257_seg1.png,country,3,257_seg1
257,7.6,1.5,6.9,1.7,0.8444444444444444,0.7666666666666667,data/deam/DEAM_spectrograms_shiv/257_seg2.png,country,3,257_seg2
258,4.3,1.35,4.3,1.35,0.4777777777777777,0.4777777777777777,data/deam/DEAM_spectrograms_shiv/258_seg0.png,country,3,258_seg0
258,4.3,1.35,4.3,1.35,0.4777777777777777,0.4777777777777777,data/deam/DEAM_spectrograms_shiv/258_seg1.png,country,3,258_seg1
258,4.3,1.35,4.3,1.35,0.4777777777777777,0.4777777777777777,data/deam/DEAM_spectrograms_shiv/258_seg2.png,country,3,258_seg2
260,5.3,1.42,3.6,1.62,0.5888888888888889,0.4,data/deam/DEAM_spectrograms_shiv/260_seg0.png,country,3,260_seg0
260,5.3,1.42,3.6,1.62,0.5888888888888889,0.4,data/deam/DEAM_spectrograms_shiv/260_seg1.png,country,3,260_seg1
260,5.3,1.42,3.6,1.62,0.5888888888888889,0.4,data/deam/DEAM_spectrograms_shiv/260_seg2.png,country,3,260_seg2
262,5.6,1.5,6.9,0.94,0.6222222222222222,0.7666666666666667,data/deam/DEAM_spectrograms_shiv/262_seg0.png,country,3,262_seg0
262,5.6,1.5,6.9,0.94,0.6222222222222222,0.7666666666666667,data/deam/DEAM_spectrograms_shiv/262_seg1.png,country,3,262_seg1
262,5.6,1.5,6.9,0.94,0.6222222222222222,0.7666666666666667,data/deam/DEAM_spectrograms_shiv/262_seg2.png,country,3,262_seg2
264,5.3,1.27,5.5,1.5,0.5888888888888889,0.6111111111111112,data/deam/DEAM_spectrograms_shiv/264_seg0.png,country,3,264_seg0
264,5.3,1.27,5.5,1.5,0.5888888888888889,0.6111111111111112,data/deam/DEAM_spectrograms_shiv/264_seg1.png,country,3,264_seg1
264,5.3,1.27,5.5,1.5,0.5888888888888889,0.6111111111111112,data/deam/DEAM_spectrograms_shiv/264_seg2.png,country,3,264_seg2
265,4.5,1.69,6.4,0.66,0.5,0.7111111111111111,data/deam/DEAM_spectrograms_shiv/265_seg0.png,country,3,265_seg0
265,4.5,1.69,6.4,0.66,0.5,0.7111111111111111,data/deam/DEAM_spectrograms_shiv/265_seg1.png,country,3,265_seg1
265,4.5,1.69,6.4,0.66,0.5,0.7111111111111111,data/deam/DEAM_spectrograms_shiv/265_seg2.png,country,3,265_seg2
266,3.6,1.5,4.8,1.94,0.4,0.5333333333333333,data/deam/DEAM_spectrograms_shiv/266_seg0.png,country,3,266_seg0
266,3.6,1.5,4.8,1.94,0.4,0.5333333333333333,data/deam/DEAM_spectrograms_shiv/266_seg1.png,country,3,266_seg1
266,3.6,1.5,4.8,1.94,0.4,0.5333333333333333,data/deam/DEAM_spectrograms_shiv/266_seg2.png,country,3,266_seg2
269,4.3,1.73,4.8,1.94,0.4777777777777777,0.5333333333333333,data/deam/DEAM_spectrograms_shiv/269_seg0.png,country,3,269_seg0
269,4.3,1.73,4.8,1.94,0.4777777777777777,0.5333333333333333,data/deam/DEAM_spectrograms_shiv/269_seg1.png,country,3,269_seg1
269,4.3,1.73,4.8,1.94,0.4777777777777777,0.5333333333333333,data/deam/DEAM_spectrograms_shiv/269_seg2.png,country,3,269_seg2
270,6.1,1.64,7.1,1.64,0.6777777777777777,0.7888888888888889,data/deam/DEAM_spectrograms_shiv/270_seg0.png,country,3,270_seg0
270,6.1,1.64,7.1,1.64,0.6777777777777777,0.7888888888888889,data/deam/DEAM_spectrograms_shiv/270_seg1.png,country,3,270_seg1
270,6.1,1.64,7.1,1.64,0.6777777777777777,0.7888888888888889,data/deam/DEAM_spectrograms_shiv/270_seg2.png,country,3,270_seg2
272,5.9,1.81,6.4,1.85,0.6555555555555556,0.7111111111111111,data/deam/DEAM_spectrograms_shiv/272_seg0.png,country,3,272_seg0
272,5.9,1.81,6.4,1.85,0.6555555555555556,0.7111111111111111,data/deam/DEAM_spectrograms_shiv/272_seg1.png,country,3,272_seg1
272,5.9,1.81,6.4,1.85,0.6555555555555556,0.7111111111111111,data/deam/DEAM_spectrograms_shiv/272_seg2.png,country,3,272_seg2
273,5.4,1.74,7.2,0.87,0.6000000000000001,0.8,data/deam/DEAM_spectrograms_shiv/273_seg0.png,country,3,273_seg0
273,5.4,1.74,7.2,0.87,0.6000000000000001,0.8,data/deam/DEAM_spectrograms_shiv/273_seg1.png,country,3,273_seg1
273,5.4,1.74,7.2,0.87,0.6000000000000001,0.8,data/deam/DEAM_spectrograms_shiv/273_seg2.png,country,3,273_seg2
274,7.7,0.9,6.0,2.0,0.8555555555555556,0.6666666666666666,data/deam/DEAM_spectrograms_shiv/274_seg0.png,country,3,274_seg0
274,7.7,0.9,6.0,2.0,0.8555555555555556,0.6666666666666666,data/deam/DEAM_spectrograms_shiv/274_seg1.png,country,3,274_seg1
274,7.7,0.9,6.0,2.0,0.8555555555555556,0.6666666666666666,data/deam/DEAM_spectrograms_shiv/274_seg2.png,country,3,274_seg2
275,5.3,1.42,5.5,1.02,0.5888888888888889,0.6111111111111112,data/deam/DEAM_spectrograms_shiv/275_seg0.png,country,3,275_seg0
275,5.3,1.42,5.5,1.02,0.5888888888888889,0.6111111111111112,data/deam/DEAM_spectrograms_shiv/275_seg1.png,country,3,275_seg1
275,5.3,1.42,5.5,1.02,0.5888888888888889,0.6111111111111112,data/deam/DEAM_spectrograms_shiv/275_seg2.png,country,3,275_seg2
278,5.5,2.06,5.1,1.64,0.6111111111111112,0.5666666666666667,data/deam/DEAM_spectrograms_shiv/278_seg0.png,country,3,278_seg0
278,5.5,2.06,5.1,1.64,0.6111111111111112,0.5666666666666667,data/deam/DEAM_spectrograms_shiv/278_seg1.png,country,3,278_seg1
278,5.5,2.06,5.1,1.64,0.6111111111111112,0.5666666666666667,data/deam/DEAM_spectrograms_shiv/278_seg2.png,country,3,278_seg2
279,3.6,1.2,4.7,1.42,0.4,0.5222222222222223,data/deam/DEAM_spectrograms_shiv/279_seg0.png,country,3,279_seg0
279,3.6,1.2,4.7,1.42,0.4,0.5222222222222223,data/deam/DEAM_spectrograms_shiv/279_seg1.png,country,3,279_seg1
279,3.6,1.2,4.7,1.42,0.4,0.5222222222222223,data/deam/DEAM_spectrograms_shiv/279_seg2.png,country,3,279_seg2
280,4.2,1.66,3.3,1.1,0.4666666666666667,0.3666666666666666,data/deam/DEAM_spectrograms_shiv/280_seg0.png,country,3,280_seg0
280,4.2,1.66,3.3,1.1,0.4666666666666667,0.3666666666666666,data/deam/DEAM_spectrograms_shiv/280_seg1.png,country,3,280_seg1
280,4.2,1.66,3.3,1.1,0.4666666666666667,0.3666666666666666,data/deam/DEAM_spectrograms_shiv/280_seg2.png,country,3,280_seg2
281,5.4,2.29,7.0,1.18,0.6000000000000001,0.7777777777777778,data/deam/DEAM_spectrograms_shiv/281_seg0.png,country,3,281_seg0
281,5.4,2.29,7.0,1.18,0.6000000000000001,0.7777777777777778,data/deam/DEAM_spectrograms_shiv/281_seg1.png,country,3,281_seg1
281,5.4,2.29,7.0,1.18,0.6000000000000001,0.7777777777777778,data/deam/DEAM_spectrograms_shiv/281_seg2.png,country,3,281_seg2
282,3.2,1.66,4.2,0.75,0.3555555555555555,0.4666666666666667,data/deam/DEAM_spectrograms_shiv/282_seg0.png,country,3,282_seg0
282,3.2,1.66,4.2,0.75,0.3555555555555555,0.4666666666666667,data/deam/DEAM_spectrograms_shiv/282_seg1.png,country,3,282_seg1
282,3.2,1.66,4.2,0.75,0.3555555555555555,0.4666666666666667,data/deam/DEAM_spectrograms_shiv/282_seg2.png,country,3,282_seg2
284,4.4,1.5,5.2,1.17,0.4888888888888889,0.5777777777777778,data/deam/DEAM_spectrograms_shiv/284_seg0.png,country,3,284_seg0
284,4.4,1.5,5.2,1.17,0.4888888888888889,0.5777777777777778,data/deam/DEAM_spectrograms_shiv/284_seg1.png,country,3,284_seg1
284,4.4,1.5,5.2,1.17,0.4888888888888889,0.5777777777777778,data/deam/DEAM_spectrograms_shiv/284_seg2.png,country,3,284_seg2
285,3.5,1.02,5.1,1.37,0.3888888888888889,0.5666666666666667,data/deam/DEAM_spectrograms_shiv/285_seg0.png,country,3,285_seg0
285,3.5,1.02,5.1,1.37,0.3888888888888889,0.5666666666666667,data/deam/DEAM_spectrograms_shiv/285_seg1.png,country,3,285_seg1
285,3.5,1.02,5.1,1.37,0.3888888888888889,0.5666666666666667,data/deam/DEAM_spectrograms_shiv/285_seg2.png,country,3,285_seg2
286,5.7,1.95,6.9,1.87,0.6333333333333333,0.7666666666666667,data/deam/DEAM_spectrograms_shiv/286_seg0.png,country,3,286_seg0
286,5.7,1.95,6.9,1.87,0.6333333333333333,0.7666666666666667,data/deam/DEAM_spectrograms_shiv/286_seg1.png,country,3,286_seg1
286,5.7,1.95,6.9,1.87,0.6333333333333333,0.7666666666666667,data/deam/DEAM_spectrograms_shiv/286_seg2.png,country,3,286_seg2
288,3.5,1.86,5.2,1.78,0.3888888888888889,0.5777777777777778,data/deam/DEAM_spectrograms_shiv/288_seg0.png,country,3,288_seg0
288,3.5,1.86,5.2,1.78,0.3888888888888889,0.5777777777777778,data/deam/DEAM_spectrograms_shiv/288_seg1.png,country,3,288_seg1
288,3.5,1.86,5.2,1.78,0.3888888888888889,0.5777777777777778,data/deam/DEAM_spectrograms_shiv/288_seg2.png,country,3,288_seg2
289,5.7,1.9,6.7,1.0,0.6333333333333333,0.7444444444444445,data/deam/DEAM_spectrograms_shiv/289_seg0.png,country,3,289_seg0
289,5.7,1.9,6.7,1.0,0.6333333333333333,0.7444444444444445,data/deam/DEAM_spectrograms_shiv/289_seg1.png,country,3,289_seg1
289,5.7,1.9,6.7,1.0,0.6333333333333333,0.7444444444444445,data/deam/DEAM_spectrograms_shiv/289_seg2.png,country,3,289_seg2
292,7.3,1.0,7.4,0.92,0.8111111111111111,0.8222222222222223,data/deam/DEAM_spectrograms_shiv/292_seg0.png,country,3,292_seg0
292,7.3,1.0,7.4,0.92,0.8111111111111111,0.8222222222222223,data/deam/DEAM_spectrograms_shiv/292_seg1.png,country,3,292_seg1
292,7.3,1.0,7.4,0.92,0.8111111111111111,0.8222222222222223,data/deam/DEAM_spectrograms_shiv/292_seg2.png,country,3,292_seg2
293,6.3,1.62,4.2,1.94,0.7,0.4666666666666667,data/deam/DEAM_spectrograms_shiv/293_seg0.png,country,3,293_seg0
293,6.3,1.62,4.2,1.94,0.7,0.4666666666666667,data/deam/DEAM_spectrograms_shiv/293_seg1.png,country,3,293_seg1
293,6.3,1.62,4.2,1.94,0.7,0.4666666666666667,data/deam/DEAM_spectrograms_shiv/293_seg2.png,country,3,293_seg2
294,5.5,2.11,6.5,1.91,0.6111111111111112,0.7222222222222222,data/deam/DEAM_spectrograms_shiv/294_seg0.png,country,3,294_seg0
294,5.5,2.11,6.5,1.91,0.6111111111111112,0.7222222222222222,data/deam/DEAM_spectrograms_shiv/294_seg1.png,country,3,294_seg1
294,5.5,2.11,6.5,1.91,0.6111111111111112,0.7222222222222222,data/deam/DEAM_spectrograms_shiv/294_seg2.png,country,3,294_seg2
296,5.9,0.94,5.7,1.27,0.6555555555555556,0.6333333333333333,data/deam/DEAM_spectrograms_shiv/296_seg0.png,country,3,296_seg0
296,5.9,0.94,5.7,1.27,0.6555555555555556,0.6333333333333333,data/deam/DEAM_spectrograms_shiv/296_seg1.png,country,3,296_seg1
296,5.9,0.94,5.7,1.27,0.6555555555555556,0.6333333333333333,data/deam/DEAM_spectrograms_shiv/296_seg2.png,country,3,296_seg2
297,3.1,1.3,3.6,1.36,0.3444444444444444,0.4,data/deam/DEAM_spectrograms_shiv/297_seg0.png,country,3,297_seg0
297,3.1,1.3,3.6,1.36,0.3444444444444444,0.4,data/deam/DEAM_spectrograms_shiv/297_seg1.png,country,3,297_seg1
297,3.1,1.3,3.6,1.36,0.3444444444444444,0.4,data/deam/DEAM_spectrograms_shiv/297_seg2.png,country,3,297_seg2
298,4.0,1.73,5.4,1.69,0.4444444444444444,0.6000000000000001,data/deam/DEAM_spectrograms_shiv/298_seg0.png,country,3,298_seg0
298,4.0,1.73,5.4,1.69,0.4444444444444444,0.6000000000000001,data/deam/DEAM_spectrograms_shiv/298_seg1.png,country,3,298_seg1
298,4.0,1.73,5.4,1.69,0.4444444444444444,0.6000000000000001,data/deam/DEAM_spectrograms_shiv/298_seg2.png,country,3,298_seg2
299,2.8,1.89,4.3,1.27,0.3111111111111111,0.4777777777777777,data/deam/DEAM_spectrograms_shiv/299_seg0.png,country,3,299_seg0
299,2.8,1.89,4.3,1.27,0.3111111111111111,0.4777777777777777,data/deam/DEAM_spectrograms_shiv/299_seg1.png,country,3,299_seg1
299,2.8,1.89,4.3,1.27,0.3111111111111111,0.4777777777777777,data/deam/DEAM_spectrograms_shiv/299_seg2.png,country,3,299_seg2
300,6.8,1.08,4.5,1.86,0.7555555555555555,0.5,data/deam/DEAM_spectrograms_shiv/300_seg0.png,country,3,300_seg0
300,6.8,1.08,4.5,1.86,0.7555555555555555,0.5,data/deam/DEAM_spectrograms_shiv/300_seg1.png,country,3,300_seg1
300,6.8,1.08,4.5,1.86,0.7555555555555555,0.5,data/deam/DEAM_spectrograms_shiv/300_seg2.png,country,3,300_seg2
301,3.2,1.47,3.7,1.73,0.3555555555555555,0.4111111111111111,data/deam/DEAM_spectrograms_shiv/301_seg0.png,country,3,301_seg0
301,3.2,1.47,3.7,1.73,0.3555555555555555,0.4111111111111111,data/deam/DEAM_spectrograms_shiv/301_seg1.png,country,3,301_seg1
301,3.2,1.47,3.7,1.73,0.3555555555555555,0.4111111111111111,data/deam/DEAM_spectrograms_shiv/301_seg2.png,country,3,301_seg2
302,6.6,2.2,7.0,1.48,0.7333333333333333,0.7777777777777778,data/deam/DEAM_spectrograms_shiv/302_seg0.png,country,3,302_seg0
302,6.6,2.2,7.0,1.48,0.7333333333333333,0.7777777777777778,data/deam/DEAM_spectrograms_shiv/302_seg1.png,country,3,302_seg1
302,6.6,2.2,7.0,1.48,0.7333333333333333,0.7777777777777778,data/deam/DEAM_spectrograms_shiv/302_seg2.png,country,3,302_seg2
303,7.0,1.1,6.4,1.74,0.7777777777777778,0.7111111111111111,data/deam/DEAM_spectrograms_shiv/303_seg0.png,country,3,303_seg0
303,7.0,1.1,6.4,1.74,0.7777777777777778,0.7111111111111111,data/deam/DEAM_spectrograms_shiv/303_seg1.png,country,3,303_seg1
303,7.0,1.1,6.4,1.74,0.7777777777777778,0.7111111111111111,data/deam/DEAM_spectrograms_shiv/303_seg2.png,country,3,303_seg2
304,3.8,1.78,4.6,1.69,0.4222222222222222,0.5111111111111111,data/deam/DEAM_spectrograms_shiv/304_seg0.png,country,3,304_seg0
304,3.8,1.78,4.6,1.69,0.4222222222222222,0.5111111111111111,data/deam/DEAM_spectrograms_shiv/304_seg1.png,country,3,304_seg1
304,3.8,1.78,4.6,1.69,0.4222222222222222,0.5111111111111111,data/deam/DEAM_spectrograms_shiv/304_seg2.png,country,3,304_seg2
305,6.4,1.11,6.8,0.98,0.7111111111111111,0.7555555555555555,data/deam/DEAM_spectrograms_shiv/305_seg0.png,country,3,305_seg0
305,6.4,1.11,6.8,0.98,0.7111111111111111,0.7555555555555555,data/deam/DEAM_spectrograms_shiv/305_seg1.png,country,3,305_seg1
305,6.4,1.11,6.8,0.98,0.7111111111111111,0.7555555555555555,data/deam/DEAM_spectrograms_shiv/305_seg2.png,country,3,305_seg2
306,5.7,2.19,6.7,1.73,0.6333333333333333,0.7444444444444445,data/deam/DEAM_spectrograms_shiv/306_seg0.png,country,3,306_seg0
306,5.7,2.19,6.7,1.73,0.6333333333333333,0.7444444444444445,data/deam/DEAM_spectrograms_shiv/306_seg1.png,country,3,306_seg1
306,5.7,2.19,6.7,1.73,0.6333333333333333,0.7444444444444445,data/deam/DEAM_spectrograms_shiv/306_seg2.png,country,3,306_seg2
308,4.3,1.68,6.6,0.92,0.4777777777777777,0.7333333333333333,data/deam/DEAM_spectrograms_shiv/308_seg0.png,country,3,308_seg0
308,4.3,1.68,6.6,0.92,0.4777777777777777,0.7333333333333333,data/deam/DEAM_spectrograms_shiv/308_seg1.png,country,3,308_seg1
308,4.3,1.68,6.6,0.92,0.4777777777777777,0.7333333333333333,data/deam/DEAM_spectrograms_shiv/308_seg2.png,country,3,308_seg2
310,2.1,0.83,2.7,1.0,0.2333333333333333,0.3,data/deam/DEAM_spectrograms_shiv/310_seg0.png,country,3,310_seg0
310,2.1,0.83,2.7,1.0,0.2333333333333333,0.3,data/deam/DEAM_spectrograms_shiv/310_seg1.png,country,3,310_seg1
310,2.1,0.83,2.7,1.0,0.2333333333333333,0.3,data/deam/DEAM_spectrograms_shiv/310_seg2.png,country,3,310_seg2
311,5.8,1.6,6.9,0.94,0.6444444444444444,0.7666666666666667,data/deam/DEAM_spectrograms_shiv/311_seg0.png,country,3,311_seg0
311,5.8,1.6,6.9,0.94,0.6444444444444444,0.7666666666666667,data/deam/DEAM_spectrograms_shiv/311_seg1.png,country,3,311_seg1
311,5.8,1.6,6.9,0.94,0.6444444444444444,0.7666666666666667,data/deam/DEAM_spectrograms_shiv/311_seg2.png,country,3,311_seg2
312,4.6,1.28,5.8,1.6,0.5111111111111111,0.6444444444444444,data/deam/DEAM_spectrograms_shiv/312_seg0.png,country,3,312_seg0
312,4.6,1.28,5.8,1.6,0.5111111111111111,0.6444444444444444,data/deam/DEAM_spectrograms_shiv/312_seg1.png,country,3,312_seg1
312,4.6,1.28,5.8,1.6,0.5111111111111111,0.6444444444444444,data/deam/DEAM_spectrograms_shiv/312_seg2.png,country,3,312_seg2
313,3.6,1.36,5.3,1.27,0.4,0.5888888888888889,data/deam/DEAM_spectrograms_shiv/313_seg0.png,country,3,313_seg0
313,3.6,1.36,5.3,1.27,0.4,0.5888888888888889,data/deam/DEAM_spectrograms_shiv/313_seg1.png,country,3,313_seg1
313,3.6,1.36,5.3,1.27,0.4,0.5888888888888889,data/deam/DEAM_spectrograms_shiv/313_seg2.png,country,3,313_seg2
314,5.8,1.17,5.9,1.22,0.6444444444444444,0.6555555555555556,data/deam/DEAM_spectrograms_shiv/314_seg0.png,country,3,314_seg0
314,5.8,1.17,5.9,1.22,0.6444444444444444,0.6555555555555556,data/deam/DEAM_spectrograms_shiv/314_seg1.png,country,3,314_seg1
314,5.8,1.17,5.9,1.22,0.6444444444444444,0.6555555555555556,data/deam/DEAM_spectrograms_shiv/314_seg2.png,country,3,314_seg2
315,6.4,1.43,7.5,0.81,0.7111111111111111,0.8333333333333334,data/deam/DEAM_spectrograms_shiv/315_seg0.png,country,3,315_seg0
315,6.4,1.43,7.5,0.81,0.7111111111111111,0.8333333333333334,data/deam/DEAM_spectrograms_shiv/315_seg1.png,country,3,315_seg1
315,6.4,1.43,7.5,0.81,0.7111111111111111,0.8333333333333334,data/deam/DEAM_spectrograms_shiv/315_seg2.png,country,3,315_seg2
316,2.8,1.33,3.5,1.96,0.3111111111111111,0.3888888888888889,data/deam/DEAM_spectrograms_shiv/316_seg0.png,country,3,316_seg0
316,2.8,1.33,3.5,1.96,0.3111111111111111,0.3888888888888889,data/deam/DEAM_spectrograms_shiv/316_seg1.png,country,3,316_seg1
316,2.8,1.33,3.5,1.96,0.3111111111111111,0.3888888888888889,data/deam/DEAM_spectrograms_shiv/316_seg2.png,country,3,316_seg2
317,6.1,1.7,4.3,1.35,0.6777777777777777,0.4777777777777777,data/deam/DEAM_spectrograms_shiv/317_seg0.png,country,3,317_seg0
317,6.1,1.7,4.3,1.35,0.6777777777777777,0.4777777777777777,data/deam/DEAM_spectrograms_shiv/317_seg1.png,country,3,317_seg1
317,6.1,1.7,4.3,1.35,0.6777777777777777,0.4777777777777777,data/deam/DEAM_spectrograms_shiv/317_seg2.png,country,3,317_seg2
318,5.9,1.7,5.9,1.45,0.6555555555555556,0.6555555555555556,data/deam/DEAM_spectrograms_shiv/318_seg0.png,country,3,318_seg0
318,5.9,1.7,5.9,1.45,0.6555555555555556,0.6555555555555556,data/deam/DEAM_spectrograms_shiv/318_seg1.png,country,3,318_seg1
318,5.9,1.7,5.9,1.45,0.6555555555555556,0.6555555555555556,data/deam/DEAM_spectrograms_shiv/318_seg2.png,country,3,318_seg2
319,4.5,1.96,6.6,0.8,0.5,0.7333333333333333,data/deam/DEAM_spectrograms_shiv/319_seg0.png,country,3,319_seg0
319,4.5,1.96,6.6,0.8,0.5,0.7333333333333333,data/deam/DEAM_spectrograms_shiv/319_seg1.png,country,3,319_seg1
319,4.5,1.96,6.6,0.8,0.5,0.7333333333333333,data/deam/DEAM_spectrograms_shiv/319_seg2.png,country,3,319_seg2
320,7.4,1.28,6.6,1.43,0.8222222222222223,0.7333333333333333,data/deam/DEAM_spectrograms_shiv/320_seg0.png,country,3,320_seg0
320,7.4,1.28,6.6,1.43,0.8222222222222223,0.7333333333333333,data/deam/DEAM_spectrograms_shiv/320_seg1.png,country,3,320_seg1
320,7.4,1.28,6.6,1.43,0.8222222222222223,0.7333333333333333,data/deam/DEAM_spectrograms_shiv/320_seg2.png,country,3,320_seg2
321,7.3,0.78,6.0,1.73,0.8111111111111111,0.6666666666666666,data/deam/DEAM_spectrograms_shiv/321_seg0.png,country,3,321_seg0
321,7.3,0.78,6.0,1.73,0.8111111111111111,0.6666666666666666,data/deam/DEAM_spectrograms_shiv/321_seg1.png,country,3,321_seg1
321,7.3,0.78,6.0,1.73,0.8111111111111111,0.6666666666666666,data/deam/DEAM_spectrograms_shiv/321_seg2.png,country,3,321_seg2
322,6.1,1.22,7.6,1.02,0.6777777777777777,0.8444444444444444,data/deam/DEAM_spectrograms_shiv/322_seg0.png,country,3,322_seg0
322,6.1,1.22,7.6,1.02,0.6777777777777777,0.8444444444444444,data/deam/DEAM_spectrograms_shiv/322_seg1.png,country,3,322_seg1
322,6.1,1.22,7.6,1.02,0.6777777777777777,0.8444444444444444,data/deam/DEAM_spectrograms_shiv/322_seg2.png,country,3,322_seg2
323,4.82,1.4,5.73,1.48,0.5355555555555556,0.6366666666666667,data/deam/DEAM_spectrograms_shiv/323_seg0.png,country,3,323_seg0
323,4.82,1.4,5.73,1.48,0.5355555555555556,0.6366666666666667,data/deam/DEAM_spectrograms_shiv/323_seg1.png,country,3,323_seg1
323,4.82,1.4,5.73,1.48,0.5355555555555556,0.6366666666666667,data/deam/DEAM_spectrograms_shiv/323_seg2.png,country,3,323_seg2
324,3.3,1.68,4.7,1.42,0.3666666666666666,0.5222222222222223,data/deam/DEAM_spectrograms_shiv/324_seg0.png,country,3,324_seg0
324,3.3,1.68,4.7,1.42,0.3666666666666666,0.5222222222222223,data/deam/DEAM_spectrograms_shiv/324_seg1.png,country,3,324_seg1
324,3.3,1.68,4.7,1.42,0.3666666666666666,0.5222222222222223,data/deam/DEAM_spectrograms_shiv/324_seg2.png,country,3,324_seg2
326,5.4,1.56,7.2,1.25,0.6000000000000001,0.8,data/deam/DEAM_spectrograms_shiv/326_seg0.png,country,3,326_seg0
326,5.4,1.56,7.2,1.25,0.6000000000000001,0.8,data/deam/DEAM_spectrograms_shiv/326_seg1.png,country,3,326_seg1
326,5.4,1.56,7.2,1.25,0.6000000000000001,0.8,data/deam/DEAM_spectrograms_shiv/326_seg2.png,country,3,326_seg2
327,6.0,1.34,7.1,1.3,0.6666666666666666,0.7888888888888889,data/deam/DEAM_spectrograms_shiv/327_seg0.png,country,3,327_seg0
327,6.0,1.34,7.1,1.3,0.6666666666666666,0.7888888888888889,data/deam/DEAM_spectrograms_shiv/327_seg1.png,country,3,327_seg1
327,6.0,1.34,7.1,1.3,0.6666666666666666,0.7888888888888889,data/deam/DEAM_spectrograms_shiv/327_seg2.png,country,3,327_seg2
328,5.2,1.6,4.2,2.09,0.5777777777777778,0.4666666666666667,data/deam/DEAM_spectrograms_shiv/328_seg0.png,country,3,328_seg0
328,5.2,1.6,4.2,2.09,0.5777777777777778,0.4666666666666667,data/deam/DEAM_spectrograms_shiv/328_seg1.png,country,3,328_seg1
328,5.2,1.6,4.2,2.09,0.5777777777777778,0.4666666666666667,data/deam/DEAM_spectrograms_shiv/328_seg2.png,country,3,328_seg2
329,3.3,2.28,4.2,2.23,0.3666666666666666,0.4666666666666667,data/deam/DEAM_spectrograms_shiv/329_seg0.png,country,3,329_seg0
329,3.3,2.28,4.2,2.23,0.3666666666666666,0.4666666666666667,data/deam/DEAM_spectrograms_shiv/329_seg1.png,country,3,329_seg1
329,3.3,2.28,4.2,2.23,0.3666666666666666,0.4666666666666667,data/deam/DEAM_spectrograms_shiv/329_seg2.png,country,3,329_seg2
330,5.9,2.3,3.1,1.87,0.6555555555555556,0.3444444444444444,data/deam/DEAM_spectrograms_shiv/330_seg0.png,country,3,330_seg0
330,5.9,2.3,3.1,1.87,0.6555555555555556,0.3444444444444444,data/deam/DEAM_spectrograms_shiv/330_seg1.png,country,3,330_seg1
330,5.9,2.3,3.1,1.87,0.6555555555555556,0.3444444444444444,data/deam/DEAM_spectrograms_shiv/330_seg2.png,country,3,330_seg2
332,5.5,1.12,6.9,0.83,0.6111111111111112,0.7666666666666667,data/deam/DEAM_spectrograms_shiv/332_seg0.png,country,3,332_seg0
332,5.5,1.12,6.9,0.83,0.6111111111111112,0.7666666666666667,data/deam/DEAM_spectrograms_shiv/332_seg1.png,country,3,332_seg1
332,5.5,1.12,6.9,0.83,0.6111111111111112,0.7666666666666667,data/deam/DEAM_spectrograms_shiv/332_seg2.png,country,3,332_seg2
333,6.7,1.55,6.1,1.7,0.7444444444444445,0.6777777777777777,data/deam/DEAM_spectrograms_shiv/333_seg0.png,country,3,333_seg0
333,6.7,1.55,6.1,1.7,0.7444444444444445,0.6777777777777777,data/deam/DEAM_spectrograms_shiv/333_seg1.png,country,3,333_seg1
333,6.7,1.55,6.1,1.7,0.7444444444444445,0.6777777777777777,data/deam/DEAM_spectrograms_shiv/333_seg2.png,country,3,333_seg2
334,5.9,1.64,5.9,1.92,0.6555555555555556,0.6555555555555556,data/deam/DEAM_spectrograms_shiv/334_seg0.png,country,3,334_seg0
334,5.9,1.64,5.9,1.92,0.6555555555555556,0.6555555555555556,data/deam/DEAM_spectrograms_shiv/334_seg1.png,country,3,334_seg1
334,5.9,1.64,5.9,1.92,0.6555555555555556,0.6555555555555556,data/deam/DEAM_spectrograms_shiv/334_seg2.png,country,3,334_seg2
335,6.8,1.47,6.8,1.33,0.7555555555555555,0.7555555555555555,data/deam/DEAM_spectrograms_shiv/335_seg0.png,country,3,335_seg0
335,6.8,1.47,6.8,1.33,0.7555555555555555,0.7555555555555555,data/deam/DEAM_spectrograms_shiv/335_seg1.png,country,3,335_seg1
335,6.8,1.47,6.8,1.33,0.7555555555555555,0.7555555555555555,data/deam/DEAM_spectrograms_shiv/335_seg2.png,country,3,335_seg2
339,5.9,1.58,6.9,1.14,0.6555555555555556,0.7666666666666667,data/deam/DEAM_spectrograms_shiv/339_seg0.png,country,3,339_seg0
339,5.9,1.58,6.9,1.14,0.6555555555555556,0.7666666666666667,data/deam/DEAM_spectrograms_shiv/339_seg1.png,country,3,339_seg1
339,5.9,1.58,6.9,1.14,0.6555555555555556,0.7666666666666667,data/deam/DEAM_spectrograms_shiv/339_seg2.png,country,3,339_seg2
340,3.8,2.36,4.6,1.91,0.4222222222222222,0.5111111111111111,data/deam/DEAM_spectrograms_shiv/340_seg0.png,country,3,340_seg0
340,3.8,2.36,4.6,1.91,0.4222222222222222,0.5111111111111111,data/deam/DEAM_spectrograms_shiv/340_seg1.png,country,3,340_seg1
340,3.8,2.36,4.6,1.91,0.4222222222222222,0.5111111111111111,data/deam/DEAM_spectrograms_shiv/340_seg2.png,country,3,340_seg2
342,4.0,2.05,5.1,2.12,0.4444444444444444,0.5666666666666667,data/deam/DEAM_spectrograms_shiv/342_seg0.png,country,3,342_seg0
342,4.0,2.05,5.1,2.12,0.4444444444444444,0.5666666666666667,data/deam/DEAM_spectrograms_shiv/342_seg1.png,country,3,342_seg1
342,4.0,2.05,5.1,2.12,0.4444444444444444,0.5666666666666667,data/deam/DEAM_spectrograms_shiv/342_seg2.png,country,3,342_seg2
343,7.0,1.73,8.1,0.83,0.7777777777777778,0.8999999999999999,data/deam/DEAM_spectrograms_shiv/343_seg0.png,country,3,343_seg0
343,7.0,1.73,8.1,0.83,0.7777777777777778,0.8999999999999999,data/deam/DEAM_spectrograms_shiv/343_seg1.png,country,3,343_seg1
343,7.0,1.73,8.1,0.83,0.7777777777777778,0.8999999999999999,data/deam/DEAM_spectrograms_shiv/343_seg2.png,country,3,343_seg2
345,7.2,1.54,6.5,1.86,0.8,0.7222222222222222,data/deam/DEAM_spectrograms_shiv/345_seg0.png,country,3,345_seg0
345,7.2,1.54,6.5,1.86,0.8,0.7222222222222222,data/deam/DEAM_spectrograms_shiv/345_seg1.png,country,3,345_seg1
345,7.2,1.54,6.5,1.86,0.8,0.7222222222222222,data/deam/DEAM_spectrograms_shiv/345_seg2.png,country,3,345_seg2
346,6.7,1.0,7.3,1.55,0.7444444444444445,0.8111111111111111,data/deam/DEAM_spectrograms_shiv/346_seg0.png,country,3,346_seg0
346,6.7,1.0,7.3,1.55,0.7444444444444445,0.8111111111111111,data/deam/DEAM_spectrograms_shiv/346_seg1.png,country,3,346_seg1
346,6.7,1.0,7.3,1.55,0.7444444444444445,0.8111111111111111,data/deam/DEAM_spectrograms_shiv/346_seg2.png,country,3,346_seg2
347,3.82,0.94,5.82,0.94,0.4244444444444444,0.6466666666666667,data/deam/DEAM_spectrograms_shiv/347_seg0.png,country,3,347_seg0
347,3.82,0.94,5.82,0.94,0.4244444444444444,0.6466666666666667,data/deam/DEAM_spectrograms_shiv/347_seg1.png,country,3,347_seg1
347,3.82,0.94,5.82,0.94,0.4244444444444444,0.6466666666666667,data/deam/DEAM_spectrograms_shiv/347_seg2.png,country,3,347_seg2
348,5.0,1.55,5.7,1.73,0.5555555555555556,0.6333333333333333,data/deam/DEAM_spectrograms_shiv/348_seg0.png,country,3,348_seg0
348,5.0,1.55,5.7,1.73,0.5555555555555556,0.6333333333333333,data/deam/DEAM_spectrograms_shiv/348_seg1.png,country,3,348_seg1
348,5.0,1.55,5.7,1.73,0.5555555555555556,0.6333333333333333,data/deam/DEAM_spectrograms_shiv/348_seg2.png,country,3,348_seg2
349,4.6,1.69,5.8,1.89,0.5111111111111111,0.6444444444444444,data/deam/DEAM_spectrograms_shiv/349_seg0.png,country,3,349_seg0
349,4.6,1.69,5.8,1.89,0.5111111111111111,0.6444444444444444,data/deam/DEAM_spectrograms_shiv/349_seg1.png,country,3,349_seg1
349,4.6,1.69,5.8,1.89,0.5111111111111111,0.6444444444444444,data/deam/DEAM_spectrograms_shiv/349_seg2.png,country,3,349_seg2
350,6.0,1.9,6.5,1.8,0.6666666666666666,0.7222222222222222,data/deam/DEAM_spectrograms_shiv/350_seg0.png,country,3,350_seg0
350,6.0,1.9,6.5,1.8,0.6666666666666666,0.7222222222222222,data/deam/DEAM_spectrograms_shiv/350_seg1.png,country,3,350_seg1
350,6.0,1.9,6.5,1.8,0.6666666666666666,0.7222222222222222,data/deam/DEAM_spectrograms_shiv/350_seg2.png,country,3,350_seg2
352,5.5,1.36,4.5,1.43,0.6111111111111112,0.5,data/deam/DEAM_spectrograms_shiv/352_seg0.png,country,3,352_seg0
352,5.5,1.36,4.5,1.43,0.6111111111111112,0.5,data/deam/DEAM_spectrograms_shiv/352_seg1.png,country,3,352_seg1
352,5.5,1.36,4.5,1.43,0.6111111111111112,0.5,data/deam/DEAM_spectrograms_shiv/352_seg2.png,country,3,352_seg2
354,7.1,0.94,6.4,1.28,0.7888888888888889,0.7111111111111111,data/deam/DEAM_spectrograms_shiv/354_seg0.png,country,3,354_seg0
354,7.1,0.94,6.4,1.28,0.7888888888888889,0.7111111111111111,data/deam/DEAM_spectrograms_shiv/354_seg1.png,country,3,354_seg1
354,7.1,0.94,6.4,1.28,0.7888888888888889,0.7111111111111111,data/deam/DEAM_spectrograms_shiv/354_seg2.png,country,3,354_seg2
356,4.6,1.85,5.6,1.36,0.5111111111111111,0.6222222222222222,data/deam/DEAM_spectrograms_shiv/356_seg0.png,country,3,356_seg0
356,4.6,1.85,5.6,1.36,0.5111111111111111,0.6222222222222222,data/deam/DEAM_spectrograms_shiv/356_seg1.png,country,3,356_seg1
356,4.6,1.85,5.6,1.36,0.5111111111111111,0.6222222222222222,data/deam/DEAM_spectrograms_shiv/356_seg2.png,country,3,356_seg2
357,4.8,1.4,6.5,1.2,0.5333333333333333,0.7222222222222222,data/deam/DEAM_spectrograms_shiv/357_seg0.png,country,3,357_seg0
357,4.8,1.4,6.5,1.2,0.5333333333333333,0.7222222222222222,data/deam/DEAM_spectrograms_shiv/357_seg1.png,country,3,357_seg1
357,4.8,1.4,6.5,1.2,0.5333333333333333,0.7222222222222222,data/deam/DEAM_spectrograms_shiv/357_seg2.png,country,3,357_seg2
358,5.6,1.43,4.2,1.6,0.6222222222222222,0.4666666666666667,data/deam/DEAM_spectrograms_shiv/358_seg0.png,country,3,358_seg0
358,5.6,1.43,4.2,1.6,0.6222222222222222,0.4666666666666667,data/deam/DEAM_spectrograms_shiv/358_seg1.png,country,3,358_seg1
358,5.6,1.43,4.2,1.6,0.6222222222222222,0.4666666666666667,data/deam/DEAM_spectrograms_shiv/358_seg2.png,country,3,358_seg2
359,2.5,1.12,3.7,1.62,0.2777777777777778,0.4111111111111111,data/deam/DEAM_spectrograms_shiv/359_seg0.png,country,3,359_seg0
359,2.5,1.12,3.7,1.62,0.2777777777777778,0.4111111111111111,data/deam/DEAM_spectrograms_shiv/359_seg1.png,country,3,359_seg1
359,2.5,1.12,3.7,1.62,0.2777777777777778,0.4111111111111111,data/deam/DEAM_spectrograms_shiv/359_seg2.png,country,3,359_seg2
360,2.5,1.36,5.5,1.57,0.2777777777777778,0.6111111111111112,data/deam/DEAM_spectrograms_shiv/360_seg0.png,country,3,360_seg0
360,2.5,1.36,5.5,1.57,0.2777777777777778,0.6111111111111112,data/deam/DEAM_spectrograms_shiv/360_seg1.png,country,3,360_seg1
360,2.5,1.36,5.5,1.57,0.2777777777777778,0.6111111111111112,data/deam/DEAM_spectrograms_shiv/360_seg2.png,country,3,360_seg2
361,2.55,1.3,3.36,1.61,0.2833333333333333,0.3733333333333333,data/deam/DEAM_spectrograms_shiv/361_seg0.png,country,3,361_seg0
361,2.55,1.3,3.36,1.61,0.2833333333333333,0.3733333333333333,data/deam/DEAM_spectrograms_shiv/361_seg1.png,country,3,361_seg1
361,2.55,1.3,3.36,1.61,0.2833333333333333,0.3733333333333333,data/deam/DEAM_spectrograms_shiv/361_seg2.png,country,3,361_seg2
362,4.0,1.67,5.9,0.83,0.4444444444444444,0.6555555555555556,data/deam/DEAM_spectrograms_shiv/362_seg0.png,country,3,362_seg0
362,4.0,1.67,5.9,0.83,0.4444444444444444,0.6555555555555556,data/deam/DEAM_spectrograms_shiv/362_seg1.png,country,3,362_seg1
362,4.0,1.67,5.9,0.83,0.4444444444444444,0.6555555555555556,data/deam/DEAM_spectrograms_shiv/362_seg2.png,country,3,362_seg2
364,5.5,1.43,6.5,1.12,0.6111111111111112,0.7222222222222222,data/deam/DEAM_spectrograms_shiv/364_seg0.png,country,3,364_seg0
364,5.5,1.43,6.5,1.12,0.6111111111111112,0.7222222222222222,data/deam/DEAM_spectrograms_shiv/364_seg1.png,country,3,364_seg1
364,5.5,1.43,6.5,1.12,0.6111111111111112,0.7222222222222222,data/deam/DEAM_spectrograms_shiv/364_seg2.png,country,3,364_seg2
365,6.0,1.55,7.1,0.83,0.6666666666666666,0.7888888888888889,data/deam/DEAM_spectrograms_shiv/365_seg0.png,country,3,365_seg0
365,6.0,1.55,7.1,0.83,0.6666666666666666,0.7888888888888889,data/deam/DEAM_spectrograms_shiv/365_seg1.png,country,3,365_seg1
365,6.0,1.55,7.1,0.83,0.6666666666666666,0.7888888888888889,data/deam/DEAM_spectrograms_shiv/365_seg2.png,country,3,365_seg2
366,6.9,0.94,6.1,1.3,0.7666666666666667,0.6777777777777777,data/deam/DEAM_spectrograms_shiv/366_seg0.png,country,3,366_seg0
366,6.9,0.94,6.1,1.3,0.7666666666666667,0.6777777777777777,data/deam/DEAM_spectrograms_shiv/366_seg1.png,country,3,366_seg1
366,6.9,0.94,6.1,1.3,0.7666666666666667,0.6777777777777777,data/deam/DEAM_spectrograms_shiv/366_seg2.png,country,3,366_seg2
367,3.1,1.58,2.7,0.64,0.3444444444444444,0.3,data/deam/DEAM_spectrograms_shiv/367_seg0.png,country,3,367_seg0
367,3.1,1.58,2.7,0.64,0.3444444444444444,0.3,data/deam/DEAM_spectrograms_shiv/367_seg1.png,country,3,367_seg1
367,3.1,1.58,2.7,0.64,0.3444444444444444,0.3,data/deam/DEAM_spectrograms_shiv/367_seg2.png,country,3,367_seg2
368,4.8,1.83,6.1,1.58,0.5333333333333333,0.6777777777777777,data/deam/DEAM_spectrograms_shiv/368_seg0.png,country,3,368_seg0
368,4.8,1.83,6.1,1.58,0.5333333333333333,0.6777777777777777,data/deam/DEAM_spectrograms_shiv/368_seg1.png,country,3,368_seg1
368,4.8,1.83,6.1,1.58,0.5333333333333333,0.6777777777777777,data/deam/DEAM_spectrograms_shiv/368_seg2.png,country,3,368_seg2
369,2.9,0.7,3.4,0.8,0.3222222222222222,0.3777777777777777,data/deam/DEAM_spectrograms_shiv/369_seg0.png,country,3,369_seg0
369,2.9,0.7,3.4,0.8,0.3222222222222222,0.3777777777777777,data/deam/DEAM_spectrograms_shiv/369_seg1.png,country,3,369_seg1
369,2.9,0.7,3.4,0.8,0.3222222222222222,0.3777777777777777,data/deam/DEAM_spectrograms_shiv/369_seg2.png,country,3,369_seg2
370,3.8,1.89,3.4,1.8,0.4222222222222222,0.3777777777777777,data/deam/DEAM_spectrograms_shiv/370_seg0.png,country,3,370_seg0
370,3.8,1.89,3.4,1.8,0.4222222222222222,0.3777777777777777,data/deam/DEAM_spectrograms_shiv/370_seg1.png,country,3,370_seg1
370,3.8,1.89,3.4,1.8,0.4222222222222222,0.3777777777777777,data/deam/DEAM_spectrograms_shiv/370_seg2.png,country,3,370_seg2
371,5.2,1.6,6.6,1.02,0.5777777777777778,0.7333333333333333,data/deam/DEAM_spectrograms_shiv/371_seg0.png,country,3,371_seg0
371,5.2,1.6,6.6,1.02,0.5777777777777778,0.7333333333333333,data/deam/DEAM_spectrograms_shiv/371_seg1.png,country,3,371_seg1
371,5.2,1.6,6.6,1.02,0.5777777777777778,0.7333333333333333,data/deam/DEAM_spectrograms_shiv/371_seg2.png,country,3,371_seg2
372,3.6,1.2,4.8,1.72,0.4,0.5333333333333333,data/deam/DEAM_spectrograms_shiv/372_seg0.png,country,3,372_seg0
372,3.6,1.2,4.8,1.72,0.4,0.5333333333333333,data/deam/DEAM_spectrograms_shiv/372_seg1.png,country,3,372_seg1
372,3.6,1.2,4.8,1.72,0.4,0.5333333333333333,data/deam/DEAM_spectrograms_shiv/372_seg2.png,country,3,372_seg2
375,1.9,0.7,2.8,1.66,0.2111111111111111,0.3111111111111111,data/deam/DEAM_spectrograms_shiv/375_seg0.png,country,3,375_seg0
375,1.9,0.7,2.8,1.66,0.2111111111111111,0.3111111111111111,data/deam/DEAM_spectrograms_shiv/375_seg1.png,country,3,375_seg1
375,1.9,0.7,2.8,1.66,0.2111111111111111,0.3111111111111111,data/deam/DEAM_spectrograms_shiv/375_seg2.png,country,3,375_seg2
376,5.0,1.48,5.9,1.14,0.5555555555555556,0.6555555555555556,data/deam/DEAM_spectrograms_shiv/376_seg0.png,electronic,4,376_seg0
376,5.0,1.48,5.9,1.14,0.5555555555555556,0.6555555555555556,data/deam/DEAM_spectrograms_shiv/376_seg1.png,electronic,4,376_seg1
376,5.0,1.48,5.9,1.14,0.5555555555555556,0.6555555555555556,data/deam/DEAM_spectrograms_shiv/376_seg2.png,electronic,4,376_seg2
378,5.5,1.8,5.9,1.64,0.6111111111111112,0.6555555555555556,data/deam/DEAM_spectrograms_shiv/378_seg0.png,electronic,4,378_seg0
378,5.5,1.8,5.9,1.64,0.6111111111111112,0.6555555555555556,data/deam/DEAM_spectrograms_shiv/378_seg1.png,electronic,4,378_seg1
378,5.5,1.8,5.9,1.64,0.6111111111111112,0.6555555555555556,data/deam/DEAM_spectrograms_shiv/378_seg2.png,electronic,4,378_seg2
379,1.9,0.94,2.9,1.14,0.2111111111111111,0.3222222222222222,data/deam/DEAM_spectrograms_shiv/379_seg0.png,electronic,4,379_seg0
379,1.9,0.94,2.9,1.14,0.2111111111111111,0.3222222222222222,data/deam/DEAM_spectrograms_shiv/379_seg1.png,electronic,4,379_seg1
379,1.9,0.94,2.9,1.14,0.2111111111111111,0.3222222222222222,data/deam/DEAM_spectrograms_shiv/379_seg2.png,electronic,4,379_seg2
380,5.6,1.28,4.8,2.04,0.6222222222222222,0.5333333333333333,data/deam/DEAM_spectrograms_shiv/380_seg0.png,electronic,4,380_seg0
380,5.6,1.28,4.8,2.04,0.6222222222222222,0.5333333333333333,data/deam/DEAM_spectrograms_shiv/380_seg1.png,electronic,4,380_seg1
380,5.6,1.28,4.8,2.04,0.6222222222222222,0.5333333333333333,data/deam/DEAM_spectrograms_shiv/380_seg2.png,electronic,4,380_seg2
381,6.0,1.67,6.7,1.1,0.6666666666666666,0.7444444444444445,data/deam/DEAM_spectrograms_shiv/381_seg0.png,electronic,4,381_seg0
381,6.0,1.67,6.7,1.1,0.6666666666666666,0.7444444444444445,data/deam/DEAM_spectrograms_shiv/381_seg1.png,electronic,4,381_seg1
381,6.0,1.67,6.7,1.1,0.6666666666666666,0.7444444444444445,data/deam/DEAM_spectrograms_shiv/381_seg2.png,electronic,4,381_seg2
383,4.2,2.09,3.6,1.56,0.4666666666666667,0.4,data/deam/DEAM_spectrograms_shiv/383_seg0.png,electronic,4,383_seg0
383,4.2,2.09,3.6,1.56,0.4666666666666667,0.4,data/deam/DEAM_spectrograms_shiv/383_seg1.png,electronic,4,383_seg1
383,4.2,2.09,3.6,1.56,0.4666666666666667,0.4,data/deam/DEAM_spectrograms_shiv/383_seg2.png,electronic,4,383_seg2
384,3.6,1.36,4.1,1.58,0.4,0.4555555555555555,data/deam/DEAM_spectrograms_shiv/384_seg0.png,electronic,4,384_seg0
384,3.6,1.36,4.1,1.58,0.4,0.4555555555555555,data/deam/DEAM_spectrograms_shiv/384_seg1.png,electronic,4,384_seg1
384,3.6,1.36,4.1,1.58,0.4,0.4555555555555555,data/deam/DEAM_spectrograms_shiv/384_seg2.png,electronic,4,384_seg2
386,5.0,1.1,5.5,1.75,0.5555555555555556,0.6111111111111112,data/deam/DEAM_spectrograms_shiv/386_seg0.png,electronic,4,386_seg0
386,5.0,1.1,5.5,1.75,0.5555555555555556,0.6111111111111112,data/deam/DEAM_spectrograms_shiv/386_seg1.png,electronic,4,386_seg1
386,5.0,1.1,5.5,1.75,0.5555555555555556,0.6111111111111112,data/deam/DEAM_spectrograms_shiv/386_seg2.png,electronic,4,386_seg2
387,6.2,2.27,6.2,2.52,0.6888888888888889,0.6888888888888889,data/deam/DEAM_spectrograms_shiv/387_seg0.png,electronic,4,387_seg0
387,6.2,2.27,6.2,2.52,0.6888888888888889,0.6888888888888889,data/deam/DEAM_spectrograms_shiv/387_seg1.png,electronic,4,387_seg1
387,6.2,2.27,6.2,2.52,0.6888888888888889,0.6888888888888889,data/deam/DEAM_spectrograms_shiv/387_seg2.png,electronic,4,387_seg2
390,5.7,1.0,6.2,0.6,0.6333333333333333,0.6888888888888889,data/deam/DEAM_spectrograms_shiv/390_seg0.png,electronic,4,390_seg0
390,5.7,1.0,6.2,0.6,0.6333333333333333,0.6888888888888889,data/deam/DEAM_spectrograms_shiv/390_seg1.png,electronic,4,390_seg1
390,5.7,1.0,6.2,0.6,0.6333333333333333,0.6888888888888889,data/deam/DEAM_spectrograms_shiv/390_seg2.png,electronic,4,390_seg2
391,5.5,1.57,6.1,0.94,0.6111111111111112,0.6777777777777777,data/deam/DEAM_spectrograms_shiv/391_seg0.png,electronic,4,391_seg0
391,5.5,1.57,6.1,0.94,0.6111111111111112,0.6777777777777777,data/deam/DEAM_spectrograms_shiv/391_seg1.png,electronic,4,391_seg1
391,5.5,1.57,6.1,0.94,0.6111111111111112,0.6777777777777777,data/deam/DEAM_spectrograms_shiv/391_seg2.png,electronic,4,391_seg2
392,3.4,1.69,4.8,1.47,0.3777777777777777,0.5333333333333333,data/deam/DEAM_spectrograms_shiv/392_seg0.png,electronic,4,392_seg0
392,3.4,1.69,4.8,1.47,0.3777777777777777,0.5333333333333333,data/deam/DEAM_spectrograms_shiv/392_seg1.png,electronic,4,392_seg1
392,3.4,1.69,4.8,1.47,0.3777777777777777,0.5333333333333333,data/deam/DEAM_spectrograms_shiv/392_seg2.png,electronic,4,392_seg2
393,6.0,0.77,6.4,0.66,0.6666666666666666,0.7111111111111111,data/deam/DEAM_spectrograms_shiv/393_seg0.png,electronic,4,393_seg0
393,6.0,0.77,6.4,0.66,0.6666666666666666,0.7111111111111111,data/deam/DEAM_spectrograms_shiv/393_seg1.png,electronic,4,393_seg1
393,6.0,0.77,6.4,0.66,0.6666666666666666,0.7111111111111111,data/deam/DEAM_spectrograms_shiv/393_seg2.png,electronic,4,393_seg2
397,7.0,1.26,7.0,1.34,0.7777777777777778,0.7777777777777778,data/deam/DEAM_spectrograms_shiv/397_seg0.png,electronic,4,397_seg0
397,7.0,1.26,7.0,1.34,0.7777777777777778,0.7777777777777778,data/deam/DEAM_spectrograms_shiv/397_seg1.png,electronic,4,397_seg1
397,7.0,1.26,7.0,1.34,0.7777777777777778,0.7777777777777778,data/deam/DEAM_spectrograms_shiv/397_seg2.png,electronic,4,397_seg2
399,6.7,0.9,7.0,1.0,0.7444444444444445,0.7777777777777778,data/deam/DEAM_spectrograms_shiv/399_seg0.png,electronic,4,399_seg0
399,6.7,0.9,7.0,1.0,0.7444444444444445,0.7777777777777778,data/deam/DEAM_spectrograms_shiv/399_seg1.png,electronic,4,399_seg1
399,6.7,0.9,7.0,1.0,0.7444444444444445,0.7777777777777778,data/deam/DEAM_spectrograms_shiv/399_seg2.png,electronic,4,399_seg2
400,5.1,1.7,5.6,1.11,0.5666666666666667,0.6222222222222222,data/deam/DEAM_spectrograms_shiv/400_seg0.png,electronic,4,400_seg0
400,5.1,1.7,5.6,1.11,0.5666666666666667,0.6222222222222222,data/deam/DEAM_spectrograms_shiv/400_seg1.png,electronic,4,400_seg1
400,5.1,1.7,5.6,1.11,0.5666666666666667,0.6222222222222222,data/deam/DEAM_spectrograms_shiv/400_seg2.png,electronic,4,400_seg2
401,5.5,1.43,6.4,1.2,0.6111111111111112,0.7111111111111111,data/deam/DEAM_spectrograms_shiv/401_seg0.png,electronic,4,401_seg0
401,5.5,1.43,6.4,1.2,0.6111111111111112,0.7111111111111111,data/deam/DEAM_spectrograms_shiv/401_seg1.png,electronic,4,401_seg1
401,5.5,1.43,6.4,1.2,0.6111111111111112,0.7111111111111111,data/deam/DEAM_spectrograms_shiv/401_seg2.png,electronic,4,401_seg2
402,7.1,1.04,7.1,0.94,0.7888888888888889,0.7888888888888889,data/deam/DEAM_spectrograms_shiv/402_seg0.png,electronic,4,402_seg0
402,7.1,1.04,7.1,0.94,0.7888888888888889,0.7888888888888889,data/deam/DEAM_spectrograms_shiv/402_seg1.png,electronic,4,402_seg1
402,7.1,1.04,7.1,0.94,0.7888888888888889,0.7888888888888889,data/deam/DEAM_spectrograms_shiv/402_seg2.png,electronic,4,402_seg2
403,5.1,1.64,5.2,1.66,0.5666666666666667,0.5777777777777778,data/deam/DEAM_spectrograms_shiv/403_seg0.png,electronic,4,403_seg0
403,5.1,1.64,5.2,1.66,0.5666666666666667,0.5777777777777778,data/deam/DEAM_spectrograms_shiv/403_seg1.png,electronic,4,403_seg1
403,5.1,1.64,5.2,1.66,0.5666666666666667,0.5777777777777778,data/deam/DEAM_spectrograms_shiv/403_seg2.png,electronic,4,403_seg2
405,6.1,1.92,7.4,0.92,0.6777777777777777,0.8222222222222223,data/deam/DEAM_spectrograms_shiv/405_seg0.png,electronic,4,405_seg0
405,6.1,1.92,7.4,0.92,0.6777777777777777,0.8222222222222223,data/deam/DEAM_spectrograms_shiv/405_seg1.png,electronic,4,405_seg1
405,6.1,1.92,7.4,0.92,0.6777777777777777,0.8222222222222223,data/deam/DEAM_spectrograms_shiv/405_seg2.png,electronic,4,405_seg2
406,5.3,2.1,4.3,2.19,0.5888888888888889,0.4777777777777777,data/deam/DEAM_spectrograms_shiv/406_seg0.png,electronic,4,406_seg0
406,5.3,2.1,4.3,2.19,0.5888888888888889,0.4777777777777777,data/deam/DEAM_spectrograms_shiv/406_seg1.png,electronic,4,406_seg1
406,5.3,2.1,4.3,2.19,0.5888888888888889,0.4777777777777777,data/deam/DEAM_spectrograms_shiv/406_seg2.png,electronic,4,406_seg2
408,6.6,2.37,6.1,2.02,0.7333333333333333,0.6777777777777777,data/deam/DEAM_spectrograms_shiv/408_seg0.png,electronic,4,408_seg0
408,6.6,2.37,6.1,2.02,0.7333333333333333,0.6777777777777777,data/deam/DEAM_spectrograms_shiv/408_seg1.png,electronic,4,408_seg1
408,6.6,2.37,6.1,2.02,0.7333333333333333,0.6777777777777777,data/deam/DEAM_spectrograms_shiv/408_seg2.png,electronic,4,408_seg2
410,3.8,1.99,5.1,1.7,0.4222222222222222,0.5666666666666667,data/deam/DEAM_spectrograms_shiv/410_seg0.png,electronic,4,410_seg0
410,3.8,1.99,5.1,1.7,0.4222222222222222,0.5666666666666667,data/deam/DEAM_spectrograms_shiv/410_seg1.png,electronic,4,410_seg1
410,3.8,1.99,5.1,1.7,0.4222222222222222,0.5666666666666667,data/deam/DEAM_spectrograms_shiv/410_seg2.png,electronic,4,410_seg2
416,5.5,1.75,5.2,1.6,0.6111111111111112,0.5777777777777778,data/deam/DEAM_spectrograms_shiv/416_seg0.png,electronic,4,416_seg0
416,5.5,1.75,5.2,1.6,0.6111111111111112,0.5777777777777778,data/deam/DEAM_spectrograms_shiv/416_seg1.png,electronic,4,416_seg1
416,5.5,1.75,5.2,1.6,0.6111111111111112,0.5777777777777778,data/deam/DEAM_spectrograms_shiv/416_seg2.png,electronic,4,416_seg2
419,3.3,2.0,4.0,1.41,0.3666666666666666,0.4444444444444444,data/deam/DEAM_spectrograms_shiv/419_seg0.png,electronic,4,419_seg0
419,3.3,2.0,4.0,1.41,0.3666666666666666,0.4444444444444444,data/deam/DEAM_spectrograms_shiv/419_seg1.png,electronic,4,419_seg1
419,3.3,2.0,4.0,1.41,0.3666666666666666,0.4444444444444444,data/deam/DEAM_spectrograms_shiv/419_seg2.png,electronic,4,419_seg2
420,4.5,1.28,5.4,1.28,0.5,0.6000000000000001,data/deam/DEAM_spectrograms_shiv/420_seg0.png,electronic,4,420_seg0
420,4.5,1.28,5.4,1.28,0.5,0.6000000000000001,data/deam/DEAM_spectrograms_shiv/420_seg1.png,electronic,4,420_seg1
420,4.5,1.28,5.4,1.28,0.5,0.6000000000000001,data/deam/DEAM_spectrograms_shiv/420_seg2.png,electronic,4,420_seg2
422,2.8,1.72,3.7,2.45,0.3111111111111111,0.4111111111111111,data/deam/DEAM_spectrograms_shiv/422_seg0.png,electronic,4,422_seg0
422,2.8,1.72,3.7,2.45,0.3111111111111111,0.4111111111111111,data/deam/DEAM_spectrograms_shiv/422_seg1.png,electronic,4,422_seg1
422,2.8,1.72,3.7,2.45,0.3111111111111111,0.4111111111111111,data/deam/DEAM_spectrograms_shiv/422_seg2.png,electronic,4,422_seg2
423,5.2,2.48,4.5,2.29,0.5777777777777778,0.5,data/deam/DEAM_spectrograms_shiv/423_seg0.png,electronic,4,423_seg0
423,5.2,2.48,4.5,2.29,0.5777777777777778,0.5,data/deam/DEAM_spectrograms_shiv/423_seg1.png,electronic,4,423_seg1
423,5.2,2.48,4.5,2.29,0.5777777777777778,0.5,data/deam/DEAM_spectrograms_shiv/423_seg2.png,electronic,4,423_seg2
425,7.1,0.7,6.8,0.87,0.7888888888888889,0.7555555555555555,data/deam/DEAM_spectrograms_shiv/425_seg0.png,electronic,4,425_seg0
425,7.1,0.7,6.8,0.87,0.7888888888888889,0.7555555555555555,data/deam/DEAM_spectrograms_shiv/425_seg1.png,electronic,4,425_seg1
425,7.1,0.7,6.8,0.87,0.7888888888888889,0.7555555555555555,data/deam/DEAM_spectrograms_shiv/425_seg2.png,electronic,4,425_seg2
426,5.3,1.68,5.3,1.42,0.5888888888888889,0.5888888888888889,data/deam/DEAM_spectrograms_shiv/426_seg0.png,electronic,4,426_seg0
426,5.3,1.68,5.3,1.42,0.5888888888888889,0.5888888888888889,data/deam/DEAM_spectrograms_shiv/426_seg1.png,electronic,4,426_seg1
426,5.3,1.68,5.3,1.42,0.5888888888888889,0.5888888888888889,data/deam/DEAM_spectrograms_shiv/426_seg2.png,electronic,4,426_seg2
430,4.0,2.24,2.9,1.04,0.4444444444444444,0.3222222222222222,data/deam/DEAM_spectrograms_shiv/430_seg0.png,electronic,4,430_seg0
430,4.0,2.24,2.9,1.04,0.4444444444444444,0.3222222222222222,data/deam/DEAM_spectrograms_shiv/430_seg1.png,electronic,4,430_seg1
430,4.0,2.24,2.9,1.04,0.4444444444444444,0.3222222222222222,data/deam/DEAM_spectrograms_shiv/430_seg2.png,electronic,4,430_seg2
431,6.1,1.76,5.5,1.91,0.6777777777777777,0.6111111111111112,data/deam/DEAM_spectrograms_shiv/431_seg0.png,electronic,4,431_seg0
431,6.1,1.76,5.5,1.91,0.6777777777777777,0.6111111111111112,data/deam/DEAM_spectrograms_shiv/431_seg1.png,electronic,4,431_seg1
431,6.1,1.76,5.5,1.91,0.6777777777777777,0.6111111111111112,data/deam/DEAM_spectrograms_shiv/431_seg2.png,electronic,4,431_seg2
432,5.3,2.0,5.3,1.68,0.5888888888888889,0.5888888888888889,data/deam/DEAM_spectrograms_shiv/432_seg0.png,electronic,4,432_seg0
432,5.3,2.0,5.3,1.68,0.5888888888888889,0.5888888888888889,data/deam/DEAM_spectrograms_shiv/432_seg1.png,electronic,4,432_seg1
432,5.3,2.0,5.3,1.68,0.5888888888888889,0.5888888888888889,data/deam/DEAM_spectrograms_shiv/432_seg2.png,electronic,4,432_seg2
435,4.5,1.75,5.9,1.51,0.5,0.6555555555555556,data/deam/DEAM_spectrograms_shiv/435_seg0.png,electronic,4,435_seg0
435,4.5,1.75,5.9,1.51,0.5,0.6555555555555556,data/deam/DEAM_spectrograms_shiv/435_seg1.png,electronic,4,435_seg1
435,4.5,1.75,5.9,1.51,0.5,0.6555555555555556,data/deam/DEAM_spectrograms_shiv/435_seg2.png,electronic,4,435_seg2
437,5.2,1.83,4.3,2.1,0.5777777777777778,0.4777777777777777,data/deam/DEAM_spectrograms_shiv/437_seg0.png,electronic,4,437_seg0
437,5.2,1.83,4.3,2.1,0.5777777777777778,0.4777777777777777,data/deam/DEAM_spectrograms_shiv/437_seg1.png,electronic,4,437_seg1
437,5.2,1.83,4.3,2.1,0.5777777777777778,0.4777777777777777,data/deam/DEAM_spectrograms_shiv/437_seg2.png,electronic,4,437_seg2
440,5.3,2.15,6.3,1.73,0.5888888888888889,0.7,data/deam/DEAM_spectrograms_shiv/440_seg0.png,electronic,4,440_seg0
440,5.3,2.15,6.3,1.73,0.5888888888888889,0.7,data/deam/DEAM_spectrograms_shiv/440_seg1.png,electronic,4,440_seg1
440,5.3,2.15,6.3,1.73,0.5888888888888889,0.7,data/deam/DEAM_spectrograms_shiv/440_seg2.png,electronic,4,440_seg2
441,4.6,1.69,5.1,1.51,0.5111111111111111,0.5666666666666667,data/deam/DEAM_spectrograms_shiv/441_seg0.png,electronic,4,441_seg0
441,4.6,1.69,5.1,1.51,0.5111111111111111,0.5666666666666667,data/deam/DEAM_spectrograms_shiv/441_seg1.png,electronic,4,441_seg1
441,4.6,1.69,5.1,1.51,0.5111111111111111,0.5666666666666667,data/deam/DEAM_spectrograms_shiv/441_seg2.png,electronic,4,441_seg2
442,4.1,1.87,4.5,1.57,0.4555555555555555,0.5,data/deam/DEAM_spectrograms_shiv/442_seg0.png,electronic,4,442_seg0
442,4.1,1.87,4.5,1.57,0.4555555555555555,0.5,data/deam/DEAM_spectrograms_shiv/442_seg1.png,electronic,4,442_seg1
442,4.1,1.87,4.5,1.57,0.4555555555555555,0.5,data/deam/DEAM_spectrograms_shiv/442_seg2.png,electronic,4,442_seg2
444,2.3,1.1,2.5,1.2,0.2555555555555555,0.2777777777777778,data/deam/DEAM_spectrograms_shiv/444_seg0.png,electronic,4,444_seg0
444,2.3,1.1,2.5,1.2,0.2555555555555555,0.2777777777777778,data/deam/DEAM_spectrograms_shiv/444_seg1.png,electronic,4,444_seg1
444,2.3,1.1,2.5,1.2,0.2555555555555555,0.2777777777777778,data/deam/DEAM_spectrograms_shiv/444_seg2.png,electronic,4,444_seg2
445,2.4,1.02,4.6,1.62,0.2666666666666666,0.5111111111111111,data/deam/DEAM_spectrograms_shiv/445_seg0.png,electronic,4,445_seg0
445,2.4,1.02,4.6,1.62,0.2666666666666666,0.5111111111111111,data/deam/DEAM_spectrograms_shiv/445_seg1.png,electronic,4,445_seg1
445,2.4,1.02,4.6,1.62,0.2666666666666666,0.5111111111111111,data/deam/DEAM_spectrograms_shiv/445_seg2.png,electronic,4,445_seg2
448,6.7,1.95,6.5,1.96,0.7444444444444445,0.7222222222222222,data/deam/DEAM_spectrograms_shiv/448_seg0.png,electronic,4,448_seg0
448,6.7,1.95,6.5,1.96,0.7444444444444445,0.7222222222222222,data/deam/DEAM_spectrograms_shiv/448_seg1.png,electronic,4,448_seg1
448,6.7,1.95,6.5,1.96,0.7444444444444445,0.7222222222222222,data/deam/DEAM_spectrograms_shiv/448_seg2.png,electronic,4,448_seg2
449,3.6,2.06,3.8,1.83,0.4,0.4222222222222222,data/deam/DEAM_spectrograms_shiv/449_seg0.png,electronic,4,449_seg0
449,3.6,2.06,3.8,1.83,0.4,0.4222222222222222,data/deam/DEAM_spectrograms_shiv/449_seg1.png,electronic,4,449_seg1
449,3.6,2.06,3.8,1.83,0.4,0.4222222222222222,data/deam/DEAM_spectrograms_shiv/449_seg2.png,electronic,4,449_seg2
451,4.9,1.3,4.4,1.8,0.5444444444444445,0.4888888888888889,data/deam/DEAM_spectrograms_shiv/451_seg0.png,electronic,4,451_seg0
451,4.9,1.3,4.4,1.8,0.5444444444444445,0.4888888888888889,data/deam/DEAM_spectrograms_shiv/451_seg1.png,electronic,4,451_seg1
451,4.9,1.3,4.4,1.8,0.5444444444444445,0.4888888888888889,data/deam/DEAM_spectrograms_shiv/451_seg2.png,electronic,4,451_seg2
453,4.6,1.8,5.6,1.2,0.5111111111111111,0.6222222222222222,data/deam/DEAM_spectrograms_shiv/453_seg0.png,electronic,4,453_seg0
453,4.6,1.8,5.6,1.2,0.5111111111111111,0.6222222222222222,data/deam/DEAM_spectrograms_shiv/453_seg1.png,electronic,4,453_seg1
453,4.6,1.8,5.6,1.2,0.5111111111111111,0.6222222222222222,data/deam/DEAM_spectrograms_shiv/453_seg2.png,electronic,4,453_seg2
454,5.0,2.45,4.8,1.47,0.5555555555555556,0.5333333333333333,data/deam/DEAM_spectrograms_shiv/454_seg0.png,electronic,4,454_seg0
454,5.0,2.45,4.8,1.47,0.5555555555555556,0.5333333333333333,data/deam/DEAM_spectrograms_shiv/454_seg1.png,electronic,4,454_seg1
454,5.0,2.45,4.8,1.47,0.5555555555555556,0.5333333333333333,data/deam/DEAM_spectrograms_shiv/454_seg2.png,electronic,4,454_seg2
455,5.4,1.74,5.7,1.19,0.6000000000000001,0.6333333333333333,data/deam/DEAM_spectrograms_shiv/455_seg0.png,electronic,4,455_seg0
455,5.4,1.74,5.7,1.19,0.6000000000000001,0.6333333333333333,data/deam/DEAM_spectrograms_shiv/455_seg1.png,electronic,4,455_seg1
455,5.4,1.74,5.7,1.19,0.6000000000000001,0.6333333333333333,data/deam/DEAM_spectrograms_shiv/455_seg2.png,electronic,4,455_seg2
456,6.1,2.7,2.3,1.27,0.6777777777777777,0.2555555555555555,data/deam/DEAM_spectrograms_shiv/456_seg0.png,electronic,4,456_seg0
456,6.1,2.7,2.3,1.27,0.6777777777777777,0.2555555555555555,data/deam/DEAM_spectrograms_shiv/456_seg1.png,electronic,4,456_seg1
456,6.1,2.7,2.3,1.27,0.6777777777777777,0.2555555555555555,data/deam/DEAM_spectrograms_shiv/456_seg2.png,electronic,4,456_seg2
459,6.3,0.78,6.1,1.22,0.7,0.6777777777777777,data/deam/DEAM_spectrograms_shiv/459_seg0.png,electronic,4,459_seg0
459,6.3,0.78,6.1,1.22,0.7,0.6777777777777777,data/deam/DEAM_spectrograms_shiv/459_seg1.png,electronic,4,459_seg1
459,6.3,0.78,6.1,1.22,0.7,0.6777777777777777,data/deam/DEAM_spectrograms_shiv/459_seg2.png,electronic,4,459_seg2
462,5.8,1.66,4.6,2.06,0.6444444444444444,0.5111111111111111,data/deam/DEAM_spectrograms_shiv/462_seg0.png,electronic,4,462_seg0
462,5.8,1.66,4.6,2.06,0.6444444444444444,0.5111111111111111,data/deam/DEAM_spectrograms_shiv/462_seg1.png,electronic,4,462_seg1
462,5.8,1.66,4.6,2.06,0.6444444444444444,0.5111111111111111,data/deam/DEAM_spectrograms_shiv/462_seg2.png,electronic,4,462_seg2
463,5.0,2.05,5.7,1.68,0.5555555555555556,0.6333333333333333,data/deam/DEAM_spectrograms_shiv/463_seg0.png,electronic,4,463_seg0
463,5.0,2.05,5.7,1.68,0.5555555555555556,0.6333333333333333,data/deam/DEAM_spectrograms_shiv/463_seg1.png,electronic,4,463_seg1
463,5.0,2.05,5.7,1.68,0.5555555555555556,0.6333333333333333,data/deam/DEAM_spectrograms_shiv/463_seg2.png,electronic,4,463_seg2
464,5.1,1.22,5.6,1.5,0.5666666666666667,0.6222222222222222,data/deam/DEAM_spectrograms_shiv/464_seg0.png,electronic,4,464_seg0
464,5.1,1.22,5.6,1.5,0.5666666666666667,0.6222222222222222,data/deam/DEAM_spectrograms_shiv/464_seg1.png,electronic,4,464_seg1
464,5.1,1.22,5.6,1.5,0.5666666666666667,0.6222222222222222,data/deam/DEAM_spectrograms_shiv/464_seg2.png,electronic,4,464_seg2
466,6.6,1.56,5.9,1.22,0.7333333333333333,0.6555555555555556,data/deam/DEAM_spectrograms_shiv/466_seg0.png,electronic,4,466_seg0
466,6.6,1.56,5.9,1.22,0.7333333333333333,0.6555555555555556,data/deam/DEAM_spectrograms_shiv/466_seg1.png,electronic,4,466_seg1
466,6.6,1.56,5.9,1.22,0.7333333333333333,0.6555555555555556,data/deam/DEAM_spectrograms_shiv/466_seg2.png,electronic,4,466_seg2
468,3.6,1.62,3.4,2.15,0.4,0.3777777777777777,data/deam/DEAM_spectrograms_shiv/468_seg0.png,electronic,4,468_seg0
468,3.6,1.62,3.4,2.15,0.4,0.3777777777777777,data/deam/DEAM_spectrograms_shiv/468_seg1.png,electronic,4,468_seg1
468,3.6,1.62,3.4,2.15,0.4,0.3777777777777777,data/deam/DEAM_spectrograms_shiv/468_seg2.png,electronic,4,468_seg2
469,5.1,1.58,5.3,0.9,0.5666666666666667,0.5888888888888889,data/deam/DEAM_spectrograms_shiv/469_seg0.png,electronic,4,469_seg0
469,5.1,1.58,5.3,0.9,0.5666666666666667,0.5888888888888889,data/deam/DEAM_spectrograms_shiv/469_seg1.png,electronic,4,469_seg1
469,5.1,1.58,5.3,0.9,0.5666666666666667,0.5888888888888889,data/deam/DEAM_spectrograms_shiv/469_seg2.png,electronic,4,469_seg2
473,7.1,1.22,5.5,2.2,0.7888888888888889,0.6111111111111112,data/deam/DEAM_spectrograms_shiv/473_seg0.png,electronic,4,473_seg0
473,7.1,1.22,5.5,2.2,0.7888888888888889,0.6111111111111112,data/deam/DEAM_spectrograms_shiv/473_seg1.png,electronic,4,473_seg1
473,7.1,1.22,5.5,2.2,0.7888888888888889,0.6111111111111112,data/deam/DEAM_spectrograms_shiv/473_seg2.png,electronic,4,473_seg2
475,5.6,2.01,5.0,2.0,0.6222222222222222,0.5555555555555556,data/deam/DEAM_spectrograms_shiv/475_seg0.png,electronic,4,475_seg0
475,5.6,2.01,5.0,2.0,0.6222222222222222,0.5555555555555556,data/deam/DEAM_spectrograms_shiv/475_seg1.png,electronic,4,475_seg1
475,5.6,2.01,5.0,2.0,0.6222222222222222,0.5555555555555556,data/deam/DEAM_spectrograms_shiv/475_seg2.png,electronic,4,475_seg2
479,4.5,1.8,5.7,0.9,0.5,0.6333333333333333,data/deam/DEAM_spectrograms_shiv/479_seg0.png,electronic,4,479_seg0
479,4.5,1.8,5.7,0.9,0.5,0.6333333333333333,data/deam/DEAM_spectrograms_shiv/479_seg1.png,electronic,4,479_seg1
479,4.5,1.8,5.7,0.9,0.5,0.6333333333333333,data/deam/DEAM_spectrograms_shiv/479_seg2.png,electronic,4,479_seg2
480,2.7,1.62,4.1,1.14,0.3,0.4555555555555555,data/deam/DEAM_spectrograms_shiv/480_seg0.png,electronic,4,480_seg0
480,2.7,1.62,4.1,1.14,0.3,0.4555555555555555,data/deam/DEAM_spectrograms_shiv/480_seg1.png,electronic,4,480_seg1
480,2.7,1.62,4.1,1.14,0.3,0.4555555555555555,data/deam/DEAM_spectrograms_shiv/480_seg2.png,electronic,4,480_seg2
484,6.4,1.28,6.5,1.28,0.7111111111111111,0.7222222222222222,data/deam/DEAM_spectrograms_shiv/484_seg0.png,electronic,4,484_seg0
484,6.4,1.28,6.5,1.28,0.7111111111111111,0.7222222222222222,data/deam/DEAM_spectrograms_shiv/484_seg1.png,electronic,4,484_seg1
484,6.4,1.28,6.5,1.28,0.7111111111111111,0.7222222222222222,data/deam/DEAM_spectrograms_shiv/484_seg2.png,electronic,4,484_seg2
485,2.6,0.92,3.7,1.42,0.2888888888888889,0.4111111111111111,data/deam/DEAM_spectrograms_shiv/485_seg0.png,electronic,4,485_seg0
485,2.6,0.92,3.7,1.42,0.2888888888888889,0.4111111111111111,data/deam/DEAM_spectrograms_shiv/485_seg1.png,electronic,4,485_seg1
485,2.6,0.92,3.7,1.42,0.2888888888888889,0.4111111111111111,data/deam/DEAM_spectrograms_shiv/485_seg2.png,electronic,4,485_seg2
488,1.6,0.8,3.4,1.28,0.1777777777777777,0.3777777777777777,data/deam/DEAM_spectrograms_shiv/488_seg0.png,electronic,4,488_seg0
488,1.6,0.8,3.4,1.28,0.1777777777777777,0.3777777777777777,data/deam/DEAM_spectrograms_shiv/488_seg1.png,electronic,4,488_seg1
488,1.6,0.8,3.4,1.28,0.1777777777777777,0.3777777777777777,data/deam/DEAM_spectrograms_shiv/488_seg2.png,electronic,4,488_seg2
489,4.6,1.74,5.2,1.78,0.5111111111111111,0.5777777777777778,data/deam/DEAM_spectrograms_shiv/489_seg0.png,electronic,4,489_seg0
489,4.6,1.74,5.2,1.78,0.5111111111111111,0.5777777777777778,data/deam/DEAM_spectrograms_shiv/489_seg1.png,electronic,4,489_seg1
489,4.6,1.74,5.2,1.78,0.5111111111111111,0.5777777777777778,data/deam/DEAM_spectrograms_shiv/489_seg2.png,electronic,4,489_seg2
490,3.9,1.51,3.7,1.68,0.4333333333333333,0.4111111111111111,data/deam/DEAM_spectrograms_shiv/490_seg0.png,electronic,4,490_seg0
490,3.9,1.51,3.7,1.68,0.4333333333333333,0.4111111111111111,data/deam/DEAM_spectrograms_shiv/490_seg1.png,electronic,4,490_seg1
490,3.9,1.51,3.7,1.68,0.4333333333333333,0.4111111111111111,data/deam/DEAM_spectrograms_shiv/490_seg2.png,electronic,4,490_seg2
492,4.4,1.91,4.8,1.72,0.4888888888888889,0.5333333333333333,data/deam/DEAM_spectrograms_shiv/492_seg0.png,electronic,4,492_seg0
492,4.4,1.91,4.8,1.72,0.4888888888888889,0.5333333333333333,data/deam/DEAM_spectrograms_shiv/492_seg1.png,electronic,4,492_seg1
492,4.4,1.91,4.8,1.72,0.4888888888888889,0.5333333333333333,data/deam/DEAM_spectrograms_shiv/492_seg2.png,electronic,4,492_seg2
493,3.7,1.55,4.9,1.14,0.4111111111111111,0.5444444444444445,data/deam/DEAM_spectrograms_shiv/493_seg0.png,electronic,4,493_seg0
493,3.7,1.55,4.9,1.14,0.4111111111111111,0.5444444444444445,data/deam/DEAM_spectrograms_shiv/493_seg1.png,electronic,4,493_seg1
493,3.7,1.55,4.9,1.14,0.4111111111111111,0.5444444444444445,data/deam/DEAM_spectrograms_shiv/493_seg2.png,electronic,4,493_seg2
496,4.7,2.15,5.9,1.81,0.5222222222222223,0.6555555555555556,data/deam/DEAM_spectrograms_shiv/496_seg0.png,electronic,4,496_seg0
496,4.7,2.15,5.9,1.81,0.5222222222222223,0.6555555555555556,data/deam/DEAM_spectrograms_shiv/496_seg1.png,electronic,4,496_seg1
496,4.7,2.15,5.9,1.81,0.5222222222222223,0.6555555555555556,data/deam/DEAM_spectrograms_shiv/496_seg2.png,electronic,4,496_seg2
497,6.2,1.54,5.7,2.24,0.6888888888888889,0.6333333333333333,data/deam/DEAM_spectrograms_shiv/497_seg0.png,electronic,4,497_seg0
497,6.2,1.54,5.7,2.24,0.6888888888888889,0.6333333333333333,data/deam/DEAM_spectrograms_shiv/497_seg1.png,electronic,4,497_seg1
497,6.2,1.54,5.7,2.24,0.6888888888888889,0.6333333333333333,data/deam/DEAM_spectrograms_shiv/497_seg2.png,electronic,4,497_seg2
499,3.6,1.56,3.6,1.56,0.4,0.4,data/deam/DEAM_spectrograms_shiv/499_seg0.png,electronic,4,499_seg0
499,3.6,1.56,3.6,1.56,0.4,0.4,data/deam/DEAM_spectrograms_shiv/499_seg1.png,electronic,4,499_seg1
499,3.6,1.56,3.6,1.56,0.4,0.4,data/deam/DEAM_spectrograms_shiv/499_seg2.png,electronic,4,499_seg2
500,6.0,1.79,5.2,1.66,0.6666666666666666,0.5777777777777778,data/deam/DEAM_spectrograms_shiv/500_seg0.png,electronic,4,500_seg0
500,6.0,1.79,5.2,1.66,0.6666666666666666,0.5777777777777778,data/deam/DEAM_spectrograms_shiv/500_seg1.png,electronic,4,500_seg1
500,6.0,1.79,5.2,1.66,0.6666666666666666,0.5777777777777778,data/deam/DEAM_spectrograms_shiv/500_seg2.png,electronic,4,500_seg2
501,2.5,1.12,4.4,0.92,0.2777777777777778,0.4888888888888889,data/deam/DEAM_spectrograms_shiv/501_seg0.png,folk,6,501_seg0
501,2.5,1.12,4.4,0.92,0.2777777777777778,0.4888888888888889,data/deam/DEAM_spectrograms_shiv/501_seg1.png,folk,6,501_seg1
501,2.5,1.12,4.4,0.92,0.2777777777777778,0.4888888888888889,data/deam/DEAM_spectrograms_shiv/501_seg2.png,folk,6,501_seg2
502,4.8,1.78,4.6,1.62,0.5333333333333333,0.5111111111111111,data/deam/DEAM_spectrograms_shiv/502_seg0.png,folk,6,502_seg0
502,4.8,1.78,4.6,1.62,0.5333333333333333,0.5111111111111111,data/deam/DEAM_spectrograms_shiv/502_seg1.png,folk,6,502_seg1
502,4.8,1.78,4.6,1.62,0.5333333333333333,0.5111111111111111,data/deam/DEAM_spectrograms_shiv/502_seg2.png,folk,6,502_seg2
503,5.8,1.66,6.4,1.02,0.6444444444444444,0.7111111111111111,data/deam/DEAM_spectrograms_shiv/503_seg0.png,folk,6,503_seg0
503,5.8,1.66,6.4,1.02,0.6444444444444444,0.7111111111111111,data/deam/DEAM_spectrograms_shiv/503_seg1.png,folk,6,503_seg1
503,5.8,1.66,6.4,1.02,0.6444444444444444,0.7111111111111111,data/deam/DEAM_spectrograms_shiv/503_seg2.png,folk,6,503_seg2
506,2.9,0.94,4.1,1.37,0.3222222222222222,0.4555555555555555,data/deam/DEAM_spectrograms_shiv/506_seg0.png,folk,6,506_seg0
506,2.9,0.94,4.1,1.37,0.3222222222222222,0.4555555555555555,data/deam/DEAM_spectrograms_shiv/506_seg1.png,folk,6,506_seg1
506,2.9,0.94,4.1,1.37,0.3222222222222222,0.4555555555555555,data/deam/DEAM_spectrograms_shiv/506_seg2.png,folk,6,506_seg2
507,4.9,1.14,4.8,1.17,0.5444444444444445,0.5333333333333333,data/deam/DEAM_spectrograms_shiv/507_seg0.png,folk,6,507_seg0
507,4.9,1.14,4.8,1.17,0.5444444444444445,0.5333333333333333,data/deam/DEAM_spectrograms_shiv/507_seg1.png,folk,6,507_seg1
507,4.9,1.14,4.8,1.17,0.5444444444444445,0.5333333333333333,data/deam/DEAM_spectrograms_shiv/507_seg2.png,folk,6,507_seg2
513,3.1,1.64,4.2,1.47,0.3444444444444444,0.4666666666666667,data/deam/DEAM_spectrograms_shiv/513_seg0.png,folk,6,513_seg0
513,3.1,1.64,4.2,1.47,0.3444444444444444,0.4666666666666667,data/deam/DEAM_spectrograms_shiv/513_seg1.png,folk,6,513_seg1
513,3.1,1.64,4.2,1.47,0.3444444444444444,0.4666666666666667,data/deam/DEAM_spectrograms_shiv/513_seg2.png,folk,6,513_seg2
514,4.3,1.85,5.8,1.89,0.4777777777777777,0.6444444444444444,data/deam/DEAM_spectrograms_shiv/514_seg0.png,folk,6,514_seg0
514,4.3,1.85,5.8,1.89,0.4777777777777777,0.6444444444444444,data/deam/DEAM_spectrograms_shiv/514_seg1.png,folk,6,514_seg1
514,4.3,1.85,5.8,1.89,0.4777777777777777,0.6444444444444444,data/deam/DEAM_spectrograms_shiv/514_seg2.png,folk,6,514_seg2
515,3.8,1.4,3.4,1.2,0.4222222222222222,0.3777777777777777,data/deam/DEAM_spectrograms_shiv/515_seg0.png,folk,6,515_seg0
515,3.8,1.4,3.4,1.2,0.4222222222222222,0.3777777777777777,data/deam/DEAM_spectrograms_shiv/515_seg1.png,folk,6,515_seg1
515,3.8,1.4,3.4,1.2,0.4222222222222222,0.3777777777777777,data/deam/DEAM_spectrograms_shiv/515_seg2.png,folk,6,515_seg2
518,4.1,1.7,3.4,1.11,0.4555555555555555,0.3777777777777777,data/deam/DEAM_spectrograms_shiv/518_seg0.png,folk,6,518_seg0
518,4.1,1.7,3.4,1.11,0.4555555555555555,0.3777777777777777,data/deam/DEAM_spectrograms_shiv/518_seg1.png,folk,6,518_seg1
518,4.1,1.7,3.4,1.11,0.4555555555555555,0.3777777777777777,data/deam/DEAM_spectrograms_shiv/518_seg2.png,folk,6,518_seg2
519,6.8,1.83,5.3,1.79,0.7555555555555555,0.5888888888888889,data/deam/DEAM_spectrograms_shiv/519_seg0.png,folk,6,519_seg0
519,6.8,1.83,5.3,1.79,0.7555555555555555,0.5888888888888889,data/deam/DEAM_spectrograms_shiv/519_seg1.png,folk,6,519_seg1
519,6.8,1.83,5.3,1.79,0.7555555555555555,0.5888888888888889,data/deam/DEAM_spectrograms_shiv/519_seg2.png,folk,6,519_seg2
520,4.0,1.55,5.5,1.36,0.4444444444444444,0.6111111111111112,data/deam/DEAM_spectrograms_shiv/520_seg0.png,folk,6,520_seg0
520,4.0,1.55,5.5,1.36,0.4444444444444444,0.6111111111111112,data/deam/DEAM_spectrograms_shiv/520_seg1.png,folk,6,520_seg1
520,4.0,1.55,5.5,1.36,0.4444444444444444,0.6111111111111112,data/deam/DEAM_spectrograms_shiv/520_seg2.png,folk,6,520_seg2
521,3.8,1.54,4.6,2.06,0.4222222222222222,0.5111111111111111,data/deam/DEAM_spectrograms_shiv/521_seg0.png,folk,6,521_seg0
521,3.8,1.54,4.6,2.06,0.4222222222222222,0.5111111111111111,data/deam/DEAM_spectrograms_shiv/521_seg1.png,folk,6,521_seg1
521,3.8,1.54,4.6,2.06,0.4222222222222222,0.5111111111111111,data/deam/DEAM_spectrograms_shiv/521_seg2.png,folk,6,521_seg2
522,3.5,2.11,2.7,0.9,0.3888888888888889,0.3,data/deam/DEAM_spectrograms_shiv/522_seg0.png,folk,6,522_seg0
522,3.5,2.11,2.7,0.9,0.3888888888888889,0.3,data/deam/DEAM_spectrograms_shiv/522_seg1.png,folk,6,522_seg1
522,3.5,2.11,2.7,0.9,0.3888888888888889,0.3,data/deam/DEAM_spectrograms_shiv/522_seg2.png,folk,6,522_seg2
524,3.3,1.27,4.0,1.1,0.3666666666666666,0.4444444444444444,data/deam/DEAM_spectrograms_shiv/524_seg0.png,folk,6,524_seg0
524,3.3,1.27,4.0,1.1,0.3666666666666666,0.4444444444444444,data/deam/DEAM_spectrograms_shiv/524_seg1.png,folk,6,524_seg1
524,3.3,1.27,4.0,1.1,0.3666666666666666,0.4444444444444444,data/deam/DEAM_spectrograms_shiv/524_seg2.png,folk,6,524_seg2
525,4.3,1.55,4.8,1.99,0.4777777777777777,0.5333333333333333,data/deam/DEAM_spectrograms_shiv/525_seg0.png,folk,6,525_seg0
525,4.3,1.55,4.8,1.99,0.4777777777777777,0.5333333333333333,data/deam/DEAM_spectrograms_shiv/525_seg1.png,folk,6,525_seg1
525,4.3,1.55,4.8,1.99,0.4777777777777777,0.5333333333333333,data/deam/DEAM_spectrograms_shiv/525_seg2.png,folk,6,525_seg2
527,4.0,1.67,5.7,1.95,0.4444444444444444,0.6333333333333333,data/deam/DEAM_spectrograms_shiv/527_seg0.png,folk,6,527_seg0
527,4.0,1.67,5.7,1.95,0.4444444444444444,0.6333333333333333,data/deam/DEAM_spectrograms_shiv/527_seg1.png,folk,6,527_seg1
527,4.0,1.67,5.7,1.95,0.4444444444444444,0.6333333333333333,data/deam/DEAM_spectrograms_shiv/527_seg2.png,folk,6,527_seg2
529,4.7,1.55,5.8,1.17,0.5222222222222223,0.6444444444444444,data/deam/DEAM_spectrograms_shiv/529_seg0.png,folk,6,529_seg0
529,4.7,1.55,5.8,1.17,0.5222222222222223,0.6444444444444444,data/deam/DEAM_spectrograms_shiv/529_seg1.png,folk,6,529_seg1
529,4.7,1.55,5.8,1.17,0.5222222222222223,0.6444444444444444,data/deam/DEAM_spectrograms_shiv/529_seg2.png,folk,6,529_seg2
530,3.3,1.42,3.5,1.57,0.3666666666666666,0.3888888888888889,data/deam/DEAM_spectrograms_shiv/530_seg0.png,folk,6,530_seg0
530,3.3,1.42,3.5,1.57,0.3666666666666666,0.3888888888888889,data/deam/DEAM_spectrograms_shiv/530_seg1.png,folk,6,530_seg1
530,3.3,1.42,3.5,1.57,0.3666666666666666,0.3888888888888889,data/deam/DEAM_spectrograms_shiv/530_seg2.png,folk,6,530_seg2
535,6.1,2.02,6.5,1.69,0.6777777777777777,0.7222222222222222,data/deam/DEAM_spectrograms_shiv/535_seg0.png,folk,6,535_seg0
535,6.1,2.02,6.5,1.69,0.6777777777777777,0.7222222222222222,data/deam/DEAM_spectrograms_shiv/535_seg1.png,folk,6,535_seg1
535,6.1,2.02,6.5,1.69,0.6777777777777777,0.7222222222222222,data/deam/DEAM_spectrograms_shiv/535_seg2.png,folk,6,535_seg2
537,5.0,2.45,2.6,1.8,0.5555555555555556,0.2888888888888889,data/deam/DEAM_spectrograms_shiv/537_seg0.png,folk,6,537_seg0
537,5.0,2.45,2.6,1.8,0.5555555555555556,0.2888888888888889,data/deam/DEAM_spectrograms_shiv/537_seg1.png,folk,6,537_seg1
537,5.0,2.45,2.6,1.8,0.5555555555555556,0.2888888888888889,data/deam/DEAM_spectrograms_shiv/537_seg2.png,folk,6,537_seg2
540,4.1,1.87,4.4,1.5,0.4555555555555555,0.4888888888888889,data/deam/DEAM_spectrograms_shiv/540_seg0.png,folk,6,540_seg0
540,4.1,1.87,4.4,1.5,0.4555555555555555,0.4888888888888889,data/deam/DEAM_spectrograms_shiv/540_seg1.png,folk,6,540_seg1
540,4.1,1.87,4.4,1.5,0.4555555555555555,0.4888888888888889,data/deam/DEAM_spectrograms_shiv/540_seg2.png,folk,6,540_seg2
544,4.8,2.14,4.5,1.75,0.5333333333333333,0.5,data/deam/DEAM_spectrograms_shiv/544_seg0.png,folk,6,544_seg0
544,4.8,2.14,4.5,1.75,0.5333333333333333,0.5,data/deam/DEAM_spectrograms_shiv/544_seg1.png,folk,6,544_seg1
544,4.8,2.14,4.5,1.75,0.5333333333333333,0.5,data/deam/DEAM_spectrograms_shiv/544_seg2.png,folk,6,544_seg2
547,3.4,1.85,4.8,2.09,0.3777777777777777,0.5333333333333333,data/deam/DEAM_spectrograms_shiv/547_seg0.png,folk,6,547_seg0
547,3.4,1.85,4.8,2.09,0.3777777777777777,0.5333333333333333,data/deam/DEAM_spectrograms_shiv/547_seg1.png,folk,6,547_seg1
547,3.4,1.85,4.8,2.09,0.3777777777777777,0.5333333333333333,data/deam/DEAM_spectrograms_shiv/547_seg2.png,folk,6,547_seg2
550,4.2,1.78,5.9,1.87,0.4666666666666667,0.6555555555555556,data/deam/DEAM_spectrograms_shiv/550_seg0.png,folk,6,550_seg0
550,4.2,1.78,5.9,1.87,0.4666666666666667,0.6555555555555556,data/deam/DEAM_spectrograms_shiv/550_seg1.png,folk,6,550_seg1
550,4.2,1.78,5.9,1.87,0.4666666666666667,0.6555555555555556,data/deam/DEAM_spectrograms_shiv/550_seg2.png,folk,6,550_seg2
551,3.2,1.47,4.0,1.41,0.3555555555555555,0.4444444444444444,data/deam/DEAM_spectrograms_shiv/551_seg0.png,folk,6,551_seg0
551,3.2,1.47,4.0,1.41,0.3555555555555555,0.4444444444444444,data/deam/DEAM_spectrograms_shiv/551_seg1.png,folk,6,551_seg1
551,3.2,1.47,4.0,1.41,0.3555555555555555,0.4444444444444444,data/deam/DEAM_spectrograms_shiv/551_seg2.png,folk,6,551_seg2
555,5.2,1.6,4.8,1.66,0.5777777777777778,0.5333333333333333,data/deam/DEAM_spectrograms_shiv/555_seg0.png,folk,6,555_seg0
555,5.2,1.6,4.8,1.66,0.5777777777777778,0.5333333333333333,data/deam/DEAM_spectrograms_shiv/555_seg1.png,folk,6,555_seg1
555,5.2,1.6,4.8,1.66,0.5777777777777778,0.5333333333333333,data/deam/DEAM_spectrograms_shiv/555_seg2.png,folk,6,555_seg2
556,5.6,2.06,6.1,1.64,0.6222222222222222,0.6777777777777777,data/deam/DEAM_spectrograms_shiv/556_seg0.png,folk,6,556_seg0
556,5.6,2.06,6.1,1.64,0.6222222222222222,0.6777777777777777,data/deam/DEAM_spectrograms_shiv/556_seg1.png,folk,6,556_seg1
556,5.6,2.06,6.1,1.64,0.6222222222222222,0.6777777777777777,data/deam/DEAM_spectrograms_shiv/556_seg2.png,folk,6,556_seg2
558,2.8,1.83,3.2,1.66,0.3111111111111111,0.3555555555555555,data/deam/DEAM_spectrograms_shiv/558_seg0.png,folk,6,558_seg0
558,2.8,1.83,3.2,1.66,0.3111111111111111,0.3555555555555555,data/deam/DEAM_spectrograms_shiv/558_seg1.png,folk,6,558_seg1
558,2.8,1.83,3.2,1.66,0.3111111111111111,0.3555555555555555,data/deam/DEAM_spectrograms_shiv/558_seg2.png,folk,6,558_seg2
560,2.9,1.22,4.6,1.62,0.3222222222222222,0.5111111111111111,data/deam/DEAM_spectrograms_shiv/560_seg0.png,folk,6,560_seg0
560,2.9,1.22,4.6,1.62,0.3222222222222222,0.5111111111111111,data/deam/DEAM_spectrograms_shiv/560_seg1.png,folk,6,560_seg1
560,2.9,1.22,4.6,1.62,0.3222222222222222,0.5111111111111111,data/deam/DEAM_spectrograms_shiv/560_seg2.png,folk,6,560_seg2
561,6.9,0.7,7.0,0.89,0.7666666666666667,0.7777777777777778,data/deam/DEAM_spectrograms_shiv/561_seg0.png,folk,6,561_seg0
561,6.9,0.7,7.0,0.89,0.7666666666666667,0.7777777777777778,data/deam/DEAM_spectrograms_shiv/561_seg1.png,folk,6,561_seg1
561,6.9,0.7,7.0,0.89,0.7666666666666667,0.7777777777777778,data/deam/DEAM_spectrograms_shiv/561_seg2.png,folk,6,561_seg2
564,4.7,1.68,4.9,1.64,0.5222222222222223,0.5444444444444445,data/deam/DEAM_spectrograms_shiv/564_seg0.png,folk,6,564_seg0
564,4.7,1.68,4.9,1.64,0.5222222222222223,0.5444444444444445,data/deam/DEAM_spectrograms_shiv/564_seg1.png,folk,6,564_seg1
564,4.7,1.68,4.9,1.64,0.5222222222222223,0.5444444444444445,data/deam/DEAM_spectrograms_shiv/564_seg2.png,folk,6,564_seg2
565,3.1,1.51,3.0,1.0,0.3444444444444444,0.3333333333333333,data/deam/DEAM_spectrograms_shiv/565_seg0.png,folk,6,565_seg0
565,3.1,1.51,3.0,1.0,0.3444444444444444,0.3333333333333333,data/deam/DEAM_spectrograms_shiv/565_seg1.png,folk,6,565_seg1
565,3.1,1.51,3.0,1.0,0.3444444444444444,0.3333333333333333,data/deam/DEAM_spectrograms_shiv/565_seg2.png,folk,6,565_seg2
568,5.4,1.5,3.1,1.37,0.6000000000000001,0.3444444444444444,data/deam/DEAM_spectrograms_shiv/568_seg0.png,folk,6,568_seg0
568,5.4,1.5,3.1,1.37,0.6000000000000001,0.3444444444444444,data/deam/DEAM_spectrograms_shiv/568_seg1.png,folk,6,568_seg1
568,5.4,1.5,3.1,1.37,0.6000000000000001,0.3444444444444444,data/deam/DEAM_spectrograms_shiv/568_seg2.png,folk,6,568_seg2
574,4.5,2.06,4.8,1.94,0.5,0.5333333333333333,data/deam/DEAM_spectrograms_shiv/574_seg0.png,folk,6,574_seg0
574,4.5,2.06,4.8,1.94,0.5,0.5333333333333333,data/deam/DEAM_spectrograms_shiv/574_seg1.png,folk,6,574_seg1
574,4.5,2.06,4.8,1.94,0.5,0.5333333333333333,data/deam/DEAM_spectrograms_shiv/574_seg2.png,folk,6,574_seg2
577,5.6,1.56,5.5,1.28,0.6222222222222222,0.6111111111111112,data/deam/DEAM_spectrograms_shiv/577_seg0.png,folk,6,577_seg0
577,5.6,1.56,5.5,1.28,0.6222222222222222,0.6111111111111112,data/deam/DEAM_spectrograms_shiv/577_seg1.png,folk,6,577_seg1
577,5.6,1.56,5.5,1.28,0.6222222222222222,0.6111111111111112,data/deam/DEAM_spectrograms_shiv/577_seg2.png,folk,6,577_seg2
579,3.1,1.92,3.2,1.33,0.3444444444444444,0.3555555555555555,data/deam/DEAM_spectrograms_shiv/579_seg0.png,folk,6,579_seg0
579,3.1,1.92,3.2,1.33,0.3444444444444444,0.3555555555555555,data/deam/DEAM_spectrograms_shiv/579_seg1.png,folk,6,579_seg1
579,3.1,1.92,3.2,1.33,0.3444444444444444,0.3555555555555555,data/deam/DEAM_spectrograms_shiv/579_seg2.png,folk,6,579_seg2
580,2.4,1.02,4.4,1.28,0.2666666666666666,0.4888888888888889,data/deam/DEAM_spectrograms_shiv/580_seg0.png,folk,6,580_seg0
580,2.4,1.02,4.4,1.28,0.2666666666666666,0.4888888888888889,data/deam/DEAM_spectrograms_shiv/580_seg1.png,folk,6,580_seg1
580,2.4,1.02,4.4,1.28,0.2666666666666666,0.4888888888888889,data/deam/DEAM_spectrograms_shiv/580_seg2.png,folk,6,580_seg2
581,5.3,1.19,6.0,1.0,0.5888888888888889,0.6666666666666666,data/deam/DEAM_spectrograms_shiv/581_seg0.png,folk,6,581_seg0
581,5.3,1.19,6.0,1.0,0.5888888888888889,0.6666666666666666,data/deam/DEAM_spectrograms_shiv/581_seg1.png,folk,6,581_seg1
581,5.3,1.19,6.0,1.0,0.5888888888888889,0.6666666666666666,data/deam/DEAM_spectrograms_shiv/581_seg2.png,folk,6,581_seg2
582,3.1,1.37,4.9,1.64,0.3444444444444444,0.5444444444444445,data/deam/DEAM_spectrograms_shiv/582_seg0.png,folk,6,582_seg0
582,3.1,1.37,4.9,1.64,0.3444444444444444,0.5444444444444445,data/deam/DEAM_spectrograms_shiv/582_seg1.png,folk,6,582_seg1
582,3.1,1.37,4.9,1.64,0.3444444444444444,0.5444444444444445,data/deam/DEAM_spectrograms_shiv/582_seg2.png,folk,6,582_seg2
584,2.5,1.12,2.4,0.8,0.2777777777777778,0.2666666666666666,data/deam/DEAM_spectrograms_shiv/584_seg0.png,folk,6,584_seg0
584,2.5,1.12,2.4,0.8,0.2777777777777778,0.2666666666666666,data/deam/DEAM_spectrograms_shiv/584_seg1.png,folk,6,584_seg1
584,2.5,1.12,2.4,0.8,0.2777777777777778,0.2666666666666666,data/deam/DEAM_spectrograms_shiv/584_seg2.png,folk,6,584_seg2
586,5.2,1.4,5.9,0.7,0.5777777777777778,0.6555555555555556,data/deam/DEAM_spectrograms_shiv/586_seg0.png,folk,6,586_seg0
586,5.2,1.4,5.9,0.7,0.5777777777777778,0.6555555555555556,data/deam/DEAM_spectrograms_shiv/586_seg1.png,folk,6,586_seg1
586,5.2,1.4,5.9,0.7,0.5777777777777778,0.6555555555555556,data/deam/DEAM_spectrograms_shiv/586_seg2.png,folk,6,586_seg2
591,5.7,1.68,6.2,2.09,0.6333333333333333,0.6888888888888889,data/deam/DEAM_spectrograms_shiv/591_seg0.png,folk,6,591_seg0
591,5.7,1.68,6.2,2.09,0.6333333333333333,0.6888888888888889,data/deam/DEAM_spectrograms_shiv/591_seg1.png,folk,6,591_seg1
591,5.7,1.68,6.2,2.09,0.6333333333333333,0.6888888888888889,data/deam/DEAM_spectrograms_shiv/591_seg2.png,folk,6,591_seg2
592,5.45,1.08,5.09,2.11,0.6055555555555556,0.5655555555555556,data/deam/DEAM_spectrograms_shiv/592_seg0.png,folk,6,592_seg0
592,5.45,1.08,5.09,2.11,0.6055555555555556,0.5655555555555556,data/deam/DEAM_spectrograms_shiv/592_seg1.png,folk,6,592_seg1
592,5.45,1.08,5.09,2.11,0.6055555555555556,0.5655555555555556,data/deam/DEAM_spectrograms_shiv/592_seg2.png,folk,6,592_seg2
594,4.2,1.83,3.1,1.51,0.4666666666666667,0.3444444444444444,data/deam/DEAM_spectrograms_shiv/594_seg0.png,folk,6,594_seg0
594,4.2,1.83,3.1,1.51,0.4666666666666667,0.3444444444444444,data/deam/DEAM_spectrograms_shiv/594_seg1.png,folk,6,594_seg1
594,4.2,1.83,3.1,1.51,0.4666666666666667,0.3444444444444444,data/deam/DEAM_spectrograms_shiv/594_seg2.png,folk,6,594_seg2
598,4.0,1.61,5.6,1.02,0.4444444444444444,0.6222222222222222,data/deam/DEAM_spectrograms_shiv/598_seg0.png,folk,6,598_seg0
598,4.0,1.61,5.6,1.02,0.4444444444444444,0.6222222222222222,data/deam/DEAM_spectrograms_shiv/598_seg1.png,folk,6,598_seg1
598,4.0,1.61,5.6,1.02,0.4444444444444444,0.6222222222222222,data/deam/DEAM_spectrograms_shiv/598_seg2.png,folk,6,598_seg2
600,3.5,1.8,4.0,2.1,0.3888888888888889,0.4444444444444444,data/deam/DEAM_spectrograms_shiv/600_seg0.png,folk,6,600_seg0
600,3.5,1.8,4.0,2.1,0.3888888888888889,0.4444444444444444,data/deam/DEAM_spectrograms_shiv/600_seg1.png,folk,6,600_seg1
600,3.5,1.8,4.0,2.1,0.3888888888888889,0.4444444444444444,data/deam/DEAM_spectrograms_shiv/600_seg2.png,folk,6,600_seg2
605,4.4,1.74,6.0,1.55,0.4888888888888889,0.6666666666666666,data/deam/DEAM_spectrograms_shiv/605_seg0.png,folk,6,605_seg0
605,4.4,1.74,6.0,1.55,0.4888888888888889,0.6666666666666666,data/deam/DEAM_spectrograms_shiv/605_seg1.png,folk,6,605_seg1
605,4.4,1.74,6.0,1.55,0.4888888888888889,0.6666666666666666,data/deam/DEAM_spectrograms_shiv/605_seg2.png,folk,6,605_seg2
606,4.1,1.76,5.6,1.5,0.4555555555555555,0.6222222222222222,data/deam/DEAM_spectrograms_shiv/606_seg0.png,folk,6,606_seg0
606,4.1,1.76,5.6,1.5,0.4555555555555555,0.6222222222222222,data/deam/DEAM_spectrograms_shiv/606_seg1.png,folk,6,606_seg1
606,4.1,1.76,5.6,1.5,0.4555555555555555,0.6222222222222222,data/deam/DEAM_spectrograms_shiv/606_seg2.png,folk,6,606_seg2
607,4.4,1.74,6.1,1.3,0.4888888888888889,0.6777777777777777,data/deam/DEAM_spectrograms_shiv/607_seg0.png,folk,6,607_seg0
607,4.4,1.74,6.1,1.3,0.4888888888888889,0.6777777777777777,data/deam/DEAM_spectrograms_shiv/607_seg1.png,folk,6,607_seg1
607,4.4,1.74,6.1,1.3,0.4888888888888889,0.6777777777777777,data/deam/DEAM_spectrograms_shiv/607_seg2.png,folk,6,607_seg2
609,5.3,1.82,5.55,1.69,0.5888888888888889,0.6166666666666667,data/deam/DEAM_spectrograms_shiv/609_seg0.png,folk,6,609_seg0
609,5.3,1.82,5.55,1.69,0.5888888888888889,0.6166666666666667,data/deam/DEAM_spectrograms_shiv/609_seg1.png,folk,6,609_seg1
609,5.3,1.82,5.55,1.69,0.5888888888888889,0.6166666666666667,data/deam/DEAM_spectrograms_shiv/609_seg2.png,folk,6,609_seg2
612,5.6,1.2,6.6,0.49,0.6222222222222222,0.7333333333333333,data/deam/DEAM_spectrograms_shiv/612_seg0.png,folk,6,612_seg0
612,5.6,1.2,6.6,0.49,0.6222222222222222,0.7333333333333333,data/deam/DEAM_spectrograms_shiv/612_seg1.png,folk,6,612_seg1
612,5.6,1.2,6.6,0.49,0.6222222222222222,0.7333333333333333,data/deam/DEAM_spectrograms_shiv/612_seg2.png,folk,6,612_seg2
613,5.2,2.18,6.8,1.4,0.5777777777777778,0.7555555555555555,data/deam/DEAM_spectrograms_shiv/613_seg0.png,folk,6,613_seg0
613,5.2,2.18,6.8,1.4,0.5777777777777778,0.7555555555555555,data/deam/DEAM_spectrograms_shiv/613_seg1.png,folk,6,613_seg1
613,5.2,2.18,6.8,1.4,0.5777777777777778,0.7555555555555555,data/deam/DEAM_spectrograms_shiv/613_seg2.png,folk,6,613_seg2
614,4.3,1.49,3.7,1.35,0.4777777777777777,0.4111111111111111,data/deam/DEAM_spectrograms_shiv/614_seg0.png,folk,6,614_seg0
614,4.3,1.49,3.7,1.35,0.4777777777777777,0.4111111111111111,data/deam/DEAM_spectrograms_shiv/614_seg1.png,folk,6,614_seg1
614,4.3,1.49,3.7,1.35,0.4777777777777777,0.4111111111111111,data/deam/DEAM_spectrograms_shiv/614_seg2.png,folk,6,614_seg2
615,3.2,1.72,5.0,0.77,0.3555555555555555,0.5555555555555556,data/deam/DEAM_spectrograms_shiv/615_seg0.png,folk,6,615_seg0
615,3.2,1.72,5.0,0.77,0.3555555555555555,0.5555555555555556,data/deam/DEAM_spectrograms_shiv/615_seg1.png,folk,6,615_seg1
615,3.2,1.72,5.0,0.77,0.3555555555555555,0.5555555555555556,data/deam/DEAM_spectrograms_shiv/615_seg2.png,folk,6,615_seg2
620,5.8,1.25,4.4,1.56,0.6444444444444444,0.4888888888888889,data/deam/DEAM_spectrograms_shiv/620_seg0.png,folk,6,620_seg0
620,5.8,1.25,4.4,1.56,0.6444444444444444,0.4888888888888889,data/deam/DEAM_spectrograms_shiv/620_seg1.png,folk,6,620_seg1
620,5.8,1.25,4.4,1.56,0.6444444444444444,0.4888888888888889,data/deam/DEAM_spectrograms_shiv/620_seg2.png,folk,6,620_seg2
622,4.5,2.11,5.0,1.79,0.5,0.5555555555555556,data/deam/DEAM_spectrograms_shiv/622_seg0.png,folk,6,622_seg0
622,4.5,2.11,5.0,1.79,0.5,0.5555555555555556,data/deam/DEAM_spectrograms_shiv/622_seg1.png,folk,6,622_seg1
622,4.5,2.11,5.0,1.79,0.5,0.5555555555555556,data/deam/DEAM_spectrograms_shiv/622_seg2.png,folk,6,622_seg2
628,4.9,2.07,6.8,1.66,0.5444444444444445,0.7555555555555555,data/deam/DEAM_spectrograms_shiv/628_seg0.png,jazz,9,628_seg0
628,4.9,2.07,6.8,1.66,0.5444444444444445,0.7555555555555555,data/deam/DEAM_spectrograms_shiv/628_seg1.png,jazz,9,628_seg1
628,4.9,2.07,6.8,1.66,0.5444444444444445,0.7555555555555555,data/deam/DEAM_spectrograms_shiv/628_seg2.png,jazz,9,628_seg2
629,7.4,0.92,7.6,0.8,0.8222222222222223,0.8444444444444444,data/deam/DEAM_spectrograms_shiv/629_seg0.png,jazz,9,629_seg0
629,7.4,0.92,7.6,0.8,0.8222222222222223,0.8444444444444444,data/deam/DEAM_spectrograms_shiv/629_seg1.png,jazz,9,629_seg1
629,7.4,0.92,7.6,0.8,0.8222222222222223,0.8444444444444444,data/deam/DEAM_spectrograms_shiv/629_seg2.png,jazz,9,629_seg2
631,7.6,1.5,3.1,2.34,0.8444444444444444,0.3444444444444444,data/deam/DEAM_spectrograms_shiv/631_seg0.png,jazz,9,631_seg0
631,7.6,1.5,3.1,2.34,0.8444444444444444,0.3444444444444444,data/deam/DEAM_spectrograms_shiv/631_seg1.png,jazz,9,631_seg1
631,7.6,1.5,3.1,2.34,0.8444444444444444,0.3444444444444444,data/deam/DEAM_spectrograms_shiv/631_seg2.png,jazz,9,631_seg2
634,4.7,2.33,5.8,1.54,0.5222222222222223,0.6444444444444444,data/deam/DEAM_spectrograms_shiv/634_seg0.png,jazz,9,634_seg0
634,4.7,2.33,5.8,1.54,0.5222222222222223,0.6444444444444444,data/deam/DEAM_spectrograms_shiv/634_seg1.png,jazz,9,634_seg1
634,4.7,2.33,5.8,1.54,0.5222222222222223,0.6444444444444444,data/deam/DEAM_spectrograms_shiv/634_seg2.png,jazz,9,634_seg2
635,6.6,0.92,7.6,1.02,0.7333333333333333,0.8444444444444444,data/deam/DEAM_spectrograms_shiv/635_seg0.png,jazz,9,635_seg0
635,6.6,0.92,7.6,1.02,0.7333333333333333,0.8444444444444444,data/deam/DEAM_spectrograms_shiv/635_seg1.png,jazz,9,635_seg1
635,6.6,0.92,7.6,1.02,0.7333333333333333,0.8444444444444444,data/deam/DEAM_spectrograms_shiv/635_seg2.png,jazz,9,635_seg2
638,3.2,1.47,4.4,1.62,0.3555555555555555,0.4888888888888889,data/deam/DEAM_spectrograms_shiv/638_seg0.png,jazz,9,638_seg0
638,3.2,1.47,4.4,1.62,0.3555555555555555,0.4888888888888889,data/deam/DEAM_spectrograms_shiv/638_seg1.png,jazz,9,638_seg1
638,3.2,1.47,4.4,1.62,0.3555555555555555,0.4888888888888889,data/deam/DEAM_spectrograms_shiv/638_seg2.png,jazz,9,638_seg2
639,6.1,0.94,6.3,1.1,0.6777777777777777,0.7,data/deam/DEAM_spectrograms_shiv/639_seg0.png,jazz,9,639_seg0
639,6.1,0.94,6.3,1.1,0.6777777777777777,0.7,data/deam/DEAM_spectrograms_shiv/639_seg1.png,jazz,9,639_seg1
639,6.1,0.94,6.3,1.1,0.6777777777777777,0.7,data/deam/DEAM_spectrograms_shiv/639_seg2.png,jazz,9,639_seg2
640,7.6,0.8,7.8,0.75,0.8444444444444444,0.8666666666666667,data/deam/DEAM_spectrograms_shiv/640_seg0.png,jazz,9,640_seg0
640,7.6,0.8,7.8,0.75,0.8444444444444444,0.8666666666666667,data/deam/DEAM_spectrograms_shiv/640_seg1.png,jazz,9,640_seg1
640,7.6,0.8,7.8,0.75,0.8444444444444444,0.8666666666666667,data/deam/DEAM_spectrograms_shiv/640_seg2.png,jazz,9,640_seg2
643,3.5,1.12,4.2,1.72,0.3888888888888889,0.4666666666666667,data/deam/DEAM_spectrograms_shiv/643_seg0.png,jazz,9,643_seg0
643,3.5,1.12,4.2,1.72,0.3888888888888889,0.4666666666666667,data/deam/DEAM_spectrograms_shiv/643_seg1.png,jazz,9,643_seg1
643,3.5,1.12,4.2,1.72,0.3888888888888889,0.4666666666666667,data/deam/DEAM_spectrograms_shiv/643_seg2.png,jazz,9,643_seg2
645,4.6,1.91,5.7,1.68,0.5111111111111111,0.6333333333333333,data/deam/DEAM_spectrograms_shiv/645_seg0.png,jazz,9,645_seg0
645,4.6,1.91,5.7,1.68,0.5111111111111111,0.6333333333333333,data/deam/DEAM_spectrograms_shiv/645_seg1.png,jazz,9,645_seg1
645,4.6,1.91,5.7,1.68,0.5111111111111111,0.6333333333333333,data/deam/DEAM_spectrograms_shiv/645_seg2.png,jazz,9,645_seg2
646,3.1,1.3,3.8,1.4,0.3444444444444444,0.4222222222222222,data/deam/DEAM_spectrograms_shiv/646_seg0.png,jazz,9,646_seg0
646,3.1,1.3,3.8,1.4,0.3444444444444444,0.4222222222222222,data/deam/DEAM_spectrograms_shiv/646_seg1.png,jazz,9,646_seg1
646,3.1,1.3,3.8,1.4,0.3444444444444444,0.4222222222222222,data/deam/DEAM_spectrograms_shiv/646_seg2.png,jazz,9,646_seg2
647,3.0,1.0,5.8,0.87,0.3333333333333333,0.6444444444444444,data/deam/DEAM_spectrograms_shiv/647_seg0.png,jazz,9,647_seg0
647,3.0,1.0,5.8,0.87,0.3333333333333333,0.6444444444444444,data/deam/DEAM_spectrograms_shiv/647_seg1.png,jazz,9,647_seg1
647,3.0,1.0,5.8,0.87,0.3333333333333333,0.6444444444444444,data/deam/DEAM_spectrograms_shiv/647_seg2.png,jazz,9,647_seg2
649,6.2,0.98,6.7,0.64,0.6888888888888889,0.7444444444444445,data/deam/DEAM_spectrograms_shiv/649_seg0.png,jazz,9,649_seg0
649,6.2,0.98,6.7,0.64,0.6888888888888889,0.7444444444444445,data/deam/DEAM_spectrograms_shiv/649_seg1.png,jazz,9,649_seg1
649,6.2,0.98,6.7,0.64,0.6888888888888889,0.7444444444444445,data/deam/DEAM_spectrograms_shiv/649_seg2.png,jazz,9,649_seg2
650,6.0,1.0,4.2,1.66,0.6666666666666666,0.4666666666666667,data/deam/DEAM_spectrograms_shiv/650_seg0.png,jazz,9,650_seg0
650,6.0,1.0,4.2,1.66,0.6666666666666666,0.4666666666666667,data/deam/DEAM_spectrograms_shiv/650_seg1.png,jazz,9,650_seg1
650,6.0,1.0,4.2,1.66,0.6666666666666666,0.4666666666666667,data/deam/DEAM_spectrograms_shiv/650_seg2.png,jazz,9,650_seg2
651,6.4,1.02,7.1,0.7,0.7111111111111111,0.7888888888888889,data/deam/DEAM_spectrograms_shiv/651_seg0.png,jazz,9,651_seg0
651,6.4,1.02,7.1,0.7,0.7111111111111111,0.7888888888888889,data/deam/DEAM_spectrograms_shiv/651_seg1.png,jazz,9,651_seg1
651,6.4,1.02,7.1,0.7,0.7111111111111111,0.7888888888888889,data/deam/DEAM_spectrograms_shiv/651_seg2.png,jazz,9,651_seg2
652,3.2,1.72,4.3,1.62,0.3555555555555555,0.4777777777777777,data/deam/DEAM_spectrograms_shiv/652_seg0.png,jazz,9,652_seg0
652,3.2,1.72,4.3,1.62,0.3555555555555555,0.4777777777777777,data/deam/DEAM_spectrograms_shiv/652_seg1.png,jazz,9,652_seg1
652,3.2,1.72,4.3,1.62,0.3555555555555555,0.4777777777777777,data/deam/DEAM_spectrograms_shiv/652_seg2.png,jazz,9,652_seg2
653,5.3,2.0,6.5,1.02,0.5888888888888889,0.7222222222222222,data/deam/DEAM_spectrograms_shiv/653_seg0.png,jazz,9,653_seg0
653,5.3,2.0,6.5,1.02,0.5888888888888889,0.7222222222222222,data/deam/DEAM_spectrograms_shiv/653_seg1.png,jazz,9,653_seg1
653,5.3,2.0,6.5,1.02,0.5888888888888889,0.7222222222222222,data/deam/DEAM_spectrograms_shiv/653_seg2.png,jazz,9,653_seg2
654,5.1,1.81,4.4,1.69,0.5666666666666667,0.4888888888888889,data/deam/DEAM_spectrograms_shiv/654_seg0.png,jazz,9,654_seg0
654,5.1,1.81,4.4,1.69,0.5666666666666667,0.4888888888888889,data/deam/DEAM_spectrograms_shiv/654_seg1.png,jazz,9,654_seg1
654,5.1,1.81,4.4,1.69,0.5666666666666667,0.4888888888888889,data/deam/DEAM_spectrograms_shiv/654_seg2.png,jazz,9,654_seg2
656,2.6,1.11,4.1,1.45,0.2888888888888889,0.4555555555555555,data/deam/DEAM_spectrograms_shiv/656_seg0.png,jazz,9,656_seg0
656,2.6,1.11,4.1,1.45,0.2888888888888889,0.4555555555555555,data/deam/DEAM_spectrograms_shiv/656_seg1.png,jazz,9,656_seg1
656,2.6,1.11,4.1,1.45,0.2888888888888889,0.4555555555555555,data/deam/DEAM_spectrograms_shiv/656_seg2.png,jazz,9,656_seg2
658,4.4,1.56,5.7,1.27,0.4888888888888889,0.6333333333333333,data/deam/DEAM_spectrograms_shiv/658_seg0.png,jazz,9,658_seg0
658,4.4,1.56,5.7,1.27,0.4888888888888889,0.6333333333333333,data/deam/DEAM_spectrograms_shiv/658_seg1.png,jazz,9,658_seg1
658,4.4,1.56,5.7,1.27,0.4888888888888889,0.6333333333333333,data/deam/DEAM_spectrograms_shiv/658_seg2.png,jazz,9,658_seg2
660,2.1,1.14,2.8,1.4,0.2333333333333333,0.3111111111111111,data/deam/DEAM_spectrograms_shiv/660_seg0.png,jazz,9,660_seg0
660,2.1,1.14,2.8,1.4,0.2333333333333333,0.3111111111111111,data/deam/DEAM_spectrograms_shiv/660_seg1.png,jazz,9,660_seg1
660,2.1,1.14,2.8,1.4,0.2333333333333333,0.3111111111111111,data/deam/DEAM_spectrograms_shiv/660_seg2.png,jazz,9,660_seg2
662,5.9,1.22,5.1,2.12,0.6555555555555556,0.5666666666666667,data/deam/DEAM_spectrograms_shiv/662_seg0.png,jazz,9,662_seg0
662,5.9,1.22,5.1,2.12,0.6555555555555556,0.5666666666666667,data/deam/DEAM_spectrograms_shiv/662_seg1.png,jazz,9,662_seg1
662,5.9,1.22,5.1,2.12,0.6555555555555556,0.5666666666666667,data/deam/DEAM_spectrograms_shiv/662_seg2.png,jazz,9,662_seg2
664,7.0,1.0,6.6,1.43,0.7777777777777778,0.7333333333333333,data/deam/DEAM_spectrograms_shiv/664_seg0.png,jazz,9,664_seg0
664,7.0,1.0,6.6,1.43,0.7777777777777778,0.7333333333333333,data/deam/DEAM_spectrograms_shiv/664_seg1.png,jazz,9,664_seg1
664,7.0,1.0,6.6,1.43,0.7777777777777778,0.7333333333333333,data/deam/DEAM_spectrograms_shiv/664_seg2.png,jazz,9,664_seg2
665,5.7,1.73,6.2,1.6,0.6333333333333333,0.6888888888888889,data/deam/DEAM_spectrograms_shiv/665_seg0.png,jazz,9,665_seg0
665,5.7,1.73,6.2,1.6,0.6333333333333333,0.6888888888888889,data/deam/DEAM_spectrograms_shiv/665_seg1.png,jazz,9,665_seg1
665,5.7,1.73,6.2,1.6,0.6333333333333333,0.6888888888888889,data/deam/DEAM_spectrograms_shiv/665_seg2.png,jazz,9,665_seg2
667,4.2,1.4,4.9,1.22,0.4666666666666667,0.5444444444444445,data/deam/DEAM_spectrograms_shiv/667_seg0.png,jazz,9,667_seg0
667,4.2,1.4,4.9,1.22,0.4666666666666667,0.5444444444444445,data/deam/DEAM_spectrograms_shiv/667_seg1.png,jazz,9,667_seg1
667,4.2,1.4,4.9,1.22,0.4666666666666667,0.5444444444444445,data/deam/DEAM_spectrograms_shiv/667_seg2.png,jazz,9,667_seg2
668,5.0,1.55,5.3,1.62,0.5555555555555556,0.5888888888888889,data/deam/DEAM_spectrograms_shiv/668_seg0.png,jazz,9,668_seg0
668,5.0,1.55,5.3,1.62,0.5555555555555556,0.5888888888888889,data/deam/DEAM_spectrograms_shiv/668_seg1.png,jazz,9,668_seg1
668,5.0,1.55,5.3,1.62,0.5555555555555556,0.5888888888888889,data/deam/DEAM_spectrograms_shiv/668_seg2.png,jazz,9,668_seg2
671,3.1,1.51,3.7,1.55,0.3444444444444444,0.4111111111111111,data/deam/DEAM_spectrograms_shiv/671_seg0.png,jazz,9,671_seg0
671,3.1,1.51,3.7,1.55,0.3444444444444444,0.4111111111111111,data/deam/DEAM_spectrograms_shiv/671_seg1.png,jazz,9,671_seg1
671,3.1,1.51,3.7,1.55,0.3444444444444444,0.4111111111111111,data/deam/DEAM_spectrograms_shiv/671_seg2.png,jazz,9,671_seg2
672,4.4,2.33,6.3,1.73,0.4888888888888889,0.7,data/deam/DEAM_spectrograms_shiv/672_seg0.png,jazz,9,672_seg0
672,4.4,2.33,6.3,1.73,0.4888888888888889,0.7,data/deam/DEAM_spectrograms_shiv/672_seg1.png,jazz,9,672_seg1
672,4.4,2.33,6.3,1.73,0.4888888888888889,0.7,data/deam/DEAM_spectrograms_shiv/672_seg2.png,jazz,9,672_seg2
673,6.6,1.28,6.7,1.35,0.7333333333333333,0.7444444444444445,data/deam/DEAM_spectrograms_shiv/673_seg0.png,jazz,9,673_seg0
673,6.6,1.28,6.7,1.35,0.7333333333333333,0.7444444444444445,data/deam/DEAM_spectrograms_shiv/673_seg1.png,jazz,9,673_seg1
673,6.6,1.28,6.7,1.35,0.7333333333333333,0.7444444444444445,data/deam/DEAM_spectrograms_shiv/673_seg2.png,jazz,9,673_seg2
674,6.8,1.33,7.4,1.36,0.7555555555555555,0.8222222222222223,data/deam/DEAM_spectrograms_shiv/674_seg0.png,jazz,9,674_seg0
674,6.8,1.33,7.4,1.36,0.7555555555555555,0.8222222222222223,data/deam/DEAM_spectrograms_shiv/674_seg1.png,jazz,9,674_seg1
674,6.8,1.33,7.4,1.36,0.7555555555555555,0.8222222222222223,data/deam/DEAM_spectrograms_shiv/674_seg2.png,jazz,9,674_seg2
676,6.6,2.37,6.6,2.37,0.7333333333333333,0.7333333333333333,data/deam/DEAM_spectrograms_shiv/676_seg0.png,jazz,9,676_seg0
676,6.6,2.37,6.6,2.37,0.7333333333333333,0.7333333333333333,data/deam/DEAM_spectrograms_shiv/676_seg1.png,jazz,9,676_seg1
676,6.6,2.37,6.6,2.37,0.7333333333333333,0.7333333333333333,data/deam/DEAM_spectrograms_shiv/676_seg2.png,jazz,9,676_seg2
677,6.5,1.91,5.3,1.79,0.7222222222222222,0.5888888888888889,data/deam/DEAM_spectrograms_shiv/677_seg0.png,jazz,9,677_seg0
677,6.5,1.91,5.3,1.79,0.7222222222222222,0.5888888888888889,data/deam/DEAM_spectrograms_shiv/677_seg1.png,jazz,9,677_seg1
677,6.5,1.91,5.3,1.79,0.7222222222222222,0.5888888888888889,data/deam/DEAM_spectrograms_shiv/677_seg2.png,jazz,9,677_seg2
682,4.8,1.33,6.0,0.77,0.5333333333333333,0.6666666666666666,data/deam/DEAM_spectrograms_shiv/682_seg0.png,jazz,9,682_seg0
682,4.8,1.33,6.0,0.77,0.5333333333333333,0.6666666666666666,data/deam/DEAM_spectrograms_shiv/682_seg1.png,jazz,9,682_seg1
682,4.8,1.33,6.0,0.77,0.5333333333333333,0.6666666666666666,data/deam/DEAM_spectrograms_shiv/682_seg2.png,jazz,9,682_seg2
684,4.3,1.62,4.9,1.45,0.4777777777777777,0.5444444444444445,data/deam/DEAM_spectrograms_shiv/684_seg0.png,jazz,9,684_seg0
684,4.3,1.62,4.9,1.45,0.4777777777777777,0.5444444444444445,data/deam/DEAM_spectrograms_shiv/684_seg1.png,jazz,9,684_seg1
684,4.3,1.62,4.9,1.45,0.4777777777777777,0.5444444444444445,data/deam/DEAM_spectrograms_shiv/684_seg2.png,jazz,9,684_seg2
685,4.5,2.01,3.6,2.01,0.5,0.4,data/deam/DEAM_spectrograms_shiv/685_seg0.png,jazz,9,685_seg0
685,4.5,2.01,3.6,2.01,0.5,0.4,data/deam/DEAM_spectrograms_shiv/685_seg1.png,jazz,9,685_seg1
685,4.5,2.01,3.6,2.01,0.5,0.4,data/deam/DEAM_spectrograms_shiv/685_seg2.png,jazz,9,685_seg2
687,7.3,1.1,7.4,0.92,0.8111111111111111,0.8222222222222223,data/deam/DEAM_spectrograms_shiv/687_seg0.png,jazz,9,687_seg0
687,7.3,1.1,7.4,0.92,0.8111111111111111,0.8222222222222223,data/deam/DEAM_spectrograms_shiv/687_seg1.png,jazz,9,687_seg1
687,7.3,1.1,7.4,0.92,0.8111111111111111,0.8222222222222223,data/deam/DEAM_spectrograms_shiv/687_seg2.png,jazz,9,687_seg2
688,4.3,1.42,5.0,1.61,0.4777777777777777,0.5555555555555556,data/deam/DEAM_spectrograms_shiv/688_seg0.png,jazz,9,688_seg0
688,4.3,1.42,5.0,1.61,0.4777777777777777,0.5555555555555556,data/deam/DEAM_spectrograms_shiv/688_seg1.png,jazz,9,688_seg1
688,4.3,1.42,5.0,1.61,0.4777777777777777,0.5555555555555556,data/deam/DEAM_spectrograms_shiv/688_seg2.png,jazz,9,688_seg2
689,3.8,1.66,4.6,1.43,0.4222222222222222,0.5111111111111111,data/deam/DEAM_spectrograms_shiv/689_seg0.png,jazz,9,689_seg0
689,3.8,1.66,4.6,1.43,0.4222222222222222,0.5111111111111111,data/deam/DEAM_spectrograms_shiv/689_seg1.png,jazz,9,689_seg1
689,3.8,1.66,4.6,1.43,0.4222222222222222,0.5111111111111111,data/deam/DEAM_spectrograms_shiv/689_seg2.png,jazz,9,689_seg2
690,2.4,2.01,4.4,2.06,0.2666666666666666,0.4888888888888889,data/deam/DEAM_spectrograms_shiv/690_seg0.png,jazz,9,690_seg0
690,2.4,2.01,4.4,2.06,0.2666666666666666,0.4888888888888889,data/deam/DEAM_spectrograms_shiv/690_seg1.png,jazz,9,690_seg1
690,2.4,2.01,4.4,2.06,0.2666666666666666,0.4888888888888889,data/deam/DEAM_spectrograms_shiv/690_seg2.png,jazz,9,690_seg2
691,5.0,1.61,3.7,1.27,0.5555555555555556,0.4111111111111111,data/deam/DEAM_spectrograms_shiv/691_seg0.png,jazz,9,691_seg0
691,5.0,1.61,3.7,1.27,0.5555555555555556,0.4111111111111111,data/deam/DEAM_spectrograms_shiv/691_seg1.png,jazz,9,691_seg1
691,5.0,1.61,3.7,1.27,0.5555555555555556,0.4111111111111111,data/deam/DEAM_spectrograms_shiv/691_seg2.png,jazz,9,691_seg2
693,6.2,1.6,5.3,1.95,0.6888888888888889,0.5888888888888889,data/deam/DEAM_spectrograms_shiv/693_seg0.png,jazz,9,693_seg0
693,6.2,1.6,5.3,1.95,0.6888888888888889,0.5888888888888889,data/deam/DEAM_spectrograms_shiv/693_seg1.png,jazz,9,693_seg1
693,6.2,1.6,5.3,1.95,0.6888888888888889,0.5888888888888889,data/deam/DEAM_spectrograms_shiv/693_seg2.png,jazz,9,693_seg2
696,5.3,2.24,5.8,2.23,0.5888888888888889,0.6444444444444444,data/deam/DEAM_spectrograms_shiv/696_seg0.png,jazz,9,696_seg0
696,5.3,2.24,5.8,2.23,0.5888888888888889,0.6444444444444444,data/deam/DEAM_spectrograms_shiv/696_seg1.png,jazz,9,696_seg1
696,5.3,2.24,5.8,2.23,0.5888888888888889,0.6444444444444444,data/deam/DEAM_spectrograms_shiv/696_seg2.png,jazz,9,696_seg2
697,4.8,1.54,5.8,1.08,0.5333333333333333,0.6444444444444444,data/deam/DEAM_spectrograms_shiv/697_seg0.png,jazz,9,697_seg0
697,4.8,1.54,5.8,1.08,0.5333333333333333,0.6444444444444444,data/deam/DEAM_spectrograms_shiv/697_seg1.png,jazz,9,697_seg1
697,4.8,1.54,5.8,1.08,0.5333333333333333,0.6444444444444444,data/deam/DEAM_spectrograms_shiv/697_seg2.png,jazz,9,697_seg2
699,3.7,1.79,4.5,1.5,0.4111111111111111,0.5,data/deam/DEAM_spectrograms_shiv/699_seg0.png,jazz,9,699_seg0
699,3.7,1.79,4.5,1.5,0.4111111111111111,0.5,data/deam/DEAM_spectrograms_shiv/699_seg1.png,jazz,9,699_seg1
699,3.7,1.79,4.5,1.5,0.4111111111111111,0.5,data/deam/DEAM_spectrograms_shiv/699_seg2.png,jazz,9,699_seg2
700,4.8,1.4,5.6,1.36,0.5333333333333333,0.6222222222222222,data/deam/DEAM_spectrograms_shiv/700_seg0.png,jazz,9,700_seg0
700,4.8,1.4,5.6,1.36,0.5333333333333333,0.6222222222222222,data/deam/DEAM_spectrograms_shiv/700_seg1.png,jazz,9,700_seg1
700,4.8,1.4,5.6,1.36,0.5333333333333333,0.6222222222222222,data/deam/DEAM_spectrograms_shiv/700_seg2.png,jazz,9,700_seg2
702,7.5,1.43,3.3,1.95,0.8333333333333334,0.3666666666666666,data/deam/DEAM_spectrograms_shiv/702_seg0.png,jazz,9,702_seg0
702,7.5,1.43,3.3,1.95,0.8333333333333334,0.3666666666666666,data/deam/DEAM_spectrograms_shiv/702_seg1.png,jazz,9,702_seg1
702,7.5,1.43,3.3,1.95,0.8333333333333334,0.3666666666666666,data/deam/DEAM_spectrograms_shiv/702_seg2.png,jazz,9,702_seg2
703,5.1,2.02,6.0,1.61,0.5666666666666667,0.6666666666666666,data/deam/DEAM_spectrograms_shiv/703_seg0.png,jazz,9,703_seg0
703,5.1,2.02,6.0,1.61,0.5666666666666667,0.6666666666666666,data/deam/DEAM_spectrograms_shiv/703_seg1.png,jazz,9,703_seg1
703,5.1,2.02,6.0,1.61,0.5666666666666667,0.6666666666666666,data/deam/DEAM_spectrograms_shiv/703_seg2.png,jazz,9,703_seg2
704,4.1,1.04,4.2,1.4,0.4555555555555555,0.4666666666666667,data/deam/DEAM_spectrograms_shiv/704_seg0.png,jazz,9,704_seg0
704,4.1,1.04,4.2,1.4,0.4555555555555555,0.4666666666666667,data/deam/DEAM_spectrograms_shiv/704_seg1.png,jazz,9,704_seg1
704,4.1,1.04,4.2,1.4,0.4555555555555555,0.4666666666666667,data/deam/DEAM_spectrograms_shiv/704_seg2.png,jazz,9,704_seg2
706,5.5,0.81,6.0,0.89,0.6111111111111112,0.6666666666666666,data/deam/DEAM_spectrograms_shiv/706_seg0.png,jazz,9,706_seg0
706,5.5,0.81,6.0,0.89,0.6111111111111112,0.6666666666666666,data/deam/DEAM_spectrograms_shiv/706_seg1.png,jazz,9,706_seg1
706,5.5,0.81,6.0,0.89,0.6111111111111112,0.6666666666666666,data/deam/DEAM_spectrograms_shiv/706_seg2.png,jazz,9,706_seg2
707,3.2,2.52,3.1,1.81,0.3555555555555555,0.3444444444444444,data/deam/DEAM_spectrograms_shiv/707_seg0.png,jazz,9,707_seg0
707,3.2,2.52,3.1,1.81,0.3555555555555555,0.3444444444444444,data/deam/DEAM_spectrograms_shiv/707_seg1.png,jazz,9,707_seg1
707,3.2,2.52,3.1,1.81,0.3555555555555555,0.3444444444444444,data/deam/DEAM_spectrograms_shiv/707_seg2.png,jazz,9,707_seg2
708,3.2,2.18,3.2,1.6,0.3555555555555555,0.3555555555555555,data/deam/DEAM_spectrograms_shiv/708_seg0.png,jazz,9,708_seg0
708,3.2,2.18,3.2,1.6,0.3555555555555555,0.3555555555555555,data/deam/DEAM_spectrograms_shiv/708_seg1.png,jazz,9,708_seg1
708,3.2,2.18,3.2,1.6,0.3555555555555555,0.3555555555555555,data/deam/DEAM_spectrograms_shiv/708_seg2.png,jazz,9,708_seg2
709,5.8,1.47,5.0,1.79,0.6444444444444444,0.5555555555555556,data/deam/DEAM_spectrograms_shiv/709_seg0.png,jazz,9,709_seg0
709,5.8,1.47,5.0,1.79,0.6444444444444444,0.5555555555555556,data/deam/DEAM_spectrograms_shiv/709_seg1.png,jazz,9,709_seg1
709,5.8,1.47,5.0,1.79,0.6444444444444444,0.5555555555555556,data/deam/DEAM_spectrograms_shiv/709_seg2.png,jazz,9,709_seg2
710,5.4,1.36,5.1,1.3,0.6000000000000001,0.5666666666666667,data/deam/DEAM_spectrograms_shiv/710_seg0.png,jazz,9,710_seg0
710,5.4,1.36,5.1,1.3,0.6000000000000001,0.5666666666666667,data/deam/DEAM_spectrograms_shiv/710_seg1.png,jazz,9,710_seg1
710,5.4,1.36,5.1,1.3,0.6000000000000001,0.5666666666666667,data/deam/DEAM_spectrograms_shiv/710_seg2.png,jazz,9,710_seg2
711,2.9,1.14,3.1,1.14,0.3222222222222222,0.3444444444444444,data/deam/DEAM_spectrograms_shiv/711_seg0.png,jazz,9,711_seg0
711,2.9,1.14,3.1,1.14,0.3222222222222222,0.3444444444444444,data/deam/DEAM_spectrograms_shiv/711_seg1.png,jazz,9,711_seg1
711,2.9,1.14,3.1,1.14,0.3222222222222222,0.3444444444444444,data/deam/DEAM_spectrograms_shiv/711_seg2.png,jazz,9,711_seg2
712,3.4,1.11,5.3,1.42,0.3777777777777777,0.5888888888888889,data/deam/DEAM_spectrograms_shiv/712_seg0.png,jazz,9,712_seg0
712,3.4,1.11,5.3,1.42,0.3777777777777777,0.5888888888888889,data/deam/DEAM_spectrograms_shiv/712_seg1.png,jazz,9,712_seg1
712,3.4,1.11,5.3,1.42,0.3777777777777777,0.5888888888888889,data/deam/DEAM_spectrograms_shiv/712_seg2.png,jazz,9,712_seg2
713,4.9,2.17,6.3,2.0,0.5444444444444445,0.7,data/deam/DEAM_spectrograms_shiv/713_seg0.png,jazz,9,713_seg0
713,4.9,2.17,6.3,2.0,0.5444444444444445,0.7,data/deam/DEAM_spectrograms_shiv/713_seg1.png,jazz,9,713_seg1
713,4.9,2.17,6.3,2.0,0.5444444444444445,0.7,data/deam/DEAM_spectrograms_shiv/713_seg2.png,jazz,9,713_seg2
714,4.4,1.8,4.8,1.78,0.4888888888888889,0.5333333333333333,data/deam/DEAM_spectrograms_shiv/714_seg0.png,jazz,9,714_seg0
714,4.4,1.8,4.8,1.78,0.4888888888888889,0.5333333333333333,data/deam/DEAM_spectrograms_shiv/714_seg1.png,jazz,9,714_seg1
714,4.4,1.8,4.8,1.78,0.4888888888888889,0.5333333333333333,data/deam/DEAM_spectrograms_shiv/714_seg2.png,jazz,9,714_seg2
715,2.9,1.37,4.3,1.68,0.3222222222222222,0.4777777777777777,data/deam/DEAM_spectrograms_shiv/715_seg0.png,jazz,9,715_seg0
715,2.9,1.37,4.3,1.68,0.3222222222222222,0.4777777777777777,data/deam/DEAM_spectrograms_shiv/715_seg1.png,jazz,9,715_seg1
715,2.9,1.37,4.3,1.68,0.3222222222222222,0.4777777777777777,data/deam/DEAM_spectrograms_shiv/715_seg2.png,jazz,9,715_seg2
718,5.9,1.58,6.5,1.63,0.6555555555555556,0.7222222222222222,data/deam/DEAM_spectrograms_shiv/718_seg0.png,jazz,9,718_seg0
718,5.9,1.58,6.5,1.63,0.6555555555555556,0.7222222222222222,data/deam/DEAM_spectrograms_shiv/718_seg1.png,jazz,9,718_seg1
718,5.9,1.58,6.5,1.63,0.6555555555555556,0.7222222222222222,data/deam/DEAM_spectrograms_shiv/718_seg2.png,jazz,9,718_seg2
719,7.1,1.14,7.2,1.17,0.7888888888888889,0.8,data/deam/DEAM_spectrograms_shiv/719_seg0.png,jazz,9,719_seg0
719,7.1,1.14,7.2,1.17,0.7888888888888889,0.8,data/deam/DEAM_spectrograms_shiv/719_seg1.png,jazz,9,719_seg1
719,7.1,1.14,7.2,1.17,0.7888888888888889,0.8,data/deam/DEAM_spectrograms_shiv/719_seg2.png,jazz,9,719_seg2
721,5.7,1.79,5.5,1.02,0.6333333333333333,0.6111111111111112,data/deam/DEAM_spectrograms_shiv/721_seg0.png,jazz,9,721_seg0
721,5.7,1.79,5.5,1.02,0.6333333333333333,0.6111111111111112,data/deam/DEAM_spectrograms_shiv/721_seg1.png,jazz,9,721_seg1
721,5.7,1.79,5.5,1.02,0.6333333333333333,0.6111111111111112,data/deam/DEAM_spectrograms_shiv/721_seg2.png,jazz,9,721_seg2
722,5.7,1.55,7.0,0.63,0.6333333333333333,0.7777777777777778,data/deam/DEAM_spectrograms_shiv/722_seg0.png,jazz,9,722_seg0
722,5.7,1.55,7.0,0.63,0.6333333333333333,0.7777777777777778,data/deam/DEAM_spectrograms_shiv/722_seg1.png,jazz,9,722_seg1
722,5.7,1.55,7.0,0.63,0.6333333333333333,0.7777777777777778,data/deam/DEAM_spectrograms_shiv/722_seg2.png,jazz,9,722_seg2
723,6.5,1.75,7.2,1.08,0.7222222222222222,0.8,data/deam/DEAM_spectrograms_shiv/723_seg0.png,jazz,9,723_seg0
723,6.5,1.75,7.2,1.08,0.7222222222222222,0.8,data/deam/DEAM_spectrograms_shiv/723_seg1.png,jazz,9,723_seg1
723,6.5,1.75,7.2,1.08,0.7222222222222222,0.8,data/deam/DEAM_spectrograms_shiv/723_seg2.png,jazz,9,723_seg2
724,6.0,1.0,6.1,1.04,0.6666666666666666,0.6777777777777777,data/deam/DEAM_spectrograms_shiv/724_seg0.png,jazz,9,724_seg0
724,6.0,1.0,6.1,1.04,0.6666666666666666,0.6777777777777777,data/deam/DEAM_spectrograms_shiv/724_seg1.png,jazz,9,724_seg1
724,6.0,1.0,6.1,1.04,0.6666666666666666,0.6777777777777777,data/deam/DEAM_spectrograms_shiv/724_seg2.png,jazz,9,724_seg2
725,5.1,1.7,5.1,1.45,0.5666666666666667,0.5666666666666667,data/deam/DEAM_spectrograms_shiv/725_seg0.png,jazz,9,725_seg0
725,5.1,1.7,5.1,1.45,0.5666666666666667,0.5666666666666667,data/deam/DEAM_spectrograms_shiv/725_seg1.png,jazz,9,725_seg1
725,5.1,1.7,5.1,1.45,0.5666666666666667,0.5666666666666667,data/deam/DEAM_spectrograms_shiv/725_seg2.png,jazz,9,725_seg2
726,7.0,2.14,3.6,1.74,0.7777777777777778,0.4,data/deam/DEAM_spectrograms_shiv/726_seg0.png,jazz,9,726_seg0
726,7.0,2.14,3.6,1.74,0.7777777777777778,0.4,data/deam/DEAM_spectrograms_shiv/726_seg1.png,jazz,9,726_seg1
726,7.0,2.14,3.6,1.74,0.7777777777777778,0.4,data/deam/DEAM_spectrograms_shiv/726_seg2.png,jazz,9,726_seg2
728,6.9,1.76,7.5,1.2,0.7666666666666667,0.8333333333333334,data/deam/DEAM_spectrograms_shiv/728_seg0.png,jazz,9,728_seg0
728,6.9,1.76,7.5,1.2,0.7666666666666667,0.8333333333333334,data/deam/DEAM_spectrograms_shiv/728_seg1.png,jazz,9,728_seg1
728,6.9,1.76,7.5,1.2,0.7666666666666667,0.8333333333333334,data/deam/DEAM_spectrograms_shiv/728_seg2.png,jazz,9,728_seg2
730,3.7,1.62,4.5,1.02,0.4111111111111111,0.5,data/deam/DEAM_spectrograms_shiv/730_seg0.png,jazz,9,730_seg0
730,3.7,1.62,4.5,1.02,0.4111111111111111,0.5,data/deam/DEAM_spectrograms_shiv/730_seg1.png,jazz,9,730_seg1
730,3.7,1.62,4.5,1.02,0.4111111111111111,0.5,data/deam/DEAM_spectrograms_shiv/730_seg2.png,jazz,9,730_seg2
731,7.3,1.62,5.8,1.78,0.8111111111111111,0.6444444444444444,data/deam/DEAM_spectrograms_shiv/731_seg0.png,jazz,9,731_seg0
731,7.3,1.62,5.8,1.78,0.8111111111111111,0.6444444444444444,data/deam/DEAM_spectrograms_shiv/731_seg1.png,jazz,9,731_seg1
731,7.3,1.62,5.8,1.78,0.8111111111111111,0.6444444444444444,data/deam/DEAM_spectrograms_shiv/731_seg2.png,jazz,9,731_seg2
733,4.3,1.42,5.0,1.48,0.4777777777777777,0.5555555555555556,data/deam/DEAM_spectrograms_shiv/733_seg0.png,jazz,9,733_seg0
733,4.3,1.42,5.0,1.48,0.4777777777777777,0.5555555555555556,data/deam/DEAM_spectrograms_shiv/733_seg1.png,jazz,9,733_seg1
733,4.3,1.42,5.0,1.48,0.4777777777777777,0.5555555555555556,data/deam/DEAM_spectrograms_shiv/733_seg2.png,jazz,9,733_seg2
734,5.7,1.79,6.3,1.55,0.6333333333333333,0.7,data/deam/DEAM_spectrograms_shiv/734_seg0.png,jazz,9,734_seg0
734,5.7,1.79,6.3,1.55,0.6333333333333333,0.7,data/deam/DEAM_spectrograms_shiv/734_seg1.png,jazz,9,734_seg1
734,5.7,1.79,6.3,1.55,0.6333333333333333,0.7,data/deam/DEAM_spectrograms_shiv/734_seg2.png,jazz,9,734_seg2
735,4.3,1.0,4.9,0.94,0.4777777777777777,0.5444444444444445,data/deam/DEAM_spectrograms_shiv/735_seg0.png,jazz,9,735_seg0
735,4.3,1.0,4.9,0.94,0.4777777777777777,0.5444444444444445,data/deam/DEAM_spectrograms_shiv/735_seg1.png,jazz,9,735_seg1
735,4.3,1.0,4.9,0.94,0.4777777777777777,0.5444444444444445,data/deam/DEAM_spectrograms_shiv/735_seg2.png,jazz,9,735_seg2
736,2.7,1.42,3.7,0.9,0.3,0.4111111111111111,data/deam/DEAM_spectrograms_shiv/736_seg0.png,jazz,9,736_seg0
736,2.7,1.42,3.7,0.9,0.3,0.4111111111111111,data/deam/DEAM_spectrograms_shiv/736_seg1.png,jazz,9,736_seg1
736,2.7,1.42,3.7,0.9,0.3,0.4111111111111111,data/deam/DEAM_spectrograms_shiv/736_seg2.png,jazz,9,736_seg2
739,6.2,1.54,6.9,0.94,0.6888888888888889,0.7666666666666667,data/deam/DEAM_spectrograms_shiv/739_seg0.png,jazz,9,739_seg0
739,6.2,1.54,6.9,0.94,0.6888888888888889,0.7666666666666667,data/deam/DEAM_spectrograms_shiv/739_seg1.png,jazz,9,739_seg1
739,6.2,1.54,6.9,0.94,0.6888888888888889,0.7666666666666667,data/deam/DEAM_spectrograms_shiv/739_seg2.png,jazz,9,739_seg2
740,3.7,1.79,4.0,1.34,0.4111111111111111,0.4444444444444444,data/deam/DEAM_spectrograms_shiv/740_seg0.png,jazz,9,740_seg0
740,3.7,1.79,4.0,1.34,0.4111111111111111,0.4444444444444444,data/deam/DEAM_spectrograms_shiv/740_seg1.png,jazz,9,740_seg1
740,3.7,1.79,4.0,1.34,0.4111111111111111,0.4444444444444444,data/deam/DEAM_spectrograms_shiv/740_seg2.png,jazz,9,740_seg2
741,4.6,1.5,4.4,1.5,0.5111111111111111,0.4888888888888889,data/deam/DEAM_spectrograms_shiv/741_seg0.png,jazz,9,741_seg0
741,4.6,1.5,4.4,1.5,0.5111111111111111,0.4888888888888889,data/deam/DEAM_spectrograms_shiv/741_seg1.png,jazz,9,741_seg1
741,4.6,1.5,4.4,1.5,0.5111111111111111,0.4888888888888889,data/deam/DEAM_spectrograms_shiv/741_seg2.png,jazz,9,741_seg2
742,6.1,2.12,6.5,1.63,0.6777777777777777,0.7222222222222222,data/deam/DEAM_spectrograms_shiv/742_seg0.png,jazz,9,742_seg0
742,6.1,2.12,6.5,1.63,0.6777777777777777,0.7222222222222222,data/deam/DEAM_spectrograms_shiv/742_seg1.png,jazz,9,742_seg1
742,6.1,2.12,6.5,1.63,0.6777777777777777,0.7222222222222222,data/deam/DEAM_spectrograms_shiv/742_seg2.png,jazz,9,742_seg2
743,3.1,1.45,5.0,1.95,0.3444444444444444,0.5555555555555556,data/deam/DEAM_spectrograms_shiv/743_seg0.png,jazz,9,743_seg0
743,3.1,1.45,5.0,1.95,0.3444444444444444,0.5555555555555556,data/deam/DEAM_spectrograms_shiv/743_seg1.png,jazz,9,743_seg1
743,3.1,1.45,5.0,1.95,0.3444444444444444,0.5555555555555556,data/deam/DEAM_spectrograms_shiv/743_seg2.png,jazz,9,743_seg2
744,6.1,1.3,5.5,1.12,0.6777777777777777,0.6111111111111112,data/deam/DEAM_spectrograms_shiv/744_seg0.png,jazz,9,744_seg0
744,6.1,1.3,5.5,1.12,0.6777777777777777,0.6111111111111112,data/deam/DEAM_spectrograms_shiv/744_seg1.png,jazz,9,744_seg1
744,6.1,1.3,5.5,1.12,0.6777777777777777,0.6111111111111112,data/deam/DEAM_spectrograms_shiv/744_seg2.png,jazz,9,744_seg2
745,4.2,1.08,1.6,0.66,0.4666666666666667,0.1777777777777777,data/deam/DEAM_spectrograms_shiv/745_seg0.png,jazz,9,745_seg0
745,4.2,1.08,1.6,0.66,0.4666666666666667,0.1777777777777777,data/deam/DEAM_spectrograms_shiv/745_seg1.png,jazz,9,745_seg1
745,4.2,1.08,1.6,0.66,0.4666666666666667,0.1777777777777777,data/deam/DEAM_spectrograms_shiv/745_seg2.png,jazz,9,745_seg2
747,3.6,1.36,4.9,1.22,0.4,0.5444444444444445,data/deam/DEAM_spectrograms_shiv/747_seg0.png,jazz,9,747_seg0
747,3.6,1.36,4.9,1.22,0.4,0.5444444444444445,data/deam/DEAM_spectrograms_shiv/747_seg1.png,jazz,9,747_seg1
747,3.6,1.36,4.9,1.22,0.4,0.5444444444444445,data/deam/DEAM_spectrograms_shiv/747_seg2.png,jazz,9,747_seg2
748,5.1,1.92,4.4,1.56,0.5666666666666667,0.4888888888888889,data/deam/DEAM_spectrograms_shiv/748_seg0.png,jazz,9,748_seg0
748,5.1,1.92,4.4,1.56,0.5666666666666667,0.4888888888888889,data/deam/DEAM_spectrograms_shiv/748_seg1.png,jazz,9,748_seg1
748,5.1,1.92,4.4,1.56,0.5666666666666667,0.4888888888888889,data/deam/DEAM_spectrograms_shiv/748_seg2.png,jazz,9,748_seg2
749,4.2,1.25,4.9,1.37,0.4666666666666667,0.5444444444444445,data/deam/DEAM_spectrograms_shiv/749_seg0.png,jazz,9,749_seg0
749,4.2,1.25,4.9,1.37,0.4666666666666667,0.5444444444444445,data/deam/DEAM_spectrograms_shiv/749_seg1.png,jazz,9,749_seg1
749,4.2,1.25,4.9,1.37,0.4666666666666667,0.5444444444444445,data/deam/DEAM_spectrograms_shiv/749_seg2.png,jazz,9,749_seg2
750,5.3,2.0,5.7,1.9,0.5888888888888889,0.6333333333333333,data/deam/DEAM_spectrograms_shiv/750_seg0.png,jazz,9,750_seg0
750,5.3,2.0,5.7,1.9,0.5888888888888889,0.6333333333333333,data/deam/DEAM_spectrograms_shiv/750_seg1.png,jazz,9,750_seg1
750,5.3,2.0,5.7,1.9,0.5888888888888889,0.6333333333333333,data/deam/DEAM_spectrograms_shiv/750_seg2.png,jazz,9,750_seg2
756,5.9,1.87,6.8,0.75,0.6555555555555556,0.7555555555555555,data/deam/DEAM_spectrograms_shiv/756_seg0.png,pop,10,756_seg0
756,5.9,1.87,6.8,0.75,0.6555555555555556,0.7555555555555555,data/deam/DEAM_spectrograms_shiv/756_seg1.png,pop,10,756_seg1
756,5.9,1.87,6.8,0.75,0.6555555555555556,0.7555555555555555,data/deam/DEAM_spectrograms_shiv/756_seg2.png,pop,10,756_seg2
757,6.0,1.26,6.1,1.37,0.6666666666666666,0.6777777777777777,data/deam/DEAM_spectrograms_shiv/757_seg0.png,pop,10,757_seg0
757,6.0,1.26,6.1,1.37,0.6666666666666666,0.6777777777777777,data/deam/DEAM_spectrograms_shiv/757_seg1.png,pop,10,757_seg1
757,6.0,1.26,6.1,1.37,0.6666666666666666,0.6777777777777777,data/deam/DEAM_spectrograms_shiv/757_seg2.png,pop,10,757_seg2
758,4.8,1.89,5.9,1.04,0.5333333333333333,0.6555555555555556,data/deam/DEAM_spectrograms_shiv/758_seg0.png,pop,10,758_seg0
758,4.8,1.89,5.9,1.04,0.5333333333333333,0.6555555555555556,data/deam/DEAM_spectrograms_shiv/758_seg1.png,pop,10,758_seg1
758,4.8,1.89,5.9,1.04,0.5333333333333333,0.6555555555555556,data/deam/DEAM_spectrograms_shiv/758_seg2.png,pop,10,758_seg2
759,6.7,0.9,5.9,1.14,0.7444444444444445,0.6555555555555556,data/deam/DEAM_spectrograms_shiv/759_seg0.png,pop,10,759_seg0
759,6.7,0.9,5.9,1.14,0.7444444444444445,0.6555555555555556,data/deam/DEAM_spectrograms_shiv/759_seg1.png,pop,10,759_seg1
759,6.7,0.9,5.9,1.14,0.7444444444444445,0.6555555555555556,data/deam/DEAM_spectrograms_shiv/759_seg2.png,pop,10,759_seg2
764,6.3,1.62,7.5,0.92,0.7,0.8333333333333334,data/deam/DEAM_spectrograms_shiv/764_seg0.png,pop,10,764_seg0
764,6.3,1.62,7.5,0.92,0.7,0.8333333333333334,data/deam/DEAM_spectrograms_shiv/764_seg1.png,pop,10,764_seg1
764,6.3,1.62,7.5,0.92,0.7,0.8333333333333334,data/deam/DEAM_spectrograms_shiv/764_seg2.png,pop,10,764_seg2
767,5.2,1.25,6.5,0.5,0.5777777777777778,0.7222222222222222,data/deam/DEAM_spectrograms_shiv/767_seg0.png,pop,10,767_seg0
767,5.2,1.25,6.5,0.5,0.5777777777777778,0.7222222222222222,data/deam/DEAM_spectrograms_shiv/767_seg1.png,pop,10,767_seg1
767,5.2,1.25,6.5,0.5,0.5777777777777778,0.7222222222222222,data/deam/DEAM_spectrograms_shiv/767_seg2.png,pop,10,767_seg2
769,6.2,1.66,5.0,2.05,0.6888888888888889,0.5555555555555556,data/deam/DEAM_spectrograms_shiv/769_seg0.png,pop,10,769_seg0
769,6.2,1.66,5.0,2.05,0.6888888888888889,0.5555555555555556,data/deam/DEAM_spectrograms_shiv/769_seg1.png,pop,10,769_seg1
769,6.2,1.66,5.0,2.05,0.6888888888888889,0.5555555555555556,data/deam/DEAM_spectrograms_shiv/769_seg2.png,pop,10,769_seg2
775,3.7,1.55,4.4,1.5,0.4111111111111111,0.4888888888888889,data/deam/DEAM_spectrograms_shiv/775_seg0.png,pop,10,775_seg0
775,3.7,1.55,4.4,1.5,0.4111111111111111,0.4888888888888889,data/deam/DEAM_spectrograms_shiv/775_seg1.png,pop,10,775_seg1
775,3.7,1.55,4.4,1.5,0.4111111111111111,0.4888888888888889,data/deam/DEAM_spectrograms_shiv/775_seg2.png,pop,10,775_seg2
776,3.5,1.75,4.5,2.2,0.3888888888888889,0.5,data/deam/DEAM_spectrograms_shiv/776_seg0.png,pop,10,776_seg0
776,3.5,1.75,4.5,2.2,0.3888888888888889,0.5,data/deam/DEAM_spectrograms_shiv/776_seg1.png,pop,10,776_seg1
776,3.5,1.75,4.5,2.2,0.3888888888888889,0.5,data/deam/DEAM_spectrograms_shiv/776_seg2.png,pop,10,776_seg2
780,5.8,1.4,6.2,1.54,0.6444444444444444,0.6888888888888889,data/deam/DEAM_spectrograms_shiv/780_seg0.png,pop,10,780_seg0
780,5.8,1.4,6.2,1.54,0.6444444444444444,0.6888888888888889,data/deam/DEAM_spectrograms_shiv/780_seg1.png,pop,10,780_seg1
780,5.8,1.4,6.2,1.54,0.6444444444444444,0.6888888888888889,data/deam/DEAM_spectrograms_shiv/780_seg2.png,pop,10,780_seg2
781,4.9,2.02,6.3,2.1,0.5444444444444445,0.7,data/deam/DEAM_spectrograms_shiv/781_seg0.png,pop,10,781_seg0
781,4.9,2.02,6.3,2.1,0.5444444444444445,0.7,data/deam/DEAM_spectrograms_shiv/781_seg1.png,pop,10,781_seg1
781,4.9,2.02,6.3,2.1,0.5444444444444445,0.7,data/deam/DEAM_spectrograms_shiv/781_seg2.png,pop,10,781_seg2
782,7.2,1.4,4.7,2.45,0.8,0.5222222222222223,data/deam/DEAM_spectrograms_shiv/782_seg0.png,pop,10,782_seg0
782,7.2,1.4,4.7,2.45,0.8,0.5222222222222223,data/deam/DEAM_spectrograms_shiv/782_seg1.png,pop,10,782_seg1
782,7.2,1.4,4.7,2.45,0.8,0.5222222222222223,data/deam/DEAM_spectrograms_shiv/782_seg2.png,pop,10,782_seg2
784,4.7,1.68,5.7,1.35,0.5222222222222223,0.6333333333333333,data/deam/DEAM_spectrograms_shiv/784_seg0.png,pop,10,784_seg0
784,4.7,1.68,5.7,1.35,0.5222222222222223,0.6333333333333333,data/deam/DEAM_spectrograms_shiv/784_seg1.png,pop,10,784_seg1
784,4.7,1.68,5.7,1.35,0.5222222222222223,0.6333333333333333,data/deam/DEAM_spectrograms_shiv/784_seg2.png,pop,10,784_seg2
787,6.1,1.81,6.3,1.62,0.6777777777777777,0.7,data/deam/DEAM_spectrograms_shiv/787_seg0.png,pop,10,787_seg0
787,6.1,1.81,6.3,1.62,0.6777777777777777,0.7,data/deam/DEAM_spectrograms_shiv/787_seg1.png,pop,10,787_seg1
787,6.1,1.81,6.3,1.62,0.6777777777777777,0.7,data/deam/DEAM_spectrograms_shiv/787_seg2.png,pop,10,787_seg2
789,3.9,2.26,5.2,1.94,0.4333333333333333,0.5777777777777778,data/deam/DEAM_spectrograms_shiv/789_seg0.png,pop,10,789_seg0
789,3.9,2.26,5.2,1.94,0.4333333333333333,0.5777777777777778,data/deam/DEAM_spectrograms_shiv/789_seg1.png,pop,10,789_seg1
789,3.9,2.26,5.2,1.94,0.4333333333333333,0.5777777777777778,data/deam/DEAM_spectrograms_shiv/789_seg2.png,pop,10,789_seg2
791,2.7,1.27,4.6,1.69,0.3,0.5111111111111111,data/deam/DEAM_spectrograms_shiv/791_seg0.png,pop,10,791_seg0
791,2.7,1.27,4.6,1.69,0.3,0.5111111111111111,data/deam/DEAM_spectrograms_shiv/791_seg1.png,pop,10,791_seg1
791,2.7,1.27,4.6,1.69,0.3,0.5111111111111111,data/deam/DEAM_spectrograms_shiv/791_seg2.png,pop,10,791_seg2
794,2.5,1.02,4.2,1.08,0.2777777777777778,0.4666666666666667,data/deam/DEAM_spectrograms_shiv/794_seg0.png,pop,10,794_seg0
794,2.5,1.02,4.2,1.08,0.2777777777777778,0.4666666666666667,data/deam/DEAM_spectrograms_shiv/794_seg1.png,pop,10,794_seg1
794,2.5,1.02,4.2,1.08,0.2777777777777778,0.4666666666666667,data/deam/DEAM_spectrograms_shiv/794_seg2.png,pop,10,794_seg2
795,2.2,0.98,3.5,1.12,0.2444444444444444,0.3888888888888889,data/deam/DEAM_spectrograms_shiv/795_seg0.png,pop,10,795_seg0
795,2.2,0.98,3.5,1.12,0.2444444444444444,0.3888888888888889,data/deam/DEAM_spectrograms_shiv/795_seg1.png,pop,10,795_seg1
795,2.2,0.98,3.5,1.12,0.2444444444444444,0.3888888888888889,data/deam/DEAM_spectrograms_shiv/795_seg2.png,pop,10,795_seg2
796,5.2,2.27,5.1,1.87,0.5777777777777778,0.5666666666666667,data/deam/DEAM_spectrograms_shiv/796_seg0.png,pop,10,796_seg0
796,5.2,2.27,5.1,1.87,0.5777777777777778,0.5666666666666667,data/deam/DEAM_spectrograms_shiv/796_seg1.png,pop,10,796_seg1
796,5.2,2.27,5.1,1.87,0.5777777777777778,0.5666666666666667,data/deam/DEAM_spectrograms_shiv/796_seg2.png,pop,10,796_seg2
797,4.9,2.12,5.4,1.85,0.5444444444444445,0.6000000000000001,data/deam/DEAM_spectrograms_shiv/797_seg0.png,pop,10,797_seg0
797,4.9,2.12,5.4,1.85,0.5444444444444445,0.6000000000000001,data/deam/DEAM_spectrograms_shiv/797_seg1.png,pop,10,797_seg1
797,4.9,2.12,5.4,1.85,0.5444444444444445,0.6000000000000001,data/deam/DEAM_spectrograms_shiv/797_seg2.png,pop,10,797_seg2
798,6.5,1.43,5.9,1.76,0.7222222222222222,0.6555555555555556,data/deam/DEAM_spectrograms_shiv/798_seg0.png,pop,10,798_seg0
798,6.5,1.43,5.9,1.76,0.7222222222222222,0.6555555555555556,data/deam/DEAM_spectrograms_shiv/798_seg1.png,pop,10,798_seg1
798,6.5,1.43,5.9,1.76,0.7222222222222222,0.6555555555555556,data/deam/DEAM_spectrograms_shiv/798_seg2.png,pop,10,798_seg2
800,4.5,1.63,4.5,1.86,0.5,0.5,data/deam/DEAM_spectrograms_shiv/800_seg0.png,pop,10,800_seg0
800,4.5,1.63,4.5,1.86,0.5,0.5,data/deam/DEAM_spectrograms_shiv/800_seg1.png,pop,10,800_seg1
800,4.5,1.63,4.5,1.86,0.5,0.5,data/deam/DEAM_spectrograms_shiv/800_seg2.png,pop,10,800_seg2
801,3.3,2.0,3.5,2.11,0.3666666666666666,0.3888888888888889,data/deam/DEAM_spectrograms_shiv/801_seg0.png,pop,10,801_seg0
801,3.3,2.0,3.5,2.11,0.3666666666666666,0.3888888888888889,data/deam/DEAM_spectrograms_shiv/801_seg1.png,pop,10,801_seg1
801,3.3,2.0,3.5,2.11,0.3666666666666666,0.3888888888888889,data/deam/DEAM_spectrograms_shiv/801_seg2.png,pop,10,801_seg2
804,6.9,1.04,6.8,0.6,0.7666666666666667,0.7555555555555555,data/deam/DEAM_spectrograms_shiv/804_seg0.png,pop,10,804_seg0
804,6.9,1.04,6.8,0.6,0.7666666666666667,0.7555555555555555,data/deam/DEAM_spectrograms_shiv/804_seg1.png,pop,10,804_seg1
804,6.9,1.04,6.8,0.6,0.7666666666666667,0.7555555555555555,data/deam/DEAM_spectrograms_shiv/804_seg2.png,pop,10,804_seg2
805,2.2,0.98,3.5,1.36,0.2444444444444444,0.3888888888888889,data/deam/DEAM_spectrograms_shiv/805_seg0.png,pop,10,805_seg0
805,2.2,0.98,3.5,1.36,0.2444444444444444,0.3888888888888889,data/deam/DEAM_spectrograms_shiv/805_seg1.png,pop,10,805_seg1
805,2.2,0.98,3.5,1.36,0.2444444444444444,0.3888888888888889,data/deam/DEAM_spectrograms_shiv/805_seg2.png,pop,10,805_seg2
806,6.4,1.69,6.6,1.8,0.7111111111111111,0.7333333333333333,data/deam/DEAM_spectrograms_shiv/806_seg0.png,pop,10,806_seg0
806,6.4,1.69,6.6,1.8,0.7111111111111111,0.7333333333333333,data/deam/DEAM_spectrograms_shiv/806_seg1.png,pop,10,806_seg1
806,6.4,1.69,6.6,1.8,0.7111111111111111,0.7333333333333333,data/deam/DEAM_spectrograms_shiv/806_seg2.png,pop,10,806_seg2
807,4.8,1.6,6.5,0.92,0.5333333333333333,0.7222222222222222,data/deam/DEAM_spectrograms_shiv/807_seg0.png,pop,10,807_seg0
807,4.8,1.6,6.5,0.92,0.5333333333333333,0.7222222222222222,data/deam/DEAM_spectrograms_shiv/807_seg1.png,pop,10,807_seg1
807,4.8,1.6,6.5,0.92,0.5333333333333333,0.7222222222222222,data/deam/DEAM_spectrograms_shiv/807_seg2.png,pop,10,807_seg2
810,6.5,1.57,6.6,0.66,0.7222222222222222,0.7333333333333333,data/deam/DEAM_spectrograms_shiv/810_seg0.png,pop,10,810_seg0
810,6.5,1.57,6.6,0.66,0.7222222222222222,0.7333333333333333,data/deam/DEAM_spectrograms_shiv/810_seg1.png,pop,10,810_seg1
810,6.5,1.57,6.6,0.66,0.7222222222222222,0.7333333333333333,data/deam/DEAM_spectrograms_shiv/810_seg2.png,pop,10,810_seg2
811,4.1,1.45,4.9,1.37,0.4555555555555555,0.5444444444444445,data/deam/DEAM_spectrograms_shiv/811_seg0.png,pop,10,811_seg0
811,4.1,1.45,4.9,1.37,0.4555555555555555,0.5444444444444445,data/deam/DEAM_spectrograms_shiv/811_seg1.png,pop,10,811_seg1
811,4.1,1.45,4.9,1.37,0.4555555555555555,0.5444444444444445,data/deam/DEAM_spectrograms_shiv/811_seg2.png,pop,10,811_seg2
813,6.2,1.17,6.7,1.0,0.6888888888888889,0.7444444444444445,data/deam/DEAM_spectrograms_shiv/813_seg0.png,pop,10,813_seg0
813,6.2,1.17,6.7,1.0,0.6888888888888889,0.7444444444444445,data/deam/DEAM_spectrograms_shiv/813_seg1.png,pop,10,813_seg1
813,6.2,1.17,6.7,1.0,0.6888888888888889,0.7444444444444445,data/deam/DEAM_spectrograms_shiv/813_seg2.png,pop,10,813_seg2
814,6.1,1.37,5.3,1.62,0.6777777777777777,0.5888888888888889,data/deam/DEAM_spectrograms_shiv/814_seg0.png,pop,10,814_seg0
814,6.1,1.37,5.3,1.62,0.6777777777777777,0.5888888888888889,data/deam/DEAM_spectrograms_shiv/814_seg1.png,pop,10,814_seg1
814,6.1,1.37,5.3,1.62,0.6777777777777777,0.5888888888888889,data/deam/DEAM_spectrograms_shiv/814_seg2.png,pop,10,814_seg2
815,5.5,1.57,5.9,0.94,0.6111111111111112,0.6555555555555556,data/deam/DEAM_spectrograms_shiv/815_seg0.png,pop,10,815_seg0
815,5.5,1.57,5.9,0.94,0.6111111111111112,0.6555555555555556,data/deam/DEAM_spectrograms_shiv/815_seg1.png,pop,10,815_seg1
815,5.5,1.57,5.9,0.94,0.6111111111111112,0.6555555555555556,data/deam/DEAM_spectrograms_shiv/815_seg2.png,pop,10,815_seg2
820,6.4,1.43,6.4,1.36,0.7111111111111111,0.7111111111111111,data/deam/DEAM_spectrograms_shiv/820_seg0.png,pop,10,820_seg0
820,6.4,1.43,6.4,1.36,0.7111111111111111,0.7111111111111111,data/deam/DEAM_spectrograms_shiv/820_seg1.png,pop,10,820_seg1
820,6.4,1.43,6.4,1.36,0.7111111111111111,0.7111111111111111,data/deam/DEAM_spectrograms_shiv/820_seg2.png,pop,10,820_seg2
824,7.2,1.4,7.0,1.0,0.8,0.7777777777777778,data/deam/DEAM_spectrograms_shiv/824_seg0.png,pop,10,824_seg0
824,7.2,1.4,7.0,1.0,0.8,0.7777777777777778,data/deam/DEAM_spectrograms_shiv/824_seg1.png,pop,10,824_seg1
824,7.2,1.4,7.0,1.0,0.8,0.7777777777777778,data/deam/DEAM_spectrograms_shiv/824_seg2.png,pop,10,824_seg2
825,4.1,2.21,5.7,1.19,0.4555555555555555,0.6333333333333333,data/deam/DEAM_spectrograms_shiv/825_seg0.png,pop,10,825_seg0
825,4.1,2.21,5.7,1.19,0.4555555555555555,0.6333333333333333,data/deam/DEAM_spectrograms_shiv/825_seg1.png,pop,10,825_seg1
825,4.1,2.21,5.7,1.19,0.4555555555555555,0.6333333333333333,data/deam/DEAM_spectrograms_shiv/825_seg2.png,pop,10,825_seg2
826,4.0,1.55,4.7,1.35,0.4444444444444444,0.5222222222222223,data/deam/DEAM_spectrograms_shiv/826_seg0.png,pop,10,826_seg0
826,4.0,1.55,4.7,1.35,0.4444444444444444,0.5222222222222223,data/deam/DEAM_spectrograms_shiv/826_seg1.png,pop,10,826_seg1
826,4.0,1.55,4.7,1.35,0.4444444444444444,0.5222222222222223,data/deam/DEAM_spectrograms_shiv/826_seg2.png,pop,10,826_seg2
829,2.3,1.0,4.5,1.36,0.2555555555555555,0.5,data/deam/DEAM_spectrograms_shiv/829_seg0.png,pop,10,829_seg0
829,2.3,1.0,4.5,1.36,0.2555555555555555,0.5,data/deam/DEAM_spectrograms_shiv/829_seg1.png,pop,10,829_seg1
829,2.3,1.0,4.5,1.36,0.2555555555555555,0.5,data/deam/DEAM_spectrograms_shiv/829_seg2.png,pop,10,829_seg2
831,5.2,1.17,6.2,0.75,0.5777777777777778,0.6888888888888889,data/deam/DEAM_spectrograms_shiv/831_seg0.png,pop,10,831_seg0
831,5.2,1.17,6.2,0.75,0.5777777777777778,0.6888888888888889,data/deam/DEAM_spectrograms_shiv/831_seg1.png,pop,10,831_seg1
831,5.2,1.17,6.2,0.75,0.5777777777777778,0.6888888888888889,data/deam/DEAM_spectrograms_shiv/831_seg2.png,pop,10,831_seg2
834,4.7,1.73,4.3,1.79,0.5222222222222223,0.4777777777777777,data/deam/DEAM_spectrograms_shiv/834_seg0.png,pop,10,834_seg0
834,4.7,1.73,4.3,1.79,0.5222222222222223,0.4777777777777777,data/deam/DEAM_spectrograms_shiv/834_seg1.png,pop,10,834_seg1
834,4.7,1.73,4.3,1.79,0.5222222222222223,0.4777777777777777,data/deam/DEAM_spectrograms_shiv/834_seg2.png,pop,10,834_seg2
836,7.1,1.14,5.7,1.9,0.7888888888888889,0.6333333333333333,data/deam/DEAM_spectrograms_shiv/836_seg0.png,pop,10,836_seg0
836,7.1,1.14,5.7,1.9,0.7888888888888889,0.6333333333333333,data/deam/DEAM_spectrograms_shiv/836_seg1.png,pop,10,836_seg1
836,7.1,1.14,5.7,1.9,0.7888888888888889,0.6333333333333333,data/deam/DEAM_spectrograms_shiv/836_seg2.png,pop,10,836_seg2
839,5.7,1.35,4.4,1.74,0.6333333333333333,0.4888888888888889,data/deam/DEAM_spectrograms_shiv/839_seg0.png,pop,10,839_seg0
839,5.7,1.35,4.4,1.74,0.6333333333333333,0.4888888888888889,data/deam/DEAM_spectrograms_shiv/839_seg1.png,pop,10,839_seg1
839,5.7,1.35,4.4,1.74,0.6333333333333333,0.4888888888888889,data/deam/DEAM_spectrograms_shiv/839_seg2.png,pop,10,839_seg2
841,4.2,1.4,4.7,1.19,0.4666666666666667,0.5222222222222223,data/deam/DEAM_spectrograms_shiv/841_seg0.png,pop,10,841_seg0
841,4.2,1.4,4.7,1.19,0.4666666666666667,0.5222222222222223,data/deam/DEAM_spectrograms_shiv/841_seg1.png,pop,10,841_seg1
841,4.2,1.4,4.7,1.19,0.4666666666666667,0.5222222222222223,data/deam/DEAM_spectrograms_shiv/841_seg2.png,pop,10,841_seg2
844,3.8,1.99,3.4,1.2,0.4222222222222222,0.3777777777777777,data/deam/DEAM_spectrograms_shiv/844_seg0.png,pop,10,844_seg0
844,3.8,1.99,3.4,1.2,0.4222222222222222,0.3777777777777777,data/deam/DEAM_spectrograms_shiv/844_seg1.png,pop,10,844_seg1
844,3.8,1.99,3.4,1.2,0.4222222222222222,0.3777777777777777,data/deam/DEAM_spectrograms_shiv/844_seg2.png,pop,10,844_seg2
845,5.1,1.87,4.0,1.73,0.5666666666666667,0.4444444444444444,data/deam/DEAM_spectrograms_shiv/845_seg0.png,pop,10,845_seg0
845,5.1,1.87,4.0,1.73,0.5666666666666667,0.4444444444444444,data/deam/DEAM_spectrograms_shiv/845_seg1.png,pop,10,845_seg1
845,5.1,1.87,4.0,1.73,0.5666666666666667,0.4444444444444444,data/deam/DEAM_spectrograms_shiv/845_seg2.png,pop,10,845_seg2
846,6.0,1.1,5.5,1.12,0.6666666666666666,0.6111111111111112,data/deam/DEAM_spectrograms_shiv/846_seg0.png,pop,10,846_seg0
846,6.0,1.1,5.5,1.12,0.6666666666666666,0.6111111111111112,data/deam/DEAM_spectrograms_shiv/846_seg1.png,pop,10,846_seg1
846,6.0,1.1,5.5,1.12,0.6666666666666666,0.6111111111111112,data/deam/DEAM_spectrograms_shiv/846_seg2.png,pop,10,846_seg2
848,2.2,1.33,2.7,1.1,0.2444444444444444,0.3,data/deam/DEAM_spectrograms_shiv/848_seg0.png,pop,10,848_seg0
848,2.2,1.33,2.7,1.1,0.2444444444444444,0.3,data/deam/DEAM_spectrograms_shiv/848_seg1.png,pop,10,848_seg1
848,2.2,1.33,2.7,1.1,0.2444444444444444,0.3,data/deam/DEAM_spectrograms_shiv/848_seg2.png,pop,10,848_seg2
850,3.6,1.91,3.1,1.3,0.4,0.3444444444444444,data/deam/DEAM_spectrograms_shiv/850_seg0.png,pop,10,850_seg0
850,3.6,1.91,3.1,1.3,0.4,0.3444444444444444,data/deam/DEAM_spectrograms_shiv/850_seg1.png,pop,10,850_seg1
850,3.6,1.91,3.1,1.3,0.4,0.3444444444444444,data/deam/DEAM_spectrograms_shiv/850_seg2.png,pop,10,850_seg2
851,5.0,0.77,4.4,1.02,0.5555555555555556,0.4888888888888889,data/deam/DEAM_spectrograms_shiv/851_seg0.png,pop,10,851_seg0
851,5.0,0.77,4.4,1.02,0.5555555555555556,0.4888888888888889,data/deam/DEAM_spectrograms_shiv/851_seg1.png,pop,10,851_seg1
851,5.0,0.77,4.4,1.02,0.5555555555555556,0.4888888888888889,data/deam/DEAM_spectrograms_shiv/851_seg2.png,pop,10,851_seg2
852,4.5,1.5,4.7,2.05,0.5,0.5222222222222223,data/deam/DEAM_spectrograms_shiv/852_seg0.png,pop,10,852_seg0
852,4.5,1.5,4.7,2.05,0.5,0.5222222222222223,data/deam/DEAM_spectrograms_shiv/852_seg1.png,pop,10,852_seg1
852,4.5,1.5,4.7,2.05,0.5,0.5222222222222223,data/deam/DEAM_spectrograms_shiv/852_seg2.png,pop,10,852_seg2
854,2.9,1.3,3.8,1.47,0.3222222222222222,0.4222222222222222,data/deam/DEAM_spectrograms_shiv/854_seg0.png,pop,10,854_seg0
854,2.9,1.3,3.8,1.47,0.3222222222222222,0.4222222222222222,data/deam/DEAM_spectrograms_shiv/854_seg1.png,pop,10,854_seg1
854,2.9,1.3,3.8,1.47,0.3222222222222222,0.4222222222222222,data/deam/DEAM_spectrograms_shiv/854_seg2.png,pop,10,854_seg2
855,2.9,1.87,4.5,1.36,0.3222222222222222,0.5,data/deam/DEAM_spectrograms_shiv/855_seg0.png,pop,10,855_seg0
855,2.9,1.87,4.5,1.36,0.3222222222222222,0.5,data/deam/DEAM_spectrograms_shiv/855_seg1.png,pop,10,855_seg1
855,2.9,1.87,4.5,1.36,0.3222222222222222,0.5,data/deam/DEAM_spectrograms_shiv/855_seg2.png,pop,10,855_seg2
856,6.7,0.9,5.6,0.8,0.7444444444444445,0.6222222222222222,data/deam/DEAM_spectrograms_shiv/856_seg0.png,pop,10,856_seg0
856,6.7,0.9,5.6,0.8,0.7444444444444445,0.6222222222222222,data/deam/DEAM_spectrograms_shiv/856_seg1.png,pop,10,856_seg1
856,6.7,0.9,5.6,0.8,0.7444444444444445,0.6222222222222222,data/deam/DEAM_spectrograms_shiv/856_seg2.png,pop,10,856_seg2
857,4.9,1.87,5.3,1.95,0.5444444444444445,0.5888888888888889,data/deam/DEAM_spectrograms_shiv/857_seg0.png,pop,10,857_seg0
857,4.9,1.87,5.3,1.95,0.5444444444444445,0.5888888888888889,data/deam/DEAM_spectrograms_shiv/857_seg1.png,pop,10,857_seg1
857,4.9,1.87,5.3,1.95,0.5444444444444445,0.5888888888888889,data/deam/DEAM_spectrograms_shiv/857_seg2.png,pop,10,857_seg2
858,4.4,2.01,4.5,2.2,0.4888888888888889,0.5,data/deam/DEAM_spectrograms_shiv/858_seg0.png,pop,10,858_seg0
858,4.4,2.01,4.5,2.2,0.4888888888888889,0.5,data/deam/DEAM_spectrograms_shiv/858_seg1.png,pop,10,858_seg1
858,4.4,2.01,4.5,2.2,0.4888888888888889,0.5,data/deam/DEAM_spectrograms_shiv/858_seg2.png,pop,10,858_seg2
859,3.6,2.01,5.1,2.02,0.4,0.5666666666666667,data/deam/DEAM_spectrograms_shiv/859_seg0.png,pop,10,859_seg0
859,3.6,2.01,5.1,2.02,0.4,0.5666666666666667,data/deam/DEAM_spectrograms_shiv/859_seg1.png,pop,10,859_seg1
859,3.6,2.01,5.1,2.02,0.4,0.5666666666666667,data/deam/DEAM_spectrograms_shiv/859_seg2.png,pop,10,859_seg2
863,6.4,1.11,7.0,1.0,0.7111111111111111,0.7777777777777778,data/deam/DEAM_spectrograms_shiv/863_seg0.png,pop,10,863_seg0
863,6.4,1.11,7.0,1.0,0.7111111111111111,0.7777777777777778,data/deam/DEAM_spectrograms_shiv/863_seg1.png,pop,10,863_seg1
863,6.4,1.11,7.0,1.0,0.7111111111111111,0.7777777777777778,data/deam/DEAM_spectrograms_shiv/863_seg2.png,pop,10,863_seg2
864,5.7,1.1,5.9,1.04,0.6333333333333333,0.6555555555555556,data/deam/DEAM_spectrograms_shiv/864_seg0.png,pop,10,864_seg0
864,5.7,1.1,5.9,1.04,0.6333333333333333,0.6555555555555556,data/deam/DEAM_spectrograms_shiv/864_seg1.png,pop,10,864_seg1
864,5.7,1.1,5.9,1.04,0.6333333333333333,0.6555555555555556,data/deam/DEAM_spectrograms_shiv/864_seg2.png,pop,10,864_seg2
865,2.8,1.78,4.6,1.5,0.3111111111111111,0.5111111111111111,data/deam/DEAM_spectrograms_shiv/865_seg0.png,pop,10,865_seg0
865,2.8,1.78,4.6,1.5,0.3111111111111111,0.5111111111111111,data/deam/DEAM_spectrograms_shiv/865_seg1.png,pop,10,865_seg1
865,2.8,1.78,4.6,1.5,0.3111111111111111,0.5111111111111111,data/deam/DEAM_spectrograms_shiv/865_seg2.png,pop,10,865_seg2
866,5.8,1.17,5.1,1.58,0.6444444444444444,0.5666666666666667,data/deam/DEAM_spectrograms_shiv/866_seg0.png,pop,10,866_seg0
866,5.8,1.17,5.1,1.58,0.6444444444444444,0.5666666666666667,data/deam/DEAM_spectrograms_shiv/866_seg1.png,pop,10,866_seg1
866,5.8,1.17,5.1,1.58,0.6444444444444444,0.5666666666666667,data/deam/DEAM_spectrograms_shiv/866_seg2.png,pop,10,866_seg2
867,5.8,1.83,6.5,2.01,0.6444444444444444,0.7222222222222222,data/deam/DEAM_spectrograms_shiv/867_seg0.png,pop,10,867_seg0
867,5.8,1.83,6.5,2.01,0.6444444444444444,0.7222222222222222,data/deam/DEAM_spectrograms_shiv/867_seg1.png,pop,10,867_seg1
867,5.8,1.83,6.5,2.01,0.6444444444444444,0.7222222222222222,data/deam/DEAM_spectrograms_shiv/867_seg2.png,pop,10,867_seg2
869,2.6,1.69,4.1,1.92,0.2888888888888889,0.4555555555555555,data/deam/DEAM_spectrograms_shiv/869_seg0.png,pop,10,869_seg0
869,2.6,1.69,4.1,1.92,0.2888888888888889,0.4555555555555555,data/deam/DEAM_spectrograms_shiv/869_seg1.png,pop,10,869_seg1
869,2.6,1.69,4.1,1.92,0.2888888888888889,0.4555555555555555,data/deam/DEAM_spectrograms_shiv/869_seg2.png,pop,10,869_seg2
872,3.4,1.62,5.5,1.8,0.3777777777777777,0.6111111111111112,data/deam/DEAM_spectrograms_shiv/872_seg0.png,pop,10,872_seg0
872,3.4,1.62,5.5,1.8,0.3777777777777777,0.6111111111111112,data/deam/DEAM_spectrograms_shiv/872_seg1.png,pop,10,872_seg1
872,3.4,1.62,5.5,1.8,0.3777777777777777,0.6111111111111112,data/deam/DEAM_spectrograms_shiv/872_seg2.png,pop,10,872_seg2
873,6.8,0.98,7.0,0.77,0.7555555555555555,0.7777777777777778,data/deam/DEAM_spectrograms_shiv/873_seg0.png,pop,10,873_seg0
873,6.8,0.98,7.0,0.77,0.7555555555555555,0.7777777777777778,data/deam/DEAM_spectrograms_shiv/873_seg1.png,pop,10,873_seg1
873,6.8,0.98,7.0,0.77,0.7555555555555555,0.7777777777777778,data/deam/DEAM_spectrograms_shiv/873_seg2.png,pop,10,873_seg2
874,6.3,1.49,4.4,1.96,0.7,0.4888888888888889,data/deam/DEAM_spectrograms_shiv/874_seg0.png,pop,10,874_seg0
874,6.3,1.49,4.4,1.96,0.7,0.4888888888888889,data/deam/DEAM_spectrograms_shiv/874_seg1.png,pop,10,874_seg1
874,6.3,1.49,4.4,1.96,0.7,0.4888888888888889,data/deam/DEAM_spectrograms_shiv/874_seg2.png,pop,10,874_seg2
876,6.3,2.19,6.7,1.68,0.7,0.7444444444444445,data/deam/DEAM_spectrograms_shiv/876_seg0.png,rock,11,876_seg0
876,6.3,2.19,6.7,1.68,0.7,0.7444444444444445,data/deam/DEAM_spectrograms_shiv/876_seg1.png,rock,11,876_seg1
876,6.3,2.19,6.7,1.68,0.7,0.7444444444444445,data/deam/DEAM_spectrograms_shiv/876_seg2.png,rock,11,876_seg2
879,5.6,1.02,6.0,1.26,0.6222222222222222,0.6666666666666666,data/deam/DEAM_spectrograms_shiv/879_seg0.png,rock,11,879_seg0
879,5.6,1.02,6.0,1.26,0.6222222222222222,0.6666666666666666,data/deam/DEAM_spectrograms_shiv/879_seg1.png,rock,11,879_seg1
879,5.6,1.02,6.0,1.26,0.6222222222222222,0.6666666666666666,data/deam/DEAM_spectrograms_shiv/879_seg2.png,rock,11,879_seg2
880,4.9,2.12,3.8,1.66,0.5444444444444445,0.4222222222222222,data/deam/DEAM_spectrograms_shiv/880_seg0.png,rock,11,880_seg0
880,4.9,2.12,3.8,1.66,0.5444444444444445,0.4222222222222222,data/deam/DEAM_spectrograms_shiv/880_seg1.png,rock,11,880_seg1
880,4.9,2.12,3.8,1.66,0.5444444444444445,0.4222222222222222,data/deam/DEAM_spectrograms_shiv/880_seg2.png,rock,11,880_seg2
884,5.5,1.96,5.0,1.48,0.6111111111111112,0.5555555555555556,data/deam/DEAM_spectrograms_shiv/884_seg0.png,rock,11,884_seg0
884,5.5,1.96,5.0,1.48,0.6111111111111112,0.5555555555555556,data/deam/DEAM_spectrograms_shiv/884_seg1.png,rock,11,884_seg1
884,5.5,1.96,5.0,1.48,0.6111111111111112,0.5555555555555556,data/deam/DEAM_spectrograms_shiv/884_seg2.png,rock,11,884_seg2
886,5.9,0.94,5.4,1.36,0.6555555555555556,0.6000000000000001,data/deam/DEAM_spectrograms_shiv/886_seg0.png,rock,11,886_seg0
886,5.9,0.94,5.4,1.36,0.6555555555555556,0.6000000000000001,data/deam/DEAM_spectrograms_shiv/886_seg1.png,rock,11,886_seg1
886,5.9,0.94,5.4,1.36,0.6555555555555556,0.6000000000000001,data/deam/DEAM_spectrograms_shiv/886_seg2.png,rock,11,886_seg2
887,5.1,1.64,5.6,1.43,0.5666666666666667,0.6222222222222222,data/deam/DEAM_spectrograms_shiv/887_seg0.png,rock,11,887_seg0
887,5.1,1.64,5.6,1.43,0.5666666666666667,0.6222222222222222,data/deam/DEAM_spectrograms_shiv/887_seg1.png,rock,11,887_seg1
887,5.1,1.64,5.6,1.43,0.5666666666666667,0.6222222222222222,data/deam/DEAM_spectrograms_shiv/887_seg2.png,rock,11,887_seg2
889,6.9,1.7,7.2,1.54,0.7666666666666667,0.8,data/deam/DEAM_spectrograms_shiv/889_seg0.png,rock,11,889_seg0
889,6.9,1.7,7.2,1.54,0.7666666666666667,0.8,data/deam/DEAM_spectrograms_shiv/889_seg1.png,rock,11,889_seg1
889,6.9,1.7,7.2,1.54,0.7666666666666667,0.8,data/deam/DEAM_spectrograms_shiv/889_seg2.png,rock,11,889_seg2
890,3.6,1.56,4.7,1.68,0.4,0.5222222222222223,data/deam/DEAM_spectrograms_shiv/890_seg0.png,rock,11,890_seg0
890,3.6,1.56,4.7,1.68,0.4,0.5222222222222223,data/deam/DEAM_spectrograms_shiv/890_seg1.png,rock,11,890_seg1
890,3.6,1.56,4.7,1.68,0.4,0.5222222222222223,data/deam/DEAM_spectrograms_shiv/890_seg2.png,rock,11,890_seg2
892,3.9,2.02,2.9,1.14,0.4333333333333333,0.3222222222222222,data/deam/DEAM_spectrograms_shiv/892_seg0.png,rock,11,892_seg0
892,3.9,2.02,2.9,1.14,0.4333333333333333,0.3222222222222222,data/deam/DEAM_spectrograms_shiv/892_seg1.png,rock,11,892_seg1
892,3.9,2.02,2.9,1.14,0.4333333333333333,0.3222222222222222,data/deam/DEAM_spectrograms_shiv/892_seg2.png,rock,11,892_seg2
897,4.9,1.37,4.3,1.35,0.5444444444444445,0.4777777777777777,data/deam/DEAM_spectrograms_shiv/897_seg0.png,rock,11,897_seg0
897,4.9,1.37,4.3,1.35,0.5444444444444445,0.4777777777777777,data/deam/DEAM_spectrograms_shiv/897_seg1.png,rock,11,897_seg1
897,4.9,1.37,4.3,1.35,0.5444444444444445,0.4777777777777777,data/deam/DEAM_spectrograms_shiv/897_seg2.png,rock,11,897_seg2
898,6.4,1.91,5.5,1.91,0.7111111111111111,0.6111111111111112,data/deam/DEAM_spectrograms_shiv/898_seg0.png,rock,11,898_seg0
898,6.4,1.91,5.5,1.91,0.7111111111111111,0.6111111111111112,data/deam/DEAM_spectrograms_shiv/898_seg1.png,rock,11,898_seg1
898,6.4,1.91,5.5,1.91,0.7111111111111111,0.6111111111111112,data/deam/DEAM_spectrograms_shiv/898_seg2.png,rock,11,898_seg2
899,5.3,1.79,6.3,1.55,0.5888888888888889,0.7,data/deam/DEAM_spectrograms_shiv/899_seg0.png,rock,11,899_seg0
899,5.3,1.79,6.3,1.55,0.5888888888888889,0.7,data/deam/DEAM_spectrograms_shiv/899_seg1.png,rock,11,899_seg1
899,5.3,1.79,6.3,1.55,0.5888888888888889,0.7,data/deam/DEAM_spectrograms_shiv/899_seg2.png,rock,11,899_seg2
902,7.0,0.77,3.3,1.55,0.7777777777777778,0.3666666666666666,data/deam/DEAM_spectrograms_shiv/902_seg0.png,rock,11,902_seg0
902,7.0,0.77,3.3,1.55,0.7777777777777778,0.3666666666666666,data/deam/DEAM_spectrograms_shiv/902_seg1.png,rock,11,902_seg1
902,7.0,0.77,3.3,1.55,0.7777777777777778,0.3666666666666666,data/deam/DEAM_spectrograms_shiv/902_seg2.png,rock,11,902_seg2
903,5.9,1.14,5.6,1.2,0.6555555555555556,0.6222222222222222,data/deam/DEAM_spectrograms_shiv/903_seg0.png,rock,11,903_seg0
903,5.9,1.14,5.6,1.2,0.6555555555555556,0.6222222222222222,data/deam/DEAM_spectrograms_shiv/903_seg1.png,rock,11,903_seg1
903,5.9,1.14,5.6,1.2,0.6555555555555556,0.6222222222222222,data/deam/DEAM_spectrograms_shiv/903_seg2.png,rock,11,903_seg2
904,5.7,1.19,4.2,1.72,0.6333333333333333,0.4666666666666667,data/deam/DEAM_spectrograms_shiv/904_seg0.png,rock,11,904_seg0
904,5.7,1.19,4.2,1.72,0.6333333333333333,0.4666666666666667,data/deam/DEAM_spectrograms_shiv/904_seg1.png,rock,11,904_seg1
904,5.7,1.19,4.2,1.72,0.6333333333333333,0.4666666666666667,data/deam/DEAM_spectrograms_shiv/904_seg2.png,rock,11,904_seg2
909,6.0,1.9,5.5,2.2,0.6666666666666666,0.6111111111111112,data/deam/DEAM_spectrograms_shiv/909_seg0.png,rock,11,909_seg0
909,6.0,1.9,5.5,2.2,0.6666666666666666,0.6111111111111112,data/deam/DEAM_spectrograms_shiv/909_seg1.png,rock,11,909_seg1
909,6.0,1.9,5.5,2.2,0.6666666666666666,0.6111111111111112,data/deam/DEAM_spectrograms_shiv/909_seg2.png,rock,11,909_seg2
910,7.0,1.55,6.6,1.74,0.7777777777777778,0.7333333333333333,data/deam/DEAM_spectrograms_shiv/910_seg0.png,rock,11,910_seg0
910,7.0,1.55,6.6,1.74,0.7777777777777778,0.7333333333333333,data/deam/DEAM_spectrograms_shiv/910_seg1.png,rock,11,910_seg1
910,7.0,1.55,6.6,1.74,0.7777777777777778,0.7333333333333333,data/deam/DEAM_spectrograms_shiv/910_seg2.png,rock,11,910_seg2
911,7.1,1.22,4.0,1.48,0.7888888888888889,0.4444444444444444,data/deam/DEAM_spectrograms_shiv/911_seg0.png,rock,11,911_seg0
911,7.1,1.22,4.0,1.48,0.7888888888888889,0.4444444444444444,data/deam/DEAM_spectrograms_shiv/911_seg1.png,rock,11,911_seg1
911,7.1,1.22,4.0,1.48,0.7888888888888889,0.4444444444444444,data/deam/DEAM_spectrograms_shiv/911_seg2.png,rock,11,911_seg2
913,4.8,1.94,3.3,1.55,0.5333333333333333,0.3666666666666666,data/deam/DEAM_spectrograms_shiv/913_seg0.png,rock,11,913_seg0
913,4.8,1.94,3.3,1.55,0.5333333333333333,0.3666666666666666,data/deam/DEAM_spectrograms_shiv/913_seg1.png,rock,11,913_seg1
913,4.8,1.94,3.3,1.55,0.5333333333333333,0.3666666666666666,data/deam/DEAM_spectrograms_shiv/913_seg2.png,rock,11,913_seg2
915,5.0,1.9,5.2,1.54,0.5555555555555556,0.5777777777777778,data/deam/DEAM_spectrograms_shiv/915_seg0.png,rock,11,915_seg0
915,5.0,1.9,5.2,1.54,0.5555555555555556,0.5777777777777778,data/deam/DEAM_spectrograms_shiv/915_seg1.png,rock,11,915_seg1
915,5.0,1.9,5.2,1.54,0.5555555555555556,0.5777777777777778,data/deam/DEAM_spectrograms_shiv/915_seg2.png,rock,11,915_seg2
921,5.9,1.14,6.1,1.3,0.6555555555555556,0.6777777777777777,data/deam/DEAM_spectrograms_shiv/921_seg0.png,rock,11,921_seg0
921,5.9,1.14,6.1,1.3,0.6555555555555556,0.6777777777777777,data/deam/DEAM_spectrograms_shiv/921_seg1.png,rock,11,921_seg1
921,5.9,1.14,6.1,1.3,0.6555555555555556,0.6777777777777777,data/deam/DEAM_spectrograms_shiv/921_seg2.png,rock,11,921_seg2
924,5.4,1.8,6.2,1.4,0.6000000000000001,0.6888888888888889,data/deam/DEAM_spectrograms_shiv/924_seg0.png,rock,11,924_seg0
924,5.4,1.8,6.2,1.4,0.6000000000000001,0.6888888888888889,data/deam/DEAM_spectrograms_shiv/924_seg1.png,rock,11,924_seg1
924,5.4,1.8,6.2,1.4,0.6000000000000001,0.6888888888888889,data/deam/DEAM_spectrograms_shiv/924_seg2.png,rock,11,924_seg2
925,4.9,1.51,5.7,1.62,0.5444444444444445,0.6333333333333333,data/deam/DEAM_spectrograms_shiv/925_seg0.png,rock,11,925_seg0
925,4.9,1.51,5.7,1.62,0.5444444444444445,0.6333333333333333,data/deam/DEAM_spectrograms_shiv/925_seg1.png,rock,11,925_seg1
925,4.9,1.51,5.7,1.62,0.5444444444444445,0.6333333333333333,data/deam/DEAM_spectrograms_shiv/925_seg2.png,rock,11,925_seg2
931,6.3,2.19,6.5,1.75,0.7,0.7222222222222222,data/deam/DEAM_spectrograms_shiv/931_seg0.png,rock,11,931_seg0
931,6.3,2.19,6.5,1.75,0.7,0.7222222222222222,data/deam/DEAM_spectrograms_shiv/931_seg1.png,rock,11,931_seg1
931,6.3,2.19,6.5,1.75,0.7,0.7222222222222222,data/deam/DEAM_spectrograms_shiv/931_seg2.png,rock,11,931_seg2
932,4.5,1.36,4.9,1.76,0.5,0.5444444444444445,data/deam/DEAM_spectrograms_shiv/932_seg0.png,rock,11,932_seg0
932,4.5,1.36,4.9,1.76,0.5,0.5444444444444445,data/deam/DEAM_spectrograms_shiv/932_seg1.png,rock,11,932_seg1
932,4.5,1.36,4.9,1.76,0.5,0.5444444444444445,data/deam/DEAM_spectrograms_shiv/932_seg2.png,rock,11,932_seg2
936,5.4,1.56,4.7,1.68,0.6000000000000001,0.5222222222222223,data/deam/DEAM_spectrograms_shiv/936_seg0.png,rock,11,936_seg0
936,5.4,1.56,4.7,1.68,0.6000000000000001,0.5222222222222223,data/deam/DEAM_spectrograms_shiv/936_seg1.png,rock,11,936_seg1
936,5.4,1.56,4.7,1.68,0.6000000000000001,0.5222222222222223,data/deam/DEAM_spectrograms_shiv/936_seg2.png,rock,11,936_seg2
939,6.2,1.4,2.7,1.1,0.6888888888888889,0.3,data/deam/DEAM_spectrograms_shiv/939_seg0.png,rock,11,939_seg0
939,6.2,1.4,2.7,1.1,0.6888888888888889,0.3,data/deam/DEAM_spectrograms_shiv/939_seg1.png,rock,11,939_seg1
939,6.2,1.4,2.7,1.1,0.6888888888888889,0.3,data/deam/DEAM_spectrograms_shiv/939_seg2.png,rock,11,939_seg2
941,7.2,0.98,5.9,1.7,0.8,0.6555555555555556,data/deam/DEAM_spectrograms_shiv/941_seg0.png,rock,11,941_seg0
941,7.2,0.98,5.9,1.7,0.8,0.6555555555555556,data/deam/DEAM_spectrograms_shiv/941_seg1.png,rock,11,941_seg1
941,7.2,0.98,5.9,1.7,0.8,0.6555555555555556,data/deam/DEAM_spectrograms_shiv/941_seg2.png,rock,11,941_seg2
942,4.8,1.6,4.1,1.97,0.5333333333333333,0.4555555555555555,data/deam/DEAM_spectrograms_shiv/942_seg0.png,rock,11,942_seg0
942,4.8,1.6,4.1,1.97,0.5333333333333333,0.4555555555555555,data/deam/DEAM_spectrograms_shiv/942_seg1.png,rock,11,942_seg1
942,4.8,1.6,4.1,1.97,0.5333333333333333,0.4555555555555555,data/deam/DEAM_spectrograms_shiv/942_seg2.png,rock,11,942_seg2
944,7.1,0.94,6.5,1.2,0.7888888888888889,0.7222222222222222,data/deam/DEAM_spectrograms_shiv/944_seg0.png,rock,11,944_seg0
944,7.1,0.94,6.5,1.2,0.7888888888888889,0.7222222222222222,data/deam/DEAM_spectrograms_shiv/944_seg1.png,rock,11,944_seg1
944,7.1,0.94,6.5,1.2,0.7888888888888889,0.7222222222222222,data/deam/DEAM_spectrograms_shiv/944_seg2.png,rock,11,944_seg2
945,2.3,1.35,2.8,1.47,0.2555555555555555,0.3111111111111111,data/deam/DEAM_spectrograms_shiv/945_seg0.png,rock,11,945_seg0
945,2.3,1.35,2.8,1.47,0.2555555555555555,0.3111111111111111,data/deam/DEAM_spectrograms_shiv/945_seg1.png,rock,11,945_seg1
945,2.3,1.35,2.8,1.47,0.2555555555555555,0.3111111111111111,data/deam/DEAM_spectrograms_shiv/945_seg2.png,rock,11,945_seg2
952,4.2,2.14,3.7,1.35,0.4666666666666667,0.4111111111111111,data/deam/DEAM_spectrograms_shiv/952_seg0.png,rock,11,952_seg0
952,4.2,2.14,3.7,1.35,0.4666666666666667,0.4111111111111111,data/deam/DEAM_spectrograms_shiv/952_seg1.png,rock,11,952_seg1
952,4.2,2.14,3.7,1.35,0.4666666666666667,0.4111111111111111,data/deam/DEAM_spectrograms_shiv/952_seg2.png,rock,11,952_seg2
954,5.1,1.58,5.5,1.02,0.5666666666666667,0.6111111111111112,data/deam/DEAM_spectrograms_shiv/954_seg0.png,rock,11,954_seg0
954,5.1,1.58,5.5,1.02,0.5666666666666667,0.6111111111111112,data/deam/DEAM_spectrograms_shiv/954_seg1.png,rock,11,954_seg1
954,5.1,1.58,5.5,1.02,0.5666666666666667,0.6111111111111112,data/deam/DEAM_spectrograms_shiv/954_seg2.png,rock,11,954_seg2
955,3.8,1.4,5.6,0.8,0.4222222222222222,0.6222222222222222,data/deam/DEAM_spectrograms_shiv/955_seg0.png,rock,11,955_seg0
955,3.8,1.4,5.6,0.8,0.4222222222222222,0.6222222222222222,data/deam/DEAM_spectrograms_shiv/955_seg1.png,rock,11,955_seg1
955,3.8,1.4,5.6,0.8,0.4222222222222222,0.6222222222222222,data/deam/DEAM_spectrograms_shiv/955_seg2.png,rock,11,955_seg2
956,4.5,1.02,5.4,0.92,0.5,0.6000000000000001,data/deam/DEAM_spectrograms_shiv/956_seg0.png,rock,11,956_seg0
956,4.5,1.02,5.4,0.92,0.5,0.6000000000000001,data/deam/DEAM_spectrograms_shiv/956_seg1.png,rock,11,956_seg1
956,4.5,1.02,5.4,0.92,0.5,0.6000000000000001,data/deam/DEAM_spectrograms_shiv/956_seg2.png,rock,11,956_seg2
957,2.8,1.08,4.7,1.55,0.3111111111111111,0.5222222222222223,data/deam/DEAM_spectrograms_shiv/957_seg0.png,rock,11,957_seg0
957,2.8,1.08,4.7,1.55,0.3111111111111111,0.5222222222222223,data/deam/DEAM_spectrograms_shiv/957_seg1.png,rock,11,957_seg1
957,2.8,1.08,4.7,1.55,0.3111111111111111,0.5222222222222223,data/deam/DEAM_spectrograms_shiv/957_seg2.png,rock,11,957_seg2
960,7.7,1.27,7.7,0.78,0.8555555555555556,0.8555555555555556,data/deam/DEAM_spectrograms_shiv/960_seg0.png,rock,11,960_seg0
960,7.7,1.27,7.7,0.78,0.8555555555555556,0.8555555555555556,data/deam/DEAM_spectrograms_shiv/960_seg1.png,rock,11,960_seg1
960,7.7,1.27,7.7,0.78,0.8555555555555556,0.8555555555555556,data/deam/DEAM_spectrograms_shiv/960_seg2.png,rock,11,960_seg2
961,5.6,0.8,5.5,1.2,0.6222222222222222,0.6111111111111112,data/deam/DEAM_spectrograms_shiv/961_seg0.png,rock,11,961_seg0
961,5.6,0.8,5.5,1.2,0.6222222222222222,0.6111111111111112,data/deam/DEAM_spectrograms_shiv/961_seg1.png,rock,11,961_seg1
961,5.6,0.8,5.5,1.2,0.6222222222222222,0.6111111111111112,data/deam/DEAM_spectrograms_shiv/961_seg2.png,rock,11,961_seg2
962,7.4,0.92,3.4,1.5,0.8222222222222223,0.3777777777777777,data/deam/DEAM_spectrograms_shiv/962_seg0.png,rock,11,962_seg0
962,7.4,0.92,3.4,1.5,0.8222222222222223,0.3777777777777777,data/deam/DEAM_spectrograms_shiv/962_seg1.png,rock,11,962_seg1
962,7.4,0.92,3.4,1.5,0.8222222222222223,0.3777777777777777,data/deam/DEAM_spectrograms_shiv/962_seg2.png,rock,11,962_seg2
964,7.6,0.92,7.0,1.48,0.8444444444444444,0.7777777777777778,data/deam/DEAM_spectrograms_shiv/964_seg0.png,rock,11,964_seg0
964,7.6,0.92,7.0,1.48,0.8444444444444444,0.7777777777777778,data/deam/DEAM_spectrograms_shiv/964_seg1.png,rock,11,964_seg1
964,7.6,0.92,7.0,1.48,0.8444444444444444,0.7777777777777778,data/deam/DEAM_spectrograms_shiv/964_seg2.png,rock,11,964_seg2
967,2.8,2.09,4.4,2.15,0.3111111111111111,0.4888888888888889,data/deam/DEAM_spectrograms_shiv/967_seg0.png,rock,11,967_seg0
967,2.8,2.09,4.4,2.15,0.3111111111111111,0.4888888888888889,data/deam/DEAM_spectrograms_shiv/967_seg1.png,rock,11,967_seg1
967,2.8,2.09,4.4,2.15,0.3111111111111111,0.4888888888888889,data/deam/DEAM_spectrograms_shiv/967_seg2.png,rock,11,967_seg2
968,3.8,2.14,3.2,1.72,0.4222222222222222,0.3555555555555555,data/deam/DEAM_spectrograms_shiv/968_seg0.png,rock,11,968_seg0
968,3.8,2.14,3.2,1.72,0.4222222222222222,0.3555555555555555,data/deam/DEAM_spectrograms_shiv/968_seg1.png,rock,11,968_seg1
968,3.8,2.14,3.2,1.72,0.4222222222222222,0.3555555555555555,data/deam/DEAM_spectrograms_shiv/968_seg2.png,rock,11,968_seg2
970,6.6,1.56,6.6,1.56,0.7333333333333333,0.7333333333333333,data/deam/DEAM_spectrograms_shiv/970_seg0.png,rock,11,970_seg0
970,6.6,1.56,6.6,1.56,0.7333333333333333,0.7333333333333333,data/deam/DEAM_spectrograms_shiv/970_seg1.png,rock,11,970_seg1
970,6.6,1.56,6.6,1.56,0.7333333333333333,0.7333333333333333,data/deam/DEAM_spectrograms_shiv/970_seg2.png,rock,11,970_seg2
974,4.1,1.64,4.2,1.78,0.4555555555555555,0.4666666666666667,data/deam/DEAM_spectrograms_shiv/974_seg0.png,rock,11,974_seg0
974,4.1,1.64,4.2,1.78,0.4555555555555555,0.4666666666666667,data/deam/DEAM_spectrograms_shiv/974_seg1.png,rock,11,974_seg1
974,4.1,1.64,4.2,1.78,0.4555555555555555,0.4666666666666667,data/deam/DEAM_spectrograms_shiv/974_seg2.png,rock,11,974_seg2
976,6.2,1.08,5.9,1.22,0.6888888888888889,0.6555555555555556,data/deam/DEAM_spectrograms_shiv/976_seg0.png,rock,11,976_seg0
976,6.2,1.08,5.9,1.22,0.6888888888888889,0.6555555555555556,data/deam/DEAM_spectrograms_shiv/976_seg1.png,rock,11,976_seg1
976,6.2,1.08,5.9,1.22,0.6888888888888889,0.6555555555555556,data/deam/DEAM_spectrograms_shiv/976_seg2.png,rock,11,976_seg2
977,7.3,1.0,3.5,1.63,0.8111111111111111,0.3888888888888889,data/deam/DEAM_spectrograms_shiv/977_seg0.png,rock,11,977_seg0
977,7.3,1.0,3.5,1.63,0.8111111111111111,0.3888888888888889,data/deam/DEAM_spectrograms_shiv/977_seg1.png,rock,11,977_seg1
977,7.3,1.0,3.5,1.63,0.8111111111111111,0.3888888888888889,data/deam/DEAM_spectrograms_shiv/977_seg2.png,rock,11,977_seg2
979,3.1,1.58,5.5,1.86,0.3444444444444444,0.6111111111111112,data/deam/DEAM_spectrograms_shiv/979_seg0.png,rock,11,979_seg0
979,3.1,1.58,5.5,1.86,0.3444444444444444,0.6111111111111112,data/deam/DEAM_spectrograms_shiv/979_seg1.png,rock,11,979_seg1
979,3.1,1.58,5.5,1.86,0.3444444444444444,0.6111111111111112,data/deam/DEAM_spectrograms_shiv/979_seg2.png,rock,11,979_seg2
980,5.8,1.17,4.3,1.73,0.6444444444444444,0.4777777777777777,data/deam/DEAM_spectrograms_shiv/980_seg0.png,rock,11,980_seg0
980,5.8,1.17,4.3,1.73,0.6444444444444444,0.4777777777777777,data/deam/DEAM_spectrograms_shiv/980_seg1.png,rock,11,980_seg1
980,5.8,1.17,4.3,1.73,0.6444444444444444,0.4777777777777777,data/deam/DEAM_spectrograms_shiv/980_seg2.png,rock,11,980_seg2
983,4.8,2.23,6.3,1.27,0.5333333333333333,0.7,data/deam/DEAM_spectrograms_shiv/983_seg0.png,rock,11,983_seg0
983,4.8,2.23,6.3,1.27,0.5333333333333333,0.7,data/deam/DEAM_spectrograms_shiv/983_seg1.png,rock,11,983_seg1
983,4.8,2.23,6.3,1.27,0.5333333333333333,0.7,data/deam/DEAM_spectrograms_shiv/983_seg2.png,rock,11,983_seg2
985,3.9,1.81,6.1,1.22,0.4333333333333333,0.6777777777777777,data/deam/DEAM_spectrograms_shiv/985_seg0.png,rock,11,985_seg0
985,3.9,1.81,6.1,1.22,0.4333333333333333,0.6777777777777777,data/deam/DEAM_spectrograms_shiv/985_seg1.png,rock,11,985_seg1
985,3.9,1.81,6.1,1.22,0.4333333333333333,0.6777777777777777,data/deam/DEAM_spectrograms_shiv/985_seg2.png,rock,11,985_seg2
986,5.8,0.98,4.5,1.96,0.6444444444444444,0.5,data/deam/DEAM_spectrograms_shiv/986_seg0.png,rock,11,986_seg0
986,5.8,0.98,4.5,1.96,0.6444444444444444,0.5,data/deam/DEAM_spectrograms_shiv/986_seg1.png,rock,11,986_seg1
986,5.8,0.98,4.5,1.96,0.6444444444444444,0.5,data/deam/DEAM_spectrograms_shiv/986_seg2.png,rock,11,986_seg2
987,6.3,1.62,3.6,1.56,0.7,0.4,data/deam/DEAM_spectrograms_shiv/987_seg0.png,rock,11,987_seg0
987,6.3,1.62,3.6,1.56,0.7,0.4,data/deam/DEAM_spectrograms_shiv/987_seg1.png,rock,11,987_seg1
987,6.3,1.62,3.6,1.56,0.7,0.4,data/deam/DEAM_spectrograms_shiv/987_seg2.png,rock,11,987_seg2
988,5.4,1.2,5.9,1.51,0.6000000000000001,0.6555555555555556,data/deam/DEAM_spectrograms_shiv/988_seg0.png,rock,11,988_seg0
988,5.4,1.2,5.9,1.51,0.6000000000000001,0.6555555555555556,data/deam/DEAM_spectrograms_shiv/988_seg1.png,rock,11,988_seg1
988,5.4,1.2,5.9,1.51,0.6000000000000001,0.6555555555555556,data/deam/DEAM_spectrograms_shiv/988_seg2.png,rock,11,988_seg2
989,6.3,2.0,6.4,1.56,0.7,0.7111111111111111,data/deam/DEAM_spectrograms_shiv/989_seg0.png,rock,11,989_seg0
989,6.3,2.0,6.4,1.56,0.7,0.7111111111111111,data/deam/DEAM_spectrograms_shiv/989_seg1.png,rock,11,989_seg1
989,6.3,2.0,6.4,1.56,0.7,0.7111111111111111,data/deam/DEAM_spectrograms_shiv/989_seg2.png,rock,11,989_seg2
990,6.0,1.61,6.1,1.51,0.6666666666666666,0.6777777777777777,data/deam/DEAM_spectrograms_shiv/990_seg0.png,rock,11,990_seg0
990,6.0,1.61,6.1,1.51,0.6666666666666666,0.6777777777777777,data/deam/DEAM_spectrograms_shiv/990_seg1.png,rock,11,990_seg1
990,6.0,1.61,6.1,1.51,0.6666666666666666,0.6777777777777777,data/deam/DEAM_spectrograms_shiv/990_seg2.png,rock,11,990_seg2
991,3.1,1.3,3.5,1.5,0.3444444444444444,0.3888888888888889,data/deam/DEAM_spectrograms_shiv/991_seg0.png,rock,11,991_seg0
991,3.1,1.3,3.5,1.5,0.3444444444444444,0.3888888888888889,data/deam/DEAM_spectrograms_shiv/991_seg1.png,rock,11,991_seg1
991,3.1,1.3,3.5,1.5,0.3444444444444444,0.3888888888888889,data/deam/DEAM_spectrograms_shiv/991_seg2.png,rock,11,991_seg2
993,4.4,1.2,3.8,1.17,0.4888888888888889,0.4222222222222222,data/deam/DEAM_spectrograms_shiv/993_seg0.png,rock,11,993_seg0
993,4.4,1.2,3.8,1.17,0.4888888888888889,0.4222222222222222,data/deam/DEAM_spectrograms_shiv/993_seg1.png,rock,11,993_seg1
993,4.4,1.2,3.8,1.17,0.4888888888888889,0.4222222222222222,data/deam/DEAM_spectrograms_shiv/993_seg2.png,rock,11,993_seg2
994,6.6,1.74,5.3,1.55,0.7333333333333333,0.5888888888888889,data/deam/DEAM_spectrograms_shiv/994_seg0.png,rock,11,994_seg0
994,6.6,1.74,5.3,1.55,0.7333333333333333,0.5888888888888889,data/deam/DEAM_spectrograms_shiv/994_seg1.png,rock,11,994_seg1
994,6.6,1.74,5.3,1.55,0.7333333333333333,0.5888888888888889,data/deam/DEAM_spectrograms_shiv/994_seg2.png,rock,11,994_seg2
995,4.7,1.27,2.4,0.92,0.5222222222222223,0.2666666666666666,data/deam/DEAM_spectrograms_shiv/995_seg0.png,rock,11,995_seg0
995,4.7,1.27,2.4,0.92,0.5222222222222223,0.2666666666666666,data/deam/DEAM_spectrograms_shiv/995_seg1.png,rock,11,995_seg1
995,4.7,1.27,2.4,0.92,0.5222222222222223,0.2666666666666666,data/deam/DEAM_spectrograms_shiv/995_seg2.png,rock,11,995_seg2
996,6.0,1.61,6.7,1.68,0.6666666666666666,0.7444444444444445,data/deam/DEAM_spectrograms_shiv/996_seg0.png,rock,11,996_seg0
996,6.0,1.61,6.7,1.68,0.6666666666666666,0.7444444444444445,data/deam/DEAM_spectrograms_shiv/996_seg1.png,rock,11,996_seg1
996,6.0,1.61,6.7,1.68,0.6666666666666666,0.7444444444444445,data/deam/DEAM_spectrograms_shiv/996_seg2.png,rock,11,996_seg2
997,6.4,2.11,6.7,1.68,0.7111111111111111,0.7444444444444445,data/deam/DEAM_spectrograms_shiv/997_seg0.png,rock,11,997_seg0
997,6.4,2.11,6.7,1.68,0.7111111111111111,0.7444444444444445,data/deam/DEAM_spectrograms_shiv/997_seg1.png,rock,11,997_seg1
997,6.4,2.11,6.7,1.68,0.7111111111111111,0.7444444444444445,data/deam/DEAM_spectrograms_shiv/997_seg2.png,rock,11,997_seg2
999,4.1,2.3,5.9,1.58,0.4555555555555555,0.6555555555555556,data/deam/DEAM_spectrograms_shiv/999_seg0.png,rock,11,999_seg0
999,4.1,2.3,5.9,1.58,0.4555555555555555,0.6555555555555556,data/deam/DEAM_spectrograms_shiv/999_seg1.png,rock,11,999_seg1
999,4.1,2.3,5.9,1.58,0.4555555555555555,0.6555555555555556,data/deam/DEAM_spectrograms_shiv/999_seg2.png,rock,11,999_seg2
1000,6.8,1.6,5.6,2.06,0.7555555555555555,0.6222222222222222,data/deam/DEAM_spectrograms_shiv/1000_seg0.png,rock,11,1000_seg0
1000,6.8,1.6,5.6,2.06,0.7555555555555555,0.6222222222222222,data/deam/DEAM_spectrograms_shiv/1000_seg1.png,rock,11,1000_seg1
1000,6.8,1.6,5.6,2.06,0.7555555555555555,0.6222222222222222,data/deam/DEAM_spectrograms_shiv/1000_seg2.png,rock,11,1000_seg2
1001,4.4,1.5,3.8,1.72,0.4888888888888889,0.4222222222222222,data/deam/DEAM_spectrograms_shiv/1001_seg0.png,soulrb,12,1001_seg0
1001,4.4,1.5,3.8,1.72,0.4888888888888889,0.4222222222222222,data/deam/DEAM_spectrograms_shiv/1001_seg1.png,soulrb,12,1001_seg1
1001,4.4,1.5,3.8,1.72,0.4888888888888889,0.4222222222222222,data/deam/DEAM_spectrograms_shiv/1001_seg2.png,soulrb,12,1001_seg2
1002,4.5,1.5,3.2,1.54,0.5,0.3555555555555555,data/deam/DEAM_spectrograms_shiv/1002_seg0.png,blues,1,1002_seg0
1002,4.5,1.5,3.2,1.54,0.5,0.3555555555555555,data/deam/DEAM_spectrograms_shiv/1002_seg1.png,blues,1,1002_seg1
1002,4.5,1.5,3.2,1.54,0.5,0.3555555555555555,data/deam/DEAM_spectrograms_shiv/1002_seg2.png,blues,1,1002_seg2
1003,5.3,1.79,3.3,1.35,0.5888888888888889,0.3666666666666666,data/deam/DEAM_spectrograms_shiv/1003_seg0.png,blues,1,1003_seg0
1003,5.3,1.79,3.3,1.35,0.5888888888888889,0.3666666666666666,data/deam/DEAM_spectrograms_shiv/1003_seg1.png,blues,1,1003_seg1
1003,5.3,1.79,3.3,1.35,0.5888888888888889,0.3666666666666666,data/deam/DEAM_spectrograms_shiv/1003_seg2.png,blues,1,1003_seg2
1005,5.4,1.28,5.1,1.22,0.6000000000000001,0.5666666666666667,data/deam/DEAM_spectrograms_shiv/1005_seg0.png,blues,1,1005_seg0
1005,5.4,1.28,5.1,1.22,0.6000000000000001,0.5666666666666667,data/deam/DEAM_spectrograms_shiv/1005_seg1.png,blues,1,1005_seg1
1005,5.4,1.28,5.1,1.22,0.6000000000000001,0.5666666666666667,data/deam/DEAM_spectrograms_shiv/1005_seg2.png,blues,1,1005_seg2
1007,5.2,1.47,5.4,1.56,0.5777777777777778,0.6000000000000001,data/deam/DEAM_spectrograms_shiv/1007_seg0.png,blues,1,1007_seg0
1007,5.2,1.47,5.4,1.56,0.5777777777777778,0.6000000000000001,data/deam/DEAM_spectrograms_shiv/1007_seg1.png,blues,1,1007_seg1
1007,5.2,1.47,5.4,1.56,0.5777777777777778,0.6000000000000001,data/deam/DEAM_spectrograms_shiv/1007_seg2.png,blues,1,1007_seg2
1009,3.5,1.69,3.7,1.85,0.3888888888888889,0.4111111111111111,data/deam/DEAM_spectrograms_shiv/1009_seg0.png,soulrb,12,1009_seg0
1009,3.5,1.69,3.7,1.85,0.3888888888888889,0.4111111111111111,data/deam/DEAM_spectrograms_shiv/1009_seg1.png,soulrb,12,1009_seg1
1009,3.5,1.69,3.7,1.85,0.3888888888888889,0.4111111111111111,data/deam/DEAM_spectrograms_shiv/1009_seg2.png,soulrb,12,1009_seg2
1010,6.5,1.63,6.5,1.5,0.7222222222222222,0.7222222222222222,data/deam/DEAM_spectrograms_shiv/1010_seg0.png,blues,1,1010_seg0
1010,6.5,1.63,6.5,1.5,0.7222222222222222,0.7222222222222222,data/deam/DEAM_spectrograms_shiv/1010_seg1.png,blues,1,1010_seg1
1010,6.5,1.63,6.5,1.5,0.7222222222222222,0.7222222222222222,data/deam/DEAM_spectrograms_shiv/1010_seg2.png,blues,1,1010_seg2
1011,4.5,1.43,3.0,1.1,0.5,0.3333333333333333,data/deam/DEAM_spectrograms_shiv/1011_seg0.png,soulrb,12,1011_seg0
1011,4.5,1.43,3.0,1.1,0.5,0.3333333333333333,data/deam/DEAM_spectrograms_shiv/1011_seg1.png,soulrb,12,1011_seg1
1011,4.5,1.43,3.0,1.1,0.5,0.3333333333333333,data/deam/DEAM_spectrograms_shiv/1011_seg2.png,soulrb,12,1011_seg2
1013,3.2,1.4,3.5,1.75,0.3555555555555555,0.3888888888888889,data/deam/DEAM_spectrograms_shiv/1013_seg0.png,soulrb,12,1013_seg0
1013,3.2,1.4,3.5,1.75,0.3555555555555555,0.3888888888888889,data/deam/DEAM_spectrograms_shiv/1013_seg1.png,soulrb,12,1013_seg1
1013,3.2,1.4,3.5,1.75,0.3555555555555555,0.3888888888888889,data/deam/DEAM_spectrograms_shiv/1013_seg2.png,soulrb,12,1013_seg2
1014,4.9,1.04,4.5,1.28,0.5444444444444445,0.5,data/deam/DEAM_spectrograms_shiv/1014_seg0.png,soulrb,12,1014_seg0
1014,4.9,1.04,4.5,1.28,0.5444444444444445,0.5,data/deam/DEAM_spectrograms_shiv/1014_seg1.png,soulrb,12,1014_seg1
1014,4.9,1.04,4.5,1.28,0.5444444444444445,0.5,data/deam/DEAM_spectrograms_shiv/1014_seg2.png,soulrb,12,1014_seg2
1016,3.3,1.42,1.9,0.7,0.3666666666666666,0.2111111111111111,data/deam/DEAM_spectrograms_shiv/1016_seg0.png,blues,1,1016_seg0
1016,3.3,1.42,1.9,0.7,0.3666666666666666,0.2111111111111111,data/deam/DEAM_spectrograms_shiv/1016_seg1.png,blues,1,1016_seg1
1016,3.3,1.42,1.9,0.7,0.3666666666666666,0.2111111111111111,data/deam/DEAM_spectrograms_shiv/1016_seg2.png,blues,1,1016_seg2
1018,3.7,1.49,2.5,1.28,0.4111111111111111,0.2777777777777778,data/deam/DEAM_spectrograms_shiv/1018_seg0.png,soulrb,12,1018_seg0
1018,3.7,1.49,2.5,1.28,0.4111111111111111,0.2777777777777778,data/deam/DEAM_spectrograms_shiv/1018_seg1.png,soulrb,12,1018_seg1
1018,3.7,1.49,2.5,1.28,0.4111111111111111,0.2777777777777778,data/deam/DEAM_spectrograms_shiv/1018_seg2.png,soulrb,12,1018_seg2
1019,4.3,1.68,2.8,1.08,0.4777777777777777,0.3111111111111111,data/deam/DEAM_spectrograms_shiv/1019_seg0.png,soulrb,12,1019_seg0
1019,4.3,1.68,2.8,1.08,0.4777777777777777,0.3111111111111111,data/deam/DEAM_spectrograms_shiv/1019_seg1.png,soulrb,12,1019_seg1
1019,4.3,1.68,2.8,1.08,0.4777777777777777,0.3111111111111111,data/deam/DEAM_spectrograms_shiv/1019_seg2.png,soulrb,12,1019_seg2
1020,3.4,1.43,2.5,0.81,0.3777777777777777,0.2777777777777778,data/deam/DEAM_spectrograms_shiv/1020_seg0.png,soulrb,12,1020_seg0
1020,3.4,1.43,2.5,0.81,0.3777777777777777,0.2777777777777778,data/deam/DEAM_spectrograms_shiv/1020_seg1.png,soulrb,12,1020_seg1
1020,3.4,1.43,2.5,0.81,0.3777777777777777,0.2777777777777778,data/deam/DEAM_spectrograms_shiv/1020_seg2.png,soulrb,12,1020_seg2
1021,6.2,1.66,4.8,1.17,0.6888888888888889,0.5333333333333333,data/deam/DEAM_spectrograms_shiv/1021_seg0.png,blues,1,1021_seg0
1021,6.2,1.66,4.8,1.17,0.6888888888888889,0.5333333333333333,data/deam/DEAM_spectrograms_shiv/1021_seg1.png,blues,1,1021_seg1
1021,6.2,1.66,4.8,1.17,0.6888888888888889,0.5333333333333333,data/deam/DEAM_spectrograms_shiv/1021_seg2.png,blues,1,1021_seg2
1022,3.3,1.19,3.3,1.68,0.3666666666666666,0.3666666666666666,data/deam/DEAM_spectrograms_shiv/1022_seg0.png,soulrb,12,1022_seg0
1022,3.3,1.19,3.3,1.68,0.3666666666666666,0.3666666666666666,data/deam/DEAM_spectrograms_shiv/1022_seg1.png,soulrb,12,1022_seg1
1022,3.3,1.19,3.3,1.68,0.3666666666666666,0.3666666666666666,data/deam/DEAM_spectrograms_shiv/1022_seg2.png,soulrb,12,1022_seg2
1023,2.9,1.37,2.3,0.78,0.3222222222222222,0.2555555555555555,data/deam/DEAM_spectrograms_shiv/1023_seg0.png,soulrb,12,1023_seg0
1023,2.9,1.37,2.3,0.78,0.3222222222222222,0.2555555555555555,data/deam/DEAM_spectrograms_shiv/1023_seg1.png,soulrb,12,1023_seg1
1023,2.9,1.37,2.3,0.78,0.3222222222222222,0.2555555555555555,data/deam/DEAM_spectrograms_shiv/1023_seg2.png,soulrb,12,1023_seg2
1026,3.7,1.73,2.8,1.83,0.4111111111111111,0.3111111111111111,data/deam/DEAM_spectrograms_shiv/1026_seg0.png,soulrb,12,1026_seg0
1026,3.7,1.73,2.8,1.83,0.4111111111111111,0.3111111111111111,data/deam/DEAM_spectrograms_shiv/1026_seg1.png,soulrb,12,1026_seg1
1026,3.7,1.73,2.8,1.83,0.4111111111111111,0.3111111111111111,data/deam/DEAM_spectrograms_shiv/1026_seg2.png,soulrb,12,1026_seg2
1028,4.5,1.28,4.8,1.25,0.5,0.5333333333333333,data/deam/DEAM_spectrograms_shiv/1028_seg0.png,soulrb,12,1028_seg0
1028,4.5,1.28,4.8,1.25,0.5,0.5333333333333333,data/deam/DEAM_spectrograms_shiv/1028_seg1.png,soulrb,12,1028_seg1
1028,4.5,1.28,4.8,1.25,0.5,0.5333333333333333,data/deam/DEAM_spectrograms_shiv/1028_seg2.png,soulrb,12,1028_seg2
1029,3.9,0.99,4.5,1.08,0.4333333333333333,0.5,data/deam/DEAM_spectrograms_shiv/1029_seg0.png,blues,1,1029_seg0
1029,3.9,0.99,4.5,1.08,0.4333333333333333,0.5,data/deam/DEAM_spectrograms_shiv/1029_seg1.png,blues,1,1029_seg1
1029,3.9,0.99,4.5,1.08,0.4333333333333333,0.5,data/deam/DEAM_spectrograms_shiv/1029_seg2.png,blues,1,1029_seg2
1030,5.7,1.42,5.2,1.25,0.6333333333333333,0.5777777777777778,data/deam/DEAM_spectrograms_shiv/1030_seg0.png,blues,1,1030_seg0
1030,5.7,1.42,5.2,1.25,0.6333333333333333,0.5777777777777778,data/deam/DEAM_spectrograms_shiv/1030_seg1.png,blues,1,1030_seg1
1030,5.7,1.42,5.2,1.25,0.6333333333333333,0.5777777777777778,data/deam/DEAM_spectrograms_shiv/1030_seg2.png,blues,1,1030_seg2
1031,4.8,1.4,5.0,1.84,0.5333333333333333,0.5555555555555556,data/deam/DEAM_spectrograms_shiv/1031_seg0.png,soulrb,12,1031_seg0
1031,4.8,1.4,5.0,1.84,0.5333333333333333,0.5555555555555556,data/deam/DEAM_spectrograms_shiv/1031_seg1.png,soulrb,12,1031_seg1
1031,4.8,1.4,5.0,1.84,0.5333333333333333,0.5555555555555556,data/deam/DEAM_spectrograms_shiv/1031_seg2.png,soulrb,12,1031_seg2
1032,3.3,1.42,4.1,1.92,0.3666666666666666,0.4555555555555555,data/deam/DEAM_spectrograms_shiv/1032_seg0.png,soulrb,12,1032_seg0
1032,3.3,1.42,4.1,1.92,0.3666666666666666,0.4555555555555555,data/deam/DEAM_spectrograms_shiv/1032_seg1.png,soulrb,12,1032_seg1
1032,3.3,1.42,4.1,1.92,0.3666666666666666,0.4555555555555555,data/deam/DEAM_spectrograms_shiv/1032_seg2.png,soulrb,12,1032_seg2
1034,3.3,1.55,2.8,1.08,0.3666666666666666,0.3111111111111111,data/deam/DEAM_spectrograms_shiv/1034_seg0.png,soulrb,12,1034_seg0
1034,3.3,1.55,2.8,1.08,0.3666666666666666,0.3111111111111111,data/deam/DEAM_spectrograms_shiv/1034_seg1.png,soulrb,12,1034_seg1
1034,3.3,1.55,2.8,1.08,0.3666666666666666,0.3111111111111111,data/deam/DEAM_spectrograms_shiv/1034_seg2.png,soulrb,12,1034_seg2
1035,4.3,1.49,4.2,1.94,0.4777777777777777,0.4666666666666667,data/deam/DEAM_spectrograms_shiv/1035_seg0.png,soulrb,12,1035_seg0
1035,4.3,1.49,4.2,1.94,0.4777777777777777,0.4666666666666667,data/deam/DEAM_spectrograms_shiv/1035_seg1.png,soulrb,12,1035_seg1
1035,4.3,1.49,4.2,1.94,0.4777777777777777,0.4666666666666667,data/deam/DEAM_spectrograms_shiv/1035_seg2.png,soulrb,12,1035_seg2
1036,4.8,1.6,3.0,0.89,0.5333333333333333,0.3333333333333333,data/deam/DEAM_spectrograms_shiv/1036_seg0.png,soulrb,12,1036_seg0
1036,4.8,1.6,3.0,0.89,0.5333333333333333,0.3333333333333333,data/deam/DEAM_spectrograms_shiv/1036_seg1.png,soulrb,12,1036_seg1
1036,4.8,1.6,3.0,0.89,0.5333333333333333,0.3333333333333333,data/deam/DEAM_spectrograms_shiv/1036_seg2.png,soulrb,12,1036_seg2
1037,5.0,0.63,4.4,1.36,0.5555555555555556,0.4888888888888889,data/deam/DEAM_spectrograms_shiv/1037_seg0.png,soulrb,12,1037_seg0
1037,5.0,0.63,4.4,1.36,0.5555555555555556,0.4888888888888889,data/deam/DEAM_spectrograms_shiv/1037_seg1.png,soulrb,12,1037_seg1
1037,5.0,0.63,4.4,1.36,0.5555555555555556,0.4888888888888889,data/deam/DEAM_spectrograms_shiv/1037_seg2.png,soulrb,12,1037_seg2
1039,6.3,1.49,4.6,1.5,0.7,0.5111111111111111,data/deam/DEAM_spectrograms_shiv/1039_seg0.png,soulrb,12,1039_seg0
1039,6.3,1.49,4.6,1.5,0.7,0.5111111111111111,data/deam/DEAM_spectrograms_shiv/1039_seg1.png,soulrb,12,1039_seg1
1039,6.3,1.49,4.6,1.5,0.7,0.5111111111111111,data/deam/DEAM_spectrograms_shiv/1039_seg2.png,soulrb,12,1039_seg2
1040,6.2,1.54,5.3,1.35,0.6888888888888889,0.5888888888888889,data/deam/DEAM_spectrograms_shiv/1040_seg0.png,soulrb,12,1040_seg0
1040,6.2,1.54,5.3,1.35,0.6888888888888889,0.5888888888888889,data/deam/DEAM_spectrograms_shiv/1040_seg1.png,soulrb,12,1040_seg1
1040,6.2,1.54,5.3,1.35,0.6888888888888889,0.5888888888888889,data/deam/DEAM_spectrograms_shiv/1040_seg2.png,soulrb,12,1040_seg2
1041,5.6,1.2,5.4,1.62,0.6222222222222222,0.6000000000000001,data/deam/DEAM_spectrograms_shiv/1041_seg0.png,soulrb,12,1041_seg0
1041,5.6,1.2,5.4,1.62,0.6222222222222222,0.6000000000000001,data/deam/DEAM_spectrograms_shiv/1041_seg1.png,soulrb,12,1041_seg1
1041,5.6,1.2,5.4,1.62,0.6222222222222222,0.6000000000000001,data/deam/DEAM_spectrograms_shiv/1041_seg2.png,soulrb,12,1041_seg2
1042,5.0,1.18,4.3,1.85,0.5555555555555556,0.4777777777777777,data/deam/DEAM_spectrograms_shiv/1042_seg0.png,blues,1,1042_seg0
1042,5.0,1.18,4.3,1.85,0.5555555555555556,0.4777777777777777,data/deam/DEAM_spectrograms_shiv/1042_seg1.png,blues,1,1042_seg1
1042,5.0,1.18,4.3,1.85,0.5555555555555556,0.4777777777777777,data/deam/DEAM_spectrograms_shiv/1042_seg2.png,blues,1,1042_seg2
1043,4.9,1.76,5.0,1.41,0.5444444444444445,0.5555555555555556,data/deam/DEAM_spectrograms_shiv/1043_seg0.png,soulrb,12,1043_seg0
1043,4.9,1.76,5.0,1.41,0.5444444444444445,0.5555555555555556,data/deam/DEAM_spectrograms_shiv/1043_seg1.png,soulrb,12,1043_seg1
1043,4.9,1.76,5.0,1.41,0.5444444444444445,0.5555555555555556,data/deam/DEAM_spectrograms_shiv/1043_seg2.png,soulrb,12,1043_seg2
1044,7.1,1.64,6.1,1.81,0.7888888888888889,0.6777777777777777,data/deam/DEAM_spectrograms_shiv/1044_seg0.png,soulrb,12,1044_seg0
1044,7.1,1.64,6.1,1.81,0.7888888888888889,0.6777777777777777,data/deam/DEAM_spectrograms_shiv/1044_seg1.png,soulrb,12,1044_seg1
1044,7.1,1.64,6.1,1.81,0.7888888888888889,0.6777777777777777,data/deam/DEAM_spectrograms_shiv/1044_seg2.png,soulrb,12,1044_seg2
1045,4.4,1.43,3.1,1.22,0.4888888888888889,0.3444444444444444,data/deam/DEAM_spectrograms_shiv/1045_seg0.png,soulrb,12,1045_seg0
1045,4.4,1.43,3.1,1.22,0.4888888888888889,0.3444444444444444,data/deam/DEAM_spectrograms_shiv/1045_seg1.png,soulrb,12,1045_seg1
1045,4.4,1.43,3.1,1.22,0.4888888888888889,0.3444444444444444,data/deam/DEAM_spectrograms_shiv/1045_seg2.png,soulrb,12,1045_seg2
1046,5.6,1.69,5.0,2.05,0.6222222222222222,0.5555555555555556,data/deam/DEAM_spectrograms_shiv/1046_seg0.png,soulrb,12,1046_seg0
1046,5.6,1.69,5.0,2.05,0.6222222222222222,0.5555555555555556,data/deam/DEAM_spectrograms_shiv/1046_seg1.png,soulrb,12,1046_seg1
1046,5.6,1.69,5.0,2.05,0.6222222222222222,0.5555555555555556,data/deam/DEAM_spectrograms_shiv/1046_seg2.png,soulrb,12,1046_seg2
1047,5.3,1.19,4.4,1.5,0.5888888888888889,0.4888888888888889,data/deam/DEAM_spectrograms_shiv/1047_seg0.png,soulrb,12,1047_seg0
1047,5.3,1.19,4.4,1.5,0.5888888888888889,0.4888888888888889,data/deam/DEAM_spectrograms_shiv/1047_seg1.png,soulrb,12,1047_seg1
1047,5.3,1.19,4.4,1.5,0.5888888888888889,0.4888888888888889,data/deam/DEAM_spectrograms_shiv/1047_seg2.png,soulrb,12,1047_seg2
1050,6.0,1.26,5.8,1.08,0.6666666666666666,0.6444444444444444,data/deam/DEAM_spectrograms_shiv/1050_seg0.png,soulrb,12,1050_seg0
1050,6.0,1.26,5.8,1.08,0.6666666666666666,0.6444444444444444,data/deam/DEAM_spectrograms_shiv/1050_seg1.png,soulrb,12,1050_seg1
1050,6.0,1.26,5.8,1.08,0.6666666666666666,0.6444444444444444,data/deam/DEAM_spectrograms_shiv/1050_seg2.png,soulrb,12,1050_seg2
1051,5.2,1.08,5.3,1.1,0.5777777777777778,0.5888888888888889,data/deam/DEAM_spectrograms_shiv/1051_seg0.png,soulrb,12,1051_seg0
1051,5.2,1.08,5.3,1.1,0.5777777777777778,0.5888888888888889,data/deam/DEAM_spectrograms_shiv/1051_seg1.png,soulrb,12,1051_seg1
1051,5.2,1.08,5.3,1.1,0.5777777777777778,0.5888888888888889,data/deam/DEAM_spectrograms_shiv/1051_seg2.png,soulrb,12,1051_seg2
1052,5.5,2.25,6.6,1.62,0.6111111111111112,0.7333333333333333,data/deam/DEAM_spectrograms_shiv/1052_seg0.png,soulrb,12,1052_seg0
1052,5.5,2.25,6.6,1.62,0.6111111111111112,0.7333333333333333,data/deam/DEAM_spectrograms_shiv/1052_seg1.png,soulrb,12,1052_seg1
1052,5.5,2.25,6.6,1.62,0.6111111111111112,0.7333333333333333,data/deam/DEAM_spectrograms_shiv/1052_seg2.png,soulrb,12,1052_seg2
1054,3.7,2.49,6.3,2.49,0.4111111111111111,0.7,data/deam/DEAM_spectrograms_shiv/1054_seg0.png,soulrb,12,1054_seg0
1054,3.7,2.49,6.3,2.49,0.4111111111111111,0.7,data/deam/DEAM_spectrograms_shiv/1054_seg1.png,soulrb,12,1054_seg1
1054,3.7,2.49,6.3,2.49,0.4111111111111111,0.7,data/deam/DEAM_spectrograms_shiv/1054_seg2.png,soulrb,12,1054_seg2
1056,4.2,1.47,5.0,1.84,0.4666666666666667,0.5555555555555556,data/deam/DEAM_spectrograms_shiv/1056_seg0.png,soulrb,12,1056_seg0
1056,4.2,1.47,5.0,1.84,0.4666666666666667,0.5555555555555556,data/deam/DEAM_spectrograms_shiv/1056_seg1.png,soulrb,12,1056_seg1
1056,4.2,1.47,5.0,1.84,0.4666666666666667,0.5555555555555556,data/deam/DEAM_spectrograms_shiv/1056_seg2.png,soulrb,12,1056_seg2
1057,4.7,2.28,7.1,1.58,0.5222222222222223,0.7888888888888889,data/deam/DEAM_spectrograms_shiv/1057_seg0.png,soulrb,12,1057_seg0
1057,4.7,2.28,7.1,1.58,0.5222222222222223,0.7888888888888889,data/deam/DEAM_spectrograms_shiv/1057_seg1.png,soulrb,12,1057_seg1
1057,4.7,2.28,7.1,1.58,0.5222222222222223,0.7888888888888889,data/deam/DEAM_spectrograms_shiv/1057_seg2.png,soulrb,12,1057_seg2
1058,4.0,2.05,5.8,2.04,0.4444444444444444,0.6444444444444444,data/deam/DEAM_spectrograms_shiv/1058_seg0.png,soulrb,12,1058_seg0
1058,4.0,2.05,5.8,2.04,0.4444444444444444,0.6444444444444444,data/deam/DEAM_spectrograms_shiv/1058_seg1.png,soulrb,12,1058_seg1
1058,4.0,2.05,5.8,2.04,0.4444444444444444,0.6444444444444444,data/deam/DEAM_spectrograms_shiv/1058_seg2.png,soulrb,12,1058_seg2
1059,4.7,2.71,7.5,1.78,0.5222222222222223,0.8333333333333334,data/deam/DEAM_spectrograms_shiv/1059_seg0.png,soulrb,12,1059_seg0
1059,4.7,2.71,7.5,1.78,0.5222222222222223,0.8333333333333334,data/deam/DEAM_spectrograms_shiv/1059_seg1.png,soulrb,12,1059_seg1
1059,4.7,2.71,7.5,1.78,0.5222222222222223,0.8333333333333334,data/deam/DEAM_spectrograms_shiv/1059_seg2.png,soulrb,12,1059_seg2
1060,5.2,2.09,6.1,1.87,0.5777777777777778,0.6777777777777777,data/deam/DEAM_spectrograms_shiv/1060_seg0.png,soulrb,12,1060_seg0
1060,5.2,2.09,6.1,1.87,0.5777777777777778,0.6777777777777777,data/deam/DEAM_spectrograms_shiv/1060_seg1.png,soulrb,12,1060_seg1
1060,5.2,2.09,6.1,1.87,0.5777777777777778,0.6777777777777777,data/deam/DEAM_spectrograms_shiv/1060_seg2.png,soulrb,12,1060_seg2
1063,5.2,1.66,6.4,1.5,0.5777777777777778,0.7111111111111111,data/deam/DEAM_spectrograms_shiv/1063_seg0.png,soulrb,12,1063_seg0
1063,5.2,1.66,6.4,1.5,0.5777777777777778,0.7111111111111111,data/deam/DEAM_spectrograms_shiv/1063_seg1.png,soulrb,12,1063_seg1
1063,5.2,1.66,6.4,1.5,0.5777777777777778,0.7111111111111111,data/deam/DEAM_spectrograms_shiv/1063_seg2.png,soulrb,12,1063_seg2
1064,5.2,2.25,7.1,1.52,0.5777777777777778,0.7888888888888889,data/deam/DEAM_spectrograms_shiv/1064_seg0.png,soulrb,12,1064_seg0
1064,5.2,2.25,7.1,1.52,0.5777777777777778,0.7888888888888889,data/deam/DEAM_spectrograms_shiv/1064_seg1.png,soulrb,12,1064_seg1
1064,5.2,2.25,7.1,1.52,0.5777777777777778,0.7888888888888889,data/deam/DEAM_spectrograms_shiv/1064_seg2.png,soulrb,12,1064_seg2
1065,6.0,1.41,6.4,1.28,0.6666666666666666,0.7111111111111111,data/deam/DEAM_spectrograms_shiv/1065_seg0.png,soulrb,12,1065_seg0
1065,6.0,1.41,6.4,1.28,0.6666666666666666,0.7111111111111111,data/deam/DEAM_spectrograms_shiv/1065_seg1.png,soulrb,12,1065_seg1
1065,6.0,1.41,6.4,1.28,0.6666666666666666,0.7111111111111111,data/deam/DEAM_spectrograms_shiv/1065_seg2.png,soulrb,12,1065_seg2
1066,6.1,1.37,5.5,1.43,0.6777777777777777,0.6111111111111112,data/deam/DEAM_spectrograms_shiv/1066_seg0.png,soulrb,12,1066_seg0
1066,6.1,1.37,5.5,1.43,0.6777777777777777,0.6111111111111112,data/deam/DEAM_spectrograms_shiv/1066_seg1.png,soulrb,12,1066_seg1
1066,6.1,1.37,5.5,1.43,0.6777777777777777,0.6111111111111112,data/deam/DEAM_spectrograms_shiv/1066_seg2.png,soulrb,12,1066_seg2
1067,4.0,1.34,3.4,1.69,0.4444444444444444,0.3777777777777777,data/deam/DEAM_spectrograms_shiv/1067_seg0.png,soulrb,12,1067_seg0
1067,4.0,1.34,3.4,1.69,0.4444444444444444,0.3777777777777777,data/deam/DEAM_spectrograms_shiv/1067_seg1.png,soulrb,12,1067_seg1
1067,4.0,1.34,3.4,1.69,0.4444444444444444,0.3777777777777777,data/deam/DEAM_spectrograms_shiv/1067_seg2.png,soulrb,12,1067_seg2
1069,4.3,2.41,5.6,1.43,0.4777777777777777,0.6222222222222222,data/deam/DEAM_spectrograms_shiv/1069_seg0.png,soulrb,12,1069_seg0
1069,4.3,2.41,5.6,1.43,0.4777777777777777,0.6222222222222222,data/deam/DEAM_spectrograms_shiv/1069_seg1.png,soulrb,12,1069_seg1
1069,4.3,2.41,5.6,1.43,0.4777777777777777,0.6222222222222222,data/deam/DEAM_spectrograms_shiv/1069_seg2.png,soulrb,12,1069_seg2
1070,5.2,1.33,5.8,0.98,0.5777777777777778,0.6444444444444444,data/deam/DEAM_spectrograms_shiv/1070_seg0.png,soulrb,12,1070_seg0
1070,5.2,1.33,5.8,0.98,0.5777777777777778,0.6444444444444444,data/deam/DEAM_spectrograms_shiv/1070_seg1.png,soulrb,12,1070_seg1
1070,5.2,1.33,5.8,0.98,0.5777777777777778,0.6444444444444444,data/deam/DEAM_spectrograms_shiv/1070_seg2.png,soulrb,12,1070_seg2
1071,6.5,1.2,5.3,1.1,0.7222222222222222,0.5888888888888889,data/deam/DEAM_spectrograms_shiv/1071_seg0.png,soulrb,12,1071_seg0
1071,6.5,1.2,5.3,1.1,0.7222222222222222,0.5888888888888889,data/deam/DEAM_spectrograms_shiv/1071_seg1.png,soulrb,12,1071_seg1
1071,6.5,1.2,5.3,1.1,0.7222222222222222,0.5888888888888889,data/deam/DEAM_spectrograms_shiv/1071_seg2.png,soulrb,12,1071_seg2
1072,6.3,1.1,5.5,1.2,0.7,0.6111111111111112,data/deam/DEAM_spectrograms_shiv/1072_seg0.png,soulrb,12,1072_seg0
1072,6.3,1.1,5.5,1.2,0.7,0.6111111111111112,data/deam/DEAM_spectrograms_shiv/1072_seg1.png,soulrb,12,1072_seg1
1072,6.3,1.1,5.5,1.2,0.7,0.6111111111111112,data/deam/DEAM_spectrograms_shiv/1072_seg2.png,soulrb,12,1072_seg2
1073,5.2,1.25,3.8,1.66,0.5777777777777778,0.4222222222222222,data/deam/DEAM_spectrograms_shiv/1073_seg0.png,soulrb,12,1073_seg0
1073,5.2,1.25,3.8,1.66,0.5777777777777778,0.4222222222222222,data/deam/DEAM_spectrograms_shiv/1073_seg1.png,soulrb,12,1073_seg1
1073,5.2,1.25,3.8,1.66,0.5777777777777778,0.4222222222222222,data/deam/DEAM_spectrograms_shiv/1073_seg2.png,soulrb,12,1073_seg2
1074,6.8,0.98,6.4,1.69,0.7555555555555555,0.7111111111111111,data/deam/DEAM_spectrograms_shiv/1074_seg0.png,soulrb,12,1074_seg0
1074,6.8,0.98,6.4,1.69,0.7555555555555555,0.7111111111111111,data/deam/DEAM_spectrograms_shiv/1074_seg1.png,soulrb,12,1074_seg1
1074,6.8,0.98,6.4,1.69,0.7555555555555555,0.7111111111111111,data/deam/DEAM_spectrograms_shiv/1074_seg2.png,soulrb,12,1074_seg2
1075,6.4,1.74,6.6,0.92,0.7111111111111111,0.7333333333333333,data/deam/DEAM_spectrograms_shiv/1075_seg0.png,soulrb,12,1075_seg0
1075,6.4,1.74,6.6,0.92,0.7111111111111111,0.7333333333333333,data/deam/DEAM_spectrograms_shiv/1075_seg1.png,soulrb,12,1075_seg1
1075,6.4,1.74,6.6,0.92,0.7111111111111111,0.7333333333333333,data/deam/DEAM_spectrograms_shiv/1075_seg2.png,soulrb,12,1075_seg2
1077,6.4,1.36,4.8,1.66,0.7111111111111111,0.5333333333333333,data/deam/DEAM_spectrograms_shiv/1077_seg0.png,soulrb,12,1077_seg0
1077,6.4,1.36,4.8,1.66,0.7111111111111111,0.5333333333333333,data/deam/DEAM_spectrograms_shiv/1077_seg1.png,soulrb,12,1077_seg1
1077,6.4,1.36,4.8,1.66,0.7111111111111111,0.5333333333333333,data/deam/DEAM_spectrograms_shiv/1077_seg2.png,soulrb,12,1077_seg2
1078,6.8,0.87,6.0,1.48,0.7555555555555555,0.6666666666666666,data/deam/DEAM_spectrograms_shiv/1078_seg0.png,soulrb,12,1078_seg0
1078,6.8,0.87,6.0,1.48,0.7555555555555555,0.6666666666666666,data/deam/DEAM_spectrograms_shiv/1078_seg1.png,soulrb,12,1078_seg1
1078,6.8,0.87,6.0,1.48,0.7555555555555555,0.6666666666666666,data/deam/DEAM_spectrograms_shiv/1078_seg2.png,soulrb,12,1078_seg2
1079,6.9,1.14,5.6,1.85,0.7666666666666667,0.6222222222222222,data/deam/DEAM_spectrograms_shiv/1079_seg0.png,soulrb,12,1079_seg0
1079,6.9,1.14,5.6,1.85,0.7666666666666667,0.6222222222222222,data/deam/DEAM_spectrograms_shiv/1079_seg1.png,soulrb,12,1079_seg1
1079,6.9,1.14,5.6,1.85,0.7666666666666667,0.6222222222222222,data/deam/DEAM_spectrograms_shiv/1079_seg2.png,soulrb,12,1079_seg2
1081,5.0,1.26,3.5,1.36,0.5555555555555556,0.3888888888888889,data/deam/DEAM_spectrograms_shiv/1081_seg0.png,soulrb,12,1081_seg0
1081,5.0,1.26,3.5,1.36,0.5555555555555556,0.3888888888888889,data/deam/DEAM_spectrograms_shiv/1081_seg1.png,soulrb,12,1081_seg1
1081,5.0,1.26,3.5,1.36,0.5555555555555556,0.3888888888888889,data/deam/DEAM_spectrograms_shiv/1081_seg2.png,soulrb,12,1081_seg2
1082,6.7,1.27,6.4,1.5,0.7444444444444445,0.7111111111111111,data/deam/DEAM_spectrograms_shiv/1082_seg0.png,soulrb,12,1082_seg0
1082,6.7,1.27,6.4,1.5,0.7444444444444445,0.7111111111111111,data/deam/DEAM_spectrograms_shiv/1082_seg1.png,soulrb,12,1082_seg1
1082,6.7,1.27,6.4,1.5,0.7444444444444445,0.7111111111111111,data/deam/DEAM_spectrograms_shiv/1082_seg2.png,soulrb,12,1082_seg2
1085,6.1,1.37,5.2,1.78,0.6777777777777777,0.5777777777777778,data/deam/DEAM_spectrograms_shiv/1085_seg0.png,soulrb,12,1085_seg0
1085,6.1,1.37,5.2,1.78,0.6777777777777777,0.5777777777777778,data/deam/DEAM_spectrograms_shiv/1085_seg1.png,soulrb,12,1085_seg1
1085,6.1,1.37,5.2,1.78,0.6777777777777777,0.5777777777777778,data/deam/DEAM_spectrograms_shiv/1085_seg2.png,soulrb,12,1085_seg2
1087,6.0,1.73,6.4,1.5,0.6666666666666666,0.7111111111111111,data/deam/DEAM_spectrograms_shiv/1087_seg0.png,soulrb,12,1087_seg0
1087,6.0,1.73,6.4,1.5,0.6666666666666666,0.7111111111111111,data/deam/DEAM_spectrograms_shiv/1087_seg1.png,soulrb,12,1087_seg1
1087,6.0,1.73,6.4,1.5,0.6666666666666666,0.7111111111111111,data/deam/DEAM_spectrograms_shiv/1087_seg2.png,soulrb,12,1087_seg2
1088,7.3,0.9,6.6,1.11,0.8111111111111111,0.7333333333333333,data/deam/DEAM_spectrograms_shiv/1088_seg0.png,soulrb,12,1088_seg0
1088,7.3,0.9,6.6,1.11,0.8111111111111111,0.7333333333333333,data/deam/DEAM_spectrograms_shiv/1088_seg1.png,soulrb,12,1088_seg1
1088,7.3,0.9,6.6,1.11,0.8111111111111111,0.7333333333333333,data/deam/DEAM_spectrograms_shiv/1088_seg2.png,soulrb,12,1088_seg2
1089,6.4,1.69,6.6,1.5,0.7111111111111111,0.7333333333333333,data/deam/DEAM_spectrograms_shiv/1089_seg0.png,soulrb,12,1089_seg0
1089,6.4,1.69,6.6,1.5,0.7111111111111111,0.7333333333333333,data/deam/DEAM_spectrograms_shiv/1089_seg1.png,soulrb,12,1089_seg1
1089,6.4,1.69,6.6,1.5,0.7111111111111111,0.7333333333333333,data/deam/DEAM_spectrograms_shiv/1089_seg2.png,soulrb,12,1089_seg2
1090,5.6,1.69,6.6,1.36,0.6222222222222222,0.7333333333333333,data/deam/DEAM_spectrograms_shiv/1090_seg0.png,soulrb,12,1090_seg0
1090,5.6,1.69,6.6,1.36,0.6222222222222222,0.7333333333333333,data/deam/DEAM_spectrograms_shiv/1090_seg1.png,soulrb,12,1090_seg1
1090,5.6,1.69,6.6,1.36,0.6222222222222222,0.7333333333333333,data/deam/DEAM_spectrograms_shiv/1090_seg2.png,soulrb,12,1090_seg2
1092,5.8,1.54,6.3,1.35,0.6444444444444444,0.7,data/deam/DEAM_spectrograms_shiv/1092_seg0.png,soulrb,12,1092_seg0
1092,5.8,1.54,6.3,1.35,0.6444444444444444,0.7,data/deam/DEAM_spectrograms_shiv/1092_seg1.png,soulrb,12,1092_seg1
1092,5.8,1.54,6.3,1.35,0.6444444444444444,0.7,data/deam/DEAM_spectrograms_shiv/1092_seg2.png,soulrb,12,1092_seg2
1093,5.8,1.47,6.0,1.61,0.6444444444444444,0.6666666666666666,data/deam/DEAM_spectrograms_shiv/1093_seg0.png,soulrb,12,1093_seg0
1093,5.8,1.47,6.0,1.61,0.6444444444444444,0.6666666666666666,data/deam/DEAM_spectrograms_shiv/1093_seg1.png,soulrb,12,1093_seg1
1093,5.8,1.47,6.0,1.61,0.6444444444444444,0.6666666666666666,data/deam/DEAM_spectrograms_shiv/1093_seg2.png,soulrb,12,1093_seg2
1094,6.4,1.2,6.3,1.27,0.7111111111111111,0.7,data/deam/DEAM_spectrograms_shiv/1094_seg0.png,soulrb,12,1094_seg0
1094,6.4,1.2,6.3,1.27,0.7111111111111111,0.7,data/deam/DEAM_spectrograms_shiv/1094_seg1.png,soulrb,12,1094_seg1
1094,6.4,1.2,6.3,1.27,0.7111111111111111,0.7,data/deam/DEAM_spectrograms_shiv/1094_seg2.png,soulrb,12,1094_seg2
1095,6.2,1.6,6.2,1.47,0.6888888888888889,0.6888888888888889,data/deam/DEAM_spectrograms_shiv/1095_seg0.png,soulrb,12,1095_seg0
1095,6.2,1.6,6.2,1.47,0.6888888888888889,0.6888888888888889,data/deam/DEAM_spectrograms_shiv/1095_seg1.png,soulrb,12,1095_seg1
1095,6.2,1.6,6.2,1.47,0.6888888888888889,0.6888888888888889,data/deam/DEAM_spectrograms_shiv/1095_seg2.png,soulrb,12,1095_seg2
1096,3.8,1.08,3.6,1.5,0.4222222222222222,0.4,data/deam/DEAM_spectrograms_shiv/1096_seg0.png,soulrb,12,1096_seg0
1096,3.8,1.08,3.6,1.5,0.4222222222222222,0.4,data/deam/DEAM_spectrograms_shiv/1096_seg1.png,soulrb,12,1096_seg1
1096,3.8,1.08,3.6,1.5,0.4222222222222222,0.4,data/deam/DEAM_spectrograms_shiv/1096_seg2.png,soulrb,12,1096_seg2
1098,6.8,1.4,6.3,1.73,0.7555555555555555,0.7,data/deam/DEAM_spectrograms_shiv/1098_seg0.png,soulrb,12,1098_seg0
1098,6.8,1.4,6.3,1.73,0.7555555555555555,0.7,data/deam/DEAM_spectrograms_shiv/1098_seg1.png,soulrb,12,1098_seg1
1098,6.8,1.4,6.3,1.73,0.7555555555555555,0.7,data/deam/DEAM_spectrograms_shiv/1098_seg2.png,soulrb,12,1098_seg2
1099,5.7,1.85,5.9,1.76,0.6333333333333333,0.6555555555555556,data/deam/DEAM_spectrograms_shiv/1099_seg0.png,soulrb,12,1099_seg0
1099,5.7,1.85,5.9,1.76,0.6333333333333333,0.6555555555555556,data/deam/DEAM_spectrograms_shiv/1099_seg1.png,soulrb,12,1099_seg1
1099,5.7,1.85,5.9,1.76,0.6333333333333333,0.6555555555555556,data/deam/DEAM_spectrograms_shiv/1099_seg2.png,soulrb,12,1099_seg2
1100,6.3,1.19,5.6,1.28,0.7,0.6222222222222222,data/deam/DEAM_spectrograms_shiv/1100_seg0.png,soulrb,12,1100_seg0
1100,6.3,1.19,5.6,1.28,0.7,0.6222222222222222,data/deam/DEAM_spectrograms_shiv/1100_seg1.png,soulrb,12,1100_seg1
1100,6.3,1.19,5.6,1.28,0.7,0.6222222222222222,data/deam/DEAM_spectrograms_shiv/1100_seg2.png,soulrb,12,1100_seg2
1101,3.7,1.42,2.4,1.43,0.4111111111111111,0.2666666666666666,data/deam/DEAM_spectrograms_shiv/1101_seg0.png,classical,2,1101_seg0
1101,3.7,1.42,2.4,1.43,0.4111111111111111,0.2666666666666666,data/deam/DEAM_spectrograms_shiv/1101_seg1.png,classical,2,1101_seg1
1101,3.7,1.42,2.4,1.43,0.4111111111111111,0.2666666666666666,data/deam/DEAM_spectrograms_shiv/1101_seg2.png,classical,2,1101_seg2
1102,2.3,0.78,4.5,2.16,0.2555555555555555,0.5,data/deam/DEAM_spectrograms_shiv/1102_seg0.png,classical,2,1102_seg0
1102,2.3,0.78,4.5,2.16,0.2555555555555555,0.5,data/deam/DEAM_spectrograms_shiv/1102_seg1.png,classical,2,1102_seg1
1102,2.3,0.78,4.5,2.16,0.2555555555555555,0.5,data/deam/DEAM_spectrograms_shiv/1102_seg2.png,classical,2,1102_seg2
1103,3.6,1.56,3.5,1.91,0.4,0.3888888888888889,data/deam/DEAM_spectrograms_shiv/1103_seg0.png,classical,2,1103_seg0
1103,3.6,1.56,3.5,1.91,0.4,0.3888888888888889,data/deam/DEAM_spectrograms_shiv/1103_seg1.png,classical,2,1103_seg1
1103,3.6,1.56,3.5,1.91,0.4,0.3888888888888889,data/deam/DEAM_spectrograms_shiv/1103_seg2.png,classical,2,1103_seg2
1104,4.2,1.54,4.4,1.28,0.4666666666666667,0.4888888888888889,data/deam/DEAM_spectrograms_shiv/1104_seg0.png,classical,2,1104_seg0
1104,4.2,1.54,4.4,1.28,0.4666666666666667,0.4888888888888889,data/deam/DEAM_spectrograms_shiv/1104_seg1.png,classical,2,1104_seg1
1104,4.2,1.54,4.4,1.28,0.4666666666666667,0.4888888888888889,data/deam/DEAM_spectrograms_shiv/1104_seg2.png,classical,2,1104_seg2
1105,3.8,1.47,3.7,1.9,0.4222222222222222,0.4111111111111111,data/deam/DEAM_spectrograms_shiv/1105_seg0.png,classical,2,1105_seg0
1105,3.8,1.47,3.7,1.9,0.4222222222222222,0.4111111111111111,data/deam/DEAM_spectrograms_shiv/1105_seg1.png,classical,2,1105_seg1
1105,3.8,1.47,3.7,1.9,0.4222222222222222,0.4111111111111111,data/deam/DEAM_spectrograms_shiv/1105_seg2.png,classical,2,1105_seg2
1106,3.0,1.34,3.9,1.97,0.3333333333333333,0.4333333333333333,data/deam/DEAM_spectrograms_shiv/1106_seg0.png,classical,2,1106_seg0
1106,3.0,1.34,3.9,1.97,0.3333333333333333,0.4333333333333333,data/deam/DEAM_spectrograms_shiv/1106_seg1.png,classical,2,1106_seg1
1106,3.0,1.34,3.9,1.97,0.3333333333333333,0.4333333333333333,data/deam/DEAM_spectrograms_shiv/1106_seg2.png,classical,2,1106_seg2
1107,3.0,1.26,3.2,1.33,0.3333333333333333,0.3555555555555555,data/deam/DEAM_spectrograms_shiv/1107_seg0.png,classical,2,1107_seg0
1107,3.0,1.26,3.2,1.33,0.3333333333333333,0.3555555555555555,data/deam/DEAM_spectrograms_shiv/1107_seg1.png,classical,2,1107_seg1
1107,3.0,1.26,3.2,1.33,0.3333333333333333,0.3555555555555555,data/deam/DEAM_spectrograms_shiv/1107_seg2.png,classical,2,1107_seg2
1110,5.1,2.17,5.4,1.74,0.5666666666666667,0.6000000000000001,data/deam/DEAM_spectrograms_shiv/1110_seg0.png,classical,2,1110_seg0
1110,5.1,2.17,5.4,1.74,0.5666666666666667,0.6000000000000001,data/deam/DEAM_spectrograms_shiv/1110_seg1.png,classical,2,1110_seg1
1110,5.1,2.17,5.4,1.74,0.5666666666666667,0.6000000000000001,data/deam/DEAM_spectrograms_shiv/1110_seg2.png,classical,2,1110_seg2
1111,3.2,1.4,2.9,1.58,0.3555555555555555,0.3222222222222222,data/deam/DEAM_spectrograms_shiv/1111_seg0.png,classical,2,1111_seg0
1111,3.2,1.4,2.9,1.58,0.3555555555555555,0.3222222222222222,data/deam/DEAM_spectrograms_shiv/1111_seg1.png,classical,2,1111_seg1
1111,3.2,1.4,2.9,1.58,0.3555555555555555,0.3222222222222222,data/deam/DEAM_spectrograms_shiv/1111_seg2.png,classical,2,1111_seg2
1113,3.4,1.5,3.0,1.55,0.3777777777777777,0.3333333333333333,data/deam/DEAM_spectrograms_shiv/1113_seg0.png,classical,2,1113_seg0
1113,3.4,1.5,3.0,1.55,0.3777777777777777,0.3333333333333333,data/deam/DEAM_spectrograms_shiv/1113_seg1.png,classical,2,1113_seg1
1113,3.4,1.5,3.0,1.55,0.3777777777777777,0.3333333333333333,data/deam/DEAM_spectrograms_shiv/1113_seg2.png,classical,2,1113_seg2
1114,3.4,1.56,3.3,2.37,0.3777777777777777,0.3666666666666666,data/deam/DEAM_spectrograms_shiv/1114_seg0.png,classical,2,1114_seg0
1114,3.4,1.56,3.3,2.37,0.3777777777777777,0.3666666666666666,data/deam/DEAM_spectrograms_shiv/1114_seg1.png,classical,2,1114_seg1
1114,3.4,1.56,3.3,2.37,0.3777777777777777,0.3666666666666666,data/deam/DEAM_spectrograms_shiv/1114_seg2.png,classical,2,1114_seg2
1115,4.4,2.37,3.9,1.97,0.4888888888888889,0.4333333333333333,data/deam/DEAM_spectrograms_shiv/1115_seg0.png,classical,2,1115_seg0
1115,4.4,2.37,3.9,1.97,0.4888888888888889,0.4333333333333333,data/deam/DEAM_spectrograms_shiv/1115_seg1.png,classical,2,1115_seg1
1115,4.4,2.37,3.9,1.97,0.4888888888888889,0.4333333333333333,data/deam/DEAM_spectrograms_shiv/1115_seg2.png,classical,2,1115_seg2
1117,4.2,1.33,3.4,1.5,0.4666666666666667,0.3777777777777777,data/deam/DEAM_spectrograms_shiv/1117_seg0.png,classical,2,1117_seg0
1117,4.2,1.33,3.4,1.5,0.4666666666666667,0.3777777777777777,data/deam/DEAM_spectrograms_shiv/1117_seg1.png,classical,2,1117_seg1
1117,4.2,1.33,3.4,1.5,0.4666666666666667,0.3777777777777777,data/deam/DEAM_spectrograms_shiv/1117_seg2.png,classical,2,1117_seg2
1118,4.0,1.84,1.9,0.7,0.4444444444444444,0.2111111111111111,data/deam/DEAM_spectrograms_shiv/1118_seg0.png,classical,2,1118_seg0
1118,4.0,1.84,1.9,0.7,0.4444444444444444,0.2111111111111111,data/deam/DEAM_spectrograms_shiv/1118_seg1.png,classical,2,1118_seg1
1118,4.0,1.84,1.9,0.7,0.4444444444444444,0.2111111111111111,data/deam/DEAM_spectrograms_shiv/1118_seg2.png,classical,2,1118_seg2
1119,3.4,2.01,2.1,1.04,0.3777777777777777,0.2333333333333333,data/deam/DEAM_spectrograms_shiv/1119_seg0.png,classical,2,1119_seg0
1119,3.4,2.01,2.1,1.04,0.3777777777777777,0.2333333333333333,data/deam/DEAM_spectrograms_shiv/1119_seg1.png,classical,2,1119_seg1
1119,3.4,2.01,2.1,1.04,0.3777777777777777,0.2333333333333333,data/deam/DEAM_spectrograms_shiv/1119_seg2.png,classical,2,1119_seg2
1120,3.4,1.56,2.8,1.08,0.3777777777777777,0.3111111111111111,data/deam/DEAM_spectrograms_shiv/1120_seg0.png,classical,2,1120_seg0
1120,3.4,1.56,2.8,1.08,0.3777777777777777,0.3111111111111111,data/deam/DEAM_spectrograms_shiv/1120_seg1.png,classical,2,1120_seg1
1120,3.4,1.56,2.8,1.08,0.3777777777777777,0.3111111111111111,data/deam/DEAM_spectrograms_shiv/1120_seg2.png,classical,2,1120_seg2
1121,3.9,1.76,2.3,1.1,0.4333333333333333,0.2555555555555555,data/deam/DEAM_spectrograms_shiv/1121_seg0.png,classical,2,1121_seg0
1121,3.9,1.76,2.3,1.1,0.4333333333333333,0.2555555555555555,data/deam/DEAM_spectrograms_shiv/1121_seg1.png,classical,2,1121_seg1
1121,3.9,1.76,2.3,1.1,0.4333333333333333,0.2555555555555555,data/deam/DEAM_spectrograms_shiv/1121_seg2.png,classical,2,1121_seg2
1122,6.8,1.94,5.4,1.5,0.7555555555555555,0.6000000000000001,data/deam/DEAM_spectrograms_shiv/1122_seg0.png,classical,2,1122_seg0
1122,6.8,1.94,5.4,1.5,0.7555555555555555,0.6000000000000001,data/deam/DEAM_spectrograms_shiv/1122_seg1.png,classical,2,1122_seg1
1122,6.8,1.94,5.4,1.5,0.7555555555555555,0.6000000000000001,data/deam/DEAM_spectrograms_shiv/1122_seg2.png,classical,2,1122_seg2
1123,3.1,1.64,3.1,1.97,0.3444444444444444,0.3444444444444444,data/deam/DEAM_spectrograms_shiv/1123_seg0.png,classical,2,1123_seg0
1123,3.1,1.64,3.1,1.97,0.3444444444444444,0.3444444444444444,data/deam/DEAM_spectrograms_shiv/1123_seg1.png,classical,2,1123_seg1
1123,3.1,1.64,3.1,1.97,0.3444444444444444,0.3444444444444444,data/deam/DEAM_spectrograms_shiv/1123_seg2.png,classical,2,1123_seg2
1124,5.4,1.62,5.1,1.22,0.6000000000000001,0.5666666666666667,data/deam/DEAM_spectrograms_shiv/1124_seg0.png,classical,2,1124_seg0
1124,5.4,1.62,5.1,1.22,0.6000000000000001,0.5666666666666667,data/deam/DEAM_spectrograms_shiv/1124_seg1.png,classical,2,1124_seg1
1124,5.4,1.62,5.1,1.22,0.6000000000000001,0.5666666666666667,data/deam/DEAM_spectrograms_shiv/1124_seg2.png,classical,2,1124_seg2
1126,3.9,1.81,3.2,1.25,0.4333333333333333,0.3555555555555555,data/deam/DEAM_spectrograms_shiv/1126_seg0.png,classical,2,1126_seg0
1126,3.9,1.81,3.2,1.25,0.4333333333333333,0.3555555555555555,data/deam/DEAM_spectrograms_shiv/1126_seg1.png,classical,2,1126_seg1
1126,3.9,1.81,3.2,1.25,0.4333333333333333,0.3555555555555555,data/deam/DEAM_spectrograms_shiv/1126_seg2.png,classical,2,1126_seg2
1127,3.4,1.62,3.0,1.55,0.3777777777777777,0.3333333333333333,data/deam/DEAM_spectrograms_shiv/1127_seg0.png,classical,2,1127_seg0
1127,3.4,1.62,3.0,1.55,0.3777777777777777,0.3333333333333333,data/deam/DEAM_spectrograms_shiv/1127_seg1.png,classical,2,1127_seg1
1127,3.4,1.62,3.0,1.55,0.3777777777777777,0.3333333333333333,data/deam/DEAM_spectrograms_shiv/1127_seg2.png,classical,2,1127_seg2
1128,3.7,1.55,2.7,1.49,0.4111111111111111,0.3,data/deam/DEAM_spectrograms_shiv/1128_seg0.png,classical,2,1128_seg0
1128,3.7,1.55,2.7,1.49,0.4111111111111111,0.3,data/deam/DEAM_spectrograms_shiv/1128_seg1.png,classical,2,1128_seg1
1128,3.7,1.55,2.7,1.49,0.4111111111111111,0.3,data/deam/DEAM_spectrograms_shiv/1128_seg2.png,classical,2,1128_seg2
1129,3.5,1.75,2.4,0.66,0.3888888888888889,0.2666666666666666,data/deam/DEAM_spectrograms_shiv/1129_seg0.png,classical,2,1129_seg0
1129,3.5,1.75,2.4,0.66,0.3888888888888889,0.2666666666666666,data/deam/DEAM_spectrograms_shiv/1129_seg1.png,classical,2,1129_seg1
1129,3.5,1.75,2.4,0.66,0.3888888888888889,0.2666666666666666,data/deam/DEAM_spectrograms_shiv/1129_seg2.png,classical,2,1129_seg2
1131,4.5,1.69,3.4,1.96,0.5,0.3777777777777777,data/deam/DEAM_spectrograms_shiv/1131_seg0.png,classical,2,1131_seg0
1131,4.5,1.69,3.4,1.96,0.5,0.3777777777777777,data/deam/DEAM_spectrograms_shiv/1131_seg1.png,classical,2,1131_seg1
1131,4.5,1.69,3.4,1.96,0.5,0.3777777777777777,data/deam/DEAM_spectrograms_shiv/1131_seg2.png,classical,2,1131_seg2
1134,4.1,1.87,2.1,1.04,0.4555555555555555,0.2333333333333333,data/deam/DEAM_spectrograms_shiv/1134_seg0.png,classical,2,1134_seg0
1134,4.1,1.87,2.1,1.04,0.4555555555555555,0.2333333333333333,data/deam/DEAM_spectrograms_shiv/1134_seg1.png,classical,2,1134_seg1
1134,4.1,1.87,2.1,1.04,0.4555555555555555,0.2333333333333333,data/deam/DEAM_spectrograms_shiv/1134_seg2.png,classical,2,1134_seg2
1135,3.1,1.51,2.7,1.35,0.3444444444444444,0.3,data/deam/DEAM_spectrograms_shiv/1135_seg0.png,classical,2,1135_seg0
1135,3.1,1.51,2.7,1.35,0.3444444444444444,0.3,data/deam/DEAM_spectrograms_shiv/1135_seg1.png,classical,2,1135_seg1
1135,3.1,1.51,2.7,1.35,0.3444444444444444,0.3,data/deam/DEAM_spectrograms_shiv/1135_seg2.png,classical,2,1135_seg2
1136,4.5,1.36,3.4,1.91,0.5,0.3777777777777777,data/deam/DEAM_spectrograms_shiv/1136_seg0.png,classical,2,1136_seg0
1136,4.5,1.36,3.4,1.91,0.5,0.3777777777777777,data/deam/DEAM_spectrograms_shiv/1136_seg1.png,classical,2,1136_seg1
1136,4.5,1.36,3.4,1.91,0.5,0.3777777777777777,data/deam/DEAM_spectrograms_shiv/1136_seg2.png,classical,2,1136_seg2
1137,4.3,1.42,4.2,1.33,0.4777777777777777,0.4666666666666667,data/deam/DEAM_spectrograms_shiv/1137_seg0.png,classical,2,1137_seg0
1137,4.3,1.42,4.2,1.33,0.4777777777777777,0.4666666666666667,data/deam/DEAM_spectrograms_shiv/1137_seg1.png,classical,2,1137_seg1
1137,4.3,1.42,4.2,1.33,0.4777777777777777,0.4666666666666667,data/deam/DEAM_spectrograms_shiv/1137_seg2.png,classical,2,1137_seg2
1138,4.4,1.56,3.7,1.79,0.4888888888888889,0.4111111111111111,data/deam/DEAM_spectrograms_shiv/1138_seg0.png,classical,2,1138_seg0
1138,4.4,1.56,3.7,1.79,0.4888888888888889,0.4111111111111111,data/deam/DEAM_spectrograms_shiv/1138_seg1.png,classical,2,1138_seg1
1138,4.4,1.56,3.7,1.79,0.4888888888888889,0.4111111111111111,data/deam/DEAM_spectrograms_shiv/1138_seg2.png,classical,2,1138_seg2
1139,5.1,1.92,2.5,1.02,0.5666666666666667,0.2777777777777778,data/deam/DEAM_spectrograms_shiv/1139_seg0.png,classical,2,1139_seg0
1139,5.1,1.92,2.5,1.02,0.5666666666666667,0.2777777777777778,data/deam/DEAM_spectrograms_shiv/1139_seg1.png,classical,2,1139_seg1
1139,5.1,1.92,2.5,1.02,0.5666666666666667,0.2777777777777778,data/deam/DEAM_spectrograms_shiv/1139_seg2.png,classical,2,1139_seg2
1140,5.9,1.45,5.4,1.43,0.6555555555555556,0.6000000000000001,data/deam/DEAM_spectrograms_shiv/1140_seg0.png,classical,2,1140_seg0
1140,5.9,1.45,5.4,1.43,0.6555555555555556,0.6000000000000001,data/deam/DEAM_spectrograms_shiv/1140_seg1.png,classical,2,1140_seg1
1140,5.9,1.45,5.4,1.43,0.6555555555555556,0.6000000000000001,data/deam/DEAM_spectrograms_shiv/1140_seg2.png,classical,2,1140_seg2
1141,4.5,1.36,3.6,1.28,0.5,0.4,data/deam/DEAM_spectrograms_shiv/1141_seg0.png,classical,2,1141_seg0
1141,4.5,1.36,3.6,1.28,0.5,0.4,data/deam/DEAM_spectrograms_shiv/1141_seg1.png,classical,2,1141_seg1
1141,4.5,1.36,3.6,1.28,0.5,0.4,data/deam/DEAM_spectrograms_shiv/1141_seg2.png,classical,2,1141_seg2
1142,3.2,1.66,2.1,1.3,0.3555555555555555,0.2333333333333333,data/deam/DEAM_spectrograms_shiv/1142_seg0.png,classical,2,1142_seg0
1142,3.2,1.66,2.1,1.3,0.3555555555555555,0.2333333333333333,data/deam/DEAM_spectrograms_shiv/1142_seg1.png,classical,2,1142_seg1
1142,3.2,1.66,2.1,1.3,0.3555555555555555,0.2333333333333333,data/deam/DEAM_spectrograms_shiv/1142_seg2.png,classical,2,1142_seg2
1143,3.8,1.4,5.1,1.76,0.4222222222222222,0.5666666666666667,data/deam/DEAM_spectrograms_shiv/1143_seg0.png,classical,2,1143_seg0
1143,3.8,1.4,5.1,1.76,0.4222222222222222,0.5666666666666667,data/deam/DEAM_spectrograms_shiv/1143_seg1.png,classical,2,1143_seg1
1143,3.8,1.4,5.1,1.76,0.4222222222222222,0.5666666666666667,data/deam/DEAM_spectrograms_shiv/1143_seg2.png,classical,2,1143_seg2
1144,3.7,1.49,4.6,1.62,0.4111111111111111,0.5111111111111111,data/deam/DEAM_spectrograms_shiv/1144_seg0.png,classical,2,1144_seg0
1144,3.7,1.49,4.6,1.62,0.4111111111111111,0.5111111111111111,data/deam/DEAM_spectrograms_shiv/1144_seg1.png,classical,2,1144_seg1
1144,3.7,1.49,4.6,1.62,0.4111111111111111,0.5111111111111111,data/deam/DEAM_spectrograms_shiv/1144_seg2.png,classical,2,1144_seg2
1145,4.7,1.95,2.4,1.2,0.5222222222222223,0.2666666666666666,data/deam/DEAM_spectrograms_shiv/1145_seg0.png,classical,2,1145_seg0
1145,4.7,1.95,2.4,1.2,0.5222222222222223,0.2666666666666666,data/deam/DEAM_spectrograms_shiv/1145_seg1.png,classical,2,1145_seg1
1145,4.7,1.95,2.4,1.2,0.5222222222222223,0.2666666666666666,data/deam/DEAM_spectrograms_shiv/1145_seg2.png,classical,2,1145_seg2
1146,2.6,1.2,3.4,1.62,0.2888888888888889,0.3777777777777777,data/deam/DEAM_spectrograms_shiv/1146_seg0.png,classical,2,1146_seg0
1146,2.6,1.2,3.4,1.62,0.2888888888888889,0.3777777777777777,data/deam/DEAM_spectrograms_shiv/1146_seg1.png,classical,2,1146_seg1
1146,2.6,1.2,3.4,1.62,0.2888888888888889,0.3777777777777777,data/deam/DEAM_spectrograms_shiv/1146_seg2.png,classical,2,1146_seg2
1147,4.6,1.5,3.6,1.2,0.5111111111111111,0.4,data/deam/DEAM_spectrograms_shiv/1147_seg0.png,classical,2,1147_seg0
1147,4.6,1.5,3.6,1.2,0.5111111111111111,0.4,data/deam/DEAM_spectrograms_shiv/1147_seg1.png,classical,2,1147_seg1
1147,4.6,1.5,3.6,1.2,0.5111111111111111,0.4,data/deam/DEAM_spectrograms_shiv/1147_seg2.png,classical,2,1147_seg2
1148,3.4,1.85,3.0,1.41,0.3777777777777777,0.3333333333333333,data/deam/DEAM_spectrograms_shiv/1148_seg0.png,classical,2,1148_seg0
1148,3.4,1.85,3.0,1.41,0.3777777777777777,0.3333333333333333,data/deam/DEAM_spectrograms_shiv/1148_seg1.png,classical,2,1148_seg1
1148,3.4,1.85,3.0,1.41,0.3777777777777777,0.3333333333333333,data/deam/DEAM_spectrograms_shiv/1148_seg2.png,classical,2,1148_seg2
1149,4.0,1.73,2.6,1.36,0.4444444444444444,0.2888888888888889,data/deam/DEAM_spectrograms_shiv/1149_seg0.png,classical,2,1149_seg0
1149,4.0,1.73,2.6,1.36,0.4444444444444444,0.2888888888888889,data/deam/DEAM_spectrograms_shiv/1149_seg1.png,classical,2,1149_seg1
1149,4.0,1.73,2.6,1.36,0.4444444444444444,0.2888888888888889,data/deam/DEAM_spectrograms_shiv/1149_seg2.png,classical,2,1149_seg2
1152,6.1,1.58,5.6,1.28,0.6777777777777777,0.6222222222222222,data/deam/DEAM_spectrograms_shiv/1152_seg0.png,classical,2,1152_seg0
1152,6.1,1.58,5.6,1.28,0.6777777777777777,0.6222222222222222,data/deam/DEAM_spectrograms_shiv/1152_seg1.png,classical,2,1152_seg1
1152,6.1,1.58,5.6,1.28,0.6777777777777777,0.6222222222222222,data/deam/DEAM_spectrograms_shiv/1152_seg2.png,classical,2,1152_seg2
1153,3.9,1.81,2.5,0.67,0.4333333333333333,0.2777777777777778,data/deam/DEAM_spectrograms_shiv/1153_seg0.png,classical,2,1153_seg0
1153,3.9,1.81,2.5,0.67,0.4333333333333333,0.2777777777777778,data/deam/DEAM_spectrograms_shiv/1153_seg1.png,classical,2,1153_seg1
1153,3.9,1.81,2.5,0.67,0.4333333333333333,0.2777777777777778,data/deam/DEAM_spectrograms_shiv/1153_seg2.png,classical,2,1153_seg2
1154,3.9,1.7,4.4,1.56,0.4333333333333333,0.4888888888888889,data/deam/DEAM_spectrograms_shiv/1154_seg0.png,classical,2,1154_seg0
1154,3.9,1.7,4.4,1.56,0.4333333333333333,0.4888888888888889,data/deam/DEAM_spectrograms_shiv/1154_seg1.png,classical,2,1154_seg1
1154,3.9,1.7,4.4,1.56,0.4333333333333333,0.4888888888888889,data/deam/DEAM_spectrograms_shiv/1154_seg2.png,classical,2,1154_seg2
1155,4.2,1.66,4.3,1.0,0.4666666666666667,0.4777777777777777,data/deam/DEAM_spectrograms_shiv/1155_seg0.png,classical,2,1155_seg0
1155,4.2,1.66,4.3,1.0,0.4666666666666667,0.4777777777777777,data/deam/DEAM_spectrograms_shiv/1155_seg1.png,classical,2,1155_seg1
1155,4.2,1.66,4.3,1.0,0.4666666666666667,0.4777777777777777,data/deam/DEAM_spectrograms_shiv/1155_seg2.png,classical,2,1155_seg2
1156,7.0,1.34,5.6,2.2,0.7777777777777778,0.6222222222222222,data/deam/DEAM_spectrograms_shiv/1156_seg0.png,classical,2,1156_seg0
1156,7.0,1.34,5.6,2.2,0.7777777777777778,0.6222222222222222,data/deam/DEAM_spectrograms_shiv/1156_seg1.png,classical,2,1156_seg1
1156,7.0,1.34,5.6,2.2,0.7777777777777778,0.6222222222222222,data/deam/DEAM_spectrograms_shiv/1156_seg2.png,classical,2,1156_seg2
1157,6.9,0.94,6.1,1.37,0.7666666666666667,0.6777777777777777,data/deam/DEAM_spectrograms_shiv/1157_seg0.png,classical,2,1157_seg0
1157,6.9,0.94,6.1,1.37,0.7666666666666667,0.6777777777777777,data/deam/DEAM_spectrograms_shiv/1157_seg1.png,classical,2,1157_seg1
1157,6.9,0.94,6.1,1.37,0.7666666666666667,0.6777777777777777,data/deam/DEAM_spectrograms_shiv/1157_seg2.png,classical,2,1157_seg2
1158,6.2,1.33,6.2,1.78,0.6888888888888889,0.6888888888888889,data/deam/DEAM_spectrograms_shiv/1158_seg0.png,classical,2,1158_seg0
1158,6.2,1.33,6.2,1.78,0.6888888888888889,0.6888888888888889,data/deam/DEAM_spectrograms_shiv/1158_seg1.png,classical,2,1158_seg1
1158,6.2,1.33,6.2,1.78,0.6888888888888889,0.6888888888888889,data/deam/DEAM_spectrograms_shiv/1158_seg2.png,classical,2,1158_seg2
1159,5.8,1.94,6.0,1.67,0.6444444444444444,0.6666666666666666,data/deam/DEAM_spectrograms_shiv/1159_seg0.png,classical,2,1159_seg0
1159,5.8,1.94,6.0,1.67,0.6444444444444444,0.6666666666666666,data/deam/DEAM_spectrograms_shiv/1159_seg1.png,classical,2,1159_seg1
1159,5.8,1.94,6.0,1.67,0.6444444444444444,0.6666666666666666,data/deam/DEAM_spectrograms_shiv/1159_seg2.png,classical,2,1159_seg2
1160,6.4,0.66,5.4,1.5,0.7111111111111111,0.6000000000000001,data/deam/DEAM_spectrograms_shiv/1160_seg0.png,classical,2,1160_seg0
1160,6.4,0.66,5.4,1.5,0.7111111111111111,0.6000000000000001,data/deam/DEAM_spectrograms_shiv/1160_seg1.png,classical,2,1160_seg1
1160,6.4,0.66,5.4,1.5,0.7111111111111111,0.6000000000000001,data/deam/DEAM_spectrograms_shiv/1160_seg2.png,classical,2,1160_seg2
1161,4.1,1.87,2.5,1.5,0.4555555555555555,0.2777777777777778,data/deam/DEAM_spectrograms_shiv/1161_seg0.png,classical,2,1161_seg0
1161,4.1,1.87,2.5,1.5,0.4555555555555555,0.2777777777777778,data/deam/DEAM_spectrograms_shiv/1161_seg1.png,classical,2,1161_seg1
1161,4.1,1.87,2.5,1.5,0.4555555555555555,0.2777777777777778,data/deam/DEAM_spectrograms_shiv/1161_seg2.png,classical,2,1161_seg2
1162,3.6,1.11,3.8,1.72,0.4,0.4222222222222222,data/deam/DEAM_spectrograms_shiv/1162_seg0.png,classical,2,1162_seg0
1162,3.6,1.11,3.8,1.72,0.4,0.4222222222222222,data/deam/DEAM_spectrograms_shiv/1162_seg1.png,classical,2,1162_seg1
1162,3.6,1.11,3.8,1.72,0.4,0.4222222222222222,data/deam/DEAM_spectrograms_shiv/1162_seg2.png,classical,2,1162_seg2
1163,6.2,1.89,5.3,1.49,0.6888888888888889,0.5888888888888889,data/deam/DEAM_spectrograms_shiv/1163_seg0.png,classical,2,1163_seg0
1163,6.2,1.89,5.3,1.49,0.6888888888888889,0.5888888888888889,data/deam/DEAM_spectrograms_shiv/1163_seg1.png,classical,2,1163_seg1
1163,6.2,1.89,5.3,1.49,0.6888888888888889,0.5888888888888889,data/deam/DEAM_spectrograms_shiv/1163_seg2.png,classical,2,1163_seg2
1164,3.6,1.56,3.1,1.22,0.4,0.3444444444444444,data/deam/DEAM_spectrograms_shiv/1164_seg0.png,classical,2,1164_seg0
1164,3.6,1.56,3.1,1.22,0.4,0.3444444444444444,data/deam/DEAM_spectrograms_shiv/1164_seg1.png,classical,2,1164_seg1
1164,3.6,1.56,3.1,1.22,0.4,0.3444444444444444,data/deam/DEAM_spectrograms_shiv/1164_seg2.png,classical,2,1164_seg2
1166,4.6,1.85,3.3,1.9,0.5111111111111111,0.3666666666666666,data/deam/DEAM_spectrograms_shiv/1166_seg0.png,classical,2,1166_seg0
1166,4.6,1.85,3.3,1.9,0.5111111111111111,0.3666666666666666,data/deam/DEAM_spectrograms_shiv/1166_seg1.png,classical,2,1166_seg1
1166,4.6,1.85,3.3,1.9,0.5111111111111111,0.3666666666666666,data/deam/DEAM_spectrograms_shiv/1166_seg2.png,classical,2,1166_seg2
1167,3.6,1.8,2.8,1.25,0.4,0.3111111111111111,data/deam/DEAM_spectrograms_shiv/1167_seg0.png,classical,2,1167_seg0
1167,3.6,1.8,2.8,1.25,0.4,0.3111111111111111,data/deam/DEAM_spectrograms_shiv/1167_seg1.png,classical,2,1167_seg1
1167,3.6,1.8,2.8,1.25,0.4,0.3111111111111111,data/deam/DEAM_spectrograms_shiv/1167_seg2.png,classical,2,1167_seg2
1168,4.4,2.54,3.3,1.68,0.4888888888888889,0.3666666666666666,data/deam/DEAM_spectrograms_shiv/1168_seg0.png,classical,2,1168_seg0
1168,4.4,2.54,3.3,1.68,0.4888888888888889,0.3666666666666666,data/deam/DEAM_spectrograms_shiv/1168_seg1.png,classical,2,1168_seg1
1168,4.4,2.54,3.3,1.68,0.4888888888888889,0.3666666666666666,data/deam/DEAM_spectrograms_shiv/1168_seg2.png,classical,2,1168_seg2
1169,3.9,1.7,2.8,1.25,0.4333333333333333,0.3111111111111111,data/deam/DEAM_spectrograms_shiv/1169_seg0.png,classical,2,1169_seg0
1169,3.9,1.7,2.8,1.25,0.4333333333333333,0.3111111111111111,data/deam/DEAM_spectrograms_shiv/1169_seg1.png,classical,2,1169_seg1
1169,3.9,1.7,2.8,1.25,0.4333333333333333,0.3111111111111111,data/deam/DEAM_spectrograms_shiv/1169_seg2.png,classical,2,1169_seg2
1170,3.1,1.7,2.1,0.94,0.3444444444444444,0.2333333333333333,data/deam/DEAM_spectrograms_shiv/1170_seg0.png,classical,2,1170_seg0
1170,3.1,1.7,2.1,0.94,0.3444444444444444,0.2333333333333333,data/deam/DEAM_spectrograms_shiv/1170_seg1.png,classical,2,1170_seg1
1170,3.1,1.7,2.1,0.94,0.3444444444444444,0.2333333333333333,data/deam/DEAM_spectrograms_shiv/1170_seg2.png,classical,2,1170_seg2
1171,3.6,1.56,1.9,1.04,0.4,0.2111111111111111,data/deam/DEAM_spectrograms_shiv/1171_seg0.png,classical,2,1171_seg0
1171,3.6,1.56,1.9,1.04,0.4,0.2111111111111111,data/deam/DEAM_spectrograms_shiv/1171_seg1.png,classical,2,1171_seg1
1171,3.6,1.56,1.9,1.04,0.4,0.2111111111111111,data/deam/DEAM_spectrograms_shiv/1171_seg2.png,classical,2,1171_seg2
1172,3.9,2.02,2.5,1.5,0.4333333333333333,0.2777777777777778,data/deam/DEAM_spectrograms_shiv/1172_seg0.png,classical,2,1172_seg0
1172,3.9,2.02,2.5,1.5,0.4333333333333333,0.2777777777777778,data/deam/DEAM_spectrograms_shiv/1172_seg1.png,classical,2,1172_seg1
1172,3.9,2.02,2.5,1.5,0.4333333333333333,0.2777777777777778,data/deam/DEAM_spectrograms_shiv/1172_seg2.png,classical,2,1172_seg2
1173,4.3,1.49,4.0,2.05,0.4777777777777777,0.4444444444444444,data/deam/DEAM_spectrograms_shiv/1173_seg0.png,classical,2,1173_seg0
1173,4.3,1.49,4.0,2.05,0.4777777777777777,0.4444444444444444,data/deam/DEAM_spectrograms_shiv/1173_seg1.png,classical,2,1173_seg1
1173,4.3,1.49,4.0,2.05,0.4777777777777777,0.4444444444444444,data/deam/DEAM_spectrograms_shiv/1173_seg2.png,classical,2,1173_seg2
1175,3.7,1.27,3.4,1.02,0.4111111111111111,0.3777777777777777,data/deam/DEAM_spectrograms_shiv/1175_seg0.png,classical,2,1175_seg0
1175,3.7,1.27,3.4,1.02,0.4111111111111111,0.3777777777777777,data/deam/DEAM_spectrograms_shiv/1175_seg1.png,classical,2,1175_seg1
1175,3.7,1.27,3.4,1.02,0.4111111111111111,0.3777777777777777,data/deam/DEAM_spectrograms_shiv/1175_seg2.png,classical,2,1175_seg2
1177,5.2,2.14,3.3,1.9,0.5777777777777778,0.3666666666666666,data/deam/DEAM_spectrograms_shiv/1177_seg0.png,classical,2,1177_seg0
1177,5.2,2.14,3.3,1.9,0.5777777777777778,0.3666666666666666,data/deam/DEAM_spectrograms_shiv/1177_seg1.png,classical,2,1177_seg1
1177,5.2,2.14,3.3,1.9,0.5777777777777778,0.3666666666666666,data/deam/DEAM_spectrograms_shiv/1177_seg2.png,classical,2,1177_seg2
1179,3.4,1.02,4.1,1.37,0.3777777777777777,0.4555555555555555,data/deam/DEAM_spectrograms_shiv/1179_seg0.png,classical,2,1179_seg0
1179,3.4,1.02,4.1,1.37,0.3777777777777777,0.4555555555555555,data/deam/DEAM_spectrograms_shiv/1179_seg1.png,classical,2,1179_seg1
1179,3.4,1.02,4.1,1.37,0.3777777777777777,0.4555555555555555,data/deam/DEAM_spectrograms_shiv/1179_seg2.png,classical,2,1179_seg2
1182,2.7,1.35,2.2,1.17,0.3,0.2444444444444444,data/deam/DEAM_spectrograms_shiv/1182_seg0.png,classical,2,1182_seg0
1182,2.7,1.35,2.2,1.17,0.3,0.2444444444444444,data/deam/DEAM_spectrograms_shiv/1182_seg1.png,classical,2,1182_seg1
1182,2.7,1.35,2.2,1.17,0.3,0.2444444444444444,data/deam/DEAM_spectrograms_shiv/1182_seg2.png,classical,2,1182_seg2
1184,4.2,1.6,2.3,1.27,0.4666666666666667,0.2555555555555555,data/deam/DEAM_spectrograms_shiv/1184_seg0.png,classical,2,1184_seg0
1184,4.2,1.6,2.3,1.27,0.4666666666666667,0.2555555555555555,data/deam/DEAM_spectrograms_shiv/1184_seg1.png,classical,2,1184_seg1
1184,4.2,1.6,2.3,1.27,0.4666666666666667,0.2555555555555555,data/deam/DEAM_spectrograms_shiv/1184_seg2.png,classical,2,1184_seg2
1185,6.2,1.6,4.8,1.47,0.6888888888888889,0.5333333333333333,data/deam/DEAM_spectrograms_shiv/1185_seg0.png,classical,2,1185_seg0
1185,6.2,1.6,4.8,1.47,0.6888888888888889,0.5333333333333333,data/deam/DEAM_spectrograms_shiv/1185_seg1.png,classical,2,1185_seg1
1185,6.2,1.6,4.8,1.47,0.6888888888888889,0.5333333333333333,data/deam/DEAM_spectrograms_shiv/1185_seg2.png,classical,2,1185_seg2
1187,4.4,1.96,4.1,1.81,0.4888888888888889,0.4555555555555555,data/deam/DEAM_spectrograms_shiv/1187_seg0.png,classical,2,1187_seg0
1187,4.4,1.96,4.1,1.81,0.4888888888888889,0.4555555555555555,data/deam/DEAM_spectrograms_shiv/1187_seg1.png,classical,2,1187_seg1
1187,4.4,1.96,4.1,1.81,0.4888888888888889,0.4555555555555555,data/deam/DEAM_spectrograms_shiv/1187_seg2.png,classical,2,1187_seg2
1188,4.7,1.85,3.3,1.42,0.5222222222222223,0.3666666666666666,data/deam/DEAM_spectrograms_shiv/1188_seg0.png,classical,2,1188_seg0
1188,4.7,1.85,3.3,1.42,0.5222222222222223,0.3666666666666666,data/deam/DEAM_spectrograms_shiv/1188_seg1.png,classical,2,1188_seg1
1188,4.7,1.85,3.3,1.42,0.5222222222222223,0.3666666666666666,data/deam/DEAM_spectrograms_shiv/1188_seg2.png,classical,2,1188_seg2
1190,3.5,1.75,2.2,0.87,0.3888888888888889,0.2444444444444444,data/deam/DEAM_spectrograms_shiv/1190_seg0.png,classical,2,1190_seg0
1190,3.5,1.75,2.2,0.87,0.3888888888888889,0.2444444444444444,data/deam/DEAM_spectrograms_shiv/1190_seg1.png,classical,2,1190_seg1
1190,3.5,1.75,2.2,0.87,0.3888888888888889,0.2444444444444444,data/deam/DEAM_spectrograms_shiv/1190_seg2.png,classical,2,1190_seg2
1191,4.4,1.85,2.6,1.2,0.4888888888888889,0.2888888888888889,data/deam/DEAM_spectrograms_shiv/1191_seg0.png,classical,2,1191_seg0
1191,4.4,1.85,2.6,1.2,0.4888888888888889,0.2888888888888889,data/deam/DEAM_spectrograms_shiv/1191_seg1.png,classical,2,1191_seg1
1191,4.4,1.85,2.6,1.2,0.4888888888888889,0.2888888888888889,data/deam/DEAM_spectrograms_shiv/1191_seg2.png,classical,2,1191_seg2
1192,3.7,1.95,2.9,1.22,0.4111111111111111,0.3222222222222222,data/deam/DEAM_spectrograms_shiv/1192_seg0.png,classical,2,1192_seg0
1192,3.7,1.95,2.9,1.22,0.4111111111111111,0.3222222222222222,data/deam/DEAM_spectrograms_shiv/1192_seg1.png,classical,2,1192_seg1
1192,3.7,1.95,2.9,1.22,0.4111111111111111,0.3222222222222222,data/deam/DEAM_spectrograms_shiv/1192_seg2.png,classical,2,1192_seg2
1194,3.4,1.43,2.5,1.2,0.3777777777777777,0.2777777777777778,data/deam/DEAM_spectrograms_shiv/1194_seg0.png,classical,2,1194_seg0
1194,3.4,1.43,2.5,1.2,0.3777777777777777,0.2777777777777778,data/deam/DEAM_spectrograms_shiv/1194_seg1.png,classical,2,1194_seg1
1194,3.4,1.43,2.5,1.2,0.3777777777777777,0.2777777777777778,data/deam/DEAM_spectrograms_shiv/1194_seg2.png,classical,2,1194_seg2
1195,4.2,2.23,4.0,1.48,0.4666666666666667,0.4444444444444444,data/deam/DEAM_spectrograms_shiv/1195_seg0.png,classical,2,1195_seg0
1195,4.2,2.23,4.0,1.48,0.4666666666666667,0.4444444444444444,data/deam/DEAM_spectrograms_shiv/1195_seg1.png,classical,2,1195_seg1
1195,4.2,2.23,4.0,1.48,0.4666666666666667,0.4444444444444444,data/deam/DEAM_spectrograms_shiv/1195_seg2.png,classical,2,1195_seg2
1197,3.9,1.64,2.8,1.54,0.4333333333333333,0.3111111111111111,data/deam/DEAM_spectrograms_shiv/1197_seg0.png,classical,2,1197_seg0
1197,3.9,1.64,2.8,1.54,0.4333333333333333,0.3111111111111111,data/deam/DEAM_spectrograms_shiv/1197_seg1.png,classical,2,1197_seg1
1197,3.9,1.64,2.8,1.54,0.4333333333333333,0.3111111111111111,data/deam/DEAM_spectrograms_shiv/1197_seg2.png,classical,2,1197_seg2
1198,3.5,2.06,1.8,0.98,0.3888888888888889,0.2,data/deam/DEAM_spectrograms_shiv/1198_seg0.png,classical,2,1198_seg0
1198,3.5,2.06,1.8,0.98,0.3888888888888889,0.2,data/deam/DEAM_spectrograms_shiv/1198_seg1.png,classical,2,1198_seg1
1198,3.5,2.06,1.8,0.98,0.3888888888888889,0.2,data/deam/DEAM_spectrograms_shiv/1198_seg2.png,classical,2,1198_seg2
1199,4.5,1.96,3.5,1.36,0.5,0.3888888888888889,data/deam/DEAM_spectrograms_shiv/1199_seg0.png,classical,2,1199_seg0
1199,4.5,1.96,3.5,1.36,0.5,0.3888888888888889,data/deam/DEAM_spectrograms_shiv/1199_seg1.png,classical,2,1199_seg1
1199,4.5,1.96,3.5,1.36,0.5,0.3888888888888889,data/deam/DEAM_spectrograms_shiv/1199_seg2.png,classical,2,1199_seg2
1200,3.2,1.08,3.6,1.43,0.3555555555555555,0.4,data/deam/DEAM_spectrograms_shiv/1200_seg0.png,classical,2,1200_seg0
1200,3.2,1.08,3.6,1.43,0.3555555555555555,0.4,data/deam/DEAM_spectrograms_shiv/1200_seg1.png,classical,2,1200_seg1
1200,3.2,1.08,3.6,1.43,0.3555555555555555,0.4,data/deam/DEAM_spectrograms_shiv/1200_seg2.png,classical,2,1200_seg2
1201,6.0,1.61,5.5,1.12,0.6666666666666666,0.6111111111111112,data/deam/DEAM_spectrograms_shiv/1201_seg0.png,country,3,1201_seg0
1201,6.0,1.61,5.5,1.12,0.6666666666666666,0.6111111111111112,data/deam/DEAM_spectrograms_shiv/1201_seg1.png,country,3,1201_seg1
1201,6.0,1.61,5.5,1.12,0.6666666666666666,0.6111111111111112,data/deam/DEAM_spectrograms_shiv/1201_seg2.png,country,3,1201_seg2
1202,4.1,1.97,2.7,1.35,0.4555555555555555,0.3,data/deam/DEAM_spectrograms_shiv/1202_seg0.png,country,3,1202_seg0
1202,4.1,1.97,2.7,1.35,0.4555555555555555,0.3,data/deam/DEAM_spectrograms_shiv/1202_seg1.png,country,3,1202_seg1
1202,4.1,1.97,2.7,1.35,0.4555555555555555,0.3,data/deam/DEAM_spectrograms_shiv/1202_seg2.png,country,3,1202_seg2
1203,4.0,1.41,3.4,1.28,0.4444444444444444,0.3777777777777777,data/deam/DEAM_spectrograms_shiv/1203_seg0.png,country,3,1203_seg0
1203,4.0,1.41,3.4,1.28,0.4444444444444444,0.3777777777777777,data/deam/DEAM_spectrograms_shiv/1203_seg1.png,country,3,1203_seg1
1203,4.0,1.41,3.4,1.28,0.4444444444444444,0.3777777777777777,data/deam/DEAM_spectrograms_shiv/1203_seg2.png,country,3,1203_seg2
1204,6.6,0.92,5.5,1.28,0.7333333333333333,0.6111111111111112,data/deam/DEAM_spectrograms_shiv/1204_seg0.png,country,3,1204_seg0
1204,6.6,0.92,5.5,1.28,0.7333333333333333,0.6111111111111112,data/deam/DEAM_spectrograms_shiv/1204_seg1.png,country,3,1204_seg1
1204,6.6,0.92,5.5,1.28,0.7333333333333333,0.6111111111111112,data/deam/DEAM_spectrograms_shiv/1204_seg2.png,country,3,1204_seg2
1206,5.1,1.7,5.8,1.6,0.5666666666666667,0.6444444444444444,data/deam/DEAM_spectrograms_shiv/1206_seg0.png,country,3,1206_seg0
1206,5.1,1.7,5.8,1.6,0.5666666666666667,0.6444444444444444,data/deam/DEAM_spectrograms_shiv/1206_seg1.png,country,3,1206_seg1
1206,5.1,1.7,5.8,1.6,0.5666666666666667,0.6444444444444444,data/deam/DEAM_spectrograms_shiv/1206_seg2.png,country,3,1206_seg2
1207,4.7,1.68,3.4,1.74,0.5222222222222223,0.3777777777777777,data/deam/DEAM_spectrograms_shiv/1207_seg0.png,country,3,1207_seg0
1207,4.7,1.68,3.4,1.74,0.5222222222222223,0.3777777777777777,data/deam/DEAM_spectrograms_shiv/1207_seg1.png,country,3,1207_seg1
1207,4.7,1.68,3.4,1.74,0.5222222222222223,0.3777777777777777,data/deam/DEAM_spectrograms_shiv/1207_seg2.png,country,3,1207_seg2
1210,3.8,2.04,2.4,1.2,0.4222222222222222,0.2666666666666666,data/deam/DEAM_spectrograms_shiv/1210_seg0.png,country,3,1210_seg0
1210,3.8,2.04,2.4,1.2,0.4222222222222222,0.2666666666666666,data/deam/DEAM_spectrograms_shiv/1210_seg1.png,country,3,1210_seg1
1210,3.8,2.04,2.4,1.2,0.4222222222222222,0.2666666666666666,data/deam/DEAM_spectrograms_shiv/1210_seg2.png,country,3,1210_seg2
1211,5.5,1.43,4.7,1.55,0.6111111111111112,0.5222222222222223,data/deam/DEAM_spectrograms_shiv/1211_seg0.png,country,3,1211_seg0
1211,5.5,1.43,4.7,1.55,0.6111111111111112,0.5222222222222223,data/deam/DEAM_spectrograms_shiv/1211_seg1.png,country,3,1211_seg1
1211,5.5,1.43,4.7,1.55,0.6111111111111112,0.5222222222222223,data/deam/DEAM_spectrograms_shiv/1211_seg2.png,country,3,1211_seg2
1213,3.1,1.22,2.8,1.25,0.3444444444444444,0.3111111111111111,data/deam/DEAM_spectrograms_shiv/1213_seg0.png,country,3,1213_seg0
1213,3.1,1.22,2.8,1.25,0.3444444444444444,0.3111111111111111,data/deam/DEAM_spectrograms_shiv/1213_seg1.png,country,3,1213_seg1
1213,3.1,1.22,2.8,1.25,0.3444444444444444,0.3111111111111111,data/deam/DEAM_spectrograms_shiv/1213_seg2.png,country,3,1213_seg2
1215,6.2,1.17,5.6,1.36,0.6888888888888889,0.6222222222222222,data/deam/DEAM_spectrograms_shiv/1215_seg0.png,country,3,1215_seg0
1215,6.2,1.17,5.6,1.36,0.6888888888888889,0.6222222222222222,data/deam/DEAM_spectrograms_shiv/1215_seg1.png,country,3,1215_seg1
1215,6.2,1.17,5.6,1.36,0.6888888888888889,0.6222222222222222,data/deam/DEAM_spectrograms_shiv/1215_seg2.png,country,3,1215_seg2
1216,5.5,1.36,5.3,1.73,0.6111111111111112,0.5888888888888889,data/deam/DEAM_spectrograms_shiv/1216_seg0.png,country,3,1216_seg0
1216,5.5,1.36,5.3,1.73,0.6111111111111112,0.5888888888888889,data/deam/DEAM_spectrograms_shiv/1216_seg1.png,country,3,1216_seg1
1216,5.5,1.36,5.3,1.73,0.6111111111111112,0.5888888888888889,data/deam/DEAM_spectrograms_shiv/1216_seg2.png,country,3,1216_seg2
1218,3.9,1.92,4.1,1.81,0.4333333333333333,0.4555555555555555,data/deam/DEAM_spectrograms_shiv/1218_seg0.png,country,3,1218_seg0
1218,3.9,1.92,4.1,1.81,0.4333333333333333,0.4555555555555555,data/deam/DEAM_spectrograms_shiv/1218_seg1.png,country,3,1218_seg1
1218,3.9,1.92,4.1,1.81,0.4333333333333333,0.4555555555555555,data/deam/DEAM_spectrograms_shiv/1218_seg2.png,country,3,1218_seg2
1219,4.3,1.27,2.2,1.17,0.4777777777777777,0.2444444444444444,data/deam/DEAM_spectrograms_shiv/1219_seg0.png,country,3,1219_seg0
1219,4.3,1.27,2.2,1.17,0.4777777777777777,0.2444444444444444,data/deam/DEAM_spectrograms_shiv/1219_seg1.png,country,3,1219_seg1
1219,4.3,1.27,2.2,1.17,0.4777777777777777,0.2444444444444444,data/deam/DEAM_spectrograms_shiv/1219_seg2.png,country,3,1219_seg2
1220,3.6,1.56,2.2,1.08,0.4,0.2444444444444444,data/deam/DEAM_spectrograms_shiv/1220_seg0.png,country,3,1220_seg0
1220,3.6,1.56,2.2,1.08,0.4,0.2444444444444444,data/deam/DEAM_spectrograms_shiv/1220_seg1.png,country,3,1220_seg1
1220,3.6,1.56,2.2,1.08,0.4,0.2444444444444444,data/deam/DEAM_spectrograms_shiv/1220_seg2.png,country,3,1220_seg2
1221,5.4,0.8,5.3,1.0,0.6000000000000001,0.5888888888888889,data/deam/DEAM_spectrograms_shiv/1221_seg0.png,country,3,1221_seg0
1221,5.4,0.8,5.3,1.0,0.6000000000000001,0.5888888888888889,data/deam/DEAM_spectrograms_shiv/1221_seg1.png,country,3,1221_seg1
1221,5.4,0.8,5.3,1.0,0.6000000000000001,0.5888888888888889,data/deam/DEAM_spectrograms_shiv/1221_seg2.png,country,3,1221_seg2
1222,4.1,2.02,3.2,1.66,0.4555555555555555,0.3555555555555555,data/deam/DEAM_spectrograms_shiv/1222_seg0.png,country,3,1222_seg0
1222,4.1,2.02,3.2,1.66,0.4555555555555555,0.3555555555555555,data/deam/DEAM_spectrograms_shiv/1222_seg1.png,country,3,1222_seg1
1222,4.1,2.02,3.2,1.66,0.4555555555555555,0.3555555555555555,data/deam/DEAM_spectrograms_shiv/1222_seg2.png,country,3,1222_seg2
1225,3.4,1.85,4.6,2.15,0.3777777777777777,0.5111111111111111,data/deam/DEAM_spectrograms_shiv/1225_seg0.png,country,3,1225_seg0
1225,3.4,1.85,4.6,2.15,0.3777777777777777,0.5111111111111111,data/deam/DEAM_spectrograms_shiv/1225_seg1.png,country,3,1225_seg1
1225,3.4,1.85,4.6,2.15,0.3777777777777777,0.5111111111111111,data/deam/DEAM_spectrograms_shiv/1225_seg2.png,country,3,1225_seg2
1226,3.9,1.58,3.8,1.66,0.4333333333333333,0.4222222222222222,data/deam/DEAM_spectrograms_shiv/1226_seg0.png,country,3,1226_seg0
1226,3.9,1.58,3.8,1.66,0.4333333333333333,0.4222222222222222,data/deam/DEAM_spectrograms_shiv/1226_seg1.png,country,3,1226_seg1
1226,3.9,1.58,3.8,1.66,0.4333333333333333,0.4222222222222222,data/deam/DEAM_spectrograms_shiv/1226_seg2.png,country,3,1226_seg2
1227,4.7,1.79,5.7,1.85,0.5222222222222223,0.6333333333333333,data/deam/DEAM_spectrograms_shiv/1227_seg0.png,country,3,1227_seg0
1227,4.7,1.79,5.7,1.85,0.5222222222222223,0.6333333333333333,data/deam/DEAM_spectrograms_shiv/1227_seg1.png,country,3,1227_seg1
1227,4.7,1.79,5.7,1.85,0.5222222222222223,0.6333333333333333,data/deam/DEAM_spectrograms_shiv/1227_seg2.png,country,3,1227_seg2
1229,5.2,1.66,4.3,1.68,0.5777777777777778,0.4777777777777777,data/deam/DEAM_spectrograms_shiv/1229_seg0.png,country,3,1229_seg0
1229,5.2,1.66,4.3,1.68,0.5777777777777778,0.4777777777777777,data/deam/DEAM_spectrograms_shiv/1229_seg1.png,country,3,1229_seg1
1229,5.2,1.66,4.3,1.68,0.5777777777777778,0.4777777777777777,data/deam/DEAM_spectrograms_shiv/1229_seg2.png,country,3,1229_seg2
1230,5.3,1.42,3.7,1.49,0.5888888888888889,0.4111111111111111,data/deam/DEAM_spectrograms_shiv/1230_seg0.png,country,3,1230_seg0
1230,5.3,1.42,3.7,1.49,0.5888888888888889,0.4111111111111111,data/deam/DEAM_spectrograms_shiv/1230_seg1.png,country,3,1230_seg1
1230,5.3,1.42,3.7,1.49,0.5888888888888889,0.4111111111111111,data/deam/DEAM_spectrograms_shiv/1230_seg2.png,country,3,1230_seg2
1231,5.5,1.5,6.5,1.2,0.6111111111111112,0.7222222222222222,data/deam/DEAM_spectrograms_shiv/1231_seg0.png,country,3,1231_seg0
1231,5.5,1.5,6.5,1.2,0.6111111111111112,0.7222222222222222,data/deam/DEAM_spectrograms_shiv/1231_seg1.png,country,3,1231_seg1
1231,5.5,1.5,6.5,1.2,0.6111111111111112,0.7222222222222222,data/deam/DEAM_spectrograms_shiv/1231_seg2.png,country,3,1231_seg2
1232,6.9,0.83,6.3,1.42,0.7666666666666667,0.7,data/deam/DEAM_spectrograms_shiv/1232_seg0.png,country,3,1232_seg0
1232,6.9,0.83,6.3,1.42,0.7666666666666667,0.7,data/deam/DEAM_spectrograms_shiv/1232_seg1.png,country,3,1232_seg1
1232,6.9,0.83,6.3,1.42,0.7666666666666667,0.7,data/deam/DEAM_spectrograms_shiv/1232_seg2.png,country,3,1232_seg2
1234,4.6,1.43,3.0,0.89,0.5111111111111111,0.3333333333333333,data/deam/DEAM_spectrograms_shiv/1234_seg0.png,country,3,1234_seg0
1234,4.6,1.43,3.0,0.89,0.5111111111111111,0.3333333333333333,data/deam/DEAM_spectrograms_shiv/1234_seg1.png,country,3,1234_seg1
1234,4.6,1.43,3.0,0.89,0.5111111111111111,0.3333333333333333,data/deam/DEAM_spectrograms_shiv/1234_seg2.png,country,3,1234_seg2
1235,4.9,1.22,5.8,1.17,0.5444444444444445,0.6444444444444444,data/deam/DEAM_spectrograms_shiv/1235_seg0.png,country,3,1235_seg0
1235,4.9,1.22,5.8,1.17,0.5444444444444445,0.6444444444444444,data/deam/DEAM_spectrograms_shiv/1235_seg1.png,country,3,1235_seg1
1235,4.9,1.22,5.8,1.17,0.5444444444444445,0.6444444444444444,data/deam/DEAM_spectrograms_shiv/1235_seg2.png,country,3,1235_seg2
1236,4.5,1.02,4.9,1.04,0.5,0.5444444444444445,data/deam/DEAM_spectrograms_shiv/1236_seg0.png,country,3,1236_seg0
1236,4.5,1.02,4.9,1.04,0.5,0.5444444444444445,data/deam/DEAM_spectrograms_shiv/1236_seg1.png,country,3,1236_seg1
1236,4.5,1.02,4.9,1.04,0.5,0.5444444444444445,data/deam/DEAM_spectrograms_shiv/1236_seg2.png,country,3,1236_seg2
1237,4.1,1.37,3.3,1.27,0.4555555555555555,0.3666666666666666,data/deam/DEAM_spectrograms_shiv/1237_seg0.png,country,3,1237_seg0
1237,4.1,1.37,3.3,1.27,0.4555555555555555,0.3666666666666666,data/deam/DEAM_spectrograms_shiv/1237_seg1.png,country,3,1237_seg1
1237,4.1,1.37,3.3,1.27,0.4555555555555555,0.3666666666666666,data/deam/DEAM_spectrograms_shiv/1237_seg2.png,country,3,1237_seg2
1238,5.5,1.36,5.1,1.81,0.6111111111111112,0.5666666666666667,data/deam/DEAM_spectrograms_shiv/1238_seg0.png,country,3,1238_seg0
1238,5.5,1.36,5.1,1.81,0.6111111111111112,0.5666666666666667,data/deam/DEAM_spectrograms_shiv/1238_seg1.png,country,3,1238_seg1
1238,5.5,1.36,5.1,1.81,0.6111111111111112,0.5666666666666667,data/deam/DEAM_spectrograms_shiv/1238_seg2.png,country,3,1238_seg2
1240,2.7,1.19,2.6,0.8,0.3,0.2888888888888889,data/deam/DEAM_spectrograms_shiv/1240_seg0.png,country,3,1240_seg0
1240,2.7,1.19,2.6,0.8,0.3,0.2888888888888889,data/deam/DEAM_spectrograms_shiv/1240_seg1.png,country,3,1240_seg1
1240,2.7,1.19,2.6,0.8,0.3,0.2888888888888889,data/deam/DEAM_spectrograms_shiv/1240_seg2.png,country,3,1240_seg2
1241,4.1,1.37,3.7,1.62,0.4555555555555555,0.4111111111111111,data/deam/DEAM_spectrograms_shiv/1241_seg0.png,country,3,1241_seg0
1241,4.1,1.37,3.7,1.62,0.4555555555555555,0.4111111111111111,data/deam/DEAM_spectrograms_shiv/1241_seg1.png,country,3,1241_seg1
1241,4.1,1.37,3.7,1.62,0.4555555555555555,0.4111111111111111,data/deam/DEAM_spectrograms_shiv/1241_seg2.png,country,3,1241_seg2
1242,4.7,0.9,4.3,1.35,0.5222222222222223,0.4777777777777777,data/deam/DEAM_spectrograms_shiv/1242_seg0.png,country,3,1242_seg0
1242,4.7,0.9,4.3,1.35,0.5222222222222223,0.4777777777777777,data/deam/DEAM_spectrograms_shiv/1242_seg1.png,country,3,1242_seg1
1242,4.7,0.9,4.3,1.35,0.5222222222222223,0.4777777777777777,data/deam/DEAM_spectrograms_shiv/1242_seg2.png,country,3,1242_seg2
1243,5.8,1.4,5.7,1.55,0.6444444444444444,0.6333333333333333,data/deam/DEAM_spectrograms_shiv/1243_seg0.png,country,3,1243_seg0
1243,5.8,1.4,5.7,1.55,0.6444444444444444,0.6333333333333333,data/deam/DEAM_spectrograms_shiv/1243_seg1.png,country,3,1243_seg1
1243,5.8,1.4,5.7,1.55,0.6444444444444444,0.6333333333333333,data/deam/DEAM_spectrograms_shiv/1243_seg2.png,country,3,1243_seg2
1244,4.6,1.5,3.7,1.27,0.5111111111111111,0.4111111111111111,data/deam/DEAM_spectrograms_shiv/1244_seg0.png,country,3,1244_seg0
1244,4.6,1.5,3.7,1.27,0.5111111111111111,0.4111111111111111,data/deam/DEAM_spectrograms_shiv/1244_seg1.png,country,3,1244_seg1
1244,4.6,1.5,3.7,1.27,0.5111111111111111,0.4111111111111111,data/deam/DEAM_spectrograms_shiv/1244_seg2.png,country,3,1244_seg2
1246,4.5,1.8,3.1,1.58,0.5,0.3444444444444444,data/deam/DEAM_spectrograms_shiv/1246_seg0.png,country,3,1246_seg0
1246,4.5,1.8,3.1,1.58,0.5,0.3444444444444444,data/deam/DEAM_spectrograms_shiv/1246_seg1.png,country,3,1246_seg1
1246,4.5,1.8,3.1,1.58,0.5,0.3444444444444444,data/deam/DEAM_spectrograms_shiv/1246_seg2.png,country,3,1246_seg2
1248,3.7,1.35,3.0,1.26,0.4111111111111111,0.3333333333333333,data/deam/DEAM_spectrograms_shiv/1248_seg0.png,country,3,1248_seg0
1248,3.7,1.35,3.0,1.26,0.4111111111111111,0.3333333333333333,data/deam/DEAM_spectrograms_shiv/1248_seg1.png,country,3,1248_seg1
1248,3.7,1.35,3.0,1.26,0.4111111111111111,0.3333333333333333,data/deam/DEAM_spectrograms_shiv/1248_seg2.png,country,3,1248_seg2
1249,5.1,1.76,5.6,1.8,0.5666666666666667,0.6222222222222222,data/deam/DEAM_spectrograms_shiv/1249_seg0.png,country,3,1249_seg0
1249,5.1,1.76,5.6,1.8,0.5666666666666667,0.6222222222222222,data/deam/DEAM_spectrograms_shiv/1249_seg1.png,country,3,1249_seg1
1249,5.1,1.76,5.6,1.8,0.5666666666666667,0.6222222222222222,data/deam/DEAM_spectrograms_shiv/1249_seg2.png,country,3,1249_seg2
1250,7.0,1.41,7.4,0.92,0.7777777777777778,0.8222222222222223,data/deam/DEAM_spectrograms_shiv/1250_seg0.png,country,3,1250_seg0
1250,7.0,1.41,7.4,0.92,0.7777777777777778,0.8222222222222223,data/deam/DEAM_spectrograms_shiv/1250_seg1.png,country,3,1250_seg1
1250,7.0,1.41,7.4,0.92,0.7777777777777778,0.8222222222222223,data/deam/DEAM_spectrograms_shiv/1250_seg2.png,country,3,1250_seg2
1251,6.9,0.83,6.3,0.78,0.7666666666666667,0.7,data/deam/DEAM_spectrograms_shiv/1251_seg0.png,country,3,1251_seg0
1251,6.9,0.83,6.3,0.78,0.7666666666666667,0.7,data/deam/DEAM_spectrograms_shiv/1251_seg1.png,country,3,1251_seg1
1251,6.9,0.83,6.3,0.78,0.7666666666666667,0.7,data/deam/DEAM_spectrograms_shiv/1251_seg2.png,country,3,1251_seg2
1253,4.1,1.3,3.0,1.0,0.4555555555555555,0.3333333333333333,data/deam/DEAM_spectrograms_shiv/1253_seg0.png,country,3,1253_seg0
1253,4.1,1.3,3.0,1.0,0.4555555555555555,0.3333333333333333,data/deam/DEAM_spectrograms_shiv/1253_seg1.png,country,3,1253_seg1
1253,4.1,1.3,3.0,1.0,0.4555555555555555,0.3333333333333333,data/deam/DEAM_spectrograms_shiv/1253_seg2.png,country,3,1253_seg2
1255,3.4,2.32,2.0,0.81,0.3777777777777777,0.2222222222222222,data/deam/DEAM_spectrograms_shiv/1255_seg0.png,country,3,1255_seg0
1255,3.4,2.32,2.0,0.81,0.3777777777777777,0.2222222222222222,data/deam/DEAM_spectrograms_shiv/1255_seg1.png,country,3,1255_seg1
1255,3.4,2.32,2.0,0.81,0.3777777777777777,0.2222222222222222,data/deam/DEAM_spectrograms_shiv/1255_seg2.png,country,3,1255_seg2
1256,5.7,1.27,5.5,1.69,0.6333333333333333,0.6111111111111112,data/deam/DEAM_spectrograms_shiv/1256_seg0.png,country,3,1256_seg0
1256,5.7,1.27,5.5,1.69,0.6333333333333333,0.6111111111111112,data/deam/DEAM_spectrograms_shiv/1256_seg1.png,country,3,1256_seg1
1256,5.7,1.27,5.5,1.69,0.6333333333333333,0.6111111111111112,data/deam/DEAM_spectrograms_shiv/1256_seg2.png,country,3,1256_seg2
1257,5.0,1.18,3.8,1.25,0.5555555555555556,0.4222222222222222,data/deam/DEAM_spectrograms_shiv/1257_seg0.png,country,3,1257_seg0
1257,5.0,1.18,3.8,1.25,0.5555555555555556,0.4222222222222222,data/deam/DEAM_spectrograms_shiv/1257_seg1.png,country,3,1257_seg1
1257,5.0,1.18,3.8,1.25,0.5555555555555556,0.4222222222222222,data/deam/DEAM_spectrograms_shiv/1257_seg2.png,country,3,1257_seg2
1258,5.7,1.62,5.6,1.74,0.6333333333333333,0.6222222222222222,data/deam/DEAM_spectrograms_shiv/1258_seg0.png,country,3,1258_seg0
1258,5.7,1.62,5.6,1.74,0.6333333333333333,0.6222222222222222,data/deam/DEAM_spectrograms_shiv/1258_seg1.png,country,3,1258_seg1
1258,5.7,1.62,5.6,1.74,0.6333333333333333,0.6222222222222222,data/deam/DEAM_spectrograms_shiv/1258_seg2.png,country,3,1258_seg2
1259,3.6,1.5,2.8,1.08,0.4,0.3111111111111111,data/deam/DEAM_spectrograms_shiv/1259_seg0.png,country,3,1259_seg0
1259,3.6,1.5,2.8,1.08,0.4,0.3111111111111111,data/deam/DEAM_spectrograms_shiv/1259_seg1.png,country,3,1259_seg1
1259,3.6,1.5,2.8,1.08,0.4,0.3111111111111111,data/deam/DEAM_spectrograms_shiv/1259_seg2.png,country,3,1259_seg2
1260,7.2,0.75,6.5,1.43,0.8,0.7222222222222222,data/deam/DEAM_spectrograms_shiv/1260_seg0.png,country,3,1260_seg0
1260,7.2,0.75,6.5,1.43,0.8,0.7222222222222222,data/deam/DEAM_spectrograms_shiv/1260_seg1.png,country,3,1260_seg1
1260,7.2,0.75,6.5,1.43,0.8,0.7222222222222222,data/deam/DEAM_spectrograms_shiv/1260_seg2.png,country,3,1260_seg2
1263,5.8,1.47,5.1,1.22,0.6444444444444444,0.5666666666666667,data/deam/DEAM_spectrograms_shiv/1263_seg0.png,country,3,1263_seg0
1263,5.8,1.47,5.1,1.22,0.6444444444444444,0.5666666666666667,data/deam/DEAM_spectrograms_shiv/1263_seg1.png,country,3,1263_seg1
1263,5.8,1.47,5.1,1.22,0.6444444444444444,0.5666666666666667,data/deam/DEAM_spectrograms_shiv/1263_seg2.png,country,3,1263_seg2
1264,4.6,1.96,3.6,1.96,0.5111111111111111,0.4,data/deam/DEAM_spectrograms_shiv/1264_seg0.png,country,3,1264_seg0
1264,4.6,1.96,3.6,1.96,0.5111111111111111,0.4,data/deam/DEAM_spectrograms_shiv/1264_seg1.png,country,3,1264_seg1
1264,4.6,1.96,3.6,1.96,0.5111111111111111,0.4,data/deam/DEAM_spectrograms_shiv/1264_seg2.png,country,3,1264_seg2
1265,5.8,1.4,5.5,1.12,0.6444444444444444,0.6111111111111112,data/deam/DEAM_spectrograms_shiv/1265_seg0.png,country,3,1265_seg0
1265,5.8,1.4,5.5,1.12,0.6444444444444444,0.6111111111111112,data/deam/DEAM_spectrograms_shiv/1265_seg1.png,country,3,1265_seg1
1265,5.8,1.4,5.5,1.12,0.6444444444444444,0.6111111111111112,data/deam/DEAM_spectrograms_shiv/1265_seg2.png,country,3,1265_seg2
1266,5.6,0.66,5.1,1.14,0.6222222222222222,0.5666666666666667,data/deam/DEAM_spectrograms_shiv/1266_seg0.png,country,3,1266_seg0
1266,5.6,0.66,5.1,1.14,0.6222222222222222,0.5666666666666667,data/deam/DEAM_spectrograms_shiv/1266_seg1.png,country,3,1266_seg1
1266,5.6,0.66,5.1,1.14,0.6222222222222222,0.5666666666666667,data/deam/DEAM_spectrograms_shiv/1266_seg2.png,country,3,1266_seg2
1267,4.5,1.69,3.7,1.55,0.5,0.4111111111111111,data/deam/DEAM_spectrograms_shiv/1267_seg0.png,country,3,1267_seg0
1267,4.5,1.69,3.7,1.55,0.5,0.4111111111111111,data/deam/DEAM_spectrograms_shiv/1267_seg1.png,country,3,1267_seg1
1267,4.5,1.69,3.7,1.55,0.5,0.4111111111111111,data/deam/DEAM_spectrograms_shiv/1267_seg2.png,country,3,1267_seg2
1268,5.3,1.42,3.7,1.55,0.5888888888888889,0.4111111111111111,data/deam/DEAM_spectrograms_shiv/1268_seg0.png,country,3,1268_seg0
1268,5.3,1.42,3.7,1.55,0.5888888888888889,0.4111111111111111,data/deam/DEAM_spectrograms_shiv/1268_seg1.png,country,3,1268_seg1
1268,5.3,1.42,3.7,1.55,0.5888888888888889,0.4111111111111111,data/deam/DEAM_spectrograms_shiv/1268_seg2.png,country,3,1268_seg2
1270,4.6,1.02,5.3,1.49,0.5111111111111111,0.5888888888888889,data/deam/DEAM_spectrograms_shiv/1270_seg0.png,country,3,1270_seg0
1270,4.6,1.02,5.3,1.49,0.5111111111111111,0.5888888888888889,data/deam/DEAM_spectrograms_shiv/1270_seg1.png,country,3,1270_seg1
1270,4.6,1.02,5.3,1.49,0.5111111111111111,0.5888888888888889,data/deam/DEAM_spectrograms_shiv/1270_seg2.png,country,3,1270_seg2
1271,4.6,1.2,4.7,1.0,0.5111111111111111,0.5222222222222223,data/deam/DEAM_spectrograms_shiv/1271_seg0.png,country,3,1271_seg0
1271,4.6,1.2,4.7,1.0,0.5111111111111111,0.5222222222222223,data/deam/DEAM_spectrograms_shiv/1271_seg1.png,country,3,1271_seg1
1271,4.6,1.2,4.7,1.0,0.5111111111111111,0.5222222222222223,data/deam/DEAM_spectrograms_shiv/1271_seg2.png,country,3,1271_seg2
1272,4.0,1.48,3.2,1.33,0.4444444444444444,0.3555555555555555,data/deam/DEAM_spectrograms_shiv/1272_seg0.png,country,3,1272_seg0
1272,4.0,1.48,3.2,1.33,0.4444444444444444,0.3555555555555555,data/deam/DEAM_spectrograms_shiv/1272_seg1.png,country,3,1272_seg1
1272,4.0,1.48,3.2,1.33,0.4444444444444444,0.3555555555555555,data/deam/DEAM_spectrograms_shiv/1272_seg2.png,country,3,1272_seg2
1273,4.8,2.18,5.6,1.69,0.5333333333333333,0.6222222222222222,data/deam/DEAM_spectrograms_shiv/1273_seg0.png,country,3,1273_seg0
1273,4.8,2.18,5.6,1.69,0.5333333333333333,0.6222222222222222,data/deam/DEAM_spectrograms_shiv/1273_seg1.png,country,3,1273_seg1
1273,4.8,2.18,5.6,1.69,0.5333333333333333,0.6222222222222222,data/deam/DEAM_spectrograms_shiv/1273_seg2.png,country,3,1273_seg2
1275,3.5,1.63,2.8,1.25,0.3888888888888889,0.3111111111111111,data/deam/DEAM_spectrograms_shiv/1275_seg0.png,country,3,1275_seg0
1275,3.5,1.63,2.8,1.25,0.3888888888888889,0.3111111111111111,data/deam/DEAM_spectrograms_shiv/1275_seg1.png,country,3,1275_seg1
1275,3.5,1.63,2.8,1.25,0.3888888888888889,0.3111111111111111,data/deam/DEAM_spectrograms_shiv/1275_seg2.png,country,3,1275_seg2
1276,4.8,1.08,5.5,0.81,0.5333333333333333,0.6111111111111112,data/deam/DEAM_spectrograms_shiv/1276_seg0.png,country,3,1276_seg0
1276,4.8,1.08,5.5,0.81,0.5333333333333333,0.6111111111111112,data/deam/DEAM_spectrograms_shiv/1276_seg1.png,country,3,1276_seg1
1276,4.8,1.08,5.5,0.81,0.5333333333333333,0.6111111111111112,data/deam/DEAM_spectrograms_shiv/1276_seg2.png,country,3,1276_seg2
1277,2.9,1.14,2.2,1.17,0.3222222222222222,0.2444444444444444,data/deam/DEAM_spectrograms_shiv/1277_seg0.png,country,3,1277_seg0
1277,2.9,1.14,2.2,1.17,0.3222222222222222,0.2444444444444444,data/deam/DEAM_spectrograms_shiv/1277_seg1.png,country,3,1277_seg1
1277,2.9,1.14,2.2,1.17,0.3222222222222222,0.2444444444444444,data/deam/DEAM_spectrograms_shiv/1277_seg2.png,country,3,1277_seg2
1278,5.1,1.58,4.1,1.64,0.5666666666666667,0.4555555555555555,data/deam/DEAM_spectrograms_shiv/1278_seg0.png,country,3,1278_seg0
1278,5.1,1.58,4.1,1.64,0.5666666666666667,0.4555555555555555,data/deam/DEAM_spectrograms_shiv/1278_seg1.png,country,3,1278_seg1
1278,5.1,1.58,4.1,1.64,0.5666666666666667,0.4555555555555555,data/deam/DEAM_spectrograms_shiv/1278_seg2.png,country,3,1278_seg2
1279,5.6,1.8,4.2,1.33,0.6222222222222222,0.4666666666666667,data/deam/DEAM_spectrograms_shiv/1279_seg0.png,country,3,1279_seg0
1279,5.6,1.8,4.2,1.33,0.6222222222222222,0.4666666666666667,data/deam/DEAM_spectrograms_shiv/1279_seg1.png,country,3,1279_seg1
1279,5.6,1.8,4.2,1.33,0.6222222222222222,0.4666666666666667,data/deam/DEAM_spectrograms_shiv/1279_seg2.png,country,3,1279_seg2
1280,5.9,1.7,5.4,1.43,0.6555555555555556,0.6000000000000001,data/deam/DEAM_spectrograms_shiv/1280_seg0.png,country,3,1280_seg0
1280,5.9,1.7,5.4,1.43,0.6555555555555556,0.6000000000000001,data/deam/DEAM_spectrograms_shiv/1280_seg1.png,country,3,1280_seg1
1280,5.9,1.7,5.4,1.43,0.6555555555555556,0.6000000000000001,data/deam/DEAM_spectrograms_shiv/1280_seg2.png,country,3,1280_seg2
1281,5.4,1.36,4.5,1.86,0.6000000000000001,0.5,data/deam/DEAM_spectrograms_shiv/1281_seg0.png,country,3,1281_seg0
1281,5.4,1.36,4.5,1.86,0.6000000000000001,0.5,data/deam/DEAM_spectrograms_shiv/1281_seg1.png,country,3,1281_seg1
1281,5.4,1.36,4.5,1.86,0.6000000000000001,0.5,data/deam/DEAM_spectrograms_shiv/1281_seg2.png,country,3,1281_seg2
1282,6.8,1.54,6.4,1.43,0.7555555555555555,0.7111111111111111,data/deam/DEAM_spectrograms_shiv/1282_seg0.png,country,3,1282_seg0
1282,6.8,1.54,6.4,1.43,0.7555555555555555,0.7111111111111111,data/deam/DEAM_spectrograms_shiv/1282_seg1.png,country,3,1282_seg1
1282,6.8,1.54,6.4,1.43,0.7555555555555555,0.7111111111111111,data/deam/DEAM_spectrograms_shiv/1282_seg2.png,country,3,1282_seg2
1283,3.3,1.79,5.2,1.47,0.3666666666666666,0.5777777777777778,data/deam/DEAM_spectrograms_shiv/1283_seg0.png,country,3,1283_seg0
1283,3.3,1.79,5.2,1.47,0.3666666666666666,0.5777777777777778,data/deam/DEAM_spectrograms_shiv/1283_seg1.png,country,3,1283_seg1
1283,3.3,1.79,5.2,1.47,0.3666666666666666,0.5777777777777778,data/deam/DEAM_spectrograms_shiv/1283_seg2.png,country,3,1283_seg2
1284,6.3,1.42,6.6,1.28,0.7,0.7333333333333333,data/deam/DEAM_spectrograms_shiv/1284_seg0.png,country,3,1284_seg0
1284,6.3,1.42,6.6,1.28,0.7,0.7333333333333333,data/deam/DEAM_spectrograms_shiv/1284_seg1.png,country,3,1284_seg1
1284,6.3,1.42,6.6,1.28,0.7,0.7333333333333333,data/deam/DEAM_spectrograms_shiv/1284_seg2.png,country,3,1284_seg2
1285,5.1,1.81,4.9,1.92,0.5666666666666667,0.5444444444444445,data/deam/DEAM_spectrograms_shiv/1285_seg0.png,country,3,1285_seg0
1285,5.1,1.81,4.9,1.92,0.5666666666666667,0.5444444444444445,data/deam/DEAM_spectrograms_shiv/1285_seg1.png,country,3,1285_seg1
1285,5.1,1.81,4.9,1.92,0.5666666666666667,0.5444444444444445,data/deam/DEAM_spectrograms_shiv/1285_seg2.png,country,3,1285_seg2
1289,5.0,1.41,4.4,1.43,0.5555555555555556,0.4888888888888889,data/deam/DEAM_spectrograms_shiv/1289_seg0.png,country,3,1289_seg0
1289,5.0,1.41,4.4,1.43,0.5555555555555556,0.4888888888888889,data/deam/DEAM_spectrograms_shiv/1289_seg1.png,country,3,1289_seg1
1289,5.0,1.41,4.4,1.43,0.5555555555555556,0.4888888888888889,data/deam/DEAM_spectrograms_shiv/1289_seg2.png,country,3,1289_seg2
1290,6.6,1.2,6.6,1.36,0.7333333333333333,0.7333333333333333,data/deam/DEAM_spectrograms_shiv/1290_seg0.png,country,3,1290_seg0
1290,6.6,1.2,6.6,1.36,0.7333333333333333,0.7333333333333333,data/deam/DEAM_spectrograms_shiv/1290_seg1.png,country,3,1290_seg1
1290,6.6,1.2,6.6,1.36,0.7333333333333333,0.7333333333333333,data/deam/DEAM_spectrograms_shiv/1290_seg2.png,country,3,1290_seg2
1292,5.6,1.91,5.2,1.08,0.6222222222222222,0.5777777777777778,data/deam/DEAM_spectrograms_shiv/1292_seg0.png,country,3,1292_seg0
1292,5.6,1.91,5.2,1.08,0.6222222222222222,0.5777777777777778,data/deam/DEAM_spectrograms_shiv/1292_seg1.png,country,3,1292_seg1
1292,5.6,1.91,5.2,1.08,0.6222222222222222,0.5777777777777778,data/deam/DEAM_spectrograms_shiv/1292_seg2.png,country,3,1292_seg2
1293,5.7,1.1,5.1,1.22,0.6333333333333333,0.5666666666666667,data/deam/DEAM_spectrograms_shiv/1293_seg0.png,country,3,1293_seg0
1293,5.7,1.1,5.1,1.22,0.6333333333333333,0.5666666666666667,data/deam/DEAM_spectrograms_shiv/1293_seg1.png,country,3,1293_seg1
1293,5.7,1.1,5.1,1.22,0.6333333333333333,0.5666666666666667,data/deam/DEAM_spectrograms_shiv/1293_seg2.png,country,3,1293_seg2
1294,5.9,1.22,5.5,1.28,0.6555555555555556,0.6111111111111112,data/deam/DEAM_spectrograms_shiv/1294_seg0.png,country,3,1294_seg0
1294,5.9,1.22,5.5,1.28,0.6555555555555556,0.6111111111111112,data/deam/DEAM_spectrograms_shiv/1294_seg1.png,country,3,1294_seg1
1294,5.9,1.22,5.5,1.28,0.6555555555555556,0.6111111111111112,data/deam/DEAM_spectrograms_shiv/1294_seg2.png,country,3,1294_seg2
1295,6.9,1.04,6.4,1.8,0.7666666666666667,0.7111111111111111,data/deam/DEAM_spectrograms_shiv/1295_seg0.png,country,3,1295_seg0
1295,6.9,1.04,6.4,1.8,0.7666666666666667,0.7111111111111111,data/deam/DEAM_spectrograms_shiv/1295_seg1.png,country,3,1295_seg1
1295,6.9,1.04,6.4,1.8,0.7666666666666667,0.7111111111111111,data/deam/DEAM_spectrograms_shiv/1295_seg2.png,country,3,1295_seg2
1296,5.0,1.34,5.9,0.83,0.5555555555555556,0.6555555555555556,data/deam/DEAM_spectrograms_shiv/1296_seg0.png,country,3,1296_seg0
1296,5.0,1.34,5.9,0.83,0.5555555555555556,0.6555555555555556,data/deam/DEAM_spectrograms_shiv/1296_seg1.png,country,3,1296_seg1
1296,5.0,1.34,5.9,0.83,0.5555555555555556,0.6555555555555556,data/deam/DEAM_spectrograms_shiv/1296_seg2.png,country,3,1296_seg2
1297,4.8,1.81,3.7,1.49,0.5333333333333333,0.4111111111111111,data/deam/DEAM_spectrograms_shiv/1297_seg0.png,country,3,1297_seg0
1297,4.8,1.81,3.7,1.49,0.5333333333333333,0.4111111111111111,data/deam/DEAM_spectrograms_shiv/1297_seg1.png,country,3,1297_seg1
1297,4.8,1.81,3.7,1.49,0.5333333333333333,0.4111111111111111,data/deam/DEAM_spectrograms_shiv/1297_seg2.png,country,3,1297_seg2
1300,6.0,1.1,4.5,1.2,0.6666666666666666,0.5,data/deam/DEAM_spectrograms_shiv/1300_seg0.png,country,3,1300_seg0
1300,6.0,1.1,4.5,1.2,0.6666666666666666,0.5,data/deam/DEAM_spectrograms_shiv/1300_seg1.png,country,3,1300_seg1
1300,6.0,1.1,4.5,1.2,0.6666666666666666,0.5,data/deam/DEAM_spectrograms_shiv/1300_seg2.png,country,3,1300_seg2
1301,4.4,0.92,2.8,1.47,0.4888888888888889,0.3111111111111111,data/deam/DEAM_spectrograms_shiv/1301_seg0.png,electronic,4,1301_seg0
1301,4.4,0.92,2.8,1.47,0.4888888888888889,0.3111111111111111,data/deam/DEAM_spectrograms_shiv/1301_seg1.png,electronic,4,1301_seg1
1301,4.4,0.92,2.8,1.47,0.4888888888888889,0.3111111111111111,data/deam/DEAM_spectrograms_shiv/1301_seg2.png,electronic,4,1301_seg2
1302,4.4,1.62,3.8,1.72,0.4888888888888889,0.4222222222222222,data/deam/DEAM_spectrograms_shiv/1302_seg0.png,electronic,4,1302_seg0
1302,4.4,1.62,3.8,1.72,0.4888888888888889,0.4222222222222222,data/deam/DEAM_spectrograms_shiv/1302_seg1.png,electronic,4,1302_seg1
1302,4.4,1.62,3.8,1.72,0.4888888888888889,0.4222222222222222,data/deam/DEAM_spectrograms_shiv/1302_seg2.png,electronic,4,1302_seg2
1304,5.2,1.72,6.3,1.68,0.5777777777777778,0.7,data/deam/DEAM_spectrograms_shiv/1304_seg0.png,electronic,4,1304_seg0
1304,5.2,1.72,6.3,1.68,0.5777777777777778,0.7,data/deam/DEAM_spectrograms_shiv/1304_seg1.png,electronic,4,1304_seg1
1304,5.2,1.72,6.3,1.68,0.5777777777777778,0.7,data/deam/DEAM_spectrograms_shiv/1304_seg2.png,electronic,4,1304_seg2
1305,4.7,2.0,6.2,1.25,0.5222222222222223,0.6888888888888889,data/deam/DEAM_spectrograms_shiv/1305_seg0.png,electronic,4,1305_seg0
1305,4.7,2.0,6.2,1.25,0.5222222222222223,0.6888888888888889,data/deam/DEAM_spectrograms_shiv/1305_seg1.png,electronic,4,1305_seg1
1305,4.7,2.0,6.2,1.25,0.5222222222222223,0.6888888888888889,data/deam/DEAM_spectrograms_shiv/1305_seg2.png,electronic,4,1305_seg2
1306,5.3,1.49,5.3,1.68,0.5888888888888889,0.5888888888888889,data/deam/DEAM_spectrograms_shiv/1306_seg0.png,electronic,4,1306_seg0
1306,5.3,1.49,5.3,1.68,0.5888888888888889,0.5888888888888889,data/deam/DEAM_spectrograms_shiv/1306_seg1.png,electronic,4,1306_seg1
1306,5.3,1.49,5.3,1.68,0.5888888888888889,0.5888888888888889,data/deam/DEAM_spectrograms_shiv/1306_seg2.png,electronic,4,1306_seg2
1307,5.1,0.94,5.4,1.69,0.5666666666666667,0.6000000000000001,data/deam/DEAM_spectrograms_shiv/1307_seg0.png,electronic,4,1307_seg0
1307,5.1,0.94,5.4,1.69,0.5666666666666667,0.6000000000000001,data/deam/DEAM_spectrograms_shiv/1307_seg1.png,electronic,4,1307_seg1
1307,5.1,0.94,5.4,1.69,0.5666666666666667,0.6000000000000001,data/deam/DEAM_spectrograms_shiv/1307_seg2.png,electronic,4,1307_seg2
1308,5.8,1.08,5.3,1.68,0.6444444444444444,0.5888888888888889,data/deam/DEAM_spectrograms_shiv/1308_seg0.png,electronic,4,1308_seg0
1308,5.8,1.08,5.3,1.68,0.6444444444444444,0.5888888888888889,data/deam/DEAM_spectrograms_shiv/1308_seg1.png,electronic,4,1308_seg1
1308,5.8,1.08,5.3,1.68,0.6444444444444444,0.5888888888888889,data/deam/DEAM_spectrograms_shiv/1308_seg2.png,electronic,4,1308_seg2
1309,6.5,1.02,7.4,0.92,0.7222222222222222,0.8222222222222223,data/deam/DEAM_spectrograms_shiv/1309_seg0.png,electronic,4,1309_seg0
1309,6.5,1.02,7.4,0.92,0.7222222222222222,0.8222222222222223,data/deam/DEAM_spectrograms_shiv/1309_seg1.png,electronic,4,1309_seg1
1309,6.5,1.02,7.4,0.92,0.7222222222222222,0.8222222222222223,data/deam/DEAM_spectrograms_shiv/1309_seg2.png,electronic,4,1309_seg2
1310,5.1,1.3,4.4,1.62,0.5666666666666667,0.4888888888888889,data/deam/DEAM_spectrograms_shiv/1310_seg0.png,electronic,4,1310_seg0
1310,5.1,1.3,4.4,1.62,0.5666666666666667,0.4888888888888889,data/deam/DEAM_spectrograms_shiv/1310_seg1.png,electronic,4,1310_seg1
1310,5.1,1.3,4.4,1.62,0.5666666666666667,0.4888888888888889,data/deam/DEAM_spectrograms_shiv/1310_seg2.png,electronic,4,1310_seg2
1311,4.1,1.3,3.5,1.36,0.4555555555555555,0.3888888888888889,data/deam/DEAM_spectrograms_shiv/1311_seg0.png,electronic,4,1311_seg0
1311,4.1,1.3,3.5,1.36,0.4555555555555555,0.3888888888888889,data/deam/DEAM_spectrograms_shiv/1311_seg1.png,electronic,4,1311_seg1
1311,4.1,1.3,3.5,1.36,0.4555555555555555,0.3888888888888889,data/deam/DEAM_spectrograms_shiv/1311_seg2.png,electronic,4,1311_seg2
1312,5.3,1.1,4.0,2.19,0.5888888888888889,0.4444444444444444,data/deam/DEAM_spectrograms_shiv/1312_seg0.png,electronic,4,1312_seg0
1312,5.3,1.1,4.0,2.19,0.5888888888888889,0.4444444444444444,data/deam/DEAM_spectrograms_shiv/1312_seg1.png,electronic,4,1312_seg1
1312,5.3,1.1,4.0,2.19,0.5888888888888889,0.4444444444444444,data/deam/DEAM_spectrograms_shiv/1312_seg2.png,electronic,4,1312_seg2
1313,4.2,1.25,3.0,0.89,0.4666666666666667,0.3333333333333333,data/deam/DEAM_spectrograms_shiv/1313_seg0.png,electronic,4,1313_seg0
1313,4.2,1.25,3.0,0.89,0.4666666666666667,0.3333333333333333,data/deam/DEAM_spectrograms_shiv/1313_seg1.png,electronic,4,1313_seg1
1313,4.2,1.25,3.0,0.89,0.4666666666666667,0.3333333333333333,data/deam/DEAM_spectrograms_shiv/1313_seg2.png,electronic,4,1313_seg2
1315,7.0,1.1,6.4,1.69,0.7777777777777778,0.7111111111111111,data/deam/DEAM_spectrograms_shiv/1315_seg0.png,electronic,4,1315_seg0
1315,7.0,1.1,6.4,1.69,0.7777777777777778,0.7111111111111111,data/deam/DEAM_spectrograms_shiv/1315_seg1.png,electronic,4,1315_seg1
1315,7.0,1.1,6.4,1.69,0.7777777777777778,0.7111111111111111,data/deam/DEAM_spectrograms_shiv/1315_seg2.png,electronic,4,1315_seg2
1316,5.2,1.6,4.0,1.79,0.5777777777777778,0.4444444444444444,data/deam/DEAM_spectrograms_shiv/1316_seg0.png,electronic,4,1316_seg0
1316,5.2,1.6,4.0,1.79,0.5777777777777778,0.4444444444444444,data/deam/DEAM_spectrograms_shiv/1316_seg1.png,electronic,4,1316_seg1
1316,5.2,1.6,4.0,1.79,0.5777777777777778,0.4444444444444444,data/deam/DEAM_spectrograms_shiv/1316_seg2.png,electronic,4,1316_seg2
1317,5.3,1.73,6.2,1.66,0.5888888888888889,0.6888888888888889,data/deam/DEAM_spectrograms_shiv/1317_seg0.png,electronic,4,1317_seg0
1317,5.3,1.73,6.2,1.66,0.5888888888888889,0.6888888888888889,data/deam/DEAM_spectrograms_shiv/1317_seg1.png,electronic,4,1317_seg1
1317,5.3,1.73,6.2,1.66,0.5888888888888889,0.6888888888888889,data/deam/DEAM_spectrograms_shiv/1317_seg2.png,electronic,4,1317_seg2
1318,4.8,1.78,4.3,2.05,0.5333333333333333,0.4777777777777777,data/deam/DEAM_spectrograms_shiv/1318_seg0.png,electronic,4,1318_seg0
1318,4.8,1.78,4.3,2.05,0.5333333333333333,0.4777777777777777,data/deam/DEAM_spectrograms_shiv/1318_seg1.png,electronic,4,1318_seg1
1318,4.8,1.78,4.3,2.05,0.5333333333333333,0.4777777777777777,data/deam/DEAM_spectrograms_shiv/1318_seg2.png,electronic,4,1318_seg2
1319,6.5,1.02,5.6,1.36,0.7222222222222222,0.6222222222222222,data/deam/DEAM_spectrograms_shiv/1319_seg0.png,electronic,4,1319_seg0
1319,6.5,1.02,5.6,1.36,0.7222222222222222,0.6222222222222222,data/deam/DEAM_spectrograms_shiv/1319_seg1.png,electronic,4,1319_seg1
1319,6.5,1.02,5.6,1.36,0.7222222222222222,0.6222222222222222,data/deam/DEAM_spectrograms_shiv/1319_seg2.png,electronic,4,1319_seg2
1320,3.8,2.39,6.5,1.08,0.4222222222222222,0.7222222222222222,data/deam/DEAM_spectrograms_shiv/1320_seg0.png,electronic,4,1320_seg0
1320,3.8,2.39,6.5,1.08,0.4222222222222222,0.7222222222222222,data/deam/DEAM_spectrograms_shiv/1320_seg1.png,electronic,4,1320_seg1
1320,3.8,2.39,6.5,1.08,0.4222222222222222,0.7222222222222222,data/deam/DEAM_spectrograms_shiv/1320_seg2.png,electronic,4,1320_seg2
1321,4.5,1.36,5.7,1.27,0.5,0.6333333333333333,data/deam/DEAM_spectrograms_shiv/1321_seg0.png,electronic,4,1321_seg0
1321,4.5,1.36,5.7,1.27,0.5,0.6333333333333333,data/deam/DEAM_spectrograms_shiv/1321_seg1.png,electronic,4,1321_seg1
1321,4.5,1.36,5.7,1.27,0.5,0.6333333333333333,data/deam/DEAM_spectrograms_shiv/1321_seg2.png,electronic,4,1321_seg2
1323,5.5,1.63,5.0,2.0,0.6111111111111112,0.5555555555555556,data/deam/DEAM_spectrograms_shiv/1323_seg0.png,electronic,4,1323_seg0
1323,5.5,1.63,5.0,2.0,0.6111111111111112,0.5555555555555556,data/deam/DEAM_spectrograms_shiv/1323_seg1.png,electronic,4,1323_seg1
1323,5.5,1.63,5.0,2.0,0.6111111111111112,0.5555555555555556,data/deam/DEAM_spectrograms_shiv/1323_seg2.png,electronic,4,1323_seg2
1325,5.9,0.94,5.8,1.54,0.6555555555555556,0.6444444444444444,data/deam/DEAM_spectrograms_shiv/1325_seg0.png,electronic,4,1325_seg0
1325,5.9,0.94,5.8,1.54,0.6555555555555556,0.6444444444444444,data/deam/DEAM_spectrograms_shiv/1325_seg1.png,electronic,4,1325_seg1
1325,5.9,0.94,5.8,1.54,0.6555555555555556,0.6444444444444444,data/deam/DEAM_spectrograms_shiv/1325_seg2.png,electronic,4,1325_seg2
1326,6.1,0.94,5.0,1.18,0.6777777777777777,0.5555555555555556,data/deam/DEAM_spectrograms_shiv/1326_seg0.png,electronic,4,1326_seg0
1326,6.1,0.94,5.0,1.18,0.6777777777777777,0.5555555555555556,data/deam/DEAM_spectrograms_shiv/1326_seg1.png,electronic,4,1326_seg1
1326,6.1,0.94,5.0,1.18,0.6777777777777777,0.5555555555555556,data/deam/DEAM_spectrograms_shiv/1326_seg2.png,electronic,4,1326_seg2
1327,5.5,2.06,2.8,1.47,0.6111111111111112,0.3111111111111111,data/deam/DEAM_spectrograms_shiv/1327_seg0.png,electronic,4,1327_seg0
1327,5.5,2.06,2.8,1.47,0.6111111111111112,0.3111111111111111,data/deam/DEAM_spectrograms_shiv/1327_seg1.png,electronic,4,1327_seg1
1327,5.5,2.06,2.8,1.47,0.6111111111111112,0.3111111111111111,data/deam/DEAM_spectrograms_shiv/1327_seg2.png,electronic,4,1327_seg2
1329,5.3,1.27,4.2,1.99,0.5888888888888889,0.4666666666666667,data/deam/DEAM_spectrograms_shiv/1329_seg0.png,electronic,4,1329_seg0
1329,5.3,1.27,4.2,1.99,0.5888888888888889,0.4666666666666667,data/deam/DEAM_spectrograms_shiv/1329_seg1.png,electronic,4,1329_seg1
1329,5.3,1.27,4.2,1.99,0.5888888888888889,0.4666666666666667,data/deam/DEAM_spectrograms_shiv/1329_seg2.png,electronic,4,1329_seg2
1330,5.7,1.9,7.2,0.98,0.6333333333333333,0.8,data/deam/DEAM_spectrograms_shiv/1330_seg0.png,electronic,4,1330_seg0
1330,5.7,1.9,7.2,0.98,0.6333333333333333,0.8,data/deam/DEAM_spectrograms_shiv/1330_seg1.png,electronic,4,1330_seg1
1330,5.7,1.9,7.2,0.98,0.6333333333333333,0.8,data/deam/DEAM_spectrograms_shiv/1330_seg2.png,electronic,4,1330_seg2
1331,5.3,1.79,4.4,2.15,0.5888888888888889,0.4888888888888889,data/deam/DEAM_spectrograms_shiv/1331_seg0.png,electronic,4,1331_seg0
1331,5.3,1.79,4.4,2.15,0.5888888888888889,0.4888888888888889,data/deam/DEAM_spectrograms_shiv/1331_seg1.png,electronic,4,1331_seg1
1331,5.3,1.79,4.4,2.15,0.5888888888888889,0.4888888888888889,data/deam/DEAM_spectrograms_shiv/1331_seg2.png,electronic,4,1331_seg2
1332,2.5,1.28,2.3,0.64,0.2777777777777778,0.2555555555555555,data/deam/DEAM_spectrograms_shiv/1332_seg0.png,electronic,4,1332_seg0
1332,2.5,1.28,2.3,0.64,0.2777777777777778,0.2555555555555555,data/deam/DEAM_spectrograms_shiv/1332_seg1.png,electronic,4,1332_seg1
1332,2.5,1.28,2.3,0.64,0.2777777777777778,0.2555555555555555,data/deam/DEAM_spectrograms_shiv/1332_seg2.png,electronic,4,1332_seg2
1333,4.5,1.86,5.7,1.79,0.5,0.6333333333333333,data/deam/DEAM_spectrograms_shiv/1333_seg0.png,electronic,4,1333_seg0
1333,4.5,1.86,5.7,1.79,0.5,0.6333333333333333,data/deam/DEAM_spectrograms_shiv/1333_seg1.png,electronic,4,1333_seg1
1333,4.5,1.86,5.7,1.79,0.5,0.6333333333333333,data/deam/DEAM_spectrograms_shiv/1333_seg2.png,electronic,4,1333_seg2
1334,3.8,2.71,7.8,1.47,0.4222222222222222,0.8666666666666667,data/deam/DEAM_spectrograms_shiv/1334_seg0.png,electronic,4,1334_seg0
1334,3.8,2.71,7.8,1.47,0.4222222222222222,0.8666666666666667,data/deam/DEAM_spectrograms_shiv/1334_seg1.png,electronic,4,1334_seg1
1334,3.8,2.71,7.8,1.47,0.4222222222222222,0.8666666666666667,data/deam/DEAM_spectrograms_shiv/1334_seg2.png,electronic,4,1334_seg2
1335,5.4,1.02,5.6,0.8,0.6000000000000001,0.6222222222222222,data/deam/DEAM_spectrograms_shiv/1335_seg0.png,electronic,4,1335_seg0
1335,5.4,1.02,5.6,0.8,0.6000000000000001,0.6222222222222222,data/deam/DEAM_spectrograms_shiv/1335_seg1.png,electronic,4,1335_seg1
1335,5.4,1.02,5.6,0.8,0.6000000000000001,0.6222222222222222,data/deam/DEAM_spectrograms_shiv/1335_seg2.png,electronic,4,1335_seg2
1336,3.6,1.8,2.7,1.55,0.4,0.3,data/deam/DEAM_spectrograms_shiv/1336_seg0.png,electronic,4,1336_seg0
1336,3.6,1.8,2.7,1.55,0.4,0.3,data/deam/DEAM_spectrograms_shiv/1336_seg1.png,electronic,4,1336_seg1
1336,3.6,1.8,2.7,1.55,0.4,0.3,data/deam/DEAM_spectrograms_shiv/1336_seg2.png,electronic,4,1336_seg2
1337,5.0,1.48,6.5,1.2,0.5555555555555556,0.7222222222222222,data/deam/DEAM_spectrograms_shiv/1337_seg0.png,electronic,4,1337_seg0
1337,5.0,1.48,6.5,1.2,0.5555555555555556,0.7222222222222222,data/deam/DEAM_spectrograms_shiv/1337_seg1.png,electronic,4,1337_seg1
1337,5.0,1.48,6.5,1.2,0.5555555555555556,0.7222222222222222,data/deam/DEAM_spectrograms_shiv/1337_seg2.png,electronic,4,1337_seg2
1338,6.2,1.25,6.4,0.92,0.6888888888888889,0.7111111111111111,data/deam/DEAM_spectrograms_shiv/1338_seg0.png,electronic,4,1338_seg0
1338,6.2,1.25,6.4,0.92,0.6888888888888889,0.7111111111111111,data/deam/DEAM_spectrograms_shiv/1338_seg1.png,electronic,4,1338_seg1
1338,6.2,1.25,6.4,0.92,0.6888888888888889,0.7111111111111111,data/deam/DEAM_spectrograms_shiv/1338_seg2.png,electronic,4,1338_seg2
1339,7.2,0.75,6.8,1.78,0.8,0.7555555555555555,data/deam/DEAM_spectrograms_shiv/1339_seg0.png,electronic,4,1339_seg0
1339,7.2,0.75,6.8,1.78,0.8,0.7555555555555555,data/deam/DEAM_spectrograms_shiv/1339_seg1.png,electronic,4,1339_seg1
1339,7.2,0.75,6.8,1.78,0.8,0.7555555555555555,data/deam/DEAM_spectrograms_shiv/1339_seg2.png,electronic,4,1339_seg2
1340,6.4,0.8,5.7,1.27,0.7111111111111111,0.6333333333333333,data/deam/DEAM_spectrograms_shiv/1340_seg0.png,electronic,4,1340_seg0
1340,6.4,0.8,5.7,1.27,0.7111111111111111,0.6333333333333333,data/deam/DEAM_spectrograms_shiv/1340_seg1.png,electronic,4,1340_seg1
1340,6.4,0.8,5.7,1.27,0.7111111111111111,0.6333333333333333,data/deam/DEAM_spectrograms_shiv/1340_seg2.png,electronic,4,1340_seg2
1342,6.5,1.69,6.4,1.28,0.7222222222222222,0.7111111111111111,data/deam/DEAM_spectrograms_shiv/1342_seg0.png,electronic,4,1342_seg0
1342,6.5,1.69,6.4,1.28,0.7222222222222222,0.7111111111111111,data/deam/DEAM_spectrograms_shiv/1342_seg1.png,electronic,4,1342_seg1
1342,6.5,1.69,6.4,1.28,0.7222222222222222,0.7111111111111111,data/deam/DEAM_spectrograms_shiv/1342_seg2.png,electronic,4,1342_seg2
1343,6.0,1.0,5.4,1.62,0.6666666666666666,0.6000000000000001,data/deam/DEAM_spectrograms_shiv/1343_seg0.png,electronic,4,1343_seg0
1343,6.0,1.0,5.4,1.62,0.6666666666666666,0.6000000000000001,data/deam/DEAM_spectrograms_shiv/1343_seg1.png,electronic,4,1343_seg1
1343,6.0,1.0,5.4,1.62,0.6666666666666666,0.6000000000000001,data/deam/DEAM_spectrograms_shiv/1343_seg2.png,electronic,4,1343_seg2
1344,6.3,1.35,5.5,1.43,0.7,0.6111111111111112,data/deam/DEAM_spectrograms_shiv/1344_seg0.png,electronic,4,1344_seg0
1344,6.3,1.35,5.5,1.43,0.7,0.6111111111111112,data/deam/DEAM_spectrograms_shiv/1344_seg1.png,electronic,4,1344_seg1
1344,6.3,1.35,5.5,1.43,0.7,0.6111111111111112,data/deam/DEAM_spectrograms_shiv/1344_seg2.png,electronic,4,1344_seg2
1345,4.5,1.12,2.9,0.83,0.5,0.3222222222222222,data/deam/DEAM_spectrograms_shiv/1345_seg0.png,electronic,4,1345_seg0
1345,4.5,1.12,2.9,0.83,0.5,0.3222222222222222,data/deam/DEAM_spectrograms_shiv/1345_seg1.png,electronic,4,1345_seg1
1345,4.5,1.12,2.9,0.83,0.5,0.3222222222222222,data/deam/DEAM_spectrograms_shiv/1345_seg2.png,electronic,4,1345_seg2
1346,6.5,1.12,5.6,1.69,0.7222222222222222,0.6222222222222222,data/deam/DEAM_spectrograms_shiv/1346_seg0.png,electronic,4,1346_seg0
1346,6.5,1.12,5.6,1.69,0.7222222222222222,0.6222222222222222,data/deam/DEAM_spectrograms_shiv/1346_seg1.png,electronic,4,1346_seg1
1346,6.5,1.12,5.6,1.69,0.7222222222222222,0.6222222222222222,data/deam/DEAM_spectrograms_shiv/1346_seg2.png,electronic,4,1346_seg2
1347,4.6,1.02,4.0,1.0,0.5111111111111111,0.4444444444444444,data/deam/DEAM_spectrograms_shiv/1347_seg0.png,electronic,4,1347_seg0
1347,4.6,1.02,4.0,1.0,0.5111111111111111,0.4444444444444444,data/deam/DEAM_spectrograms_shiv/1347_seg1.png,electronic,4,1347_seg1
1347,4.6,1.02,4.0,1.0,0.5111111111111111,0.4444444444444444,data/deam/DEAM_spectrograms_shiv/1347_seg2.png,electronic,4,1347_seg2
1348,5.8,1.25,6.3,1.42,0.6444444444444444,0.7,data/deam/DEAM_spectrograms_shiv/1348_seg0.png,electronic,4,1348_seg0
1348,5.8,1.25,6.3,1.42,0.6444444444444444,0.7,data/deam/DEAM_spectrograms_shiv/1348_seg1.png,electronic,4,1348_seg1
1348,5.8,1.25,6.3,1.42,0.6444444444444444,0.7,data/deam/DEAM_spectrograms_shiv/1348_seg2.png,electronic,4,1348_seg2
1349,5.2,0.87,5.2,0.98,0.5777777777777778,0.5777777777777778,data/deam/DEAM_spectrograms_shiv/1349_seg0.png,electronic,4,1349_seg0
1349,5.2,0.87,5.2,0.98,0.5777777777777778,0.5777777777777778,data/deam/DEAM_spectrograms_shiv/1349_seg1.png,electronic,4,1349_seg1
1349,5.2,0.87,5.2,0.98,0.5777777777777778,0.5777777777777778,data/deam/DEAM_spectrograms_shiv/1349_seg2.png,electronic,4,1349_seg2
1350,4.0,0.89,2.6,1.02,0.4444444444444444,0.2888888888888889,data/deam/DEAM_spectrograms_shiv/1350_seg0.png,electronic,4,1350_seg0
1350,4.0,0.89,2.6,1.02,0.4444444444444444,0.2888888888888889,data/deam/DEAM_spectrograms_shiv/1350_seg1.png,electronic,4,1350_seg1
1350,4.0,0.89,2.6,1.02,0.4444444444444444,0.2888888888888889,data/deam/DEAM_spectrograms_shiv/1350_seg2.png,electronic,4,1350_seg2
1351,6.3,1.27,5.9,1.22,0.7,0.6555555555555556,data/deam/DEAM_spectrograms_shiv/1351_seg0.png,electronic,4,1351_seg0
1351,6.3,1.27,5.9,1.22,0.7,0.6555555555555556,data/deam/DEAM_spectrograms_shiv/1351_seg1.png,electronic,4,1351_seg1
1351,6.3,1.27,5.9,1.22,0.7,0.6555555555555556,data/deam/DEAM_spectrograms_shiv/1351_seg2.png,electronic,4,1351_seg2
1354,4.6,1.2,2.0,1.1,0.5111111111111111,0.2222222222222222,data/deam/DEAM_spectrograms_shiv/1354_seg0.png,electronic,4,1354_seg0
1354,4.6,1.2,2.0,1.1,0.5111111111111111,0.2222222222222222,data/deam/DEAM_spectrograms_shiv/1354_seg1.png,electronic,4,1354_seg1
1354,4.6,1.2,2.0,1.1,0.5111111111111111,0.2222222222222222,data/deam/DEAM_spectrograms_shiv/1354_seg2.png,electronic,4,1354_seg2
1355,6.3,1.35,3.8,2.18,0.7,0.4222222222222222,data/deam/DEAM_spectrograms_shiv/1355_seg0.png,electronic,4,1355_seg0
1355,6.3,1.35,3.8,2.18,0.7,0.4222222222222222,data/deam/DEAM_spectrograms_shiv/1355_seg1.png,electronic,4,1355_seg1
1355,6.3,1.35,3.8,2.18,0.7,0.4222222222222222,data/deam/DEAM_spectrograms_shiv/1355_seg2.png,electronic,4,1355_seg2
1356,5.2,1.94,5.2,2.27,0.5777777777777778,0.5777777777777778,data/deam/DEAM_spectrograms_shiv/1356_seg0.png,electronic,4,1356_seg0
1356,5.2,1.94,5.2,2.27,0.5777777777777778,0.5777777777777778,data/deam/DEAM_spectrograms_shiv/1356_seg1.png,electronic,4,1356_seg1
1356,5.2,1.94,5.2,2.27,0.5777777777777778,0.5777777777777778,data/deam/DEAM_spectrograms_shiv/1356_seg2.png,electronic,4,1356_seg2
1357,4.5,1.5,6.0,1.79,0.5,0.6666666666666666,data/deam/DEAM_spectrograms_shiv/1357_seg0.png,electronic,4,1357_seg0
1357,4.5,1.5,6.0,1.79,0.5,0.6666666666666666,data/deam/DEAM_spectrograms_shiv/1357_seg1.png,electronic,4,1357_seg1
1357,4.5,1.5,6.0,1.79,0.5,0.6666666666666666,data/deam/DEAM_spectrograms_shiv/1357_seg2.png,electronic,4,1357_seg2
1358,6.0,1.34,6.0,1.48,0.6666666666666666,0.6666666666666666,data/deam/DEAM_spectrograms_shiv/1358_seg0.png,electronic,4,1358_seg0
1358,6.0,1.34,6.0,1.48,0.6666666666666666,0.6666666666666666,data/deam/DEAM_spectrograms_shiv/1358_seg1.png,electronic,4,1358_seg1
1358,6.0,1.34,6.0,1.48,0.6666666666666666,0.6666666666666666,data/deam/DEAM_spectrograms_shiv/1358_seg2.png,electronic,4,1358_seg2
1360,5.5,1.36,2.9,1.04,0.6111111111111112,0.3222222222222222,data/deam/DEAM_spectrograms_shiv/1360_seg0.png,electronic,4,1360_seg0
1360,5.5,1.36,2.9,1.04,0.6111111111111112,0.3222222222222222,data/deam/DEAM_spectrograms_shiv/1360_seg1.png,electronic,4,1360_seg1
1360,5.5,1.36,2.9,1.04,0.6111111111111112,0.3222222222222222,data/deam/DEAM_spectrograms_shiv/1360_seg2.png,electronic,4,1360_seg2
1361,4.4,1.56,2.5,1.43,0.4888888888888889,0.2777777777777778,data/deam/DEAM_spectrograms_shiv/1361_seg0.png,electronic,4,1361_seg0
1361,4.4,1.56,2.5,1.43,0.4888888888888889,0.2777777777777778,data/deam/DEAM_spectrograms_shiv/1361_seg1.png,electronic,4,1361_seg1
1361,4.4,1.56,2.5,1.43,0.4888888888888889,0.2777777777777778,data/deam/DEAM_spectrograms_shiv/1361_seg2.png,electronic,4,1361_seg2
1364,4.3,1.68,6.2,0.98,0.4777777777777777,0.6888888888888889,data/deam/DEAM_spectrograms_shiv/1364_seg0.png,electronic,4,1364_seg0
1364,4.3,1.68,6.2,0.98,0.4777777777777777,0.6888888888888889,data/deam/DEAM_spectrograms_shiv/1364_seg1.png,electronic,4,1364_seg1
1364,4.3,1.68,6.2,0.98,0.4777777777777777,0.6888888888888889,data/deam/DEAM_spectrograms_shiv/1364_seg2.png,electronic,4,1364_seg2
1366,5.4,1.69,6.3,0.9,0.6000000000000001,0.7,data/deam/DEAM_spectrograms_shiv/1366_seg0.png,electronic,4,1366_seg0
1366,5.4,1.69,6.3,0.9,0.6000000000000001,0.7,data/deam/DEAM_spectrograms_shiv/1366_seg1.png,electronic,4,1366_seg1
1366,5.4,1.69,6.3,0.9,0.6000000000000001,0.7,data/deam/DEAM_spectrograms_shiv/1366_seg2.png,electronic,4,1366_seg2
1367,7.1,1.37,7.2,1.54,0.7888888888888889,0.8,data/deam/DEAM_spectrograms_shiv/1367_seg0.png,electronic,4,1367_seg0
1367,7.1,1.37,7.2,1.54,0.7888888888888889,0.8,data/deam/DEAM_spectrograms_shiv/1367_seg1.png,electronic,4,1367_seg1
1367,7.1,1.37,7.2,1.54,0.7888888888888889,0.8,data/deam/DEAM_spectrograms_shiv/1367_seg2.png,electronic,4,1367_seg2
1368,3.4,1.36,3.3,2.15,0.3777777777777777,0.3666666666666666,data/deam/DEAM_spectrograms_shiv/1368_seg0.png,electronic,4,1368_seg0
1368,3.4,1.36,3.3,2.15,0.3777777777777777,0.3666666666666666,data/deam/DEAM_spectrograms_shiv/1368_seg1.png,electronic,4,1368_seg1
1368,3.4,1.36,3.3,2.15,0.3777777777777777,0.3666666666666666,data/deam/DEAM_spectrograms_shiv/1368_seg2.png,electronic,4,1368_seg2
1369,6.8,1.47,6.6,1.62,0.7555555555555555,0.7333333333333333,data/deam/DEAM_spectrograms_shiv/1369_seg0.png,electronic,4,1369_seg0
1369,6.8,1.47,6.6,1.62,0.7555555555555555,0.7333333333333333,data/deam/DEAM_spectrograms_shiv/1369_seg1.png,electronic,4,1369_seg1
1369,6.8,1.47,6.6,1.62,0.7555555555555555,0.7333333333333333,data/deam/DEAM_spectrograms_shiv/1369_seg2.png,electronic,4,1369_seg2
1370,4.3,1.19,4.1,1.22,0.4777777777777777,0.4555555555555555,data/deam/DEAM_spectrograms_shiv/1370_seg0.png,electronic,4,1370_seg0
1370,4.3,1.19,4.1,1.22,0.4777777777777777,0.4555555555555555,data/deam/DEAM_spectrograms_shiv/1370_seg1.png,electronic,4,1370_seg1
1370,4.3,1.19,4.1,1.22,0.4777777777777777,0.4555555555555555,data/deam/DEAM_spectrograms_shiv/1370_seg2.png,electronic,4,1370_seg2
1371,5.7,1.68,5.4,1.69,0.6333333333333333,0.6000000000000001,data/deam/DEAM_spectrograms_shiv/1371_seg0.png,electronic,4,1371_seg0
1371,5.7,1.68,5.4,1.69,0.6333333333333333,0.6000000000000001,data/deam/DEAM_spectrograms_shiv/1371_seg1.png,electronic,4,1371_seg1
1371,5.7,1.68,5.4,1.69,0.6333333333333333,0.6000000000000001,data/deam/DEAM_spectrograms_shiv/1371_seg2.png,electronic,4,1371_seg2
1372,4.8,1.47,5.2,1.25,0.5333333333333333,0.5777777777777778,data/deam/DEAM_spectrograms_shiv/1372_seg0.png,electronic,4,1372_seg0
1372,4.8,1.47,5.2,1.25,0.5333333333333333,0.5777777777777778,data/deam/DEAM_spectrograms_shiv/1372_seg1.png,electronic,4,1372_seg1
1372,4.8,1.47,5.2,1.25,0.5333333333333333,0.5777777777777778,data/deam/DEAM_spectrograms_shiv/1372_seg2.png,electronic,4,1372_seg2
1373,6.6,1.11,5.7,1.73,0.7333333333333333,0.6333333333333333,data/deam/DEAM_spectrograms_shiv/1373_seg0.png,electronic,4,1373_seg0
1373,6.6,1.11,5.7,1.73,0.7333333333333333,0.6333333333333333,data/deam/DEAM_spectrograms_shiv/1373_seg1.png,electronic,4,1373_seg1
1373,6.6,1.11,5.7,1.73,0.7333333333333333,0.6333333333333333,data/deam/DEAM_spectrograms_shiv/1373_seg2.png,electronic,4,1373_seg2
1375,5.6,1.69,5.6,1.74,0.6222222222222222,0.6222222222222222,data/deam/DEAM_spectrograms_shiv/1375_seg0.png,electronic,4,1375_seg0
1375,5.6,1.69,5.6,1.74,0.6222222222222222,0.6222222222222222,data/deam/DEAM_spectrograms_shiv/1375_seg1.png,electronic,4,1375_seg1
1375,5.6,1.69,5.6,1.74,0.6222222222222222,0.6222222222222222,data/deam/DEAM_spectrograms_shiv/1375_seg2.png,electronic,4,1375_seg2
1376,7.0,1.48,6.6,1.43,0.7777777777777778,0.7333333333333333,data/deam/DEAM_spectrograms_shiv/1376_seg0.png,electronic,4,1376_seg0
1376,7.0,1.48,6.6,1.43,0.7777777777777778,0.7333333333333333,data/deam/DEAM_spectrograms_shiv/1376_seg1.png,electronic,4,1376_seg1
1376,7.0,1.48,6.6,1.43,0.7777777777777778,0.7333333333333333,data/deam/DEAM_spectrograms_shiv/1376_seg2.png,electronic,4,1376_seg2
1378,5.5,1.69,5.7,1.62,0.6111111111111112,0.6333333333333333,data/deam/DEAM_spectrograms_shiv/1378_seg0.png,electronic,4,1378_seg0
1378,5.5,1.69,5.7,1.62,0.6111111111111112,0.6333333333333333,data/deam/DEAM_spectrograms_shiv/1378_seg1.png,electronic,4,1378_seg1
1378,5.5,1.69,5.7,1.62,0.6111111111111112,0.6333333333333333,data/deam/DEAM_spectrograms_shiv/1378_seg2.png,electronic,4,1378_seg2
1379,5.8,1.33,5.7,1.49,0.6444444444444444,0.6333333333333333,data/deam/DEAM_spectrograms_shiv/1379_seg0.png,electronic,4,1379_seg0
1379,5.8,1.33,5.7,1.49,0.6444444444444444,0.6333333333333333,data/deam/DEAM_spectrograms_shiv/1379_seg1.png,electronic,4,1379_seg1
1379,5.8,1.33,5.7,1.49,0.6444444444444444,0.6333333333333333,data/deam/DEAM_spectrograms_shiv/1379_seg2.png,electronic,4,1379_seg2
1380,4.1,1.37,4.5,1.57,0.4555555555555555,0.5,data/deam/DEAM_spectrograms_shiv/1380_seg0.png,electronic,4,1380_seg0
1380,4.1,1.37,4.5,1.57,0.4555555555555555,0.5,data/deam/DEAM_spectrograms_shiv/1380_seg1.png,electronic,4,1380_seg1
1380,4.1,1.37,4.5,1.57,0.4555555555555555,0.5,data/deam/DEAM_spectrograms_shiv/1380_seg2.png,electronic,4,1380_seg2
1381,6.1,1.92,7.1,1.14,0.6777777777777777,0.7888888888888889,data/deam/DEAM_spectrograms_shiv/1381_seg0.png,electronic,4,1381_seg0
1381,6.1,1.92,7.1,1.14,0.6777777777777777,0.7888888888888889,data/deam/DEAM_spectrograms_shiv/1381_seg1.png,electronic,4,1381_seg1
1381,6.1,1.92,7.1,1.14,0.6777777777777777,0.7888888888888889,data/deam/DEAM_spectrograms_shiv/1381_seg2.png,electronic,4,1381_seg2
1382,4.8,0.98,4.7,1.55,0.5333333333333333,0.5222222222222223,data/deam/DEAM_spectrograms_shiv/1382_seg0.png,electronic,4,1382_seg0
1382,4.8,0.98,4.7,1.55,0.5333333333333333,0.5222222222222223,data/deam/DEAM_spectrograms_shiv/1382_seg1.png,electronic,4,1382_seg1
1382,4.8,0.98,4.7,1.55,0.5333333333333333,0.5222222222222223,data/deam/DEAM_spectrograms_shiv/1382_seg2.png,electronic,4,1382_seg2
1383,5.6,1.28,3.0,1.48,0.6222222222222222,0.3333333333333333,data/deam/DEAM_spectrograms_shiv/1383_seg0.png,electronic,4,1383_seg0
1383,5.6,1.28,3.0,1.48,0.6222222222222222,0.3333333333333333,data/deam/DEAM_spectrograms_shiv/1383_seg1.png,electronic,4,1383_seg1
1383,5.6,1.28,3.0,1.48,0.6222222222222222,0.3333333333333333,data/deam/DEAM_spectrograms_shiv/1383_seg2.png,electronic,4,1383_seg2
1384,5.8,1.33,5.4,1.2,0.6444444444444444,0.6000000000000001,data/deam/DEAM_spectrograms_shiv/1384_seg0.png,electronic,4,1384_seg0
1384,5.8,1.33,5.4,1.2,0.6444444444444444,0.6000000000000001,data/deam/DEAM_spectrograms_shiv/1384_seg1.png,electronic,4,1384_seg1
1384,5.8,1.33,5.4,1.2,0.6444444444444444,0.6000000000000001,data/deam/DEAM_spectrograms_shiv/1384_seg2.png,electronic,4,1384_seg2
1385,6.0,1.41,6.0,1.1,0.6666666666666666,0.6666666666666666,data/deam/DEAM_spectrograms_shiv/1385_seg0.png,electronic,4,1385_seg0
1385,6.0,1.41,6.0,1.1,0.6666666666666666,0.6666666666666666,data/deam/DEAM_spectrograms_shiv/1385_seg1.png,electronic,4,1385_seg1
1385,6.0,1.41,6.0,1.1,0.6666666666666666,0.6666666666666666,data/deam/DEAM_spectrograms_shiv/1385_seg2.png,electronic,4,1385_seg2
1386,5.9,1.81,5.0,1.95,0.6555555555555556,0.5555555555555556,data/deam/DEAM_spectrograms_shiv/1386_seg0.png,electronic,4,1386_seg0
1386,5.9,1.81,5.0,1.95,0.6555555555555556,0.5555555555555556,data/deam/DEAM_spectrograms_shiv/1386_seg1.png,electronic,4,1386_seg1
1386,5.9,1.81,5.0,1.95,0.6555555555555556,0.5555555555555556,data/deam/DEAM_spectrograms_shiv/1386_seg2.png,electronic,4,1386_seg2
1387,6.1,0.94,4.5,2.11,0.6777777777777777,0.5,data/deam/DEAM_spectrograms_shiv/1387_seg0.png,electronic,4,1387_seg0
1387,6.1,0.94,4.5,2.11,0.6777777777777777,0.5,data/deam/DEAM_spectrograms_shiv/1387_seg1.png,electronic,4,1387_seg1
1387,6.1,0.94,4.5,2.11,0.6777777777777777,0.5,data/deam/DEAM_spectrograms_shiv/1387_seg2.png,electronic,4,1387_seg2
1388,6.8,1.47,7.8,1.08,0.7555555555555555,0.8666666666666667,data/deam/DEAM_spectrograms_shiv/1388_seg0.png,electronic,4,1388_seg0
1388,6.8,1.47,7.8,1.08,0.7555555555555555,0.8666666666666667,data/deam/DEAM_spectrograms_shiv/1388_seg1.png,electronic,4,1388_seg1
1388,6.8,1.47,7.8,1.08,0.7555555555555555,0.8666666666666667,data/deam/DEAM_spectrograms_shiv/1388_seg2.png,electronic,4,1388_seg2
1389,4.2,1.47,3.3,1.27,0.4666666666666667,0.3666666666666666,data/deam/DEAM_spectrograms_shiv/1389_seg0.png,electronic,4,1389_seg0
1389,4.2,1.47,3.3,1.27,0.4666666666666667,0.3666666666666666,data/deam/DEAM_spectrograms_shiv/1389_seg1.png,electronic,4,1389_seg1
1389,4.2,1.47,3.3,1.27,0.4666666666666667,0.3666666666666666,data/deam/DEAM_spectrograms_shiv/1389_seg2.png,electronic,4,1389_seg2
1390,6.1,1.3,6.3,1.49,0.6777777777777777,0.7,data/deam/DEAM_spectrograms_shiv/1390_seg0.png,electronic,4,1390_seg0
1390,6.1,1.3,6.3,1.49,0.6777777777777777,0.7,data/deam/DEAM_spectrograms_shiv/1390_seg1.png,electronic,4,1390_seg1
1390,6.1,1.3,6.3,1.49,0.6777777777777777,0.7,data/deam/DEAM_spectrograms_shiv/1390_seg2.png,electronic,4,1390_seg2
1391,4.3,1.55,5.7,1.19,0.4777777777777777,0.6333333333333333,data/deam/DEAM_spectrograms_shiv/1391_seg0.png,electronic,4,1391_seg0
1391,4.3,1.55,5.7,1.19,0.4777777777777777,0.6333333333333333,data/deam/DEAM_spectrograms_shiv/1391_seg1.png,electronic,4,1391_seg1
1391,4.3,1.55,5.7,1.19,0.4777777777777777,0.6333333333333333,data/deam/DEAM_spectrograms_shiv/1391_seg2.png,electronic,4,1391_seg2
1393,6.2,0.75,4.1,1.45,0.6888888888888889,0.4555555555555555,data/deam/DEAM_spectrograms_shiv/1393_seg0.png,electronic,4,1393_seg0
1393,6.2,0.75,4.1,1.45,0.6888888888888889,0.4555555555555555,data/deam/DEAM_spectrograms_shiv/1393_seg1.png,electronic,4,1393_seg1
1393,6.2,0.75,4.1,1.45,0.6888888888888889,0.4555555555555555,data/deam/DEAM_spectrograms_shiv/1393_seg2.png,electronic,4,1393_seg2
1394,6.0,1.34,4.1,1.58,0.6666666666666666,0.4555555555555555,data/deam/DEAM_spectrograms_shiv/1394_seg0.png,electronic,4,1394_seg0
1394,6.0,1.34,4.1,1.58,0.6666666666666666,0.4555555555555555,data/deam/DEAM_spectrograms_shiv/1394_seg1.png,electronic,4,1394_seg1
1394,6.0,1.34,4.1,1.58,0.6666666666666666,0.4555555555555555,data/deam/DEAM_spectrograms_shiv/1394_seg2.png,electronic,4,1394_seg2
1395,4.7,1.55,3.5,1.2,0.5222222222222223,0.3888888888888889,data/deam/DEAM_spectrograms_shiv/1395_seg0.png,electronic,4,1395_seg0
1395,4.7,1.55,3.5,1.2,0.5222222222222223,0.3888888888888889,data/deam/DEAM_spectrograms_shiv/1395_seg1.png,electronic,4,1395_seg1
1395,4.7,1.55,3.5,1.2,0.5222222222222223,0.3888888888888889,data/deam/DEAM_spectrograms_shiv/1395_seg2.png,electronic,4,1395_seg2
1396,6.1,1.7,6.0,2.05,0.6777777777777777,0.6666666666666666,data/deam/DEAM_spectrograms_shiv/1396_seg0.png,electronic,4,1396_seg0
1396,6.1,1.7,6.0,2.05,0.6777777777777777,0.6666666666666666,data/deam/DEAM_spectrograms_shiv/1396_seg1.png,electronic,4,1396_seg1
1396,6.1,1.7,6.0,2.05,0.6777777777777777,0.6666666666666666,data/deam/DEAM_spectrograms_shiv/1396_seg2.png,electronic,4,1396_seg2
1397,4.3,1.49,3.3,1.62,0.4777777777777777,0.3666666666666666,data/deam/DEAM_spectrograms_shiv/1397_seg0.png,electronic,4,1397_seg0
1397,4.3,1.49,3.3,1.62,0.4777777777777777,0.3666666666666666,data/deam/DEAM_spectrograms_shiv/1397_seg1.png,electronic,4,1397_seg1
1397,4.3,1.49,3.3,1.62,0.4777777777777777,0.3666666666666666,data/deam/DEAM_spectrograms_shiv/1397_seg2.png,electronic,4,1397_seg2
1398,6.9,1.51,7.6,1.69,0.7666666666666667,0.8444444444444444,data/deam/DEAM_spectrograms_shiv/1398_seg0.png,electronic,4,1398_seg0
1398,6.9,1.51,7.6,1.69,0.7666666666666667,0.8444444444444444,data/deam/DEAM_spectrograms_shiv/1398_seg1.png,electronic,4,1398_seg1
1398,6.9,1.51,7.6,1.69,0.7666666666666667,0.8444444444444444,data/deam/DEAM_spectrograms_shiv/1398_seg2.png,electronic,4,1398_seg2
1399,6.1,1.7,6.4,1.62,0.6777777777777777,0.7111111111111111,data/deam/DEAM_spectrograms_shiv/1399_seg0.png,electronic,4,1399_seg0
1399,6.1,1.7,6.4,1.62,0.6777777777777777,0.7111111111111111,data/deam/DEAM_spectrograms_shiv/1399_seg1.png,electronic,4,1399_seg1
1399,6.1,1.7,6.4,1.62,0.6777777777777777,0.7111111111111111,data/deam/DEAM_spectrograms_shiv/1399_seg2.png,electronic,4,1399_seg2
1400,5.6,1.85,5.8,2.27,0.6222222222222222,0.6444444444444444,data/deam/DEAM_spectrograms_shiv/1400_seg0.png,electronic,4,1400_seg0
1400,5.6,1.85,5.8,2.27,0.6222222222222222,0.6444444444444444,data/deam/DEAM_spectrograms_shiv/1400_seg1.png,electronic,4,1400_seg1
1400,5.6,1.85,5.8,2.27,0.6222222222222222,0.6444444444444444,data/deam/DEAM_spectrograms_shiv/1400_seg2.png,electronic,4,1400_seg2
1401,5.8,1.54,5.3,2.1,0.6444444444444444,0.5888888888888889,data/deam/DEAM_spectrograms_shiv/1401_seg0.png,folk,6,1401_seg0
1401,5.8,1.54,5.3,2.1,0.6444444444444444,0.5888888888888889,data/deam/DEAM_spectrograms_shiv/1401_seg1.png,folk,6,1401_seg1
1401,5.8,1.54,5.3,2.1,0.6444444444444444,0.5888888888888889,data/deam/DEAM_spectrograms_shiv/1401_seg2.png,folk,6,1401_seg2
1402,5.6,1.2,2.5,1.28,0.6222222222222222,0.2777777777777778,data/deam/DEAM_spectrograms_shiv/1402_seg0.png,folk,6,1402_seg0
1402,5.6,1.2,2.5,1.28,0.6222222222222222,0.2777777777777778,data/deam/DEAM_spectrograms_shiv/1402_seg1.png,folk,6,1402_seg1
1402,5.6,1.2,2.5,1.28,0.6222222222222222,0.2777777777777778,data/deam/DEAM_spectrograms_shiv/1402_seg2.png,folk,6,1402_seg2
1403,5.6,1.2,5.1,1.37,0.6222222222222222,0.5666666666666667,data/deam/DEAM_spectrograms_shiv/1403_seg0.png,folk,6,1403_seg0
1403,5.6,1.2,5.1,1.37,0.6222222222222222,0.5666666666666667,data/deam/DEAM_spectrograms_shiv/1403_seg1.png,folk,6,1403_seg1
1403,5.6,1.2,5.1,1.37,0.6222222222222222,0.5666666666666667,data/deam/DEAM_spectrograms_shiv/1403_seg2.png,folk,6,1403_seg2
1405,3.7,1.73,2.2,0.75,0.4111111111111111,0.2444444444444444,data/deam/DEAM_spectrograms_shiv/1405_seg0.png,folk,6,1405_seg0
1405,3.7,1.73,2.2,0.75,0.4111111111111111,0.2444444444444444,data/deam/DEAM_spectrograms_shiv/1405_seg1.png,folk,6,1405_seg1
1405,3.7,1.73,2.2,0.75,0.4111111111111111,0.2444444444444444,data/deam/DEAM_spectrograms_shiv/1405_seg2.png,folk,6,1405_seg2
1406,3.9,1.7,3.7,1.73,0.4333333333333333,0.4111111111111111,data/deam/DEAM_spectrograms_shiv/1406_seg0.png,folk,6,1406_seg0
1406,3.9,1.7,3.7,1.73,0.4333333333333333,0.4111111111111111,data/deam/DEAM_spectrograms_shiv/1406_seg1.png,folk,6,1406_seg1
1406,3.9,1.7,3.7,1.73,0.4333333333333333,0.4111111111111111,data/deam/DEAM_spectrograms_shiv/1406_seg2.png,folk,6,1406_seg2
1407,3.6,1.36,3.8,1.25,0.4,0.4222222222222222,data/deam/DEAM_spectrograms_shiv/1407_seg0.png,folk,6,1407_seg0
1407,3.6,1.36,3.8,1.25,0.4,0.4222222222222222,data/deam/DEAM_spectrograms_shiv/1407_seg1.png,folk,6,1407_seg1
1407,3.6,1.36,3.8,1.25,0.4,0.4222222222222222,data/deam/DEAM_spectrograms_shiv/1407_seg2.png,folk,6,1407_seg2
1408,4.2,1.54,5.0,1.1,0.4666666666666667,0.5555555555555556,data/deam/DEAM_spectrograms_shiv/1408_seg0.png,folk,6,1408_seg0
1408,4.2,1.54,5.0,1.1,0.4666666666666667,0.5555555555555556,data/deam/DEAM_spectrograms_shiv/1408_seg1.png,folk,6,1408_seg1
1408,4.2,1.54,5.0,1.1,0.4666666666666667,0.5555555555555556,data/deam/DEAM_spectrograms_shiv/1408_seg2.png,folk,6,1408_seg2
1409,4.9,1.22,3.7,2.0,0.5444444444444445,0.4111111111111111,data/deam/DEAM_spectrograms_shiv/1409_seg0.png,folk,6,1409_seg0
1409,4.9,1.22,3.7,2.0,0.5444444444444445,0.4111111111111111,data/deam/DEAM_spectrograms_shiv/1409_seg1.png,folk,6,1409_seg1
1409,4.9,1.22,3.7,2.0,0.5444444444444445,0.4111111111111111,data/deam/DEAM_spectrograms_shiv/1409_seg2.png,folk,6,1409_seg2
1410,6.0,1.0,4.4,1.62,0.6666666666666666,0.4888888888888889,data/deam/DEAM_spectrograms_shiv/1410_seg0.png,folk,6,1410_seg0
1410,6.0,1.0,4.4,1.62,0.6666666666666666,0.4888888888888889,data/deam/DEAM_spectrograms_shiv/1410_seg1.png,folk,6,1410_seg1
1410,6.0,1.0,4.4,1.62,0.6666666666666666,0.4888888888888889,data/deam/DEAM_spectrograms_shiv/1410_seg2.png,folk,6,1410_seg2
1411,3.9,1.87,2.7,0.46,0.4333333333333333,0.3,data/deam/DEAM_spectrograms_shiv/1411_seg0.png,folk,6,1411_seg0
1411,3.9,1.87,2.7,0.46,0.4333333333333333,0.3,data/deam/DEAM_spectrograms_shiv/1411_seg1.png,folk,6,1411_seg1
1411,3.9,1.87,2.7,0.46,0.4333333333333333,0.3,data/deam/DEAM_spectrograms_shiv/1411_seg2.png,folk,6,1411_seg2
1412,4.6,1.11,3.2,1.25,0.5111111111111111,0.3555555555555555,data/deam/DEAM_spectrograms_shiv/1412_seg0.png,folk,6,1412_seg0
1412,4.6,1.11,3.2,1.25,0.5111111111111111,0.3555555555555555,data/deam/DEAM_spectrograms_shiv/1412_seg1.png,folk,6,1412_seg1
1412,4.6,1.11,3.2,1.25,0.5111111111111111,0.3555555555555555,data/deam/DEAM_spectrograms_shiv/1412_seg2.png,folk,6,1412_seg2
1413,4.3,1.42,4.1,1.22,0.4777777777777777,0.4555555555555555,data/deam/DEAM_spectrograms_shiv/1413_seg0.png,folk,6,1413_seg0
1413,4.3,1.42,4.1,1.22,0.4777777777777777,0.4555555555555555,data/deam/DEAM_spectrograms_shiv/1413_seg1.png,folk,6,1413_seg1
1413,4.3,1.42,4.1,1.22,0.4777777777777777,0.4555555555555555,data/deam/DEAM_spectrograms_shiv/1413_seg2.png,folk,6,1413_seg2
1414,3.7,1.1,4.0,1.26,0.4111111111111111,0.4444444444444444,data/deam/DEAM_spectrograms_shiv/1414_seg0.png,folk,6,1414_seg0
1414,3.7,1.1,4.0,1.26,0.4111111111111111,0.4444444444444444,data/deam/DEAM_spectrograms_shiv/1414_seg1.png,folk,6,1414_seg1
1414,3.7,1.1,4.0,1.26,0.4111111111111111,0.4444444444444444,data/deam/DEAM_spectrograms_shiv/1414_seg2.png,folk,6,1414_seg2
1415,5.7,1.1,4.7,1.27,0.6333333333333333,0.5222222222222223,data/deam/DEAM_spectrograms_shiv/1415_seg0.png,folk,6,1415_seg0
1415,5.7,1.1,4.7,1.27,0.6333333333333333,0.5222222222222223,data/deam/DEAM_spectrograms_shiv/1415_seg1.png,folk,6,1415_seg1
1415,5.7,1.1,4.7,1.27,0.6333333333333333,0.5222222222222223,data/deam/DEAM_spectrograms_shiv/1415_seg2.png,folk,6,1415_seg2
1417,4.6,2.2,2.4,1.11,0.5111111111111111,0.2666666666666666,data/deam/DEAM_spectrograms_shiv/1417_seg0.png,folk,6,1417_seg0
1417,4.6,2.2,2.4,1.11,0.5111111111111111,0.2666666666666666,data/deam/DEAM_spectrograms_shiv/1417_seg1.png,folk,6,1417_seg1
1417,4.6,2.2,2.4,1.11,0.5111111111111111,0.2666666666666666,data/deam/DEAM_spectrograms_shiv/1417_seg2.png,folk,6,1417_seg2
1418,4.3,2.0,3.8,2.27,0.4777777777777777,0.4222222222222222,data/deam/DEAM_spectrograms_shiv/1418_seg0.png,folk,6,1418_seg0
1418,4.3,2.0,3.8,2.27,0.4777777777777777,0.4222222222222222,data/deam/DEAM_spectrograms_shiv/1418_seg1.png,folk,6,1418_seg1
1418,4.3,2.0,3.8,2.27,0.4777777777777777,0.4222222222222222,data/deam/DEAM_spectrograms_shiv/1418_seg2.png,folk,6,1418_seg2
1419,3.7,1.0,2.5,0.81,0.4111111111111111,0.2777777777777778,data/deam/DEAM_spectrograms_shiv/1419_seg0.png,folk,6,1419_seg0
1419,3.7,1.0,2.5,0.81,0.4111111111111111,0.2777777777777778,data/deam/DEAM_spectrograms_shiv/1419_seg1.png,folk,6,1419_seg1
1419,3.7,1.0,2.5,0.81,0.4111111111111111,0.2777777777777778,data/deam/DEAM_spectrograms_shiv/1419_seg2.png,folk,6,1419_seg2
1420,4.8,1.54,3.1,1.37,0.5333333333333333,0.3444444444444444,data/deam/DEAM_spectrograms_shiv/1420_seg0.png,folk,6,1420_seg0
1420,4.8,1.54,3.1,1.37,0.5333333333333333,0.3444444444444444,data/deam/DEAM_spectrograms_shiv/1420_seg1.png,folk,6,1420_seg1
1420,4.8,1.54,3.1,1.37,0.5333333333333333,0.3444444444444444,data/deam/DEAM_spectrograms_shiv/1420_seg2.png,folk,6,1420_seg2
1422,4.1,1.58,2.8,0.75,0.4555555555555555,0.3111111111111111,data/deam/DEAM_spectrograms_shiv/1422_seg0.png,folk,6,1422_seg0
1422,4.1,1.58,2.8,0.75,0.4555555555555555,0.3111111111111111,data/deam/DEAM_spectrograms_shiv/1422_seg1.png,folk,6,1422_seg1
1422,4.1,1.58,2.8,0.75,0.4555555555555555,0.3111111111111111,data/deam/DEAM_spectrograms_shiv/1422_seg2.png,folk,6,1422_seg2
1423,4.2,1.33,5.5,1.96,0.4666666666666667,0.6111111111111112,data/deam/DEAM_spectrograms_shiv/1423_seg0.png,folk,6,1423_seg0
1423,4.2,1.33,5.5,1.96,0.4666666666666667,0.6111111111111112,data/deam/DEAM_spectrograms_shiv/1423_seg1.png,folk,6,1423_seg1
1423,4.2,1.33,5.5,1.96,0.4666666666666667,0.6111111111111112,data/deam/DEAM_spectrograms_shiv/1423_seg2.png,folk,6,1423_seg2
1426,6.6,1.62,6.4,1.28,0.7333333333333333,0.7111111111111111,data/deam/DEAM_spectrograms_shiv/1426_seg0.png,folk,6,1426_seg0
1426,6.6,1.62,6.4,1.28,0.7333333333333333,0.7111111111111111,data/deam/DEAM_spectrograms_shiv/1426_seg1.png,folk,6,1426_seg1
1426,6.6,1.62,6.4,1.28,0.7333333333333333,0.7111111111111111,data/deam/DEAM_spectrograms_shiv/1426_seg2.png,folk,6,1426_seg2
1429,3.0,1.26,2.3,0.9,0.3333333333333333,0.2555555555555555,data/deam/DEAM_spectrograms_shiv/1429_seg0.png,folk,6,1429_seg0
1429,3.0,1.26,2.3,0.9,0.3333333333333333,0.2555555555555555,data/deam/DEAM_spectrograms_shiv/1429_seg1.png,folk,6,1429_seg1
1429,3.0,1.26,2.3,0.9,0.3333333333333333,0.2555555555555555,data/deam/DEAM_spectrograms_shiv/1429_seg2.png,folk,6,1429_seg2
1430,4.6,1.36,3.2,1.66,0.5111111111111111,0.3555555555555555,data/deam/DEAM_spectrograms_shiv/1430_seg0.png,folk,6,1430_seg0
1430,4.6,1.36,3.2,1.66,0.5111111111111111,0.3555555555555555,data/deam/DEAM_spectrograms_shiv/1430_seg1.png,folk,6,1430_seg1
1430,4.6,1.36,3.2,1.66,0.5111111111111111,0.3555555555555555,data/deam/DEAM_spectrograms_shiv/1430_seg2.png,folk,6,1430_seg2
1431,4.1,1.37,4.1,1.14,0.4555555555555555,0.4555555555555555,data/deam/DEAM_spectrograms_shiv/1431_seg0.png,folk,6,1431_seg0
1431,4.1,1.37,4.1,1.14,0.4555555555555555,0.4555555555555555,data/deam/DEAM_spectrograms_shiv/1431_seg1.png,folk,6,1431_seg1
1431,4.1,1.37,4.1,1.14,0.4555555555555555,0.4555555555555555,data/deam/DEAM_spectrograms_shiv/1431_seg2.png,folk,6,1431_seg2
1432,3.7,1.27,2.6,0.92,0.4111111111111111,0.2888888888888889,data/deam/DEAM_spectrograms_shiv/1432_seg0.png,folk,6,1432_seg0
1432,3.7,1.27,2.6,0.92,0.4111111111111111,0.2888888888888889,data/deam/DEAM_spectrograms_shiv/1432_seg1.png,folk,6,1432_seg1
1432,3.7,1.27,2.6,0.92,0.4111111111111111,0.2888888888888889,data/deam/DEAM_spectrograms_shiv/1432_seg2.png,folk,6,1432_seg2
1433,4.0,1.48,3.6,1.43,0.4444444444444444,0.4,data/deam/DEAM_spectrograms_shiv/1433_seg0.png,folk,6,1433_seg0
1433,4.0,1.48,3.6,1.43,0.4444444444444444,0.4,data/deam/DEAM_spectrograms_shiv/1433_seg1.png,folk,6,1433_seg1
1433,4.0,1.48,3.6,1.43,0.4444444444444444,0.4,data/deam/DEAM_spectrograms_shiv/1433_seg2.png,folk,6,1433_seg2
1434,3.7,1.68,2.8,1.17,0.4111111111111111,0.3111111111111111,data/deam/DEAM_spectrograms_shiv/1434_seg0.png,folk,6,1434_seg0
1434,3.7,1.68,2.8,1.17,0.4111111111111111,0.3111111111111111,data/deam/DEAM_spectrograms_shiv/1434_seg1.png,folk,6,1434_seg1
1434,3.7,1.68,2.8,1.17,0.4111111111111111,0.3111111111111111,data/deam/DEAM_spectrograms_shiv/1434_seg2.png,folk,6,1434_seg2
1435,3.6,1.5,5.3,1.68,0.4,0.5888888888888889,data/deam/DEAM_spectrograms_shiv/1435_seg0.png,folk,6,1435_seg0
1435,3.6,1.5,5.3,1.68,0.4,0.5888888888888889,data/deam/DEAM_spectrograms_shiv/1435_seg1.png,folk,6,1435_seg1
1435,3.6,1.5,5.3,1.68,0.4,0.5888888888888889,data/deam/DEAM_spectrograms_shiv/1435_seg2.png,folk,6,1435_seg2
1436,4.7,1.27,3.8,1.47,0.5222222222222223,0.4222222222222222,data/deam/DEAM_spectrograms_shiv/1436_seg0.png,folk,6,1436_seg0
1436,4.7,1.27,3.8,1.47,0.5222222222222223,0.4222222222222222,data/deam/DEAM_spectrograms_shiv/1436_seg1.png,folk,6,1436_seg1
1436,4.7,1.27,3.8,1.47,0.5222222222222223,0.4222222222222222,data/deam/DEAM_spectrograms_shiv/1436_seg2.png,folk,6,1436_seg2
1437,5.1,1.37,4.5,1.5,0.5666666666666667,0.5,data/deam/DEAM_spectrograms_shiv/1437_seg0.png,folk,6,1437_seg0
1437,5.1,1.37,4.5,1.5,0.5666666666666667,0.5,data/deam/DEAM_spectrograms_shiv/1437_seg1.png,folk,6,1437_seg1
1437,5.1,1.37,4.5,1.5,0.5666666666666667,0.5,data/deam/DEAM_spectrograms_shiv/1437_seg2.png,folk,6,1437_seg2
1438,3.6,1.91,2.9,1.22,0.4,0.3222222222222222,data/deam/DEAM_spectrograms_shiv/1438_seg0.png,folk,6,1438_seg0
1438,3.6,1.91,2.9,1.22,0.4,0.3222222222222222,data/deam/DEAM_spectrograms_shiv/1438_seg1.png,folk,6,1438_seg1
1438,3.6,1.91,2.9,1.22,0.4,0.3222222222222222,data/deam/DEAM_spectrograms_shiv/1438_seg2.png,folk,6,1438_seg2
1439,4.1,1.45,2.9,1.14,0.4555555555555555,0.3222222222222222,data/deam/DEAM_spectrograms_shiv/1439_seg0.png,folk,6,1439_seg0
1439,4.1,1.45,2.9,1.14,0.4555555555555555,0.3222222222222222,data/deam/DEAM_spectrograms_shiv/1439_seg1.png,folk,6,1439_seg1
1439,4.1,1.45,2.9,1.14,0.4555555555555555,0.3222222222222222,data/deam/DEAM_spectrograms_shiv/1439_seg2.png,folk,6,1439_seg2
1441,5.0,1.18,4.0,1.55,0.5555555555555556,0.4444444444444444,data/deam/DEAM_spectrograms_shiv/1441_seg0.png,folk,6,1441_seg0
1441,5.0,1.18,4.0,1.55,0.5555555555555556,0.4444444444444444,data/deam/DEAM_spectrograms_shiv/1441_seg1.png,folk,6,1441_seg1
1441,5.0,1.18,4.0,1.55,0.5555555555555556,0.4444444444444444,data/deam/DEAM_spectrograms_shiv/1441_seg2.png,folk,6,1441_seg2
1442,5.3,2.19,2.8,1.33,0.5888888888888889,0.3111111111111111,data/deam/DEAM_spectrograms_shiv/1442_seg0.png,folk,6,1442_seg0
1442,5.3,2.19,2.8,1.33,0.5888888888888889,0.3111111111111111,data/deam/DEAM_spectrograms_shiv/1442_seg1.png,folk,6,1442_seg1
1442,5.3,2.19,2.8,1.33,0.5888888888888889,0.3111111111111111,data/deam/DEAM_spectrograms_shiv/1442_seg2.png,folk,6,1442_seg2
1443,5.8,1.89,2.9,1.7,0.6444444444444444,0.3222222222222222,data/deam/DEAM_spectrograms_shiv/1443_seg0.png,folk,6,1443_seg0
1443,5.8,1.89,2.9,1.7,0.6444444444444444,0.3222222222222222,data/deam/DEAM_spectrograms_shiv/1443_seg1.png,folk,6,1443_seg1
1443,5.8,1.89,2.9,1.7,0.6444444444444444,0.3222222222222222,data/deam/DEAM_spectrograms_shiv/1443_seg2.png,folk,6,1443_seg2
1444,4.6,1.02,3.1,1.22,0.5111111111111111,0.3444444444444444,data/deam/DEAM_spectrograms_shiv/1444_seg0.png,folk,6,1444_seg0
1444,4.6,1.02,3.1,1.22,0.5111111111111111,0.3444444444444444,data/deam/DEAM_spectrograms_shiv/1444_seg1.png,folk,6,1444_seg1
1444,4.6,1.02,3.1,1.22,0.5111111111111111,0.3444444444444444,data/deam/DEAM_spectrograms_shiv/1444_seg2.png,folk,6,1444_seg2
1446,5.8,0.75,3.2,1.25,0.6444444444444444,0.3555555555555555,data/deam/DEAM_spectrograms_shiv/1446_seg0.png,folk,6,1446_seg0
1446,5.8,0.75,3.2,1.25,0.6444444444444444,0.3555555555555555,data/deam/DEAM_spectrograms_shiv/1446_seg1.png,folk,6,1446_seg1
1446,5.8,0.75,3.2,1.25,0.6444444444444444,0.3555555555555555,data/deam/DEAM_spectrograms_shiv/1446_seg2.png,folk,6,1446_seg2
1447,4.4,1.62,4.1,1.7,0.4888888888888889,0.4555555555555555,data/deam/DEAM_spectrograms_shiv/1447_seg0.png,folk,6,1447_seg0
1447,4.4,1.62,4.1,1.7,0.4888888888888889,0.4555555555555555,data/deam/DEAM_spectrograms_shiv/1447_seg1.png,folk,6,1447_seg1
1447,4.4,1.62,4.1,1.7,0.4888888888888889,0.4555555555555555,data/deam/DEAM_spectrograms_shiv/1447_seg2.png,folk,6,1447_seg2
1448,4.4,1.43,4.4,2.15,0.4888888888888889,0.4888888888888889,data/deam/DEAM_spectrograms_shiv/1448_seg0.png,folk,6,1448_seg0
1448,4.4,1.43,4.4,2.15,0.4888888888888889,0.4888888888888889,data/deam/DEAM_spectrograms_shiv/1448_seg1.png,folk,6,1448_seg1
1448,4.4,1.43,4.4,2.15,0.4888888888888889,0.4888888888888889,data/deam/DEAM_spectrograms_shiv/1448_seg2.png,folk,6,1448_seg2
1449,4.6,1.2,4.1,1.22,0.5111111111111111,0.4555555555555555,data/deam/DEAM_spectrograms_shiv/1449_seg0.png,folk,6,1449_seg0
1449,4.6,1.2,4.1,1.22,0.5111111111111111,0.4555555555555555,data/deam/DEAM_spectrograms_shiv/1449_seg1.png,folk,6,1449_seg1
1449,4.6,1.2,4.1,1.22,0.5111111111111111,0.4555555555555555,data/deam/DEAM_spectrograms_shiv/1449_seg2.png,folk,6,1449_seg2
1450,5.7,1.42,5.0,1.79,0.6333333333333333,0.5555555555555556,data/deam/DEAM_spectrograms_shiv/1450_seg0.png,folk,6,1450_seg0
1450,5.7,1.42,5.0,1.79,0.6333333333333333,0.5555555555555556,data/deam/DEAM_spectrograms_shiv/1450_seg1.png,folk,6,1450_seg1
1450,5.7,1.42,5.0,1.79,0.6333333333333333,0.5555555555555556,data/deam/DEAM_spectrograms_shiv/1450_seg2.png,folk,6,1450_seg2
1451,5.1,1.58,4.8,1.83,0.5666666666666667,0.5333333333333333,data/deam/DEAM_spectrograms_shiv/1451_seg0.png,folk,6,1451_seg0
1451,5.1,1.58,4.8,1.83,0.5666666666666667,0.5333333333333333,data/deam/DEAM_spectrograms_shiv/1451_seg1.png,folk,6,1451_seg1
1451,5.1,1.58,4.8,1.83,0.5666666666666667,0.5333333333333333,data/deam/DEAM_spectrograms_shiv/1451_seg2.png,folk,6,1451_seg2
1452,4.2,1.25,3.9,1.45,0.4666666666666667,0.4333333333333333,data/deam/DEAM_spectrograms_shiv/1452_seg0.png,folk,6,1452_seg0
1452,4.2,1.25,3.9,1.45,0.4666666666666667,0.4333333333333333,data/deam/DEAM_spectrograms_shiv/1452_seg1.png,folk,6,1452_seg1
1452,4.2,1.25,3.9,1.45,0.4666666666666667,0.4333333333333333,data/deam/DEAM_spectrograms_shiv/1452_seg2.png,folk,6,1452_seg2
1453,4.0,1.79,3.8,1.72,0.4444444444444444,0.4222222222222222,data/deam/DEAM_spectrograms_shiv/1453_seg0.png,folk,6,1453_seg0
1453,4.0,1.79,3.8,1.72,0.4444444444444444,0.4222222222222222,data/deam/DEAM_spectrograms_shiv/1453_seg1.png,folk,6,1453_seg1
1453,4.0,1.79,3.8,1.72,0.4444444444444444,0.4222222222222222,data/deam/DEAM_spectrograms_shiv/1453_seg2.png,folk,6,1453_seg2
1454,5.2,1.6,3.6,1.43,0.5777777777777778,0.4,data/deam/DEAM_spectrograms_shiv/1454_seg0.png,folk,6,1454_seg0
1454,5.2,1.6,3.6,1.43,0.5777777777777778,0.4,data/deam/DEAM_spectrograms_shiv/1454_seg1.png,folk,6,1454_seg1
1454,5.2,1.6,3.6,1.43,0.5777777777777778,0.4,data/deam/DEAM_spectrograms_shiv/1454_seg2.png,folk,6,1454_seg2
1455,4.1,1.87,4.2,1.33,0.4555555555555555,0.4666666666666667,data/deam/DEAM_spectrograms_shiv/1455_seg0.png,folk,6,1455_seg0
1455,4.1,1.87,4.2,1.33,0.4555555555555555,0.4666666666666667,data/deam/DEAM_spectrograms_shiv/1455_seg1.png,folk,6,1455_seg1
1455,4.1,1.87,4.2,1.33,0.4555555555555555,0.4666666666666667,data/deam/DEAM_spectrograms_shiv/1455_seg2.png,folk,6,1455_seg2
1457,5.4,1.56,4.8,1.6,0.6000000000000001,0.5333333333333333,data/deam/DEAM_spectrograms_shiv/1457_seg0.png,folk,6,1457_seg0
1457,5.4,1.56,4.8,1.6,0.6000000000000001,0.5333333333333333,data/deam/DEAM_spectrograms_shiv/1457_seg1.png,folk,6,1457_seg1
1457,5.4,1.56,4.8,1.6,0.6000000000000001,0.5333333333333333,data/deam/DEAM_spectrograms_shiv/1457_seg2.png,folk,6,1457_seg2
1459,5.4,1.85,5.1,1.87,0.6000000000000001,0.5666666666666667,data/deam/DEAM_spectrograms_shiv/1459_seg0.png,bird of youth,0,1459_seg0
1459,5.4,1.85,5.1,1.87,0.6000000000000001,0.5666666666666667,data/deam/DEAM_spectrograms_shiv/1459_seg1.png,bird of youth,0,1459_seg1
1459,5.4,1.85,5.1,1.87,0.6000000000000001,0.5666666666666667,data/deam/DEAM_spectrograms_shiv/1459_seg2.png,bird of youth,0,1459_seg2
1460,4.8,1.4,3.9,1.51,0.5333333333333333,0.4333333333333333,data/deam/DEAM_spectrograms_shiv/1460_seg0.png,folk,6,1460_seg0
1460,4.8,1.4,3.9,1.51,0.5333333333333333,0.4333333333333333,data/deam/DEAM_spectrograms_shiv/1460_seg1.png,folk,6,1460_seg1
1460,4.8,1.4,3.9,1.51,0.5333333333333333,0.4333333333333333,data/deam/DEAM_spectrograms_shiv/1460_seg2.png,folk,6,1460_seg2
1461,5.3,1.35,4.2,1.72,0.5888888888888889,0.4666666666666667,data/deam/DEAM_spectrograms_shiv/1461_seg0.png,folk,6,1461_seg0
1461,5.3,1.35,4.2,1.72,0.5888888888888889,0.4666666666666667,data/deam/DEAM_spectrograms_shiv/1461_seg1.png,folk,6,1461_seg1
1461,5.3,1.35,4.2,1.72,0.5888888888888889,0.4666666666666667,data/deam/DEAM_spectrograms_shiv/1461_seg2.png,folk,6,1461_seg2
1462,4.8,1.17,3.9,0.83,0.5333333333333333,0.4333333333333333,data/deam/DEAM_spectrograms_shiv/1462_seg0.png,folk,6,1462_seg0
1462,4.8,1.17,3.9,0.83,0.5333333333333333,0.4333333333333333,data/deam/DEAM_spectrograms_shiv/1462_seg1.png,folk,6,1462_seg1
1462,4.8,1.17,3.9,0.83,0.5333333333333333,0.4333333333333333,data/deam/DEAM_spectrograms_shiv/1462_seg2.png,folk,6,1462_seg2
1463,3.3,1.42,3.0,1.79,0.3666666666666666,0.3333333333333333,data/deam/DEAM_spectrograms_shiv/1463_seg0.png,folk,6,1463_seg0
1463,3.3,1.42,3.0,1.79,0.3666666666666666,0.3333333333333333,data/deam/DEAM_spectrograms_shiv/1463_seg1.png,folk,6,1463_seg1
1463,3.3,1.42,3.0,1.79,0.3666666666666666,0.3333333333333333,data/deam/DEAM_spectrograms_shiv/1463_seg2.png,folk,6,1463_seg2
1465,5.2,1.17,3.7,1.1,0.5777777777777778,0.4111111111111111,data/deam/DEAM_spectrograms_shiv/1465_seg0.png,folk,6,1465_seg0
1465,5.2,1.17,3.7,1.1,0.5777777777777778,0.4111111111111111,data/deam/DEAM_spectrograms_shiv/1465_seg1.png,folk,6,1465_seg1
1465,5.2,1.17,3.7,1.1,0.5777777777777778,0.4111111111111111,data/deam/DEAM_spectrograms_shiv/1465_seg2.png,folk,6,1465_seg2
1466,6.1,0.7,4.5,1.36,0.6777777777777777,0.5,data/deam/DEAM_spectrograms_shiv/1466_seg0.png,folk,6,1466_seg0
1466,6.1,0.7,4.5,1.36,0.6777777777777777,0.5,data/deam/DEAM_spectrograms_shiv/1466_seg1.png,folk,6,1466_seg1
1466,6.1,0.7,4.5,1.36,0.6777777777777777,0.5,data/deam/DEAM_spectrograms_shiv/1466_seg2.png,folk,6,1466_seg2
1467,4.0,1.1,4.2,1.08,0.4444444444444444,0.4666666666666667,data/deam/DEAM_spectrograms_shiv/1467_seg0.png,folk,6,1467_seg0
1467,4.0,1.1,4.2,1.08,0.4444444444444444,0.4666666666666667,data/deam/DEAM_spectrograms_shiv/1467_seg1.png,folk,6,1467_seg1
1467,4.0,1.1,4.2,1.08,0.4444444444444444,0.4666666666666667,data/deam/DEAM_spectrograms_shiv/1467_seg2.png,folk,6,1467_seg2
1468,3.7,1.42,2.0,1.0,0.4111111111111111,0.2222222222222222,data/deam/DEAM_spectrograms_shiv/1468_seg0.png,folk,6,1468_seg0
1468,3.7,1.42,2.0,1.0,0.4111111111111111,0.2222222222222222,data/deam/DEAM_spectrograms_shiv/1468_seg1.png,folk,6,1468_seg1
1468,3.7,1.42,2.0,1.0,0.4111111111111111,0.2222222222222222,data/deam/DEAM_spectrograms_shiv/1468_seg2.png,folk,6,1468_seg2
1470,5.1,1.37,3.2,1.6,0.5666666666666667,0.3555555555555555,data/deam/DEAM_spectrograms_shiv/1470_seg0.png,folk,6,1470_seg0
1470,5.1,1.37,3.2,1.6,0.5666666666666667,0.3555555555555555,data/deam/DEAM_spectrograms_shiv/1470_seg1.png,folk,6,1470_seg1
1470,5.1,1.37,3.2,1.6,0.5666666666666667,0.3555555555555555,data/deam/DEAM_spectrograms_shiv/1470_seg2.png,folk,6,1470_seg2
1471,7.3,1.19,6.8,0.98,0.8111111111111111,0.7555555555555555,data/deam/DEAM_spectrograms_shiv/1471_seg0.png,folk,6,1471_seg0
1471,7.3,1.19,6.8,0.98,0.8111111111111111,0.7555555555555555,data/deam/DEAM_spectrograms_shiv/1471_seg1.png,folk,6,1471_seg1
1471,7.3,1.19,6.8,0.98,0.8111111111111111,0.7555555555555555,data/deam/DEAM_spectrograms_shiv/1471_seg2.png,folk,6,1471_seg2
1473,6.1,1.7,6.0,1.79,0.6777777777777777,0.6666666666666666,data/deam/DEAM_spectrograms_shiv/1473_seg0.png,folk,6,1473_seg0
1473,6.1,1.7,6.0,1.79,0.6777777777777777,0.6666666666666666,data/deam/DEAM_spectrograms_shiv/1473_seg1.png,folk,6,1473_seg1
1473,6.1,1.7,6.0,1.79,0.6777777777777777,0.6666666666666666,data/deam/DEAM_spectrograms_shiv/1473_seg2.png,folk,6,1473_seg2
1474,6.6,0.92,6.4,1.11,0.7333333333333333,0.7111111111111111,data/deam/DEAM_spectrograms_shiv/1474_seg0.png,folk,6,1474_seg0
1474,6.6,0.92,6.4,1.11,0.7333333333333333,0.7111111111111111,data/deam/DEAM_spectrograms_shiv/1474_seg1.png,folk,6,1474_seg1
1474,6.6,0.92,6.4,1.11,0.7333333333333333,0.7111111111111111,data/deam/DEAM_spectrograms_shiv/1474_seg2.png,folk,6,1474_seg2
1475,4.3,1.19,3.2,0.98,0.4777777777777777,0.3555555555555555,data/deam/DEAM_spectrograms_shiv/1475_seg0.png,folk,6,1475_seg0
1475,4.3,1.19,3.2,0.98,0.4777777777777777,0.3555555555555555,data/deam/DEAM_spectrograms_shiv/1475_seg1.png,folk,6,1475_seg1
1475,4.3,1.19,3.2,0.98,0.4777777777777777,0.3555555555555555,data/deam/DEAM_spectrograms_shiv/1475_seg2.png,folk,6,1475_seg2
1476,4.5,2.11,5.1,1.87,0.5,0.5666666666666667,data/deam/DEAM_spectrograms_shiv/1476_seg0.png,folk,6,1476_seg0
1476,4.5,2.11,5.1,1.87,0.5,0.5666666666666667,data/deam/DEAM_spectrograms_shiv/1476_seg1.png,folk,6,1476_seg1
1476,4.5,2.11,5.1,1.87,0.5,0.5666666666666667,data/deam/DEAM_spectrograms_shiv/1476_seg2.png,folk,6,1476_seg2
1477,5.1,1.45,4.5,1.36,0.5666666666666667,0.5,data/deam/DEAM_spectrograms_shiv/1477_seg0.png,folk,6,1477_seg0
1477,5.1,1.45,4.5,1.36,0.5666666666666667,0.5,data/deam/DEAM_spectrograms_shiv/1477_seg1.png,folk,6,1477_seg1
1477,5.1,1.45,4.5,1.36,0.5666666666666667,0.5,data/deam/DEAM_spectrograms_shiv/1477_seg2.png,folk,6,1477_seg2
1478,5.1,1.14,3.5,1.36,0.5666666666666667,0.3888888888888889,data/deam/DEAM_spectrograms_shiv/1478_seg0.png,folk,6,1478_seg0
1478,5.1,1.14,3.5,1.36,0.5666666666666667,0.3888888888888889,data/deam/DEAM_spectrograms_shiv/1478_seg1.png,folk,6,1478_seg1
1478,5.1,1.14,3.5,1.36,0.5666666666666667,0.3888888888888889,data/deam/DEAM_spectrograms_shiv/1478_seg2.png,folk,6,1478_seg2
1480,4.8,1.89,5.3,1.42,0.5333333333333333,0.5888888888888889,data/deam/DEAM_spectrograms_shiv/1480_seg0.png,folk,6,1480_seg0
1480,4.8,1.89,5.3,1.42,0.5333333333333333,0.5888888888888889,data/deam/DEAM_spectrograms_shiv/1480_seg1.png,folk,6,1480_seg1
1480,4.8,1.89,5.3,1.42,0.5333333333333333,0.5888888888888889,data/deam/DEAM_spectrograms_shiv/1480_seg2.png,folk,6,1480_seg2
1481,3.9,1.45,3.7,1.49,0.4333333333333333,0.4111111111111111,data/deam/DEAM_spectrograms_shiv/1481_seg0.png,folk,6,1481_seg0
1481,3.9,1.45,3.7,1.49,0.4333333333333333,0.4111111111111111,data/deam/DEAM_spectrograms_shiv/1481_seg1.png,folk,6,1481_seg1
1481,3.9,1.45,3.7,1.49,0.4333333333333333,0.4111111111111111,data/deam/DEAM_spectrograms_shiv/1481_seg2.png,folk,6,1481_seg2
1482,4.3,1.68,3.4,1.43,0.4777777777777777,0.3777777777777777,data/deam/DEAM_spectrograms_shiv/1482_seg0.png,folk,6,1482_seg0
1482,4.3,1.68,3.4,1.43,0.4777777777777777,0.3777777777777777,data/deam/DEAM_spectrograms_shiv/1482_seg1.png,folk,6,1482_seg1
1482,4.3,1.68,3.4,1.43,0.4777777777777777,0.3777777777777777,data/deam/DEAM_spectrograms_shiv/1482_seg2.png,folk,6,1482_seg2
1483,3.9,1.87,3.8,1.17,0.4333333333333333,0.4222222222222222,data/deam/DEAM_spectrograms_shiv/1483_seg0.png,folk,6,1483_seg0
1483,3.9,1.87,3.8,1.17,0.4333333333333333,0.4222222222222222,data/deam/DEAM_spectrograms_shiv/1483_seg1.png,folk,6,1483_seg1
1483,3.9,1.87,3.8,1.17,0.4333333333333333,0.4222222222222222,data/deam/DEAM_spectrograms_shiv/1483_seg2.png,folk,6,1483_seg2
1484,4.4,1.36,3.8,1.4,0.4888888888888889,0.4222222222222222,data/deam/DEAM_spectrograms_shiv/1484_seg0.png,folk,6,1484_seg0
1484,4.4,1.36,3.8,1.4,0.4888888888888889,0.4222222222222222,data/deam/DEAM_spectrograms_shiv/1484_seg1.png,folk,6,1484_seg1
1484,4.4,1.36,3.8,1.4,0.4888888888888889,0.4222222222222222,data/deam/DEAM_spectrograms_shiv/1484_seg2.png,folk,6,1484_seg2
1485,4.7,1.35,3.8,1.17,0.5222222222222223,0.4222222222222222,data/deam/DEAM_spectrograms_shiv/1485_seg0.png,folk,6,1485_seg0
1485,4.7,1.35,3.8,1.17,0.5222222222222223,0.4222222222222222,data/deam/DEAM_spectrograms_shiv/1485_seg1.png,folk,6,1485_seg1
1485,4.7,1.35,3.8,1.17,0.5222222222222223,0.4222222222222222,data/deam/DEAM_spectrograms_shiv/1485_seg2.png,folk,6,1485_seg2
1486,3.7,1.62,2.9,1.04,0.4111111111111111,0.3222222222222222,data/deam/DEAM_spectrograms_shiv/1486_seg0.png,folk,6,1486_seg0
1486,3.7,1.62,2.9,1.04,0.4111111111111111,0.3222222222222222,data/deam/DEAM_spectrograms_shiv/1486_seg1.png,folk,6,1486_seg1
1486,3.7,1.62,2.9,1.04,0.4111111111111111,0.3222222222222222,data/deam/DEAM_spectrograms_shiv/1486_seg2.png,folk,6,1486_seg2
1487,4.3,1.85,2.4,0.8,0.4777777777777777,0.2666666666666666,data/deam/DEAM_spectrograms_shiv/1487_seg0.png,folk,6,1487_seg0
1487,4.3,1.85,2.4,0.8,0.4777777777777777,0.2666666666666666,data/deam/DEAM_spectrograms_shiv/1487_seg1.png,folk,6,1487_seg1
1487,4.3,1.85,2.4,0.8,0.4777777777777777,0.2666666666666666,data/deam/DEAM_spectrograms_shiv/1487_seg2.png,folk,6,1487_seg2
1488,4.9,1.64,3.9,0.94,0.5444444444444445,0.4333333333333333,data/deam/DEAM_spectrograms_shiv/1488_seg0.png,folk,6,1488_seg0
1488,4.9,1.64,3.9,0.94,0.5444444444444445,0.4333333333333333,data/deam/DEAM_spectrograms_shiv/1488_seg1.png,folk,6,1488_seg1
1488,4.9,1.64,3.9,0.94,0.5444444444444445,0.4333333333333333,data/deam/DEAM_spectrograms_shiv/1488_seg2.png,folk,6,1488_seg2
1489,4.9,1.37,4.6,1.43,0.5444444444444445,0.5111111111111111,data/deam/DEAM_spectrograms_shiv/1489_seg0.png,folk,6,1489_seg0
1489,4.9,1.37,4.6,1.43,0.5444444444444445,0.5111111111111111,data/deam/DEAM_spectrograms_shiv/1489_seg1.png,folk,6,1489_seg1
1489,4.9,1.37,4.6,1.43,0.5444444444444445,0.5111111111111111,data/deam/DEAM_spectrograms_shiv/1489_seg2.png,folk,6,1489_seg2
1491,4.8,1.33,5.2,1.83,0.5333333333333333,0.5777777777777778,data/deam/DEAM_spectrograms_shiv/1491_seg0.png,folk,6,1491_seg0
1491,4.8,1.33,5.2,1.83,0.5333333333333333,0.5777777777777778,data/deam/DEAM_spectrograms_shiv/1491_seg1.png,folk,6,1491_seg1
1491,4.8,1.33,5.2,1.83,0.5333333333333333,0.5777777777777778,data/deam/DEAM_spectrograms_shiv/1491_seg2.png,folk,6,1491_seg2
1492,3.3,1.85,2.8,0.75,0.3666666666666666,0.3111111111111111,data/deam/DEAM_spectrograms_shiv/1492_seg0.png,folk,6,1492_seg0
1492,3.3,1.85,2.8,0.75,0.3666666666666666,0.3111111111111111,data/deam/DEAM_spectrograms_shiv/1492_seg1.png,folk,6,1492_seg1
1492,3.3,1.85,2.8,0.75,0.3666666666666666,0.3111111111111111,data/deam/DEAM_spectrograms_shiv/1492_seg2.png,folk,6,1492_seg2
1494,4.9,1.45,3.8,1.54,0.5444444444444445,0.4222222222222222,data/deam/DEAM_spectrograms_shiv/1494_seg0.png,folk,6,1494_seg0
1494,4.9,1.45,3.8,1.54,0.5444444444444445,0.4222222222222222,data/deam/DEAM_spectrograms_shiv/1494_seg1.png,folk,6,1494_seg1
1494,4.9,1.45,3.8,1.54,0.5444444444444445,0.4222222222222222,data/deam/DEAM_spectrograms_shiv/1494_seg2.png,folk,6,1494_seg2
1495,4.4,1.11,3.9,1.51,0.4888888888888889,0.4333333333333333,data/deam/DEAM_spectrograms_shiv/1495_seg0.png,folk,6,1495_seg0
1495,4.4,1.11,3.9,1.51,0.4888888888888889,0.4333333333333333,data/deam/DEAM_spectrograms_shiv/1495_seg1.png,folk,6,1495_seg1
1495,4.4,1.11,3.9,1.51,0.4888888888888889,0.4333333333333333,data/deam/DEAM_spectrograms_shiv/1495_seg2.png,folk,6,1495_seg2
1496,6.1,1.64,5.8,1.47,0.6777777777777777,0.6444444444444444,data/deam/DEAM_spectrograms_shiv/1496_seg0.png,folk,6,1496_seg0
1496,6.1,1.64,5.8,1.47,0.6777777777777777,0.6444444444444444,data/deam/DEAM_spectrograms_shiv/1496_seg1.png,folk,6,1496_seg1
1496,6.1,1.64,5.8,1.47,0.6777777777777777,0.6444444444444444,data/deam/DEAM_spectrograms_shiv/1496_seg2.png,folk,6,1496_seg2
1499,4.8,1.33,4.5,1.2,0.5333333333333333,0.5,data/deam/DEAM_spectrograms_shiv/1499_seg0.png,folk,6,1499_seg0
1499,4.8,1.33,4.5,1.2,0.5333333333333333,0.5,data/deam/DEAM_spectrograms_shiv/1499_seg1.png,folk,6,1499_seg1
1499,4.8,1.33,4.5,1.2,0.5333333333333333,0.5,data/deam/DEAM_spectrograms_shiv/1499_seg2.png,folk,6,1499_seg2
1500,3.8,1.72,3.2,1.94,0.4222222222222222,0.3555555555555555,data/deam/DEAM_spectrograms_shiv/1500_seg0.png,folk,6,1500_seg0
1500,3.8,1.72,3.2,1.94,0.4222222222222222,0.3555555555555555,data/deam/DEAM_spectrograms_shiv/1500_seg1.png,folk,6,1500_seg1
1500,3.8,1.72,3.2,1.94,0.4222222222222222,0.3555555555555555,data/deam/DEAM_spectrograms_shiv/1500_seg2.png,folk,6,1500_seg2
1501,5.0,1.95,4.9,1.97,0.5555555555555556,0.5444444444444445,data/deam/DEAM_spectrograms_shiv/1501_seg0.png,hip,7,1501_seg0
1501,5.0,1.95,4.9,1.97,0.5555555555555556,0.5444444444444445,data/deam/DEAM_spectrograms_shiv/1501_seg1.png,hip,7,1501_seg1
1501,5.0,1.95,4.9,1.97,0.5555555555555556,0.5444444444444445,data/deam/DEAM_spectrograms_shiv/1501_seg2.png,hip,7,1501_seg2
1503,5.9,1.14,4.1,2.3,0.6555555555555556,0.4555555555555555,data/deam/DEAM_spectrograms_shiv/1503_seg0.png,hip,7,1503_seg0
1503,5.9,1.14,4.1,2.3,0.6555555555555556,0.4555555555555555,data/deam/DEAM_spectrograms_shiv/1503_seg1.png,hip,7,1503_seg1
1503,5.9,1.14,4.1,2.3,0.6555555555555556,0.4555555555555555,data/deam/DEAM_spectrograms_shiv/1503_seg2.png,hip,7,1503_seg2
1504,6.0,1.79,5.9,1.51,0.6666666666666666,0.6555555555555556,data/deam/DEAM_spectrograms_shiv/1504_seg0.png,hip,7,1504_seg0
1504,6.0,1.79,5.9,1.51,0.6666666666666666,0.6555555555555556,data/deam/DEAM_spectrograms_shiv/1504_seg1.png,hip,7,1504_seg1
1504,6.0,1.79,5.9,1.51,0.6666666666666666,0.6555555555555556,data/deam/DEAM_spectrograms_shiv/1504_seg2.png,hip,7,1504_seg2
1505,4.2,1.08,4.9,1.58,0.4666666666666667,0.5444444444444445,data/deam/DEAM_spectrograms_shiv/1505_seg0.png,hip,7,1505_seg0
1505,4.2,1.08,4.9,1.58,0.4666666666666667,0.5444444444444445,data/deam/DEAM_spectrograms_shiv/1505_seg1.png,hip,7,1505_seg1
1505,4.2,1.08,4.9,1.58,0.4666666666666667,0.5444444444444445,data/deam/DEAM_spectrograms_shiv/1505_seg2.png,hip,7,1505_seg2
1506,5.0,1.18,4.8,0.87,0.5555555555555556,0.5333333333333333,data/deam/DEAM_spectrograms_shiv/1506_seg0.png,hip,7,1506_seg0
1506,5.0,1.18,4.8,0.87,0.5555555555555556,0.5333333333333333,data/deam/DEAM_spectrograms_shiv/1506_seg1.png,hip,7,1506_seg1
1506,5.0,1.18,4.8,0.87,0.5555555555555556,0.5333333333333333,data/deam/DEAM_spectrograms_shiv/1506_seg2.png,hip,7,1506_seg2
1507,5.5,0.92,5.7,0.9,0.6111111111111112,0.6333333333333333,data/deam/DEAM_spectrograms_shiv/1507_seg0.png,hip,7,1507_seg0
1507,5.5,0.92,5.7,0.9,0.6111111111111112,0.6333333333333333,data/deam/DEAM_spectrograms_shiv/1507_seg1.png,hip,7,1507_seg1
1507,5.5,0.92,5.7,0.9,0.6111111111111112,0.6333333333333333,data/deam/DEAM_spectrograms_shiv/1507_seg2.png,hip,7,1507_seg2
1509,5.9,1.14,5.4,1.8,0.6555555555555556,0.6000000000000001,data/deam/DEAM_spectrograms_shiv/1509_seg0.png,hip,7,1509_seg0
1509,5.9,1.14,5.4,1.8,0.6555555555555556,0.6000000000000001,data/deam/DEAM_spectrograms_shiv/1509_seg1.png,hip,7,1509_seg1
1509,5.9,1.14,5.4,1.8,0.6555555555555556,0.6000000000000001,data/deam/DEAM_spectrograms_shiv/1509_seg2.png,hip,7,1509_seg2
1510,4.1,1.45,5.6,1.02,0.4555555555555555,0.6222222222222222,data/deam/DEAM_spectrograms_shiv/1510_seg0.png,hip,7,1510_seg0
1510,4.1,1.45,5.6,1.02,0.4555555555555555,0.6222222222222222,data/deam/DEAM_spectrograms_shiv/1510_seg1.png,hip,7,1510_seg1
1510,4.1,1.45,5.6,1.02,0.4555555555555555,0.6222222222222222,data/deam/DEAM_spectrograms_shiv/1510_seg2.png,hip,7,1510_seg2
1511,5.5,1.57,5.6,1.91,0.6111111111111112,0.6222222222222222,data/deam/DEAM_spectrograms_shiv/1511_seg0.png,hip,7,1511_seg0
1511,5.5,1.57,5.6,1.91,0.6111111111111112,0.6222222222222222,data/deam/DEAM_spectrograms_shiv/1511_seg1.png,hip,7,1511_seg1
1511,5.5,1.57,5.6,1.91,0.6111111111111112,0.6222222222222222,data/deam/DEAM_spectrograms_shiv/1511_seg2.png,hip,7,1511_seg2
1512,3.8,1.72,5.2,1.25,0.4222222222222222,0.5777777777777778,data/deam/DEAM_spectrograms_shiv/1512_seg0.png,hip,7,1512_seg0
1512,3.8,1.72,5.2,1.25,0.4222222222222222,0.5777777777777778,data/deam/DEAM_spectrograms_shiv/1512_seg1.png,hip,7,1512_seg1
1512,3.8,1.72,5.2,1.25,0.4222222222222222,0.5777777777777778,data/deam/DEAM_spectrograms_shiv/1512_seg2.png,hip,7,1512_seg2
1513,6.1,1.22,6.3,1.19,0.6777777777777777,0.7,data/deam/DEAM_spectrograms_shiv/1513_seg0.png,hip,7,1513_seg0
1513,6.1,1.22,6.3,1.19,0.6777777777777777,0.7,data/deam/DEAM_spectrograms_shiv/1513_seg1.png,hip,7,1513_seg1
1513,6.1,1.22,6.3,1.19,0.6777777777777777,0.7,data/deam/DEAM_spectrograms_shiv/1513_seg2.png,hip,7,1513_seg2
1514,4.6,1.96,5.4,1.36,0.5111111111111111,0.6000000000000001,data/deam/DEAM_spectrograms_shiv/1514_seg0.png,hip,7,1514_seg0
1514,4.6,1.96,5.4,1.36,0.5111111111111111,0.6000000000000001,data/deam/DEAM_spectrograms_shiv/1514_seg1.png,hip,7,1514_seg1
1514,4.6,1.96,5.4,1.36,0.5111111111111111,0.6000000000000001,data/deam/DEAM_spectrograms_shiv/1514_seg2.png,hip,7,1514_seg2
1515,4.4,1.28,4.8,1.4,0.4888888888888889,0.5333333333333333,data/deam/DEAM_spectrograms_shiv/1515_seg0.png,hip,7,1515_seg0
1515,4.4,1.28,4.8,1.4,0.4888888888888889,0.5333333333333333,data/deam/DEAM_spectrograms_shiv/1515_seg1.png,hip,7,1515_seg1
1515,4.4,1.28,4.8,1.4,0.4888888888888889,0.5333333333333333,data/deam/DEAM_spectrograms_shiv/1515_seg2.png,hip,7,1515_seg2
1516,5.6,1.62,4.9,1.76,0.6222222222222222,0.5444444444444445,data/deam/DEAM_spectrograms_shiv/1516_seg0.png,hip,7,1516_seg0
1516,5.6,1.62,4.9,1.76,0.6222222222222222,0.5444444444444445,data/deam/DEAM_spectrograms_shiv/1516_seg1.png,hip,7,1516_seg1
1516,5.6,1.62,4.9,1.76,0.6222222222222222,0.5444444444444445,data/deam/DEAM_spectrograms_shiv/1516_seg2.png,hip,7,1516_seg2
1517,6.0,1.67,5.0,1.67,0.6666666666666666,0.5555555555555556,data/deam/DEAM_spectrograms_shiv/1517_seg0.png,hip,7,1517_seg0
1517,6.0,1.67,5.0,1.67,0.6666666666666666,0.5555555555555556,data/deam/DEAM_spectrograms_shiv/1517_seg1.png,hip,7,1517_seg1
1517,6.0,1.67,5.0,1.67,0.6666666666666666,0.5555555555555556,data/deam/DEAM_spectrograms_shiv/1517_seg2.png,hip,7,1517_seg2
1518,6.1,1.45,6.3,1.55,0.6777777777777777,0.7,data/deam/DEAM_spectrograms_shiv/1518_seg0.png,hip,7,1518_seg0
1518,6.1,1.45,6.3,1.55,0.6777777777777777,0.7,data/deam/DEAM_spectrograms_shiv/1518_seg1.png,hip,7,1518_seg1
1518,6.1,1.45,6.3,1.55,0.6777777777777777,0.7,data/deam/DEAM_spectrograms_shiv/1518_seg2.png,hip,7,1518_seg2
1520,5.3,1.27,5.3,1.0,0.5888888888888889,0.5888888888888889,data/deam/DEAM_spectrograms_shiv/1520_seg0.png,hip,7,1520_seg0
1520,5.3,1.27,5.3,1.0,0.5888888888888889,0.5888888888888889,data/deam/DEAM_spectrograms_shiv/1520_seg1.png,hip,7,1520_seg1
1520,5.3,1.27,5.3,1.0,0.5888888888888889,0.5888888888888889,data/deam/DEAM_spectrograms_shiv/1520_seg2.png,hip,7,1520_seg2
1521,4.8,1.08,4.9,0.83,0.5333333333333333,0.5444444444444445,data/deam/DEAM_spectrograms_shiv/1521_seg0.png,hip,7,1521_seg0
1521,4.8,1.08,4.9,0.83,0.5333333333333333,0.5444444444444445,data/deam/DEAM_spectrograms_shiv/1521_seg1.png,hip,7,1521_seg1
1521,4.8,1.08,4.9,0.83,0.5333333333333333,0.5444444444444445,data/deam/DEAM_spectrograms_shiv/1521_seg2.png,hip,7,1521_seg2
1522,5.2,1.4,5.7,1.1,0.5777777777777778,0.6333333333333333,data/deam/DEAM_spectrograms_shiv/1522_seg0.png,hip,7,1522_seg0
1522,5.2,1.4,5.7,1.1,0.5777777777777778,0.6333333333333333,data/deam/DEAM_spectrograms_shiv/1522_seg1.png,hip,7,1522_seg1
1522,5.2,1.4,5.7,1.1,0.5777777777777778,0.6333333333333333,data/deam/DEAM_spectrograms_shiv/1522_seg2.png,hip,7,1522_seg2
1524,5.6,1.43,4.4,2.11,0.6222222222222222,0.4888888888888889,data/deam/DEAM_spectrograms_shiv/1524_seg0.png,hip,7,1524_seg0
1524,5.6,1.43,4.4,2.11,0.6222222222222222,0.4888888888888889,data/deam/DEAM_spectrograms_shiv/1524_seg1.png,hip,7,1524_seg1
1524,5.6,1.43,4.4,2.11,0.6222222222222222,0.4888888888888889,data/deam/DEAM_spectrograms_shiv/1524_seg2.png,hip,7,1524_seg2
1525,4.5,1.12,4.5,1.5,0.5,0.5,data/deam/DEAM_spectrograms_shiv/1525_seg0.png,hip,7,1525_seg0
1525,4.5,1.12,4.5,1.5,0.5,0.5,data/deam/DEAM_spectrograms_shiv/1525_seg1.png,hip,7,1525_seg1
1525,4.5,1.12,4.5,1.5,0.5,0.5,data/deam/DEAM_spectrograms_shiv/1525_seg2.png,hip,7,1525_seg2
1526,5.9,1.45,5.9,1.7,0.6555555555555556,0.6555555555555556,data/deam/DEAM_spectrograms_shiv/1526_seg0.png,hip,7,1526_seg0
1526,5.9,1.45,5.9,1.7,0.6555555555555556,0.6555555555555556,data/deam/DEAM_spectrograms_shiv/1526_seg1.png,hip,7,1526_seg1
1526,5.9,1.45,5.9,1.7,0.6555555555555556,0.6555555555555556,data/deam/DEAM_spectrograms_shiv/1526_seg2.png,hip,7,1526_seg2
1527,4.5,1.02,4.7,1.0,0.5,0.5222222222222223,data/deam/DEAM_spectrograms_shiv/1527_seg0.png,hip,7,1527_seg0
1527,4.5,1.02,4.7,1.0,0.5,0.5222222222222223,data/deam/DEAM_spectrograms_shiv/1527_seg1.png,hip,7,1527_seg1
1527,4.5,1.02,4.7,1.0,0.5,0.5222222222222223,data/deam/DEAM_spectrograms_shiv/1527_seg2.png,hip,7,1527_seg2
1528,5.5,1.86,4.6,2.11,0.6111111111111112,0.5111111111111111,data/deam/DEAM_spectrograms_shiv/1528_seg0.png,hip,7,1528_seg0
1528,5.5,1.86,4.6,2.11,0.6111111111111112,0.5111111111111111,data/deam/DEAM_spectrograms_shiv/1528_seg1.png,hip,7,1528_seg1
1528,5.5,1.86,4.6,2.11,0.6111111111111112,0.5111111111111111,data/deam/DEAM_spectrograms_shiv/1528_seg2.png,hip,7,1528_seg2
1529,5.4,1.96,5.7,1.73,0.6000000000000001,0.6333333333333333,data/deam/DEAM_spectrograms_shiv/1529_seg0.png,hip,7,1529_seg0
1529,5.4,1.96,5.7,1.73,0.6000000000000001,0.6333333333333333,data/deam/DEAM_spectrograms_shiv/1529_seg1.png,hip,7,1529_seg1
1529,5.4,1.96,5.7,1.73,0.6000000000000001,0.6333333333333333,data/deam/DEAM_spectrograms_shiv/1529_seg2.png,hip,7,1529_seg2
1531,5.1,1.92,4.8,2.14,0.5666666666666667,0.5333333333333333,data/deam/DEAM_spectrograms_shiv/1531_seg0.png,hip,7,1531_seg0
1531,5.1,1.92,4.8,2.14,0.5666666666666667,0.5333333333333333,data/deam/DEAM_spectrograms_shiv/1531_seg1.png,hip,7,1531_seg1
1531,5.1,1.92,4.8,2.14,0.5666666666666667,0.5333333333333333,data/deam/DEAM_spectrograms_shiv/1531_seg2.png,hip,7,1531_seg2
1532,5.8,1.33,5.6,1.8,0.6444444444444444,0.6222222222222222,data/deam/DEAM_spectrograms_shiv/1532_seg0.png,hip,7,1532_seg0
1532,5.8,1.33,5.6,1.8,0.6444444444444444,0.6222222222222222,data/deam/DEAM_spectrograms_shiv/1532_seg1.png,hip,7,1532_seg1
1532,5.8,1.33,5.6,1.8,0.6444444444444444,0.6222222222222222,data/deam/DEAM_spectrograms_shiv/1532_seg2.png,hip,7,1532_seg2
1533,5.2,1.83,5.3,1.95,0.5777777777777778,0.5888888888888889,data/deam/DEAM_spectrograms_shiv/1533_seg0.png,hip,7,1533_seg0
1533,5.2,1.83,5.3,1.95,0.5777777777777778,0.5888888888888889,data/deam/DEAM_spectrograms_shiv/1533_seg1.png,hip,7,1533_seg1
1533,5.2,1.83,5.3,1.95,0.5777777777777778,0.5888888888888889,data/deam/DEAM_spectrograms_shiv/1533_seg2.png,hip,7,1533_seg2
1535,5.4,1.2,5.3,1.1,0.6000000000000001,0.5888888888888889,data/deam/DEAM_spectrograms_shiv/1535_seg0.png,hip,7,1535_seg0
1535,5.4,1.2,5.3,1.1,0.6000000000000001,0.5888888888888889,data/deam/DEAM_spectrograms_shiv/1535_seg1.png,hip,7,1535_seg1
1535,5.4,1.2,5.3,1.1,0.6000000000000001,0.5888888888888889,data/deam/DEAM_spectrograms_shiv/1535_seg2.png,hip,7,1535_seg2
1536,4.8,1.08,3.4,1.69,0.5333333333333333,0.3777777777777777,data/deam/DEAM_spectrograms_shiv/1536_seg0.png,hip,7,1536_seg0
1536,4.8,1.08,3.4,1.69,0.5333333333333333,0.3777777777777777,data/deam/DEAM_spectrograms_shiv/1536_seg1.png,hip,7,1536_seg1
1536,4.8,1.08,3.4,1.69,0.5333333333333333,0.3777777777777777,data/deam/DEAM_spectrograms_shiv/1536_seg2.png,hip,7,1536_seg2
1537,5.9,1.14,3.4,1.11,0.6555555555555556,0.3777777777777777,data/deam/DEAM_spectrograms_shiv/1537_seg0.png,hip,7,1537_seg0
1537,5.9,1.14,3.4,1.11,0.6555555555555556,0.3777777777777777,data/deam/DEAM_spectrograms_shiv/1537_seg1.png,hip,7,1537_seg1
1537,5.9,1.14,3.4,1.11,0.6555555555555556,0.3777777777777777,data/deam/DEAM_spectrograms_shiv/1537_seg2.png,hip,7,1537_seg2
1538,6.3,1.19,4.7,1.35,0.7,0.5222222222222223,data/deam/DEAM_spectrograms_shiv/1538_seg0.png,hip,7,1538_seg0
1538,6.3,1.19,4.7,1.35,0.7,0.5222222222222223,data/deam/DEAM_spectrograms_shiv/1538_seg1.png,hip,7,1538_seg1
1538,6.3,1.19,4.7,1.35,0.7,0.5222222222222223,data/deam/DEAM_spectrograms_shiv/1538_seg2.png,hip,7,1538_seg2
1539,4.4,2.01,4.7,2.0,0.4888888888888889,0.5222222222222223,data/deam/DEAM_spectrograms_shiv/1539_seg0.png,hip,7,1539_seg0
1539,4.4,2.01,4.7,2.0,0.4888888888888889,0.5222222222222223,data/deam/DEAM_spectrograms_shiv/1539_seg1.png,hip,7,1539_seg1
1539,4.4,2.01,4.7,2.0,0.4888888888888889,0.5222222222222223,data/deam/DEAM_spectrograms_shiv/1539_seg2.png,hip,7,1539_seg2
1540,5.7,1.9,5.1,1.92,0.6333333333333333,0.5666666666666667,data/deam/DEAM_spectrograms_shiv/1540_seg0.png,hip,7,1540_seg0
1540,5.7,1.9,5.1,1.92,0.6333333333333333,0.5666666666666667,data/deam/DEAM_spectrograms_shiv/1540_seg1.png,hip,7,1540_seg1
1540,5.7,1.9,5.1,1.92,0.6333333333333333,0.5666666666666667,data/deam/DEAM_spectrograms_shiv/1540_seg2.png,hip,7,1540_seg2
1541,5.2,1.08,4.6,1.56,0.5777777777777778,0.5111111111111111,data/deam/DEAM_spectrograms_shiv/1541_seg0.png,hip,7,1541_seg0
1541,5.2,1.08,4.6,1.56,0.5777777777777778,0.5111111111111111,data/deam/DEAM_spectrograms_shiv/1541_seg1.png,hip,7,1541_seg1
1541,5.2,1.08,4.6,1.56,0.5777777777777778,0.5111111111111111,data/deam/DEAM_spectrograms_shiv/1541_seg2.png,hip,7,1541_seg2
1542,5.5,1.8,5.5,1.43,0.6111111111111112,0.6111111111111112,data/deam/DEAM_spectrograms_shiv/1542_seg0.png,hip,7,1542_seg0
1542,5.5,1.8,5.5,1.43,0.6111111111111112,0.6111111111111112,data/deam/DEAM_spectrograms_shiv/1542_seg1.png,hip,7,1542_seg1
1542,5.5,1.8,5.5,1.43,0.6111111111111112,0.6111111111111112,data/deam/DEAM_spectrograms_shiv/1542_seg2.png,hip,7,1542_seg2
1543,6.1,1.45,5.4,1.8,0.6777777777777777,0.6000000000000001,data/deam/DEAM_spectrograms_shiv/1543_seg0.png,hip,7,1543_seg0
1543,6.1,1.45,5.4,1.8,0.6777777777777777,0.6000000000000001,data/deam/DEAM_spectrograms_shiv/1543_seg1.png,hip,7,1543_seg1
1543,6.1,1.45,5.4,1.8,0.6777777777777777,0.6000000000000001,data/deam/DEAM_spectrograms_shiv/1543_seg2.png,hip,7,1543_seg2
1544,6.4,1.74,5.4,1.62,0.7111111111111111,0.6000000000000001,data/deam/DEAM_spectrograms_shiv/1544_seg0.png,hip,7,1544_seg0
1544,6.4,1.74,5.4,1.62,0.7111111111111111,0.6000000000000001,data/deam/DEAM_spectrograms_shiv/1544_seg1.png,hip,7,1544_seg1
1544,6.4,1.74,5.4,1.62,0.7111111111111111,0.6000000000000001,data/deam/DEAM_spectrograms_shiv/1544_seg2.png,hip,7,1544_seg2
1547,4.0,1.67,5.8,1.89,0.4444444444444444,0.6444444444444444,data/deam/DEAM_spectrograms_shiv/1547_seg0.png,hip,7,1547_seg0
1547,4.0,1.67,5.8,1.89,0.4444444444444444,0.6444444444444444,data/deam/DEAM_spectrograms_shiv/1547_seg1.png,hip,7,1547_seg1
1547,4.0,1.67,5.8,1.89,0.4444444444444444,0.6444444444444444,data/deam/DEAM_spectrograms_shiv/1547_seg2.png,hip,7,1547_seg2
1550,4.8,1.66,3.7,1.1,0.5333333333333333,0.4111111111111111,data/deam/DEAM_spectrograms_shiv/1550_seg0.png,hip,7,1550_seg0
1550,4.8,1.66,3.7,1.1,0.5333333333333333,0.4111111111111111,data/deam/DEAM_spectrograms_shiv/1550_seg1.png,hip,7,1550_seg1
1550,4.8,1.66,3.7,1.1,0.5333333333333333,0.4111111111111111,data/deam/DEAM_spectrograms_shiv/1550_seg2.png,hip,7,1550_seg2
1551,5.6,1.8,5.4,1.56,0.6222222222222222,0.6000000000000001,data/deam/DEAM_spectrograms_shiv/1551_seg0.png,hip,7,1551_seg0
1551,5.6,1.8,5.4,1.56,0.6222222222222222,0.6000000000000001,data/deam/DEAM_spectrograms_shiv/1551_seg1.png,hip,7,1551_seg1
1551,5.6,1.8,5.4,1.56,0.6222222222222222,0.6000000000000001,data/deam/DEAM_spectrograms_shiv/1551_seg2.png,hip,7,1551_seg2
1552,5.6,1.56,5.6,1.36,0.6222222222222222,0.6222222222222222,data/deam/DEAM_spectrograms_shiv/1552_seg0.png,hip,7,1552_seg0
1552,5.6,1.56,5.6,1.36,0.6222222222222222,0.6222222222222222,data/deam/DEAM_spectrograms_shiv/1552_seg1.png,hip,7,1552_seg1
1552,5.6,1.56,5.6,1.36,0.6222222222222222,0.6222222222222222,data/deam/DEAM_spectrograms_shiv/1552_seg2.png,hip,7,1552_seg2
1553,5.6,1.69,5.9,1.58,0.6222222222222222,0.6555555555555556,data/deam/DEAM_spectrograms_shiv/1553_seg0.png,hip,7,1553_seg0
1553,5.6,1.69,5.9,1.58,0.6222222222222222,0.6555555555555556,data/deam/DEAM_spectrograms_shiv/1553_seg1.png,hip,7,1553_seg1
1553,5.6,1.69,5.9,1.58,0.6222222222222222,0.6555555555555556,data/deam/DEAM_spectrograms_shiv/1553_seg2.png,hip,7,1553_seg2
1555,4.4,1.36,2.9,1.04,0.4888888888888889,0.3222222222222222,data/deam/DEAM_spectrograms_shiv/1555_seg0.png,hip,7,1555_seg0
1555,4.4,1.36,2.9,1.04,0.4888888888888889,0.3222222222222222,data/deam/DEAM_spectrograms_shiv/1555_seg1.png,hip,7,1555_seg1
1555,4.4,1.36,2.9,1.04,0.4888888888888889,0.3222222222222222,data/deam/DEAM_spectrograms_shiv/1555_seg2.png,hip,7,1555_seg2
1556,4.7,2.0,6.1,1.45,0.5222222222222223,0.6777777777777777,data/deam/DEAM_spectrograms_shiv/1556_seg0.png,hip,7,1556_seg0
1556,4.7,2.0,6.1,1.45,0.5222222222222223,0.6777777777777777,data/deam/DEAM_spectrograms_shiv/1556_seg1.png,hip,7,1556_seg1
1556,4.7,2.0,6.1,1.45,0.5222222222222223,0.6777777777777777,data/deam/DEAM_spectrograms_shiv/1556_seg2.png,hip,7,1556_seg2
1557,5.5,1.86,6.3,1.42,0.6111111111111112,0.7,data/deam/DEAM_spectrograms_shiv/1557_seg0.png,hip,7,1557_seg0
1557,5.5,1.86,6.3,1.42,0.6111111111111112,0.7,data/deam/DEAM_spectrograms_shiv/1557_seg1.png,hip,7,1557_seg1
1557,5.5,1.86,6.3,1.42,0.6111111111111112,0.7,data/deam/DEAM_spectrograms_shiv/1557_seg2.png,hip,7,1557_seg2
1558,3.4,1.56,5.9,1.14,0.3777777777777777,0.6555555555555556,data/deam/DEAM_spectrograms_shiv/1558_seg0.png,hip,7,1558_seg0
1558,3.4,1.56,5.9,1.14,0.3777777777777777,0.6555555555555556,data/deam/DEAM_spectrograms_shiv/1558_seg1.png,hip,7,1558_seg1
1558,3.4,1.56,5.9,1.14,0.3777777777777777,0.6555555555555556,data/deam/DEAM_spectrograms_shiv/1558_seg2.png,hip,7,1558_seg2
1559,5.8,0.98,5.2,1.6,0.6444444444444444,0.5777777777777778,data/deam/DEAM_spectrograms_shiv/1559_seg0.png,hip,7,1559_seg0
1559,5.8,0.98,5.2,1.6,0.6444444444444444,0.5777777777777778,data/deam/DEAM_spectrograms_shiv/1559_seg1.png,hip,7,1559_seg1
1559,5.8,0.98,5.2,1.6,0.6444444444444444,0.5777777777777778,data/deam/DEAM_spectrograms_shiv/1559_seg2.png,hip,7,1559_seg2
1560,5.2,0.98,5.2,1.4,0.5777777777777778,0.5777777777777778,data/deam/DEAM_spectrograms_shiv/1560_seg0.png,hip,7,1560_seg0
1560,5.2,0.98,5.2,1.4,0.5777777777777778,0.5777777777777778,data/deam/DEAM_spectrograms_shiv/1560_seg1.png,hip,7,1560_seg1
1560,5.2,0.98,5.2,1.4,0.5777777777777778,0.5777777777777778,data/deam/DEAM_spectrograms_shiv/1560_seg2.png,hip,7,1560_seg2
1561,5.0,1.9,6.0,1.41,0.5555555555555556,0.6666666666666666,data/deam/DEAM_spectrograms_shiv/1561_seg0.png,hip,7,1561_seg0
1561,5.0,1.9,6.0,1.41,0.5555555555555556,0.6666666666666666,data/deam/DEAM_spectrograms_shiv/1561_seg1.png,hip,7,1561_seg1
1561,5.0,1.9,6.0,1.41,0.5555555555555556,0.6666666666666666,data/deam/DEAM_spectrograms_shiv/1561_seg2.png,hip,7,1561_seg2
1563,5.1,2.07,5.7,1.79,0.5666666666666667,0.6333333333333333,data/deam/DEAM_spectrograms_shiv/1563_seg0.png,hip,7,1563_seg0
1563,5.1,2.07,5.7,1.79,0.5666666666666667,0.6333333333333333,data/deam/DEAM_spectrograms_shiv/1563_seg1.png,hip,7,1563_seg1
1563,5.1,2.07,5.7,1.79,0.5666666666666667,0.6333333333333333,data/deam/DEAM_spectrograms_shiv/1563_seg2.png,hip,7,1563_seg2
1564,6.1,1.81,6.4,1.43,0.6777777777777777,0.7111111111111111,data/deam/DEAM_spectrograms_shiv/1564_seg0.png,hip,7,1564_seg0
1564,6.1,1.81,6.4,1.43,0.6777777777777777,0.7111111111111111,data/deam/DEAM_spectrograms_shiv/1564_seg1.png,hip,7,1564_seg1
1564,6.1,1.81,6.4,1.43,0.6777777777777777,0.7111111111111111,data/deam/DEAM_spectrograms_shiv/1564_seg2.png,hip,7,1564_seg2
1565,4.6,1.36,4.9,1.76,0.5111111111111111,0.5444444444444445,data/deam/DEAM_spectrograms_shiv/1565_seg0.png,hip,7,1565_seg0
1565,4.6,1.36,4.9,1.76,0.5111111111111111,0.5444444444444445,data/deam/DEAM_spectrograms_shiv/1565_seg1.png,hip,7,1565_seg1
1565,4.6,1.36,4.9,1.76,0.5111111111111111,0.5444444444444445,data/deam/DEAM_spectrograms_shiv/1565_seg2.png,hip,7,1565_seg2
1566,6.2,0.98,5.3,1.0,0.6888888888888889,0.5888888888888889,data/deam/DEAM_spectrograms_shiv/1566_seg0.png,hip,7,1566_seg0
1566,6.2,0.98,5.3,1.0,0.6888888888888889,0.5888888888888889,data/deam/DEAM_spectrograms_shiv/1566_seg1.png,hip,7,1566_seg1
1566,6.2,0.98,5.3,1.0,0.6888888888888889,0.5888888888888889,data/deam/DEAM_spectrograms_shiv/1566_seg2.png,hip,7,1566_seg2
1567,4.0,1.48,5.0,1.26,0.4444444444444444,0.5555555555555556,data/deam/DEAM_spectrograms_shiv/1567_seg0.png,hip,7,1567_seg0
1567,4.0,1.48,5.0,1.26,0.4444444444444444,0.5555555555555556,data/deam/DEAM_spectrograms_shiv/1567_seg1.png,hip,7,1567_seg1
1567,4.0,1.48,5.0,1.26,0.4444444444444444,0.5555555555555556,data/deam/DEAM_spectrograms_shiv/1567_seg2.png,hip,7,1567_seg2
1568,5.4,2.2,6.0,1.61,0.6000000000000001,0.6666666666666666,data/deam/DEAM_spectrograms_shiv/1568_seg0.png,hip,7,1568_seg0
1568,5.4,2.2,6.0,1.61,0.6000000000000001,0.6666666666666666,data/deam/DEAM_spectrograms_shiv/1568_seg1.png,hip,7,1568_seg1
1568,5.4,2.2,6.0,1.61,0.6000000000000001,0.6666666666666666,data/deam/DEAM_spectrograms_shiv/1568_seg2.png,hip,7,1568_seg2
1570,5.2,1.47,4.6,1.74,0.5777777777777778,0.5111111111111111,data/deam/DEAM_spectrograms_shiv/1570_seg0.png,hip,7,1570_seg0
1570,5.2,1.47,4.6,1.74,0.5777777777777778,0.5111111111111111,data/deam/DEAM_spectrograms_shiv/1570_seg1.png,hip,7,1570_seg1
1570,5.2,1.47,4.6,1.74,0.5777777777777778,0.5111111111111111,data/deam/DEAM_spectrograms_shiv/1570_seg2.png,hip,7,1570_seg2
1571,4.4,2.06,6.9,1.14,0.4888888888888889,0.7666666666666667,data/deam/DEAM_spectrograms_shiv/1571_seg0.png,hip,7,1571_seg0
1571,4.4,2.06,6.9,1.14,0.4888888888888889,0.7666666666666667,data/deam/DEAM_spectrograms_shiv/1571_seg1.png,hip,7,1571_seg1
1571,4.4,2.06,6.9,1.14,0.4888888888888889,0.7666666666666667,data/deam/DEAM_spectrograms_shiv/1571_seg2.png,hip,7,1571_seg2
1573,4.9,1.37,3.6,1.8,0.5444444444444445,0.4,data/deam/DEAM_spectrograms_shiv/1573_seg0.png,hip,7,1573_seg0
1573,4.9,1.37,3.6,1.8,0.5444444444444445,0.4,data/deam/DEAM_spectrograms_shiv/1573_seg1.png,hip,7,1573_seg1
1573,4.9,1.37,3.6,1.8,0.5444444444444445,0.4,data/deam/DEAM_spectrograms_shiv/1573_seg2.png,hip,7,1573_seg2
1575,5.2,1.47,5.1,1.51,0.5777777777777778,0.5666666666666667,data/deam/DEAM_spectrograms_shiv/1575_seg0.png,hip,7,1575_seg0
1575,5.2,1.47,5.1,1.51,0.5777777777777778,0.5666666666666667,data/deam/DEAM_spectrograms_shiv/1575_seg1.png,hip,7,1575_seg1
1575,5.2,1.47,5.1,1.51,0.5777777777777778,0.5666666666666667,data/deam/DEAM_spectrograms_shiv/1575_seg2.png,hip,7,1575_seg2
1576,5.4,0.8,3.9,1.45,0.6000000000000001,0.4333333333333333,data/deam/DEAM_spectrograms_shiv/1576_seg0.png,hip,7,1576_seg0
1576,5.4,0.8,3.9,1.45,0.6000000000000001,0.4333333333333333,data/deam/DEAM_spectrograms_shiv/1576_seg1.png,hip,7,1576_seg1
1576,5.4,0.8,3.9,1.45,0.6000000000000001,0.4333333333333333,data/deam/DEAM_spectrograms_shiv/1576_seg2.png,hip,7,1576_seg2
1577,5.2,1.89,4.7,1.73,0.5777777777777778,0.5222222222222223,data/deam/DEAM_spectrograms_shiv/1577_seg0.png,hip,7,1577_seg0
1577,5.2,1.89,4.7,1.73,0.5777777777777778,0.5222222222222223,data/deam/DEAM_spectrograms_shiv/1577_seg1.png,hip,7,1577_seg1
1577,5.2,1.89,4.7,1.73,0.5777777777777778,0.5222222222222223,data/deam/DEAM_spectrograms_shiv/1577_seg2.png,hip,7,1577_seg2
1578,5.9,0.3,4.8,1.54,0.6555555555555556,0.5333333333333333,data/deam/DEAM_spectrograms_shiv/1578_seg0.png,hip,7,1578_seg0
1578,5.9,0.3,4.8,1.54,0.6555555555555556,0.5333333333333333,data/deam/DEAM_spectrograms_shiv/1578_seg1.png,hip,7,1578_seg1
1578,5.9,0.3,4.8,1.54,0.6555555555555556,0.5333333333333333,data/deam/DEAM_spectrograms_shiv/1578_seg2.png,hip,7,1578_seg2
1579,5.8,1.72,4.9,1.92,0.6444444444444444,0.5444444444444445,data/deam/DEAM_spectrograms_shiv/1579_seg0.png,hip,7,1579_seg0
1579,5.8,1.72,4.9,1.92,0.6444444444444444,0.5444444444444445,data/deam/DEAM_spectrograms_shiv/1579_seg1.png,hip,7,1579_seg1
1579,5.8,1.72,4.9,1.92,0.6444444444444444,0.5444444444444445,data/deam/DEAM_spectrograms_shiv/1579_seg2.png,hip,7,1579_seg2
1580,6.1,1.04,5.2,1.08,0.6777777777777777,0.5777777777777778,data/deam/DEAM_spectrograms_shiv/1580_seg0.png,hip,7,1580_seg0
1580,6.1,1.04,5.2,1.08,0.6777777777777777,0.5777777777777778,data/deam/DEAM_spectrograms_shiv/1580_seg1.png,hip,7,1580_seg1
1580,6.1,1.04,5.2,1.08,0.6777777777777777,0.5777777777777778,data/deam/DEAM_spectrograms_shiv/1580_seg2.png,hip,7,1580_seg2
1581,6.5,1.28,6.1,1.37,0.7222222222222222,0.6777777777777777,data/deam/DEAM_spectrograms_shiv/1581_seg0.png,hip,7,1581_seg0
1581,6.5,1.28,6.1,1.37,0.7222222222222222,0.6777777777777777,data/deam/DEAM_spectrograms_shiv/1581_seg1.png,hip,7,1581_seg1
1581,6.5,1.28,6.1,1.37,0.7222222222222222,0.6777777777777777,data/deam/DEAM_spectrograms_shiv/1581_seg2.png,hip,7,1581_seg2
1582,5.9,1.22,5.4,1.5,0.6555555555555556,0.6000000000000001,data/deam/DEAM_spectrograms_shiv/1582_seg0.png,hip,7,1582_seg0
1582,5.9,1.22,5.4,1.5,0.6555555555555556,0.6000000000000001,data/deam/DEAM_spectrograms_shiv/1582_seg1.png,hip,7,1582_seg1
1582,5.9,1.22,5.4,1.5,0.6555555555555556,0.6000000000000001,data/deam/DEAM_spectrograms_shiv/1582_seg2.png,hip,7,1582_seg2
1583,5.6,1.56,5.2,1.99,0.6222222222222222,0.5777777777777778,data/deam/DEAM_spectrograms_shiv/1583_seg0.png,hip,7,1583_seg0
1583,5.6,1.56,5.2,1.99,0.6222222222222222,0.5777777777777778,data/deam/DEAM_spectrograms_shiv/1583_seg1.png,hip,7,1583_seg1
1583,5.6,1.56,5.2,1.99,0.6222222222222222,0.5777777777777778,data/deam/DEAM_spectrograms_shiv/1583_seg2.png,hip,7,1583_seg2
1584,4.9,1.37,4.6,1.8,0.5444444444444445,0.5111111111111111,data/deam/DEAM_spectrograms_shiv/1584_seg0.png,hip,7,1584_seg0
1584,4.9,1.37,4.6,1.8,0.5444444444444445,0.5111111111111111,data/deam/DEAM_spectrograms_shiv/1584_seg1.png,hip,7,1584_seg1
1584,4.9,1.37,4.6,1.8,0.5444444444444445,0.5111111111111111,data/deam/DEAM_spectrograms_shiv/1584_seg2.png,hip,7,1584_seg2
1586,4.3,1.62,5.0,1.1,0.4777777777777777,0.5555555555555556,data/deam/DEAM_spectrograms_shiv/1586_seg0.png,hip,7,1586_seg0
1586,4.3,1.62,5.0,1.1,0.4777777777777777,0.5555555555555556,data/deam/DEAM_spectrograms_shiv/1586_seg1.png,hip,7,1586_seg1
1586,4.3,1.62,5.0,1.1,0.4777777777777777,0.5555555555555556,data/deam/DEAM_spectrograms_shiv/1586_seg2.png,hip,7,1586_seg2
1589,5.8,1.47,6.1,1.04,0.6444444444444444,0.6777777777777777,data/deam/DEAM_spectrograms_shiv/1589_seg0.png,hip,7,1589_seg0
1589,5.8,1.47,6.1,1.04,0.6444444444444444,0.6777777777777777,data/deam/DEAM_spectrograms_shiv/1589_seg1.png,hip,7,1589_seg1
1589,5.8,1.47,6.1,1.04,0.6444444444444444,0.6777777777777777,data/deam/DEAM_spectrograms_shiv/1589_seg2.png,hip,7,1589_seg2
1590,4.2,1.6,6.2,1.17,0.4666666666666667,0.6888888888888889,data/deam/DEAM_spectrograms_shiv/1590_seg0.png,hip,7,1590_seg0
1590,4.2,1.6,6.2,1.17,0.4666666666666667,0.6888888888888889,data/deam/DEAM_spectrograms_shiv/1590_seg1.png,hip,7,1590_seg1
1590,4.2,1.6,6.2,1.17,0.4666666666666667,0.6888888888888889,data/deam/DEAM_spectrograms_shiv/1590_seg2.png,hip,7,1590_seg2
1591,5.9,0.94,4.7,1.42,0.6555555555555556,0.5222222222222223,data/deam/DEAM_spectrograms_shiv/1591_seg0.png,hip,7,1591_seg0
1591,5.9,0.94,4.7,1.42,0.6555555555555556,0.5222222222222223,data/deam/DEAM_spectrograms_shiv/1591_seg1.png,hip,7,1591_seg1
1591,5.9,0.94,4.7,1.42,0.6555555555555556,0.5222222222222223,data/deam/DEAM_spectrograms_shiv/1591_seg2.png,hip,7,1591_seg2
1592,6.1,1.92,6.4,1.8,0.6777777777777777,0.7111111111111111,data/deam/DEAM_spectrograms_shiv/1592_seg0.png,hip,7,1592_seg0
1592,6.1,1.92,6.4,1.8,0.6777777777777777,0.7111111111111111,data/deam/DEAM_spectrograms_shiv/1592_seg1.png,hip,7,1592_seg1
1592,6.1,1.92,6.4,1.8,0.6777777777777777,0.7111111111111111,data/deam/DEAM_spectrograms_shiv/1592_seg2.png,hip,7,1592_seg2
1593,4.7,1.62,3.5,1.57,0.5222222222222223,0.3888888888888889,data/deam/DEAM_spectrograms_shiv/1593_seg0.png,hip,7,1593_seg0
1593,4.7,1.62,3.5,1.57,0.5222222222222223,0.3888888888888889,data/deam/DEAM_spectrograms_shiv/1593_seg1.png,hip,7,1593_seg1
1593,4.7,1.62,3.5,1.57,0.5222222222222223,0.3888888888888889,data/deam/DEAM_spectrograms_shiv/1593_seg2.png,hip,7,1593_seg2
1594,5.6,1.43,5.4,1.69,0.6222222222222222,0.6000000000000001,data/deam/DEAM_spectrograms_shiv/1594_seg0.png,hip,7,1594_seg0
1594,5.6,1.43,5.4,1.69,0.6222222222222222,0.6000000000000001,data/deam/DEAM_spectrograms_shiv/1594_seg1.png,hip,7,1594_seg1
1594,5.6,1.43,5.4,1.69,0.6222222222222222,0.6000000000000001,data/deam/DEAM_spectrograms_shiv/1594_seg2.png,hip,7,1594_seg2
1595,5.6,1.85,5.9,1.51,0.6222222222222222,0.6555555555555556,data/deam/DEAM_spectrograms_shiv/1595_seg0.png,hip,7,1595_seg0
1595,5.6,1.85,5.9,1.51,0.6222222222222222,0.6555555555555556,data/deam/DEAM_spectrograms_shiv/1595_seg1.png,hip,7,1595_seg1
1595,5.6,1.85,5.9,1.51,0.6222222222222222,0.6555555555555556,data/deam/DEAM_spectrograms_shiv/1595_seg2.png,hip,7,1595_seg2
1596,5.5,1.8,5.1,1.87,0.6111111111111112,0.5666666666666667,data/deam/DEAM_spectrograms_shiv/1596_seg0.png,hip,7,1596_seg0
1596,5.5,1.8,5.1,1.87,0.6111111111111112,0.5666666666666667,data/deam/DEAM_spectrograms_shiv/1596_seg1.png,hip,7,1596_seg1
1596,5.5,1.8,5.1,1.87,0.6111111111111112,0.5666666666666667,data/deam/DEAM_spectrograms_shiv/1596_seg2.png,hip,7,1596_seg2
1597,5.5,1.02,5.0,0.89,0.6111111111111112,0.5555555555555556,data/deam/DEAM_spectrograms_shiv/1597_seg0.png,hip,7,1597_seg0
1597,5.5,1.02,5.0,0.89,0.6111111111111112,0.5555555555555556,data/deam/DEAM_spectrograms_shiv/1597_seg1.png,hip,7,1597_seg1
1597,5.5,1.02,5.0,0.89,0.6111111111111112,0.5555555555555556,data/deam/DEAM_spectrograms_shiv/1597_seg2.png,hip,7,1597_seg2
1598,4.3,2.19,5.5,1.57,0.4777777777777777,0.6111111111111112,data/deam/DEAM_spectrograms_shiv/1598_seg0.png,hip,7,1598_seg0
1598,4.3,2.19,5.5,1.57,0.4777777777777777,0.6111111111111112,data/deam/DEAM_spectrograms_shiv/1598_seg1.png,hip,7,1598_seg1
1598,4.3,2.19,5.5,1.57,0.4777777777777777,0.6111111111111112,data/deam/DEAM_spectrograms_shiv/1598_seg2.png,hip,7,1598_seg2
1599,3.6,1.74,4.1,1.45,0.4,0.4555555555555555,data/deam/DEAM_spectrograms_shiv/1599_seg0.png,hip,7,1599_seg0
1599,3.6,1.74,4.1,1.45,0.4,0.4555555555555555,data/deam/DEAM_spectrograms_shiv/1599_seg1.png,hip,7,1599_seg1
1599,3.6,1.74,4.1,1.45,0.4,0.4555555555555555,data/deam/DEAM_spectrograms_shiv/1599_seg2.png,hip,7,1599_seg2
1600,5.6,1.11,5.6,1.11,0.6222222222222222,0.6222222222222222,data/deam/DEAM_spectrograms_shiv/1600_seg0.png,hip,7,1600_seg0
1600,5.6,1.11,5.6,1.11,0.6222222222222222,0.6222222222222222,data/deam/DEAM_spectrograms_shiv/1600_seg1.png,hip,7,1600_seg1
1600,5.6,1.11,5.6,1.11,0.6222222222222222,0.6222222222222222,data/deam/DEAM_spectrograms_shiv/1600_seg2.png,hip,7,1600_seg2
1601,5.0,1.67,5.3,1.73,0.5555555555555556,0.5888888888888889,data/deam/DEAM_spectrograms_shiv/1601_seg0.png,electronic,4,1601_seg0
1601,5.0,1.67,5.3,1.73,0.5555555555555556,0.5888888888888889,data/deam/DEAM_spectrograms_shiv/1601_seg1.png,electronic,4,1601_seg1
1601,5.0,1.67,5.3,1.73,0.5555555555555556,0.5888888888888889,data/deam/DEAM_spectrograms_shiv/1601_seg2.png,electronic,4,1601_seg2
1602,5.0,1.95,3.7,1.9,0.5555555555555556,0.4111111111111111,data/deam/DEAM_spectrograms_shiv/1602_seg0.png,folk,6,1602_seg0
1602,5.0,1.95,3.7,1.9,0.5555555555555556,0.4111111111111111,data/deam/DEAM_spectrograms_shiv/1602_seg1.png,folk,6,1602_seg1
1602,5.0,1.95,3.7,1.9,0.5555555555555556,0.4111111111111111,data/deam/DEAM_spectrograms_shiv/1602_seg2.png,folk,6,1602_seg2
1603,5.4,0.92,3.9,1.3,0.6000000000000001,0.4333333333333333,data/deam/DEAM_spectrograms_shiv/1603_seg0.png,folk,6,1603_seg0
1603,5.4,0.92,3.9,1.3,0.6000000000000001,0.4333333333333333,data/deam/DEAM_spectrograms_shiv/1603_seg1.png,folk,6,1603_seg1
1603,5.4,0.92,3.9,1.3,0.6000000000000001,0.4333333333333333,data/deam/DEAM_spectrograms_shiv/1603_seg2.png,folk,6,1603_seg2
1608,4.5,2.29,7.0,1.34,0.5,0.7777777777777778,data/deam/DEAM_spectrograms_shiv/1608_seg0.png,rock,11,1608_seg0
1608,4.5,2.29,7.0,1.34,0.5,0.7777777777777778,data/deam/DEAM_spectrograms_shiv/1608_seg1.png,rock,11,1608_seg1
1608,4.5,2.29,7.0,1.34,0.5,0.7777777777777778,data/deam/DEAM_spectrograms_shiv/1608_seg2.png,rock,11,1608_seg2
1609,6.4,1.43,6.5,1.57,0.7111111111111111,0.7222222222222222,data/deam/DEAM_spectrograms_shiv/1609_seg0.png,rock,11,1609_seg0
1609,6.4,1.43,6.5,1.57,0.7111111111111111,0.7222222222222222,data/deam/DEAM_spectrograms_shiv/1609_seg1.png,rock,11,1609_seg1
1609,6.4,1.43,6.5,1.57,0.7111111111111111,0.7222222222222222,data/deam/DEAM_spectrograms_shiv/1609_seg2.png,rock,11,1609_seg2
1612,3.8,0.98,3.1,1.45,0.4222222222222222,0.3444444444444444,data/deam/DEAM_spectrograms_shiv/1612_seg0.png,rock,11,1612_seg0
1612,3.8,0.98,3.1,1.45,0.4222222222222222,0.3444444444444444,data/deam/DEAM_spectrograms_shiv/1612_seg1.png,rock,11,1612_seg1
1612,3.8,0.98,3.1,1.45,0.4222222222222222,0.3444444444444444,data/deam/DEAM_spectrograms_shiv/1612_seg2.png,rock,11,1612_seg2
1613,6.2,2.09,6.6,1.62,0.6888888888888889,0.7333333333333333,data/deam/DEAM_spectrograms_shiv/1613_seg0.png,rock,11,1613_seg0
1613,6.2,2.09,6.6,1.62,0.6888888888888889,0.7333333333333333,data/deam/DEAM_spectrograms_shiv/1613_seg1.png,rock,11,1613_seg1
1613,6.2,2.09,6.6,1.62,0.6888888888888889,0.7333333333333333,data/deam/DEAM_spectrograms_shiv/1613_seg2.png,rock,11,1613_seg2
1615,5.7,0.78,4.6,1.62,0.6333333333333333,0.5111111111111111,data/deam/DEAM_spectrograms_shiv/1615_seg0.png,folk,6,1615_seg0
1615,5.7,0.78,4.6,1.62,0.6333333333333333,0.5111111111111111,data/deam/DEAM_spectrograms_shiv/1615_seg1.png,folk,6,1615_seg1
1615,5.7,0.78,4.6,1.62,0.6333333333333333,0.5111111111111111,data/deam/DEAM_spectrograms_shiv/1615_seg2.png,folk,6,1615_seg2
1616,4.8,2.04,5.5,1.86,0.5333333333333333,0.6111111111111112,data/deam/DEAM_spectrograms_shiv/1616_seg0.png,folk,6,1616_seg0
1616,4.8,2.04,5.5,1.86,0.5333333333333333,0.6111111111111112,data/deam/DEAM_spectrograms_shiv/1616_seg1.png,folk,6,1616_seg1
1616,4.8,2.04,5.5,1.86,0.5333333333333333,0.6111111111111112,data/deam/DEAM_spectrograms_shiv/1616_seg2.png,folk,6,1616_seg2
1617,6.1,1.64,5.9,1.81,0.6777777777777777,0.6555555555555556,data/deam/DEAM_spectrograms_shiv/1617_seg0.png,electronic,4,1617_seg0
1617,6.1,1.64,5.9,1.81,0.6777777777777777,0.6555555555555556,data/deam/DEAM_spectrograms_shiv/1617_seg1.png,electronic,4,1617_seg1
1617,6.1,1.64,5.9,1.81,0.6777777777777777,0.6555555555555556,data/deam/DEAM_spectrograms_shiv/1617_seg2.png,electronic,4,1617_seg2
1618,6.1,1.64,3.9,1.22,0.6777777777777777,0.4333333333333333,data/deam/DEAM_spectrograms_shiv/1618_seg0.png,folk,6,1618_seg0
1618,6.1,1.64,3.9,1.22,0.6777777777777777,0.4333333333333333,data/deam/DEAM_spectrograms_shiv/1618_seg1.png,folk,6,1618_seg1
1618,6.1,1.64,3.9,1.22,0.6777777777777777,0.4333333333333333,data/deam/DEAM_spectrograms_shiv/1618_seg2.png,folk,6,1618_seg2
1619,5.2,1.54,5.3,1.55,0.5777777777777778,0.5888888888888889,data/deam/DEAM_spectrograms_shiv/1619_seg0.png,folk,6,1619_seg0
1619,5.2,1.54,5.3,1.55,0.5777777777777778,0.5888888888888889,data/deam/DEAM_spectrograms_shiv/1619_seg1.png,folk,6,1619_seg1
1619,5.2,1.54,5.3,1.55,0.5777777777777778,0.5888888888888889,data/deam/DEAM_spectrograms_shiv/1619_seg2.png,folk,6,1619_seg2
1620,6.3,1.49,5.7,1.68,0.7,0.6333333333333333,data/deam/DEAM_spectrograms_shiv/1620_seg0.png,rock,11,1620_seg0
1620,6.3,1.49,5.7,1.68,0.7,0.6333333333333333,data/deam/DEAM_spectrograms_shiv/1620_seg1.png,rock,11,1620_seg1
1620,6.3,1.49,5.7,1.68,0.7,0.6333333333333333,data/deam/DEAM_spectrograms_shiv/1620_seg2.png,rock,11,1620_seg2
1621,6.1,1.7,6.0,1.55,0.6777777777777777,0.6666666666666666,data/deam/DEAM_spectrograms_shiv/1621_seg0.png,folk,6,1621_seg0
1621,6.1,1.7,6.0,1.55,0.6777777777777777,0.6666666666666666,data/deam/DEAM_spectrograms_shiv/1621_seg1.png,folk,6,1621_seg1
1621,6.1,1.7,6.0,1.55,0.6777777777777777,0.6666666666666666,data/deam/DEAM_spectrograms_shiv/1621_seg2.png,folk,6,1621_seg2
1622,6.0,1.73,5.9,1.81,0.6666666666666666,0.6555555555555556,data/deam/DEAM_spectrograms_shiv/1622_seg0.png,folk,6,1622_seg0
1622,6.0,1.73,5.9,1.81,0.6666666666666666,0.6555555555555556,data/deam/DEAM_spectrograms_shiv/1622_seg1.png,folk,6,1622_seg1
1622,6.0,1.73,5.9,1.81,0.6666666666666666,0.6555555555555556,data/deam/DEAM_spectrograms_shiv/1622_seg2.png,folk,6,1622_seg2
1624,5.7,1.73,6.4,1.62,0.6333333333333333,0.7111111111111111,data/deam/DEAM_spectrograms_shiv/1624_seg0.png,electronic,4,1624_seg0
1624,5.7,1.73,6.4,1.62,0.6333333333333333,0.7111111111111111,data/deam/DEAM_spectrograms_shiv/1624_seg1.png,electronic,4,1624_seg1
1624,5.7,1.73,6.4,1.62,0.6333333333333333,0.7111111111111111,data/deam/DEAM_spectrograms_shiv/1624_seg2.png,electronic,4,1624_seg2
1626,6.1,1.64,6.0,1.55,0.6777777777777777,0.6666666666666666,data/deam/DEAM_spectrograms_shiv/1626_seg0.png,electronic,4,1626_seg0
1626,6.1,1.64,6.0,1.55,0.6777777777777777,0.6666666666666666,data/deam/DEAM_spectrograms_shiv/1626_seg1.png,electronic,4,1626_seg1
1626,6.1,1.64,6.0,1.55,0.6777777777777777,0.6666666666666666,data/deam/DEAM_spectrograms_shiv/1626_seg2.png,electronic,4,1626_seg2
1627,4.4,1.56,3.9,1.64,0.4888888888888889,0.4333333333333333,data/deam/DEAM_spectrograms_shiv/1627_seg0.png,experimental,5,1627_seg0
1627,4.4,1.56,3.9,1.64,0.4888888888888889,0.4333333333333333,data/deam/DEAM_spectrograms_shiv/1627_seg1.png,experimental,5,1627_seg1
1627,4.4,1.56,3.9,1.64,0.4888888888888889,0.4333333333333333,data/deam/DEAM_spectrograms_shiv/1627_seg2.png,experimental,5,1627_seg2
1628,4.7,1.49,4.8,1.4,0.5222222222222223,0.5333333333333333,data/deam/DEAM_spectrograms_shiv/1628_seg0.png,folk,6,1628_seg0
1628,4.7,1.49,4.8,1.4,0.5222222222222223,0.5333333333333333,data/deam/DEAM_spectrograms_shiv/1628_seg1.png,folk,6,1628_seg1
1628,4.7,1.49,4.8,1.4,0.5222222222222223,0.5333333333333333,data/deam/DEAM_spectrograms_shiv/1628_seg2.png,folk,6,1628_seg2
1629,6.4,0.8,6.3,1.0,0.7111111111111111,0.7,data/deam/DEAM_spectrograms_shiv/1629_seg0.png,folk,6,1629_seg0
1629,6.4,0.8,6.3,1.0,0.7111111111111111,0.7,data/deam/DEAM_spectrograms_shiv/1629_seg1.png,folk,6,1629_seg1
1629,6.4,0.8,6.3,1.0,0.7111111111111111,0.7,data/deam/DEAM_spectrograms_shiv/1629_seg2.png,folk,6,1629_seg2
1630,6.0,1.0,5.4,1.5,0.6666666666666666,0.6000000000000001,data/deam/DEAM_spectrograms_shiv/1630_seg0.png,rock,11,1630_seg0
1630,6.0,1.0,5.4,1.5,0.6666666666666666,0.6000000000000001,data/deam/DEAM_spectrograms_shiv/1630_seg1.png,rock,11,1630_seg1
1630,6.0,1.0,5.4,1.5,0.6666666666666666,0.6000000000000001,data/deam/DEAM_spectrograms_shiv/1630_seg2.png,rock,11,1630_seg2
1632,5.2,0.87,3.4,0.8,0.5777777777777778,0.3777777777777777,data/deam/DEAM_spectrograms_shiv/1632_seg0.png,folk,6,1632_seg0
1632,5.2,0.87,3.4,0.8,0.5777777777777778,0.3777777777777777,data/deam/DEAM_spectrograms_shiv/1632_seg1.png,folk,6,1632_seg1
1632,5.2,0.87,3.4,0.8,0.5777777777777778,0.3777777777777777,data/deam/DEAM_spectrograms_shiv/1632_seg2.png,folk,6,1632_seg2
1633,6.5,1.36,6.3,1.35,0.7222222222222222,0.7,data/deam/DEAM_spectrograms_shiv/1633_seg0.png,experimental,5,1633_seg0
1633,6.5,1.36,6.3,1.35,0.7222222222222222,0.7,data/deam/DEAM_spectrograms_shiv/1633_seg1.png,experimental,5,1633_seg1
1633,6.5,1.36,6.3,1.35,0.7222222222222222,0.7,data/deam/DEAM_spectrograms_shiv/1633_seg2.png,experimental,5,1633_seg2
1634,5.5,1.8,6.1,1.7,0.6111111111111112,0.6777777777777777,data/deam/DEAM_spectrograms_shiv/1634_seg0.png,electronic,4,1634_seg0
1634,5.5,1.8,6.1,1.7,0.6111111111111112,0.6777777777777777,data/deam/DEAM_spectrograms_shiv/1634_seg1.png,electronic,4,1634_seg1
1634,5.5,1.8,6.1,1.7,0.6111111111111112,0.6777777777777777,data/deam/DEAM_spectrograms_shiv/1634_seg2.png,electronic,4,1634_seg2
1635,6.8,1.08,6.1,1.3,0.7555555555555555,0.6777777777777777,data/deam/DEAM_spectrograms_shiv/1635_seg0.png,instrumental,8,1635_seg0
1635,6.8,1.08,6.1,1.3,0.7555555555555555,0.6777777777777777,data/deam/DEAM_spectrograms_shiv/1635_seg1.png,instrumental,8,1635_seg1
1635,6.8,1.08,6.1,1.3,0.7555555555555555,0.6777777777777777,data/deam/DEAM_spectrograms_shiv/1635_seg2.png,instrumental,8,1635_seg2
1636,4.6,1.8,5.2,1.83,0.5111111111111111,0.5777777777777778,data/deam/DEAM_spectrograms_shiv/1636_seg0.png,folk,6,1636_seg0
1636,4.6,1.8,5.2,1.83,0.5111111111111111,0.5777777777777778,data/deam/DEAM_spectrograms_shiv/1636_seg1.png,folk,6,1636_seg1
1636,4.6,1.8,5.2,1.83,0.5111111111111111,0.5777777777777778,data/deam/DEAM_spectrograms_shiv/1636_seg2.png,folk,6,1636_seg2
1637,5.5,0.92,3.6,1.02,0.6111111111111112,0.4,data/deam/DEAM_spectrograms_shiv/1637_seg0.png,folk,6,1637_seg0
1637,5.5,0.92,3.6,1.02,0.6111111111111112,0.4,data/deam/DEAM_spectrograms_shiv/1637_seg1.png,folk,6,1637_seg1
1637,5.5,0.92,3.6,1.02,0.6111111111111112,0.4,data/deam/DEAM_spectrograms_shiv/1637_seg2.png,folk,6,1637_seg2
1641,4.6,1.11,5.3,1.19,0.5111111111111111,0.5888888888888889,data/deam/DEAM_spectrograms_shiv/1641_seg0.png,electronic,4,1641_seg0
1641,4.6,1.11,5.3,1.19,0.5111111111111111,0.5888888888888889,data/deam/DEAM_spectrograms_shiv/1641_seg1.png,electronic,4,1641_seg1
1641,4.6,1.11,5.3,1.19,0.5111111111111111,0.5888888888888889,data/deam/DEAM_spectrograms_shiv/1641_seg2.png,electronic,4,1641_seg2
1642,5.1,1.45,4.9,1.51,0.5666666666666667,0.5444444444444445,data/deam/DEAM_spectrograms_shiv/1642_seg0.png,electronic,4,1642_seg0
1642,5.1,1.45,4.9,1.51,0.5666666666666667,0.5444444444444445,data/deam/DEAM_spectrograms_shiv/1642_seg1.png,electronic,4,1642_seg1
1642,5.1,1.45,4.9,1.51,0.5666666666666667,0.5444444444444445,data/deam/DEAM_spectrograms_shiv/1642_seg2.png,electronic,4,1642_seg2
1643,4.4,1.56,4.3,1.79,0.4888888888888889,0.4777777777777777,data/deam/DEAM_spectrograms_shiv/1643_seg0.png,pop,10,1643_seg0
1643,4.4,1.56,4.3,1.79,0.4888888888888889,0.4777777777777777,data/deam/DEAM_spectrograms_shiv/1643_seg1.png,pop,10,1643_seg1
1643,4.4,1.56,4.3,1.79,0.4888888888888889,0.4777777777777777,data/deam/DEAM_spectrograms_shiv/1643_seg2.png,pop,10,1643_seg2
1647,7.1,0.83,5.8,1.54,0.7888888888888889,0.6444444444444444,data/deam/DEAM_spectrograms_shiv/1647_seg0.png,rock,11,1647_seg0
1647,7.1,0.83,5.8,1.54,0.7888888888888889,0.6444444444444444,data/deam/DEAM_spectrograms_shiv/1647_seg1.png,rock,11,1647_seg1
1647,7.1,0.83,5.8,1.54,0.7888888888888889,0.6444444444444444,data/deam/DEAM_spectrograms_shiv/1647_seg2.png,rock,11,1647_seg2
1648,3.9,1.58,2.5,1.02,0.4333333333333333,0.2777777777777778,data/deam/DEAM_spectrograms_shiv/1648_seg0.png,instrumental,8,1648_seg0
1648,3.9,1.58,2.5,1.02,0.4333333333333333,0.2777777777777778,data/deam/DEAM_spectrograms_shiv/1648_seg1.png,instrumental,8,1648_seg1
1648,3.9,1.58,2.5,1.02,0.4333333333333333,0.2777777777777778,data/deam/DEAM_spectrograms_shiv/1648_seg2.png,instrumental,8,1648_seg2
1649,6.1,1.22,6.0,1.67,0.6777777777777777,0.6666666666666666,data/deam/DEAM_spectrograms_shiv/1649_seg0.png,rock,11,1649_seg0
1649,6.1,1.22,6.0,1.67,0.6777777777777777,0.6666666666666666,data/deam/DEAM_spectrograms_shiv/1649_seg1.png,rock,11,1649_seg1
1649,6.1,1.22,6.0,1.67,0.6777777777777777,0.6666666666666666,data/deam/DEAM_spectrograms_shiv/1649_seg2.png,rock,11,1649_seg2
1650,5.9,1.04,4.7,1.19,0.6555555555555556,0.5222222222222223,data/deam/DEAM_spectrograms_shiv/1650_seg0.png,experimental,5,1650_seg0
1650,5.9,1.04,4.7,1.19,0.6555555555555556,0.5222222222222223,data/deam/DEAM_spectrograms_shiv/1650_seg1.png,experimental,5,1650_seg1
1650,5.9,1.04,4.7,1.19,0.6555555555555556,0.5222222222222223,data/deam/DEAM_spectrograms_shiv/1650_seg2.png,experimental,5,1650_seg2
1651,4.8,0.98,6.0,1.18,0.5333333333333333,0.6666666666666666,data/deam/DEAM_spectrograms_shiv/1651_seg0.png,folk,6,1651_seg0
1651,4.8,0.98,6.0,1.18,0.5333333333333333,0.6666666666666666,data/deam/DEAM_spectrograms_shiv/1651_seg1.png,folk,6,1651_seg1
1651,4.8,0.98,6.0,1.18,0.5333333333333333,0.6666666666666666,data/deam/DEAM_spectrograms_shiv/1651_seg2.png,folk,6,1651_seg2
1652,7.2,0.98,6.3,1.62,0.8,0.7,data/deam/DEAM_spectrograms_shiv/1652_seg0.png,rock,11,1652_seg0
1652,7.2,0.98,6.3,1.62,0.8,0.7,data/deam/DEAM_spectrograms_shiv/1652_seg1.png,rock,11,1652_seg1
1652,7.2,0.98,6.3,1.62,0.8,0.7,data/deam/DEAM_spectrograms_shiv/1652_seg2.png,rock,11,1652_seg2
1653,4.3,1.0,3.1,0.94,0.4777777777777777,0.3444444444444444,data/deam/DEAM_spectrograms_shiv/1653_seg0.png,electronic,4,1653_seg0
1653,4.3,1.0,3.1,0.94,0.4777777777777777,0.3444444444444444,data/deam/DEAM_spectrograms_shiv/1653_seg1.png,electronic,4,1653_seg1
1653,4.3,1.0,3.1,0.94,0.4777777777777777,0.3444444444444444,data/deam/DEAM_spectrograms_shiv/1653_seg2.png,electronic,4,1653_seg2
1654,4.8,1.13,3.1,0.74,0.5333333333333333,0.3444444444444444,data/deam/DEAM_spectrograms_shiv/1654_seg0.png,electronic,4,1654_seg0
1654,4.8,1.13,3.1,0.74,0.5333333333333333,0.3444444444444444,data/deam/DEAM_spectrograms_shiv/1654_seg1.png,electronic,4,1654_seg1
1654,4.8,1.13,3.1,0.74,0.5333333333333333,0.3444444444444444,data/deam/DEAM_spectrograms_shiv/1654_seg2.png,electronic,4,1654_seg2
1655,6.1,1.45,6.1,1.45,0.6777777777777777,0.6777777777777777,data/deam/DEAM_spectrograms_shiv/1655_seg0.png,pop,10,1655_seg0
1655,6.1,1.45,6.1,1.45,0.6777777777777777,0.6777777777777777,data/deam/DEAM_spectrograms_shiv/1655_seg1.png,pop,10,1655_seg1
1655,6.1,1.45,6.1,1.45,0.6777777777777777,0.6777777777777777,data/deam/DEAM_spectrograms_shiv/1655_seg2.png,pop,10,1655_seg2
1657,5.6,1.69,5.7,1.85,0.6222222222222222,0.6333333333333333,data/deam/DEAM_spectrograms_shiv/1657_seg0.png,rock,11,1657_seg0
1657,5.6,1.69,5.7,1.85,0.6222222222222222,0.6333333333333333,data/deam/DEAM_spectrograms_shiv/1657_seg1.png,rock,11,1657_seg1
1657,5.6,1.69,5.7,1.85,0.6222222222222222,0.6333333333333333,data/deam/DEAM_spectrograms_shiv/1657_seg2.png,rock,11,1657_seg2
1659,4.6,1.91,4.6,1.91,0.5111111111111111,0.5111111111111111,data/deam/DEAM_spectrograms_shiv/1659_seg0.png,electronic,4,1659_seg0
1659,4.6,1.91,4.6,1.91,0.5111111111111111,0.5111111111111111,data/deam/DEAM_spectrograms_shiv/1659_seg1.png,electronic,4,1659_seg1
1659,4.6,1.91,4.6,1.91,0.5111111111111111,0.5111111111111111,data/deam/DEAM_spectrograms_shiv/1659_seg2.png,electronic,4,1659_seg2
1661,5.7,1.62,6.3,1.42,0.6333333333333333,0.7,data/deam/DEAM_spectrograms_shiv/1661_seg0.png,electronic,4,1661_seg0
1661,5.7,1.62,6.3,1.42,0.6333333333333333,0.7,data/deam/DEAM_spectrograms_shiv/1661_seg1.png,electronic,4,1661_seg1
1661,5.7,1.62,6.3,1.42,0.6333333333333333,0.7,data/deam/DEAM_spectrograms_shiv/1661_seg2.png,electronic,4,1661_seg2
1662,6.1,1.45,6.0,1.84,0.6777777777777777,0.6666666666666666,data/deam/DEAM_spectrograms_shiv/1662_seg0.png,experimental,5,1662_seg0
1662,6.1,1.45,6.0,1.84,0.6777777777777777,0.6666666666666666,data/deam/DEAM_spectrograms_shiv/1662_seg1.png,experimental,5,1662_seg1
1662,6.1,1.45,6.0,1.84,0.6777777777777777,0.6666666666666666,data/deam/DEAM_spectrograms_shiv/1662_seg2.png,experimental,5,1662_seg2
1666,3.8,1.47,3.3,1.42,0.4222222222222222,0.3666666666666666,data/deam/DEAM_spectrograms_shiv/1666_seg0.png,folk,6,1666_seg0
1666,3.8,1.47,3.3,1.42,0.4222222222222222,0.3666666666666666,data/deam/DEAM_spectrograms_shiv/1666_seg1.png,folk,6,1666_seg1
1666,3.8,1.47,3.3,1.42,0.4222222222222222,0.3666666666666666,data/deam/DEAM_spectrograms_shiv/1666_seg2.png,folk,6,1666_seg2
1667,6.0,1.41,7.5,1.02,0.6666666666666666,0.8333333333333334,data/deam/DEAM_spectrograms_shiv/1667_seg0.png,folk,6,1667_seg0
1667,6.0,1.41,7.5,1.02,0.6666666666666666,0.8333333333333334,data/deam/DEAM_spectrograms_shiv/1667_seg1.png,folk,6,1667_seg1
1667,6.0,1.41,7.5,1.02,0.6666666666666666,0.8333333333333334,data/deam/DEAM_spectrograms_shiv/1667_seg2.png,folk,6,1667_seg2
1671,4.2,1.08,3.3,1.0,0.4666666666666667,0.3666666666666666,data/deam/DEAM_spectrograms_shiv/1671_seg0.png,folk,6,1671_seg0
1671,4.2,1.08,3.3,1.0,0.4666666666666667,0.3666666666666666,data/deam/DEAM_spectrograms_shiv/1671_seg1.png,folk,6,1671_seg1
1671,4.2,1.08,3.3,1.0,0.4666666666666667,0.3666666666666666,data/deam/DEAM_spectrograms_shiv/1671_seg2.png,folk,6,1671_seg2
1672,4.4,1.5,2.6,1.2,0.4888888888888889,0.2888888888888889,data/deam/DEAM_spectrograms_shiv/1672_seg0.png,folk,6,1672_seg0
1672,4.4,1.5,2.6,1.2,0.4888888888888889,0.2888888888888889,data/deam/DEAM_spectrograms_shiv/1672_seg1.png,folk,6,1672_seg1
1672,4.4,1.5,2.6,1.2,0.4888888888888889,0.2888888888888889,data/deam/DEAM_spectrograms_shiv/1672_seg2.png,folk,6,1672_seg2
1673,6.1,1.14,5.9,1.87,0.6777777777777777,0.6555555555555556,data/deam/DEAM_spectrograms_shiv/1673_seg0.png,folk,6,1673_seg0
1673,6.1,1.14,5.9,1.87,0.6777777777777777,0.6555555555555556,data/deam/DEAM_spectrograms_shiv/1673_seg1.png,folk,6,1673_seg1
1673,6.1,1.14,5.9,1.87,0.6777777777777777,0.6555555555555556,data/deam/DEAM_spectrograms_shiv/1673_seg2.png,folk,6,1673_seg2
1675,5.5,1.96,5.7,1.85,0.6111111111111112,0.6333333333333333,data/deam/DEAM_spectrograms_shiv/1675_seg0.png,experimental,5,1675_seg0
1675,5.5,1.96,5.7,1.85,0.6111111111111112,0.6333333333333333,data/deam/DEAM_spectrograms_shiv/1675_seg1.png,experimental,5,1675_seg1
1675,5.5,1.96,5.7,1.85,0.6111111111111112,0.6333333333333333,data/deam/DEAM_spectrograms_shiv/1675_seg2.png,experimental,5,1675_seg2
1680,6.8,1.17,6.1,1.37,0.7555555555555555,0.6777777777777777,data/deam/DEAM_spectrograms_shiv/1680_seg0.png,pop,10,1680_seg0
1680,6.8,1.17,6.1,1.37,0.7555555555555555,0.6777777777777777,data/deam/DEAM_spectrograms_shiv/1680_seg1.png,pop,10,1680_seg1
1680,6.8,1.17,6.1,1.37,0.7555555555555555,0.6777777777777777,data/deam/DEAM_spectrograms_shiv/1680_seg2.png,pop,10,1680_seg2
1681,5.0,1.73,3.5,1.28,0.5555555555555556,0.3888888888888889,data/deam/DEAM_spectrograms_shiv/1681_seg0.png,electronic,4,1681_seg0
1681,5.0,1.73,3.5,1.28,0.5555555555555556,0.3888888888888889,data/deam/DEAM_spectrograms_shiv/1681_seg1.png,electronic,4,1681_seg1
1681,5.0,1.73,3.5,1.28,0.5555555555555556,0.3888888888888889,data/deam/DEAM_spectrograms_shiv/1681_seg2.png,electronic,4,1681_seg2
1682,6.1,1.04,5.8,1.17,0.6777777777777777,0.6444444444444444,data/deam/DEAM_spectrograms_shiv/1682_seg0.png,rock,11,1682_seg0
1682,6.1,1.04,5.8,1.17,0.6777777777777777,0.6444444444444444,data/deam/DEAM_spectrograms_shiv/1682_seg1.png,rock,11,1682_seg1
1682,6.1,1.04,5.8,1.17,0.6777777777777777,0.6444444444444444,data/deam/DEAM_spectrograms_shiv/1682_seg2.png,rock,11,1682_seg2
1683,6.0,0.77,4.8,1.33,0.6666666666666666,0.5333333333333333,data/deam/DEAM_spectrograms_shiv/1683_seg0.png,folk,6,1683_seg0
1683,6.0,0.77,4.8,1.33,0.6666666666666666,0.5333333333333333,data/deam/DEAM_spectrograms_shiv/1683_seg1.png,folk,6,1683_seg1
1683,6.0,0.77,4.8,1.33,0.6666666666666666,0.5333333333333333,data/deam/DEAM_spectrograms_shiv/1683_seg2.png,folk,6,1683_seg2
1684,5.1,1.51,5.0,2.19,0.5666666666666667,0.5555555555555556,data/deam/DEAM_spectrograms_shiv/1684_seg0.png,folk,6,1684_seg0
1684,5.1,1.51,5.0,2.19,0.5666666666666667,0.5555555555555556,data/deam/DEAM_spectrograms_shiv/1684_seg1.png,folk,6,1684_seg1
1684,5.1,1.51,5.0,2.19,0.5666666666666667,0.5555555555555556,data/deam/DEAM_spectrograms_shiv/1684_seg2.png,folk,6,1684_seg2
1686,3.7,1.62,3.3,1.62,0.4111111111111111,0.3666666666666666,data/deam/DEAM_spectrograms_shiv/1686_seg0.png,experimental,5,1686_seg0
1686,3.7,1.62,3.3,1.62,0.4111111111111111,0.3666666666666666,data/deam/DEAM_spectrograms_shiv/1686_seg1.png,experimental,5,1686_seg1
1686,3.7,1.62,3.3,1.62,0.4111111111111111,0.3666666666666666,data/deam/DEAM_spectrograms_shiv/1686_seg2.png,experimental,5,1686_seg2
1687,5.1,1.76,4.7,1.55,0.5666666666666667,0.5222222222222223,data/deam/DEAM_spectrograms_shiv/1687_seg0.png,electronic,4,1687_seg0
1687,5.1,1.76,4.7,1.55,0.5666666666666667,0.5222222222222223,data/deam/DEAM_spectrograms_shiv/1687_seg1.png,electronic,4,1687_seg1
1687,5.1,1.76,4.7,1.55,0.5666666666666667,0.5222222222222223,data/deam/DEAM_spectrograms_shiv/1687_seg2.png,electronic,4,1687_seg2
1688,5.2,1.89,4.7,1.62,0.5777777777777778,0.5222222222222223,data/deam/DEAM_spectrograms_shiv/1688_seg0.png,electronic,4,1688_seg0
1688,5.2,1.89,4.7,1.62,0.5777777777777778,0.5222222222222223,data/deam/DEAM_spectrograms_shiv/1688_seg1.png,electronic,4,1688_seg1
1688,5.2,1.89,4.7,1.62,0.5777777777777778,0.5222222222222223,data/deam/DEAM_spectrograms_shiv/1688_seg2.png,electronic,4,1688_seg2
1689,7.1,0.83,6.4,1.11,0.7888888888888889,0.7111111111111111,data/deam/DEAM_spectrograms_shiv/1689_seg0.png,electronic,4,1689_seg0
1689,7.1,0.83,6.4,1.11,0.7888888888888889,0.7111111111111111,data/deam/DEAM_spectrograms_shiv/1689_seg1.png,electronic,4,1689_seg1
1689,7.1,0.83,6.4,1.11,0.7888888888888889,0.7111111111111111,data/deam/DEAM_spectrograms_shiv/1689_seg2.png,electronic,4,1689_seg2
1691,3.7,1.27,3.6,1.02,0.4111111111111111,0.4,data/deam/DEAM_spectrograms_shiv/1691_seg0.png,folk,6,1691_seg0
1691,3.7,1.27,3.6,1.02,0.4111111111111111,0.4,data/deam/DEAM_spectrograms_shiv/1691_seg1.png,folk,6,1691_seg1
1691,3.7,1.27,3.6,1.02,0.4111111111111111,0.4,data/deam/DEAM_spectrograms_shiv/1691_seg2.png,folk,6,1691_seg2
1692,3.8,1.47,3.3,1.9,0.4222222222222222,0.3666666666666666,data/deam/DEAM_spectrograms_shiv/1692_seg0.png,folk,6,1692_seg0
1692,3.8,1.47,3.3,1.9,0.4222222222222222,0.3666666666666666,data/deam/DEAM_spectrograms_shiv/1692_seg1.png,folk,6,1692_seg1
1692,3.8,1.47,3.3,1.9,0.4222222222222222,0.3666666666666666,data/deam/DEAM_spectrograms_shiv/1692_seg2.png,folk,6,1692_seg2
1693,4.4,1.62,3.8,0.75,0.4888888888888889,0.4222222222222222,data/deam/DEAM_spectrograms_shiv/1693_seg0.png,folk,6,1693_seg0
1693,4.4,1.62,3.8,0.75,0.4888888888888889,0.4222222222222222,data/deam/DEAM_spectrograms_shiv/1693_seg1.png,folk,6,1693_seg1
1693,4.4,1.62,3.8,0.75,0.4888888888888889,0.4222222222222222,data/deam/DEAM_spectrograms_shiv/1693_seg2.png,folk,6,1693_seg2
1694,4.5,2.84,6.1,2.17,0.5,0.6777777777777777,data/deam/DEAM_spectrograms_shiv/1694_seg0.png,folk,6,1694_seg0
1694,4.5,2.84,6.1,2.17,0.5,0.6777777777777777,data/deam/DEAM_spectrograms_shiv/1694_seg1.png,folk,6,1694_seg1
1694,4.5,2.84,6.1,2.17,0.5,0.6777777777777777,data/deam/DEAM_spectrograms_shiv/1694_seg2.png,folk,6,1694_seg2
1695,5.7,1.49,5.6,1.74,0.6333333333333333,0.6222222222222222,data/deam/DEAM_spectrograms_shiv/1695_seg0.png,experimental,5,1695_seg0
1695,5.7,1.49,5.6,1.74,0.6333333333333333,0.6222222222222222,data/deam/DEAM_spectrograms_shiv/1695_seg1.png,experimental,5,1695_seg1
1695,5.7,1.49,5.6,1.74,0.6333333333333333,0.6222222222222222,data/deam/DEAM_spectrograms_shiv/1695_seg2.png,experimental,5,1695_seg2
1696,3.8,1.17,3.3,1.35,0.4222222222222222,0.3666666666666666,data/deam/DEAM_spectrograms_shiv/1696_seg0.png,instrumental,8,1696_seg0
1696,3.8,1.17,3.3,1.35,0.4222222222222222,0.3666666666666666,data/deam/DEAM_spectrograms_shiv/1696_seg1.png,instrumental,8,1696_seg1
1696,3.8,1.17,3.3,1.35,0.4222222222222222,0.3666666666666666,data/deam/DEAM_spectrograms_shiv/1696_seg2.png,instrumental,8,1696_seg2
1698,4.5,1.36,4.5,1.43,0.5,0.5,data/deam/DEAM_spectrograms_shiv/1698_seg0.png,folk,6,1698_seg0
1698,4.5,1.36,4.5,1.43,0.5,0.5,data/deam/DEAM_spectrograms_shiv/1698_seg1.png,folk,6,1698_seg1
1698,4.5,1.36,4.5,1.43,0.5,0.5,data/deam/DEAM_spectrograms_shiv/1698_seg2.png,folk,6,1698_seg2
1699,5.1,1.76,5.0,1.95,0.5666666666666667,0.5555555555555556,data/deam/DEAM_spectrograms_shiv/1699_seg0.png,electronic,4,1699_seg0
1699,5.1,1.76,5.0,1.95,0.5666666666666667,0.5555555555555556,data/deam/DEAM_spectrograms_shiv/1699_seg1.png,electronic,4,1699_seg1
1699,5.1,1.76,5.0,1.95,0.5666666666666667,0.5555555555555556,data/deam/DEAM_spectrograms_shiv/1699_seg2.png,electronic,4,1699_seg2
1700,5.6,1.5,5.0,1.79,0.6222222222222222,0.5555555555555556,data/deam/DEAM_spectrograms_shiv/1700_seg0.png,electronic,4,1700_seg0
1700,5.6,1.5,5.0,1.79,0.6222222222222222,0.5555555555555556,data/deam/DEAM_spectrograms_shiv/1700_seg1.png,electronic,4,1700_seg1
1700,5.6,1.5,5.0,1.79,0.6222222222222222,0.5555555555555556,data/deam/DEAM_spectrograms_shiv/1700_seg2.png,electronic,4,1700_seg2
1701,4.0,1.55,3.1,1.51,0.4444444444444444,0.3444444444444444,data/deam/DEAM_spectrograms_shiv/1701_seg0.png,jazz,9,1701_seg0
1701,4.0,1.55,3.1,1.51,0.4444444444444444,0.3444444444444444,data/deam/DEAM_spectrograms_shiv/1701_seg1.png,jazz,9,1701_seg1
1701,4.0,1.55,3.1,1.51,0.4444444444444444,0.3444444444444444,data/deam/DEAM_spectrograms_shiv/1701_seg2.png,jazz,9,1701_seg2
1702,4.1,1.3,3.9,1.81,0.4555555555555555,0.4333333333333333,data/deam/DEAM_spectrograms_shiv/1702_seg0.png,jazz,9,1702_seg0
1702,4.1,1.3,3.9,1.81,0.4555555555555555,0.4333333333333333,data/deam/DEAM_spectrograms_shiv/1702_seg1.png,jazz,9,1702_seg1
1702,4.1,1.3,3.9,1.81,0.4555555555555555,0.4333333333333333,data/deam/DEAM_spectrograms_shiv/1702_seg2.png,jazz,9,1702_seg2
1703,5.3,1.42,6.7,2.1,0.5888888888888889,0.7444444444444445,data/deam/DEAM_spectrograms_shiv/1703_seg0.png,jazz,9,1703_seg0
1703,5.3,1.42,6.7,2.1,0.5888888888888889,0.7444444444444445,data/deam/DEAM_spectrograms_shiv/1703_seg1.png,jazz,9,1703_seg1
1703,5.3,1.42,6.7,2.1,0.5888888888888889,0.7444444444444445,data/deam/DEAM_spectrograms_shiv/1703_seg2.png,jazz,9,1703_seg2
1704,5.3,1.62,6.4,1.11,0.5888888888888889,0.7111111111111111,data/deam/DEAM_spectrograms_shiv/1704_seg0.png,jazz,9,1704_seg0
1704,5.3,1.62,6.4,1.11,0.5888888888888889,0.7111111111111111,data/deam/DEAM_spectrograms_shiv/1704_seg1.png,jazz,9,1704_seg1
1704,5.3,1.62,6.4,1.11,0.5888888888888889,0.7111111111111111,data/deam/DEAM_spectrograms_shiv/1704_seg2.png,jazz,9,1704_seg2
1705,4.0,1.34,4.4,1.43,0.4444444444444444,0.4888888888888889,data/deam/DEAM_spectrograms_shiv/1705_seg0.png,jazz,9,1705_seg0
1705,4.0,1.34,4.4,1.43,0.4444444444444444,0.4888888888888889,data/deam/DEAM_spectrograms_shiv/1705_seg1.png,jazz,9,1705_seg1
1705,4.0,1.34,4.4,1.43,0.4444444444444444,0.4888888888888889,data/deam/DEAM_spectrograms_shiv/1705_seg2.png,jazz,9,1705_seg2
1706,4.9,1.81,4.0,1.9,0.5444444444444445,0.4444444444444444,data/deam/DEAM_spectrograms_shiv/1706_seg0.png,jazz,9,1706_seg0
1706,4.9,1.81,4.0,1.9,0.5444444444444445,0.4444444444444444,data/deam/DEAM_spectrograms_shiv/1706_seg1.png,jazz,9,1706_seg1
1706,4.9,1.81,4.0,1.9,0.5444444444444445,0.4444444444444444,data/deam/DEAM_spectrograms_shiv/1706_seg2.png,jazz,9,1706_seg2
1707,3.5,1.28,4.0,1.26,0.3888888888888889,0.4444444444444444,data/deam/DEAM_spectrograms_shiv/1707_seg0.png,jazz,9,1707_seg0
1707,3.5,1.28,4.0,1.26,0.3888888888888889,0.4444444444444444,data/deam/DEAM_spectrograms_shiv/1707_seg1.png,jazz,9,1707_seg1
1707,3.5,1.28,4.0,1.26,0.3888888888888889,0.4444444444444444,data/deam/DEAM_spectrograms_shiv/1707_seg2.png,jazz,9,1707_seg2
1708,4.2,1.4,3.6,1.43,0.4666666666666667,0.4,data/deam/DEAM_spectrograms_shiv/1708_seg0.png,jazz,9,1708_seg0
1708,4.2,1.4,3.6,1.43,0.4666666666666667,0.4,data/deam/DEAM_spectrograms_shiv/1708_seg1.png,jazz,9,1708_seg1
1708,4.2,1.4,3.6,1.43,0.4666666666666667,0.4,data/deam/DEAM_spectrograms_shiv/1708_seg2.png,jazz,9,1708_seg2
1710,3.6,1.02,2.9,0.94,0.4,0.3222222222222222,data/deam/DEAM_spectrograms_shiv/1710_seg0.png,jazz,9,1710_seg0
1710,3.6,1.02,2.9,0.94,0.4,0.3222222222222222,data/deam/DEAM_spectrograms_shiv/1710_seg1.png,jazz,9,1710_seg1
1710,3.6,1.02,2.9,0.94,0.4,0.3222222222222222,data/deam/DEAM_spectrograms_shiv/1710_seg2.png,jazz,9,1710_seg2
1713,6.2,1.4,5.7,1.27,0.6888888888888889,0.6333333333333333,data/deam/DEAM_spectrograms_shiv/1713_seg0.png,jazz,9,1713_seg0
1713,6.2,1.4,5.7,1.27,0.6888888888888889,0.6333333333333333,data/deam/DEAM_spectrograms_shiv/1713_seg1.png,jazz,9,1713_seg1
1713,6.2,1.4,5.7,1.27,0.6888888888888889,0.6333333333333333,data/deam/DEAM_spectrograms_shiv/1713_seg2.png,jazz,9,1713_seg2
1714,6.1,0.7,4.0,1.61,0.6777777777777777,0.4444444444444444,data/deam/DEAM_spectrograms_shiv/1714_seg0.png,jazz,9,1714_seg0
1714,6.1,0.7,4.0,1.61,0.6777777777777777,0.4444444444444444,data/deam/DEAM_spectrograms_shiv/1714_seg1.png,jazz,9,1714_seg1
1714,6.1,0.7,4.0,1.61,0.6777777777777777,0.4444444444444444,data/deam/DEAM_spectrograms_shiv/1714_seg2.png,jazz,9,1714_seg2
1715,5.9,1.22,5.6,1.62,0.6555555555555556,0.6222222222222222,data/deam/DEAM_spectrograms_shiv/1715_seg0.png,jazz,9,1715_seg0
1715,5.9,1.22,5.6,1.62,0.6555555555555556,0.6222222222222222,data/deam/DEAM_spectrograms_shiv/1715_seg1.png,jazz,9,1715_seg1
1715,5.9,1.22,5.6,1.62,0.6555555555555556,0.6222222222222222,data/deam/DEAM_spectrograms_shiv/1715_seg2.png,jazz,9,1715_seg2
1716,5.8,1.47,5.4,1.28,0.6444444444444444,0.6000000000000001,data/deam/DEAM_spectrograms_shiv/1716_seg0.png,jazz,9,1716_seg0
1716,5.8,1.47,5.4,1.28,0.6444444444444444,0.6000000000000001,data/deam/DEAM_spectrograms_shiv/1716_seg1.png,jazz,9,1716_seg1
1716,5.8,1.47,5.4,1.28,0.6444444444444444,0.6000000000000001,data/deam/DEAM_spectrograms_shiv/1716_seg2.png,jazz,9,1716_seg2
1717,6.0,0.89,4.8,1.33,0.6666666666666666,0.5333333333333333,data/deam/DEAM_spectrograms_shiv/1717_seg0.png,jazz,9,1717_seg0
1717,6.0,0.89,4.8,1.33,0.6666666666666666,0.5333333333333333,data/deam/DEAM_spectrograms_shiv/1717_seg1.png,jazz,9,1717_seg1
1717,6.0,0.89,4.8,1.33,0.6666666666666666,0.5333333333333333,data/deam/DEAM_spectrograms_shiv/1717_seg2.png,jazz,9,1717_seg2
1718,4.7,1.49,3.5,1.91,0.5222222222222223,0.3888888888888889,data/deam/DEAM_spectrograms_shiv/1718_seg0.png,jazz,9,1718_seg0
1718,4.7,1.49,3.5,1.91,0.5222222222222223,0.3888888888888889,data/deam/DEAM_spectrograms_shiv/1718_seg1.png,jazz,9,1718_seg1
1718,4.7,1.49,3.5,1.91,0.5222222222222223,0.3888888888888889,data/deam/DEAM_spectrograms_shiv/1718_seg2.png,jazz,9,1718_seg2
1719,5.0,1.61,3.3,1.49,0.5555555555555556,0.3666666666666666,data/deam/DEAM_spectrograms_shiv/1719_seg0.png,jazz,9,1719_seg0
1719,5.0,1.61,3.3,1.49,0.5555555555555556,0.3666666666666666,data/deam/DEAM_spectrograms_shiv/1719_seg1.png,jazz,9,1719_seg1
1719,5.0,1.61,3.3,1.49,0.5555555555555556,0.3666666666666666,data/deam/DEAM_spectrograms_shiv/1719_seg2.png,jazz,9,1719_seg2
1720,7.5,0.92,6.0,1.48,0.8333333333333334,0.6666666666666666,data/deam/DEAM_spectrograms_shiv/1720_seg0.png,jazz,9,1720_seg0
1720,7.5,0.92,6.0,1.48,0.8333333333333334,0.6666666666666666,data/deam/DEAM_spectrograms_shiv/1720_seg1.png,jazz,9,1720_seg1
1720,7.5,0.92,6.0,1.48,0.8333333333333334,0.6666666666666666,data/deam/DEAM_spectrograms_shiv/1720_seg2.png,jazz,9,1720_seg2
1721,4.2,1.25,2.9,1.14,0.4666666666666667,0.3222222222222222,data/deam/DEAM_spectrograms_shiv/1721_seg0.png,jazz,9,1721_seg0
1721,4.2,1.25,2.9,1.14,0.4666666666666667,0.3222222222222222,data/deam/DEAM_spectrograms_shiv/1721_seg1.png,jazz,9,1721_seg1
1721,4.2,1.25,2.9,1.14,0.4666666666666667,0.3222222222222222,data/deam/DEAM_spectrograms_shiv/1721_seg2.png,jazz,9,1721_seg2
1722,5.0,1.48,3.1,1.22,0.5555555555555556,0.3444444444444444,data/deam/DEAM_spectrograms_shiv/1722_seg0.png,jazz,9,1722_seg0
1722,5.0,1.48,3.1,1.22,0.5555555555555556,0.3444444444444444,data/deam/DEAM_spectrograms_shiv/1722_seg1.png,jazz,9,1722_seg1
1722,5.0,1.48,3.1,1.22,0.5555555555555556,0.3444444444444444,data/deam/DEAM_spectrograms_shiv/1722_seg2.png,jazz,9,1722_seg2
1724,3.7,1.79,3.3,1.49,0.4111111111111111,0.3666666666666666,data/deam/DEAM_spectrograms_shiv/1724_seg0.png,jazz,9,1724_seg0
1724,3.7,1.79,3.3,1.49,0.4111111111111111,0.3666666666666666,data/deam/DEAM_spectrograms_shiv/1724_seg1.png,jazz,9,1724_seg1
1724,3.7,1.79,3.3,1.49,0.4111111111111111,0.3666666666666666,data/deam/DEAM_spectrograms_shiv/1724_seg2.png,jazz,9,1724_seg2
1727,4.9,1.3,4.7,1.42,0.5444444444444445,0.5222222222222223,data/deam/DEAM_spectrograms_shiv/1727_seg0.png,jazz,9,1727_seg0
1727,4.9,1.3,4.7,1.42,0.5444444444444445,0.5222222222222223,data/deam/DEAM_spectrograms_shiv/1727_seg1.png,jazz,9,1727_seg1
1727,4.9,1.3,4.7,1.42,0.5444444444444445,0.5222222222222223,data/deam/DEAM_spectrograms_shiv/1727_seg2.png,jazz,9,1727_seg2
1728,3.1,1.45,4.7,2.28,0.3444444444444444,0.5222222222222223,data/deam/DEAM_spectrograms_shiv/1728_seg0.png,jazz,9,1728_seg0
1728,3.1,1.45,4.7,2.28,0.3444444444444444,0.5222222222222223,data/deam/DEAM_spectrograms_shiv/1728_seg1.png,jazz,9,1728_seg1
1728,3.1,1.45,4.7,2.28,0.3444444444444444,0.5222222222222223,data/deam/DEAM_spectrograms_shiv/1728_seg2.png,jazz,9,1728_seg2
1730,5.3,0.9,3.9,1.51,0.5888888888888889,0.4333333333333333,data/deam/DEAM_spectrograms_shiv/1730_seg0.png,jazz,9,1730_seg0
1730,5.3,0.9,3.9,1.51,0.5888888888888889,0.4333333333333333,data/deam/DEAM_spectrograms_shiv/1730_seg1.png,jazz,9,1730_seg1
1730,5.3,0.9,3.9,1.51,0.5888888888888889,0.4333333333333333,data/deam/DEAM_spectrograms_shiv/1730_seg2.png,jazz,9,1730_seg2
1731,4.2,1.08,3.6,1.5,0.4666666666666667,0.4,data/deam/DEAM_spectrograms_shiv/1731_seg0.png,jazz,9,1731_seg0
1731,4.2,1.08,3.6,1.5,0.4666666666666667,0.4,data/deam/DEAM_spectrograms_shiv/1731_seg1.png,jazz,9,1731_seg1
1731,4.2,1.08,3.6,1.5,0.4666666666666667,0.4,data/deam/DEAM_spectrograms_shiv/1731_seg2.png,jazz,9,1731_seg2
1732,4.2,1.6,3.0,1.1,0.4666666666666667,0.3333333333333333,data/deam/DEAM_spectrograms_shiv/1732_seg0.png,jazz,9,1732_seg0
1732,4.2,1.6,3.0,1.1,0.4666666666666667,0.3333333333333333,data/deam/DEAM_spectrograms_shiv/1732_seg1.png,jazz,9,1732_seg1
1732,4.2,1.6,3.0,1.1,0.4666666666666667,0.3333333333333333,data/deam/DEAM_spectrograms_shiv/1732_seg2.png,jazz,9,1732_seg2
1734,5.1,1.58,5.2,1.72,0.5666666666666667,0.5777777777777778,data/deam/DEAM_spectrograms_shiv/1734_seg0.png,jazz,9,1734_seg0
1734,5.1,1.58,5.2,1.72,0.5666666666666667,0.5777777777777778,data/deam/DEAM_spectrograms_shiv/1734_seg1.png,jazz,9,1734_seg1
1734,5.1,1.58,5.2,1.72,0.5666666666666667,0.5777777777777778,data/deam/DEAM_spectrograms_shiv/1734_seg2.png,jazz,9,1734_seg2
1735,4.7,1.49,3.0,1.18,0.5222222222222223,0.3333333333333333,data/deam/DEAM_spectrograms_shiv/1735_seg0.png,jazz,9,1735_seg0
1735,4.7,1.49,3.0,1.18,0.5222222222222223,0.3333333333333333,data/deam/DEAM_spectrograms_shiv/1735_seg1.png,jazz,9,1735_seg1
1735,4.7,1.49,3.0,1.18,0.5222222222222223,0.3333333333333333,data/deam/DEAM_spectrograms_shiv/1735_seg2.png,jazz,9,1735_seg2
1736,4.7,1.49,3.1,0.94,0.5222222222222223,0.3444444444444444,data/deam/DEAM_spectrograms_shiv/1736_seg0.png,jazz,9,1736_seg0
1736,4.7,1.49,3.1,0.94,0.5222222222222223,0.3444444444444444,data/deam/DEAM_spectrograms_shiv/1736_seg1.png,jazz,9,1736_seg1
1736,4.7,1.49,3.1,0.94,0.5222222222222223,0.3444444444444444,data/deam/DEAM_spectrograms_shiv/1736_seg2.png,jazz,9,1736_seg2
1737,3.6,1.62,3.6,1.36,0.4,0.4,data/deam/DEAM_spectrograms_shiv/1737_seg0.png,jazz,9,1737_seg0
1737,3.6,1.62,3.6,1.36,0.4,0.4,data/deam/DEAM_spectrograms_shiv/1737_seg1.png,jazz,9,1737_seg1
1737,3.6,1.62,3.6,1.36,0.4,0.4,data/deam/DEAM_spectrograms_shiv/1737_seg2.png,jazz,9,1737_seg2
1738,2.8,1.6,4.8,1.72,0.3111111111111111,0.5333333333333333,data/deam/DEAM_spectrograms_shiv/1738_seg0.png,jazz,9,1738_seg0
1738,2.8,1.6,4.8,1.72,0.3111111111111111,0.5333333333333333,data/deam/DEAM_spectrograms_shiv/1738_seg1.png,jazz,9,1738_seg1
1738,2.8,1.6,4.8,1.72,0.3111111111111111,0.5333333333333333,data/deam/DEAM_spectrograms_shiv/1738_seg2.png,jazz,9,1738_seg2
1739,3.7,1.55,2.8,1.17,0.4111111111111111,0.3111111111111111,data/deam/DEAM_spectrograms_shiv/1739_seg0.png,jazz,9,1739_seg0
1739,3.7,1.55,2.8,1.17,0.4111111111111111,0.3111111111111111,data/deam/DEAM_spectrograms_shiv/1739_seg1.png,jazz,9,1739_seg1
1739,3.7,1.55,2.8,1.17,0.4111111111111111,0.3111111111111111,data/deam/DEAM_spectrograms_shiv/1739_seg2.png,jazz,9,1739_seg2
1740,5.3,1.49,4.3,1.55,0.5888888888888889,0.4777777777777777,data/deam/DEAM_spectrograms_shiv/1740_seg0.png,jazz,9,1740_seg0
1740,5.3,1.49,4.3,1.55,0.5888888888888889,0.4777777777777777,data/deam/DEAM_spectrograms_shiv/1740_seg1.png,jazz,9,1740_seg1
1740,5.3,1.49,4.3,1.55,0.5888888888888889,0.4777777777777777,data/deam/DEAM_spectrograms_shiv/1740_seg2.png,jazz,9,1740_seg2
1742,6.8,0.98,5.1,1.58,0.7555555555555555,0.5666666666666667,data/deam/DEAM_spectrograms_shiv/1742_seg0.png,jazz,9,1742_seg0
1742,6.8,0.98,5.1,1.58,0.7555555555555555,0.5666666666666667,data/deam/DEAM_spectrograms_shiv/1742_seg1.png,jazz,9,1742_seg1
1742,6.8,0.98,5.1,1.58,0.7555555555555555,0.5666666666666667,data/deam/DEAM_spectrograms_shiv/1742_seg2.png,jazz,9,1742_seg2
1743,6.8,0.98,6.5,1.2,0.7555555555555555,0.7222222222222222,data/deam/DEAM_spectrograms_shiv/1743_seg0.png,jazz,9,1743_seg0
1743,6.8,0.98,6.5,1.2,0.7555555555555555,0.7222222222222222,data/deam/DEAM_spectrograms_shiv/1743_seg1.png,jazz,9,1743_seg1
1743,6.8,0.98,6.5,1.2,0.7555555555555555,0.7222222222222222,data/deam/DEAM_spectrograms_shiv/1743_seg2.png,jazz,9,1743_seg2
1744,4.9,0.94,4.3,0.9,0.5444444444444445,0.4777777777777777,data/deam/DEAM_spectrograms_shiv/1744_seg0.png,jazz,9,1744_seg0
1744,4.9,0.94,4.3,0.9,0.5444444444444445,0.4777777777777777,data/deam/DEAM_spectrograms_shiv/1744_seg1.png,jazz,9,1744_seg1
1744,4.9,0.94,4.3,0.9,0.5444444444444445,0.4777777777777777,data/deam/DEAM_spectrograms_shiv/1744_seg2.png,jazz,9,1744_seg2
1746,5.7,1.19,4.8,1.17,0.6333333333333333,0.5333333333333333,data/deam/DEAM_spectrograms_shiv/1746_seg0.png,jazz,9,1746_seg0
1746,5.7,1.19,4.8,1.17,0.6333333333333333,0.5333333333333333,data/deam/DEAM_spectrograms_shiv/1746_seg1.png,jazz,9,1746_seg1
1746,5.7,1.19,4.8,1.17,0.6333333333333333,0.5333333333333333,data/deam/DEAM_spectrograms_shiv/1746_seg2.png,jazz,9,1746_seg2
1747,4.3,1.35,2.9,1.14,0.4777777777777777,0.3222222222222222,data/deam/DEAM_spectrograms_shiv/1747_seg0.png,jazz,9,1747_seg0
1747,4.3,1.35,2.9,1.14,0.4777777777777777,0.3222222222222222,data/deam/DEAM_spectrograms_shiv/1747_seg1.png,jazz,9,1747_seg1
1747,4.3,1.35,2.9,1.14,0.4777777777777777,0.3222222222222222,data/deam/DEAM_spectrograms_shiv/1747_seg2.png,jazz,9,1747_seg2
1748,5.4,0.66,4.1,1.22,0.6000000000000001,0.4555555555555555,data/deam/DEAM_spectrograms_shiv/1748_seg0.png,jazz,9,1748_seg0
1748,5.4,0.66,4.1,1.22,0.6000000000000001,0.4555555555555555,data/deam/DEAM_spectrograms_shiv/1748_seg1.png,jazz,9,1748_seg1
1748,5.4,0.66,4.1,1.22,0.6000000000000001,0.4555555555555555,data/deam/DEAM_spectrograms_shiv/1748_seg2.png,jazz,9,1748_seg2
1749,6.7,1.42,4.6,0.92,0.7444444444444445,0.5111111111111111,data/deam/DEAM_spectrograms_shiv/1749_seg0.png,jazz,9,1749_seg0
1749,6.7,1.42,4.6,0.92,0.7444444444444445,0.5111111111111111,data/deam/DEAM_spectrograms_shiv/1749_seg1.png,jazz,9,1749_seg1
1749,6.7,1.42,4.6,0.92,0.7444444444444445,0.5111111111111111,data/deam/DEAM_spectrograms_shiv/1749_seg2.png,jazz,9,1749_seg2
1750,4.7,1.35,5.3,1.49,0.5222222222222223,0.5888888888888889,data/deam/DEAM_spectrograms_shiv/1750_seg0.png,jazz,9,1750_seg0
1750,4.7,1.35,5.3,1.49,0.5222222222222223,0.5888888888888889,data/deam/DEAM_spectrograms_shiv/1750_seg1.png,jazz,9,1750_seg1
1750,4.7,1.35,5.3,1.49,0.5222222222222223,0.5888888888888889,data/deam/DEAM_spectrograms_shiv/1750_seg2.png,jazz,9,1750_seg2
1751,4.1,1.14,4.3,1.55,0.4555555555555555,0.4777777777777777,data/deam/DEAM_spectrograms_shiv/1751_seg0.png,jazz,9,1751_seg0
1751,4.1,1.14,4.3,1.55,0.4555555555555555,0.4777777777777777,data/deam/DEAM_spectrograms_shiv/1751_seg1.png,jazz,9,1751_seg1
1751,4.1,1.14,4.3,1.55,0.4555555555555555,0.4777777777777777,data/deam/DEAM_spectrograms_shiv/1751_seg2.png,jazz,9,1751_seg2
1752,5.5,2.25,6.1,1.81,0.6111111111111112,0.6777777777777777,data/deam/DEAM_spectrograms_shiv/1752_seg0.png,jazz,9,1752_seg0
1752,5.5,2.25,6.1,1.81,0.6111111111111112,0.6777777777777777,data/deam/DEAM_spectrograms_shiv/1752_seg1.png,jazz,9,1752_seg1
1752,5.5,2.25,6.1,1.81,0.6111111111111112,0.6777777777777777,data/deam/DEAM_spectrograms_shiv/1752_seg2.png,jazz,9,1752_seg2
1753,3.2,1.25,3.4,1.5,0.3555555555555555,0.3777777777777777,data/deam/DEAM_spectrograms_shiv/1753_seg0.png,jazz,9,1753_seg0
1753,3.2,1.25,3.4,1.5,0.3555555555555555,0.3777777777777777,data/deam/DEAM_spectrograms_shiv/1753_seg1.png,jazz,9,1753_seg1
1753,3.2,1.25,3.4,1.5,0.3555555555555555,0.3777777777777777,data/deam/DEAM_spectrograms_shiv/1753_seg2.png,jazz,9,1753_seg2
1754,4.2,1.54,2.4,1.02,0.4666666666666667,0.2666666666666666,data/deam/DEAM_spectrograms_shiv/1754_seg0.png,jazz,9,1754_seg0
1754,4.2,1.54,2.4,1.02,0.4666666666666667,0.2666666666666666,data/deam/DEAM_spectrograms_shiv/1754_seg1.png,jazz,9,1754_seg1
1754,4.2,1.54,2.4,1.02,0.4666666666666667,0.2666666666666666,data/deam/DEAM_spectrograms_shiv/1754_seg2.png,jazz,9,1754_seg2
1755,6.4,1.62,5.7,1.19,0.7111111111111111,0.6333333333333333,data/deam/DEAM_spectrograms_shiv/1755_seg0.png,jazz,9,1755_seg0
1755,6.4,1.62,5.7,1.19,0.7111111111111111,0.6333333333333333,data/deam/DEAM_spectrograms_shiv/1755_seg1.png,jazz,9,1755_seg1
1755,6.4,1.62,5.7,1.19,0.7111111111111111,0.6333333333333333,data/deam/DEAM_spectrograms_shiv/1755_seg2.png,jazz,9,1755_seg2
1756,4.4,1.36,3.9,1.22,0.4888888888888889,0.4333333333333333,data/deam/DEAM_spectrograms_shiv/1756_seg0.png,jazz,9,1756_seg0
1756,4.4,1.36,3.9,1.22,0.4888888888888889,0.4333333333333333,data/deam/DEAM_spectrograms_shiv/1756_seg1.png,jazz,9,1756_seg1
1756,4.4,1.36,3.9,1.22,0.4888888888888889,0.4333333333333333,data/deam/DEAM_spectrograms_shiv/1756_seg2.png,jazz,9,1756_seg2
1757,5.0,0.77,3.1,0.83,0.5555555555555556,0.3444444444444444,data/deam/DEAM_spectrograms_shiv/1757_seg0.png,jazz,9,1757_seg0
1757,5.0,0.77,3.1,0.83,0.5555555555555556,0.3444444444444444,data/deam/DEAM_spectrograms_shiv/1757_seg1.png,jazz,9,1757_seg1
1757,5.0,0.77,3.1,0.83,0.5555555555555556,0.3444444444444444,data/deam/DEAM_spectrograms_shiv/1757_seg2.png,jazz,9,1757_seg2
1758,5.4,1.02,3.0,1.0,0.6000000000000001,0.3333333333333333,data/deam/DEAM_spectrograms_shiv/1758_seg0.png,jazz,9,1758_seg0
1758,5.4,1.02,3.0,1.0,0.6000000000000001,0.3333333333333333,data/deam/DEAM_spectrograms_shiv/1758_seg1.png,jazz,9,1758_seg1
1758,5.4,1.02,3.0,1.0,0.6000000000000001,0.3333333333333333,data/deam/DEAM_spectrograms_shiv/1758_seg2.png,jazz,9,1758_seg2
1759,5.4,1.28,4.7,1.55,0.6000000000000001,0.5222222222222223,data/deam/DEAM_spectrograms_shiv/1759_seg0.png,jazz,9,1759_seg0
1759,5.4,1.28,4.7,1.55,0.6000000000000001,0.5222222222222223,data/deam/DEAM_spectrograms_shiv/1759_seg1.png,jazz,9,1759_seg1
1759,5.4,1.28,4.7,1.55,0.6000000000000001,0.5222222222222223,data/deam/DEAM_spectrograms_shiv/1759_seg2.png,jazz,9,1759_seg2
1761,7.9,0.83,7.1,1.22,0.8777777777777778,0.7888888888888889,data/deam/DEAM_spectrograms_shiv/1761_seg0.png,jazz,9,1761_seg0
1761,7.9,0.83,7.1,1.22,0.8777777777777778,0.7888888888888889,data/deam/DEAM_spectrograms_shiv/1761_seg1.png,jazz,9,1761_seg1
1761,7.9,0.83,7.1,1.22,0.8777777777777778,0.7888888888888889,data/deam/DEAM_spectrograms_shiv/1761_seg2.png,jazz,9,1761_seg2
1763,4.4,1.11,3.5,1.02,0.4888888888888889,0.3888888888888889,data/deam/DEAM_spectrograms_shiv/1763_seg0.png,jazz,9,1763_seg0
1763,4.4,1.11,3.5,1.02,0.4888888888888889,0.3888888888888889,data/deam/DEAM_spectrograms_shiv/1763_seg1.png,jazz,9,1763_seg1
1763,4.4,1.11,3.5,1.02,0.4888888888888889,0.3888888888888889,data/deam/DEAM_spectrograms_shiv/1763_seg2.png,jazz,9,1763_seg2
1765,5.8,0.98,4.6,1.02,0.6444444444444444,0.5111111111111111,data/deam/DEAM_spectrograms_shiv/1765_seg0.png,jazz,9,1765_seg0
1765,5.8,0.98,4.6,1.02,0.6444444444444444,0.5111111111111111,data/deam/DEAM_spectrograms_shiv/1765_seg1.png,jazz,9,1765_seg1
1765,5.8,0.98,4.6,1.02,0.6444444444444444,0.5111111111111111,data/deam/DEAM_spectrograms_shiv/1765_seg2.png,jazz,9,1765_seg2
1766,3.7,1.19,3.0,1.1,0.4111111111111111,0.3333333333333333,data/deam/DEAM_spectrograms_shiv/1766_seg0.png,jazz,9,1766_seg0
1766,3.7,1.19,3.0,1.1,0.4111111111111111,0.3333333333333333,data/deam/DEAM_spectrograms_shiv/1766_seg1.png,jazz,9,1766_seg1
1766,3.7,1.19,3.0,1.1,0.4111111111111111,0.3333333333333333,data/deam/DEAM_spectrograms_shiv/1766_seg2.png,jazz,9,1766_seg2
1767,3.8,1.78,2.4,1.36,0.4222222222222222,0.2666666666666666,data/deam/DEAM_spectrograms_shiv/1767_seg0.png,jazz,9,1767_seg0
1767,3.8,1.78,2.4,1.36,0.4222222222222222,0.2666666666666666,data/deam/DEAM_spectrograms_shiv/1767_seg1.png,jazz,9,1767_seg1
1767,3.8,1.78,2.4,1.36,0.4222222222222222,0.2666666666666666,data/deam/DEAM_spectrograms_shiv/1767_seg2.png,jazz,9,1767_seg2
1768,4.1,1.64,3.1,1.37,0.4555555555555555,0.3444444444444444,data/deam/DEAM_spectrograms_shiv/1768_seg0.png,jazz,9,1768_seg0
1768,4.1,1.64,3.1,1.37,0.4555555555555555,0.3444444444444444,data/deam/DEAM_spectrograms_shiv/1768_seg1.png,jazz,9,1768_seg1
1768,4.1,1.64,3.1,1.37,0.4555555555555555,0.3444444444444444,data/deam/DEAM_spectrograms_shiv/1768_seg2.png,jazz,9,1768_seg2
1769,5.9,1.37,5.3,1.42,0.6555555555555556,0.5888888888888889,data/deam/DEAM_spectrograms_shiv/1769_seg0.png,jazz,9,1769_seg0
1769,5.9,1.37,5.3,1.42,0.6555555555555556,0.5888888888888889,data/deam/DEAM_spectrograms_shiv/1769_seg1.png,jazz,9,1769_seg1
1769,5.9,1.37,5.3,1.42,0.6555555555555556,0.5888888888888889,data/deam/DEAM_spectrograms_shiv/1769_seg2.png,jazz,9,1769_seg2
1771,4.9,0.94,5.3,1.0,0.5444444444444445,0.5888888888888889,data/deam/DEAM_spectrograms_shiv/1771_seg0.png,jazz,9,1771_seg0
1771,4.9,0.94,5.3,1.0,0.5444444444444445,0.5888888888888889,data/deam/DEAM_spectrograms_shiv/1771_seg1.png,jazz,9,1771_seg1
1771,4.9,0.94,5.3,1.0,0.5444444444444445,0.5888888888888889,data/deam/DEAM_spectrograms_shiv/1771_seg2.png,jazz,9,1771_seg2
1772,5.6,1.62,4.3,1.35,0.6222222222222222,0.4777777777777777,data/deam/DEAM_spectrograms_shiv/1772_seg0.png,jazz,9,1772_seg0
1772,5.6,1.62,4.3,1.35,0.6222222222222222,0.4777777777777777,data/deam/DEAM_spectrograms_shiv/1772_seg1.png,jazz,9,1772_seg1
1772,5.6,1.62,4.3,1.35,0.6222222222222222,0.4777777777777777,data/deam/DEAM_spectrograms_shiv/1772_seg2.png,jazz,9,1772_seg2
1773,5.4,1.56,4.1,1.58,0.6000000000000001,0.4555555555555555,data/deam/DEAM_spectrograms_shiv/1773_seg0.png,jazz,9,1773_seg0
1773,5.4,1.56,4.1,1.58,0.6000000000000001,0.4555555555555555,data/deam/DEAM_spectrograms_shiv/1773_seg1.png,jazz,9,1773_seg1
1773,5.4,1.56,4.1,1.58,0.6000000000000001,0.4555555555555555,data/deam/DEAM_spectrograms_shiv/1773_seg2.png,jazz,9,1773_seg2
1774,4.9,1.58,4.8,1.47,0.5444444444444445,0.5333333333333333,data/deam/DEAM_spectrograms_shiv/1774_seg0.png,jazz,9,1774_seg0
1774,4.9,1.58,4.8,1.47,0.5444444444444445,0.5333333333333333,data/deam/DEAM_spectrograms_shiv/1774_seg1.png,jazz,9,1774_seg1
1774,4.9,1.58,4.8,1.47,0.5444444444444445,0.5333333333333333,data/deam/DEAM_spectrograms_shiv/1774_seg2.png,jazz,9,1774_seg2
1775,4.6,1.02,3.0,0.77,0.5111111111111111,0.3333333333333333,data/deam/DEAM_spectrograms_shiv/1775_seg0.png,jazz,9,1775_seg0
1775,4.6,1.02,3.0,0.77,0.5111111111111111,0.3333333333333333,data/deam/DEAM_spectrograms_shiv/1775_seg1.png,jazz,9,1775_seg1
1775,4.6,1.02,3.0,0.77,0.5111111111111111,0.3333333333333333,data/deam/DEAM_spectrograms_shiv/1775_seg2.png,jazz,9,1775_seg2
1777,5.3,1.73,4.4,1.8,0.5888888888888889,0.4888888888888889,data/deam/DEAM_spectrograms_shiv/1777_seg0.png,jazz,9,1777_seg0
1777,5.3,1.73,4.4,1.8,0.5888888888888889,0.4888888888888889,data/deam/DEAM_spectrograms_shiv/1777_seg1.png,jazz,9,1777_seg1
1777,5.3,1.73,4.4,1.8,0.5888888888888889,0.4888888888888889,data/deam/DEAM_spectrograms_shiv/1777_seg2.png,jazz,9,1777_seg2
1778,4.4,1.5,3.2,1.99,0.4888888888888889,0.3555555555555555,data/deam/DEAM_spectrograms_shiv/1778_seg0.png,jazz,9,1778_seg0
1778,4.4,1.5,3.2,1.99,0.4888888888888889,0.3555555555555555,data/deam/DEAM_spectrograms_shiv/1778_seg1.png,jazz,9,1778_seg1
1778,4.4,1.5,3.2,1.99,0.4888888888888889,0.3555555555555555,data/deam/DEAM_spectrograms_shiv/1778_seg2.png,jazz,9,1778_seg2
1779,5.7,1.9,2.9,0.94,0.6333333333333333,0.3222222222222222,data/deam/DEAM_spectrograms_shiv/1779_seg0.png,jazz,9,1779_seg0
1779,5.7,1.9,2.9,0.94,0.6333333333333333,0.3222222222222222,data/deam/DEAM_spectrograms_shiv/1779_seg1.png,jazz,9,1779_seg1
1779,5.7,1.9,2.9,0.94,0.6333333333333333,0.3222222222222222,data/deam/DEAM_spectrograms_shiv/1779_seg2.png,jazz,9,1779_seg2
1781,4.2,1.83,2.7,1.1,0.4666666666666667,0.3,data/deam/DEAM_spectrograms_shiv/1781_seg0.png,jazz,9,1781_seg0
1781,4.2,1.83,2.7,1.1,0.4666666666666667,0.3,data/deam/DEAM_spectrograms_shiv/1781_seg1.png,jazz,9,1781_seg1
1781,4.2,1.83,2.7,1.1,0.4666666666666667,0.3,data/deam/DEAM_spectrograms_shiv/1781_seg2.png,jazz,9,1781_seg2
1782,4.7,1.68,5.2,1.89,0.5222222222222223,0.5777777777777778,data/deam/DEAM_spectrograms_shiv/1782_seg0.png,jazz,9,1782_seg0
1782,4.7,1.68,5.2,1.89,0.5222222222222223,0.5777777777777778,data/deam/DEAM_spectrograms_shiv/1782_seg1.png,jazz,9,1782_seg1
1782,4.7,1.68,5.2,1.89,0.5222222222222223,0.5777777777777778,data/deam/DEAM_spectrograms_shiv/1782_seg2.png,jazz,9,1782_seg2
1783,4.2,1.47,3.3,1.1,0.4666666666666667,0.3666666666666666,data/deam/DEAM_spectrograms_shiv/1783_seg0.png,jazz,9,1783_seg0
1783,4.2,1.47,3.3,1.1,0.4666666666666667,0.3666666666666666,data/deam/DEAM_spectrograms_shiv/1783_seg1.png,jazz,9,1783_seg1
1783,4.2,1.47,3.3,1.1,0.4666666666666667,0.3666666666666666,data/deam/DEAM_spectrograms_shiv/1783_seg2.png,jazz,9,1783_seg2
1784,5.5,1.2,5.1,1.58,0.6111111111111112,0.5666666666666667,data/deam/DEAM_spectrograms_shiv/1784_seg0.png,jazz,9,1784_seg0
1784,5.5,1.2,5.1,1.58,0.6111111111111112,0.5666666666666667,data/deam/DEAM_spectrograms_shiv/1784_seg1.png,jazz,9,1784_seg1
1784,5.5,1.2,5.1,1.58,0.6111111111111112,0.5666666666666667,data/deam/DEAM_spectrograms_shiv/1784_seg2.png,jazz,9,1784_seg2
1788,3.6,1.74,6.0,2.37,0.4,0.6666666666666666,data/deam/DEAM_spectrograms_shiv/1788_seg0.png,jazz,9,1788_seg0
1788,3.6,1.74,6.0,2.37,0.4,0.6666666666666666,data/deam/DEAM_spectrograms_shiv/1788_seg1.png,jazz,9,1788_seg1
1788,3.6,1.74,6.0,2.37,0.4,0.6666666666666666,data/deam/DEAM_spectrograms_shiv/1788_seg2.png,jazz,9,1788_seg2
1789,5.9,1.04,5.1,0.94,0.6555555555555556,0.5666666666666667,data/deam/DEAM_spectrograms_shiv/1789_seg0.png,jazz,9,1789_seg0
1789,5.9,1.04,5.1,0.94,0.6555555555555556,0.5666666666666667,data/deam/DEAM_spectrograms_shiv/1789_seg1.png,jazz,9,1789_seg1
1789,5.9,1.04,5.1,0.94,0.6555555555555556,0.5666666666666667,data/deam/DEAM_spectrograms_shiv/1789_seg2.png,jazz,9,1789_seg2
1790,3.8,1.99,3.3,1.49,0.4222222222222222,0.3666666666666666,data/deam/DEAM_spectrograms_shiv/1790_seg0.png,jazz,9,1790_seg0
1790,3.8,1.99,3.3,1.49,0.4222222222222222,0.3666666666666666,data/deam/DEAM_spectrograms_shiv/1790_seg1.png,jazz,9,1790_seg1
1790,3.8,1.99,3.3,1.49,0.4222222222222222,0.3666666666666666,data/deam/DEAM_spectrograms_shiv/1790_seg2.png,jazz,9,1790_seg2
1791,5.3,1.79,3.3,1.1,0.5888888888888889,0.3666666666666666,data/deam/DEAM_spectrograms_shiv/1791_seg0.png,jazz,9,1791_seg0
1791,5.3,1.79,3.3,1.1,0.5888888888888889,0.3666666666666666,data/deam/DEAM_spectrograms_shiv/1791_seg1.png,jazz,9,1791_seg1
1791,5.3,1.79,3.3,1.1,0.5888888888888889,0.3666666666666666,data/deam/DEAM_spectrograms_shiv/1791_seg2.png,jazz,9,1791_seg2
1792,6.1,0.54,5.1,1.04,0.6777777777777777,0.5666666666666667,data/deam/DEAM_spectrograms_shiv/1792_seg0.png,jazz,9,1792_seg0
1792,6.1,0.54,5.1,1.04,0.6777777777777777,0.5666666666666667,data/deam/DEAM_spectrograms_shiv/1792_seg1.png,jazz,9,1792_seg1
1792,6.1,0.54,5.1,1.04,0.6777777777777777,0.5666666666666667,data/deam/DEAM_spectrograms_shiv/1792_seg2.png,jazz,9,1792_seg2
1793,5.1,0.83,4.2,0.87,0.5666666666666667,0.4666666666666667,data/deam/DEAM_spectrograms_shiv/1793_seg0.png,jazz,9,1793_seg0
1793,5.1,0.83,4.2,0.87,0.5666666666666667,0.4666666666666667,data/deam/DEAM_spectrograms_shiv/1793_seg1.png,jazz,9,1793_seg1
1793,5.1,0.83,4.2,0.87,0.5666666666666667,0.4666666666666667,data/deam/DEAM_spectrograms_shiv/1793_seg2.png,jazz,9,1793_seg2
1794,4.2,0.98,3.7,1.1,0.4666666666666667,0.4111111111111111,data/deam/DEAM_spectrograms_shiv/1794_seg0.png,jazz,9,1794_seg0
1794,4.2,0.98,3.7,1.1,0.4666666666666667,0.4111111111111111,data/deam/DEAM_spectrograms_shiv/1794_seg1.png,jazz,9,1794_seg1
1794,4.2,0.98,3.7,1.1,0.4666666666666667,0.4111111111111111,data/deam/DEAM_spectrograms_shiv/1794_seg2.png,jazz,9,1794_seg2
1796,5.8,1.6,6.0,1.55,0.6444444444444444,0.6666666666666666,data/deam/DEAM_spectrograms_shiv/1796_seg0.png,jazz,9,1796_seg0
1796,5.8,1.6,6.0,1.55,0.6444444444444444,0.6666666666666666,data/deam/DEAM_spectrograms_shiv/1796_seg1.png,jazz,9,1796_seg1
1796,5.8,1.6,6.0,1.55,0.6444444444444444,0.6666666666666666,data/deam/DEAM_spectrograms_shiv/1796_seg2.png,jazz,9,1796_seg2
1797,3.6,1.11,4.1,1.81,0.4,0.4555555555555555,data/deam/DEAM_spectrograms_shiv/1797_seg0.png,jazz,9,1797_seg0
1797,3.6,1.11,4.1,1.81,0.4,0.4555555555555555,data/deam/DEAM_spectrograms_shiv/1797_seg1.png,jazz,9,1797_seg1
1797,3.6,1.11,4.1,1.81,0.4,0.4555555555555555,data/deam/DEAM_spectrograms_shiv/1797_seg2.png,jazz,9,1797_seg2
1798,5.7,0.64,4.0,1.48,0.6333333333333333,0.4444444444444444,data/deam/DEAM_spectrograms_shiv/1798_seg0.png,jazz,9,1798_seg0
1798,5.7,0.64,4.0,1.48,0.6333333333333333,0.4444444444444444,data/deam/DEAM_spectrograms_shiv/1798_seg1.png,jazz,9,1798_seg1
1798,5.7,0.64,4.0,1.48,0.6333333333333333,0.4444444444444444,data/deam/DEAM_spectrograms_shiv/1798_seg2.png,jazz,9,1798_seg2
1799,5.8,0.87,4.5,1.28,0.6444444444444444,0.5,data/deam/DEAM_spectrograms_shiv/1799_seg0.png,jazz,9,1799_seg0
1799,5.8,0.87,4.5,1.28,0.6444444444444444,0.5,data/deam/DEAM_spectrograms_shiv/1799_seg1.png,jazz,9,1799_seg1
1799,5.8,0.87,4.5,1.28,0.6444444444444444,0.5,data/deam/DEAM_spectrograms_shiv/1799_seg2.png,jazz,9,1799_seg2
1801,3.4,1.5,2.8,1.6,0.3777777777777777,0.3111111111111111,data/deam/DEAM_spectrograms_shiv/1801_seg0.png,pop,10,1801_seg0
1801,3.4,1.5,2.8,1.6,0.3777777777777777,0.3111111111111111,data/deam/DEAM_spectrograms_shiv/1801_seg1.png,pop,10,1801_seg1
1801,3.4,1.5,2.8,1.6,0.3777777777777777,0.3111111111111111,data/deam/DEAM_spectrograms_shiv/1801_seg2.png,pop,10,1801_seg2
1802,5.7,1.55,6.6,1.69,0.6333333333333333,0.7333333333333333,data/deam/DEAM_spectrograms_shiv/1802_seg0.png,pop,10,1802_seg0
1802,5.7,1.55,6.6,1.69,0.6333333333333333,0.7333333333333333,data/deam/DEAM_spectrograms_shiv/1802_seg1.png,pop,10,1802_seg1
1802,5.7,1.55,6.6,1.69,0.6333333333333333,0.7333333333333333,data/deam/DEAM_spectrograms_shiv/1802_seg2.png,pop,10,1802_seg2
1803,4.1,1.58,3.6,1.36,0.4555555555555555,0.4,data/deam/DEAM_spectrograms_shiv/1803_seg0.png,pop,10,1803_seg0
1803,4.1,1.58,3.6,1.36,0.4555555555555555,0.4,data/deam/DEAM_spectrograms_shiv/1803_seg1.png,pop,10,1803_seg1
1803,4.1,1.58,3.6,1.36,0.4555555555555555,0.4,data/deam/DEAM_spectrograms_shiv/1803_seg2.png,pop,10,1803_seg2
1805,5.7,1.27,4.9,1.22,0.6333333333333333,0.5444444444444445,data/deam/DEAM_spectrograms_shiv/1805_seg0.png,pop,10,1805_seg0
1805,5.7,1.27,4.9,1.22,0.6333333333333333,0.5444444444444445,data/deam/DEAM_spectrograms_shiv/1805_seg1.png,pop,10,1805_seg1
1805,5.7,1.27,4.9,1.22,0.6333333333333333,0.5444444444444445,data/deam/DEAM_spectrograms_shiv/1805_seg2.png,pop,10,1805_seg2
1806,6.5,1.36,6.2,1.33,0.7222222222222222,0.6888888888888889,data/deam/DEAM_spectrograms_shiv/1806_seg0.png,pop,10,1806_seg0
1806,6.5,1.36,6.2,1.33,0.7222222222222222,0.6888888888888889,data/deam/DEAM_spectrograms_shiv/1806_seg1.png,pop,10,1806_seg1
1806,6.5,1.36,6.2,1.33,0.7222222222222222,0.6888888888888889,data/deam/DEAM_spectrograms_shiv/1806_seg2.png,pop,10,1806_seg2
1808,5.4,1.74,5.3,1.79,0.6000000000000001,0.5888888888888889,data/deam/DEAM_spectrograms_shiv/1808_seg0.png,pop,10,1808_seg0
1808,5.4,1.74,5.3,1.79,0.6000000000000001,0.5888888888888889,data/deam/DEAM_spectrograms_shiv/1808_seg1.png,pop,10,1808_seg1
1808,5.4,1.74,5.3,1.79,0.6000000000000001,0.5888888888888889,data/deam/DEAM_spectrograms_shiv/1808_seg2.png,pop,10,1808_seg2
1810,4.1,0.94,4.0,1.41,0.4555555555555555,0.4444444444444444,data/deam/DEAM_spectrograms_shiv/1810_seg0.png,pop,10,1810_seg0
1810,4.1,0.94,4.0,1.41,0.4555555555555555,0.4444444444444444,data/deam/DEAM_spectrograms_shiv/1810_seg1.png,pop,10,1810_seg1
1810,4.1,0.94,4.0,1.41,0.4555555555555555,0.4444444444444444,data/deam/DEAM_spectrograms_shiv/1810_seg2.png,pop,10,1810_seg2
1812,5.0,1.9,5.0,1.61,0.5555555555555556,0.5555555555555556,data/deam/DEAM_spectrograms_shiv/1812_seg0.png,pop,10,1812_seg0
1812,5.0,1.9,5.0,1.61,0.5555555555555556,0.5555555555555556,data/deam/DEAM_spectrograms_shiv/1812_seg1.png,pop,10,1812_seg1
1812,5.0,1.9,5.0,1.61,0.5555555555555556,0.5555555555555556,data/deam/DEAM_spectrograms_shiv/1812_seg2.png,pop,10,1812_seg2
1813,6.1,2.02,5.7,1.68,0.6777777777777777,0.6333333333333333,data/deam/DEAM_spectrograms_shiv/1813_seg0.png,pop,10,1813_seg0
1813,6.1,2.02,5.7,1.68,0.6777777777777777,0.6333333333333333,data/deam/DEAM_spectrograms_shiv/1813_seg1.png,pop,10,1813_seg1
1813,6.1,2.02,5.7,1.68,0.6777777777777777,0.6333333333333333,data/deam/DEAM_spectrograms_shiv/1813_seg2.png,pop,10,1813_seg2
1814,6.0,1.61,5.8,1.66,0.6666666666666666,0.6444444444444444,data/deam/DEAM_spectrograms_shiv/1814_seg0.png,pop,10,1814_seg0
1814,6.0,1.61,5.8,1.66,0.6666666666666666,0.6444444444444444,data/deam/DEAM_spectrograms_shiv/1814_seg1.png,pop,10,1814_seg1
1814,6.0,1.61,5.8,1.66,0.6666666666666666,0.6444444444444444,data/deam/DEAM_spectrograms_shiv/1814_seg2.png,pop,10,1814_seg2
1815,6.4,1.02,5.8,1.54,0.7111111111111111,0.6444444444444444,data/deam/DEAM_spectrograms_shiv/1815_seg0.png,pop,10,1815_seg0
1815,6.4,1.02,5.8,1.54,0.7111111111111111,0.6444444444444444,data/deam/DEAM_spectrograms_shiv/1815_seg1.png,pop,10,1815_seg1
1815,6.4,1.02,5.8,1.54,0.7111111111111111,0.6444444444444444,data/deam/DEAM_spectrograms_shiv/1815_seg2.png,pop,10,1815_seg2
1816,5.0,1.73,4.5,2.11,0.5555555555555556,0.5,data/deam/DEAM_spectrograms_shiv/1816_seg0.png,pop,10,1816_seg0
1816,5.0,1.73,4.5,2.11,0.5555555555555556,0.5,data/deam/DEAM_spectrograms_shiv/1816_seg1.png,pop,10,1816_seg1
1816,5.0,1.73,4.5,2.11,0.5555555555555556,0.5,data/deam/DEAM_spectrograms_shiv/1816_seg2.png,pop,10,1816_seg2
1817,6.6,0.92,6.0,1.1,0.7333333333333333,0.6666666666666666,data/deam/DEAM_spectrograms_shiv/1817_seg0.png,pop,10,1817_seg0
1817,6.6,0.92,6.0,1.1,0.7333333333333333,0.6666666666666666,data/deam/DEAM_spectrograms_shiv/1817_seg1.png,pop,10,1817_seg1
1817,6.6,0.92,6.0,1.1,0.7333333333333333,0.6666666666666666,data/deam/DEAM_spectrograms_shiv/1817_seg2.png,pop,10,1817_seg2
1818,4.3,1.79,3.2,1.33,0.4777777777777777,0.3555555555555555,data/deam/DEAM_spectrograms_shiv/1818_seg0.png,pop,10,1818_seg0
1818,4.3,1.79,3.2,1.33,0.4777777777777777,0.3555555555555555,data/deam/DEAM_spectrograms_shiv/1818_seg1.png,pop,10,1818_seg1
1818,4.3,1.79,3.2,1.33,0.4777777777777777,0.3555555555555555,data/deam/DEAM_spectrograms_shiv/1818_seg2.png,pop,10,1818_seg2
1819,4.1,1.14,4.1,0.94,0.4555555555555555,0.4555555555555555,data/deam/DEAM_spectrograms_shiv/1819_seg0.png,pop,10,1819_seg0
1819,4.1,1.14,4.1,0.94,0.4555555555555555,0.4555555555555555,data/deam/DEAM_spectrograms_shiv/1819_seg1.png,pop,10,1819_seg1
1819,4.1,1.14,4.1,0.94,0.4555555555555555,0.4555555555555555,data/deam/DEAM_spectrograms_shiv/1819_seg2.png,pop,10,1819_seg2
1820,4.5,1.2,4.4,1.2,0.5,0.4888888888888889,data/deam/DEAM_spectrograms_shiv/1820_seg0.png,pop,10,1820_seg0
1820,4.5,1.2,4.4,1.2,0.5,0.4888888888888889,data/deam/DEAM_spectrograms_shiv/1820_seg1.png,pop,10,1820_seg1
1820,4.5,1.2,4.4,1.2,0.5,0.4888888888888889,data/deam/DEAM_spectrograms_shiv/1820_seg2.png,pop,10,1820_seg2
1823,2.7,1.19,5.6,2.01,0.3,0.6222222222222222,data/deam/DEAM_spectrograms_shiv/1823_seg0.png,pop,10,1823_seg0
1823,2.7,1.19,5.6,2.01,0.3,0.6222222222222222,data/deam/DEAM_spectrograms_shiv/1823_seg1.png,pop,10,1823_seg1
1823,2.7,1.19,5.6,2.01,0.3,0.6222222222222222,data/deam/DEAM_spectrograms_shiv/1823_seg2.png,pop,10,1823_seg2
1825,4.8,1.47,4.5,1.36,0.5333333333333333,0.5,data/deam/DEAM_spectrograms_shiv/1825_seg0.png,pop,10,1825_seg0
1825,4.8,1.47,4.5,1.36,0.5333333333333333,0.5,data/deam/DEAM_spectrograms_shiv/1825_seg1.png,pop,10,1825_seg1
1825,4.8,1.47,4.5,1.36,0.5333333333333333,0.5,data/deam/DEAM_spectrograms_shiv/1825_seg2.png,pop,10,1825_seg2
1826,5.1,1.22,3.7,1.42,0.5666666666666667,0.4111111111111111,data/deam/DEAM_spectrograms_shiv/1826_seg0.png,pop,10,1826_seg0
1826,5.1,1.22,3.7,1.42,0.5666666666666667,0.4111111111111111,data/deam/DEAM_spectrograms_shiv/1826_seg1.png,pop,10,1826_seg1
1826,5.1,1.22,3.7,1.42,0.5666666666666667,0.4111111111111111,data/deam/DEAM_spectrograms_shiv/1826_seg2.png,pop,10,1826_seg2
1827,5.6,1.69,6.7,1.49,0.6222222222222222,0.7444444444444445,data/deam/DEAM_spectrograms_shiv/1827_seg0.png,pop,10,1827_seg0
1827,5.6,1.69,6.7,1.49,0.6222222222222222,0.7444444444444445,data/deam/DEAM_spectrograms_shiv/1827_seg1.png,pop,10,1827_seg1
1827,5.6,1.69,6.7,1.49,0.6222222222222222,0.7444444444444445,data/deam/DEAM_spectrograms_shiv/1827_seg2.png,pop,10,1827_seg2
1829,4.8,1.72,3.6,1.62,0.5333333333333333,0.4,data/deam/DEAM_spectrograms_shiv/1829_seg0.png,pop,10,1829_seg0
1829,4.8,1.72,3.6,1.62,0.5333333333333333,0.4,data/deam/DEAM_spectrograms_shiv/1829_seg1.png,pop,10,1829_seg1
1829,4.8,1.72,3.6,1.62,0.5333333333333333,0.4,data/deam/DEAM_spectrograms_shiv/1829_seg2.png,pop,10,1829_seg2
1831,6.2,0.98,5.6,1.5,0.6888888888888889,0.6222222222222222,data/deam/DEAM_spectrograms_shiv/1831_seg0.png,pop,10,1831_seg0
1831,6.2,0.98,5.6,1.5,0.6888888888888889,0.6222222222222222,data/deam/DEAM_spectrograms_shiv/1831_seg1.png,pop,10,1831_seg1
1831,6.2,0.98,5.6,1.5,0.6888888888888889,0.6222222222222222,data/deam/DEAM_spectrograms_shiv/1831_seg2.png,pop,10,1831_seg2
1832,5.7,1.73,5.2,1.89,0.6333333333333333,0.5777777777777778,data/deam/DEAM_spectrograms_shiv/1832_seg0.png,pop,10,1832_seg0
1832,5.7,1.73,5.2,1.89,0.6333333333333333,0.5777777777777778,data/deam/DEAM_spectrograms_shiv/1832_seg1.png,pop,10,1832_seg1
1832,5.7,1.73,5.2,1.89,0.6333333333333333,0.5777777777777778,data/deam/DEAM_spectrograms_shiv/1832_seg2.png,pop,10,1832_seg2
1833,4.5,1.43,3.2,0.75,0.5,0.3555555555555555,data/deam/DEAM_spectrograms_shiv/1833_seg0.png,pop,10,1833_seg0
1833,4.5,1.43,3.2,0.75,0.5,0.3555555555555555,data/deam/DEAM_spectrograms_shiv/1833_seg1.png,pop,10,1833_seg1
1833,4.5,1.43,3.2,0.75,0.5,0.3555555555555555,data/deam/DEAM_spectrograms_shiv/1833_seg2.png,pop,10,1833_seg2
1836,5.6,1.69,4.6,1.11,0.6222222222222222,0.5111111111111111,data/deam/DEAM_spectrograms_shiv/1836_seg0.png,pop,10,1836_seg0
1836,5.6,1.69,4.6,1.11,0.6222222222222222,0.5111111111111111,data/deam/DEAM_spectrograms_shiv/1836_seg1.png,pop,10,1836_seg1
1836,5.6,1.69,4.6,1.11,0.6222222222222222,0.5111111111111111,data/deam/DEAM_spectrograms_shiv/1836_seg2.png,pop,10,1836_seg2
1837,4.2,1.78,2.9,1.58,0.4666666666666667,0.3222222222222222,data/deam/DEAM_spectrograms_shiv/1837_seg0.png,pop,10,1837_seg0
1837,4.2,1.78,2.9,1.58,0.4666666666666667,0.3222222222222222,data/deam/DEAM_spectrograms_shiv/1837_seg1.png,pop,10,1837_seg1
1837,4.2,1.78,2.9,1.58,0.4666666666666667,0.3222222222222222,data/deam/DEAM_spectrograms_shiv/1837_seg2.png,pop,10,1837_seg2
1838,4.6,1.69,5.0,2.1,0.5111111111111111,0.5555555555555556,data/deam/DEAM_spectrograms_shiv/1838_seg0.png,pop,10,1838_seg0
1838,4.6,1.69,5.0,2.1,0.5111111111111111,0.5555555555555556,data/deam/DEAM_spectrograms_shiv/1838_seg1.png,pop,10,1838_seg1
1838,4.6,1.69,5.0,2.1,0.5111111111111111,0.5555555555555556,data/deam/DEAM_spectrograms_shiv/1838_seg2.png,pop,10,1838_seg2
1839,6.0,1.67,5.7,1.73,0.6666666666666666,0.6333333333333333,data/deam/DEAM_spectrograms_shiv/1839_seg0.png,pop,10,1839_seg0
1839,6.0,1.67,5.7,1.73,0.6666666666666666,0.6333333333333333,data/deam/DEAM_spectrograms_shiv/1839_seg1.png,pop,10,1839_seg1
1839,6.0,1.67,5.7,1.73,0.6666666666666666,0.6333333333333333,data/deam/DEAM_spectrograms_shiv/1839_seg2.png,pop,10,1839_seg2
1840,4.8,1.89,5.4,1.91,0.5333333333333333,0.6000000000000001,data/deam/DEAM_spectrograms_shiv/1840_seg0.png,pop,10,1840_seg0
1840,4.8,1.89,5.4,1.91,0.5333333333333333,0.6000000000000001,data/deam/DEAM_spectrograms_shiv/1840_seg1.png,pop,10,1840_seg1
1840,4.8,1.89,5.4,1.91,0.5333333333333333,0.6000000000000001,data/deam/DEAM_spectrograms_shiv/1840_seg2.png,pop,10,1840_seg2
1841,4.6,1.8,3.1,1.58,0.5111111111111111,0.3444444444444444,data/deam/DEAM_spectrograms_shiv/1841_seg0.png,pop,10,1841_seg0
1841,4.6,1.8,3.1,1.58,0.5111111111111111,0.3444444444444444,data/deam/DEAM_spectrograms_shiv/1841_seg1.png,pop,10,1841_seg1
1841,4.6,1.8,3.1,1.58,0.5111111111111111,0.3444444444444444,data/deam/DEAM_spectrograms_shiv/1841_seg2.png,pop,10,1841_seg2
1843,4.9,1.37,4.7,1.27,0.5444444444444445,0.5222222222222223,data/deam/DEAM_spectrograms_shiv/1843_seg0.png,pop,10,1843_seg0
1843,4.9,1.37,4.7,1.27,0.5444444444444445,0.5222222222222223,data/deam/DEAM_spectrograms_shiv/1843_seg1.png,pop,10,1843_seg1
1843,4.9,1.37,4.7,1.27,0.5444444444444445,0.5222222222222223,data/deam/DEAM_spectrograms_shiv/1843_seg2.png,pop,10,1843_seg2
1846,5.8,1.6,5.8,1.6,0.6444444444444444,0.6444444444444444,data/deam/DEAM_spectrograms_shiv/1846_seg0.png,pop,10,1846_seg0
1846,5.8,1.6,5.8,1.6,0.6444444444444444,0.6444444444444444,data/deam/DEAM_spectrograms_shiv/1846_seg1.png,pop,10,1846_seg1
1846,5.8,1.6,5.8,1.6,0.6444444444444444,0.6444444444444444,data/deam/DEAM_spectrograms_shiv/1846_seg2.png,pop,10,1846_seg2
1847,3.2,1.17,2.6,0.92,0.3555555555555555,0.2888888888888889,data/deam/DEAM_spectrograms_shiv/1847_seg0.png,pop,10,1847_seg0
1847,3.2,1.17,2.6,0.92,0.3555555555555555,0.2888888888888889,data/deam/DEAM_spectrograms_shiv/1847_seg1.png,pop,10,1847_seg1
1847,3.2,1.17,2.6,0.92,0.3555555555555555,0.2888888888888889,data/deam/DEAM_spectrograms_shiv/1847_seg2.png,pop,10,1847_seg2
1849,6.0,0.89,5.8,1.08,0.6666666666666666,0.6444444444444444,data/deam/DEAM_spectrograms_shiv/1849_seg0.png,pop,10,1849_seg0
1849,6.0,0.89,5.8,1.08,0.6666666666666666,0.6444444444444444,data/deam/DEAM_spectrograms_shiv/1849_seg1.png,pop,10,1849_seg1
1849,6.0,0.89,5.8,1.08,0.6666666666666666,0.6444444444444444,data/deam/DEAM_spectrograms_shiv/1849_seg2.png,pop,10,1849_seg2
1850,3.7,1.55,2.7,1.27,0.4111111111111111,0.3,data/deam/DEAM_spectrograms_shiv/1850_seg0.png,pop,10,1850_seg0
1850,3.7,1.55,2.7,1.27,0.4111111111111111,0.3,data/deam/DEAM_spectrograms_shiv/1850_seg1.png,pop,10,1850_seg1
1850,3.7,1.55,2.7,1.27,0.4111111111111111,0.3,data/deam/DEAM_spectrograms_shiv/1850_seg2.png,pop,10,1850_seg2
1853,6.5,0.81,5.7,1.27,0.7222222222222222,0.6333333333333333,data/deam/DEAM_spectrograms_shiv/1853_seg0.png,pop,10,1853_seg0
1853,6.5,0.81,5.7,1.27,0.7222222222222222,0.6333333333333333,data/deam/DEAM_spectrograms_shiv/1853_seg1.png,pop,10,1853_seg1
1853,6.5,0.81,5.7,1.27,0.7222222222222222,0.6333333333333333,data/deam/DEAM_spectrograms_shiv/1853_seg2.png,pop,10,1853_seg2
1854,5.2,1.25,4.5,1.28,0.5777777777777778,0.5,data/deam/DEAM_spectrograms_shiv/1854_seg0.png,pop,10,1854_seg0
1854,5.2,1.25,4.5,1.28,0.5777777777777778,0.5,data/deam/DEAM_spectrograms_shiv/1854_seg1.png,pop,10,1854_seg1
1854,5.2,1.25,4.5,1.28,0.5777777777777778,0.5,data/deam/DEAM_spectrograms_shiv/1854_seg2.png,pop,10,1854_seg2
1855,5.4,1.56,6.0,1.34,0.6000000000000001,0.6666666666666666,data/deam/DEAM_spectrograms_shiv/1855_seg0.png,pop,10,1855_seg0
1855,5.4,1.56,6.0,1.34,0.6000000000000001,0.6666666666666666,data/deam/DEAM_spectrograms_shiv/1855_seg1.png,pop,10,1855_seg1
1855,5.4,1.56,6.0,1.34,0.6000000000000001,0.6666666666666666,data/deam/DEAM_spectrograms_shiv/1855_seg2.png,pop,10,1855_seg2
1856,6.1,1.76,6.7,1.85,0.6777777777777777,0.7444444444444445,data/deam/DEAM_spectrograms_shiv/1856_seg0.png,pop,10,1856_seg0
1856,6.1,1.76,6.7,1.85,0.6777777777777777,0.7444444444444445,data/deam/DEAM_spectrograms_shiv/1856_seg1.png,pop,10,1856_seg1
1856,6.1,1.76,6.7,1.85,0.6777777777777777,0.7444444444444445,data/deam/DEAM_spectrograms_shiv/1856_seg2.png,pop,10,1856_seg2
1857,5.3,1.27,5.0,1.0,0.5888888888888889,0.5555555555555556,data/deam/DEAM_spectrograms_shiv/1857_seg0.png,pop,10,1857_seg0
1857,5.3,1.27,5.0,1.0,0.5888888888888889,0.5555555555555556,data/deam/DEAM_spectrograms_shiv/1857_seg1.png,pop,10,1857_seg1
1857,5.3,1.27,5.0,1.0,0.5888888888888889,0.5555555555555556,data/deam/DEAM_spectrograms_shiv/1857_seg2.png,pop,10,1857_seg2
1858,5.2,1.33,5.6,1.56,0.5777777777777778,0.6222222222222222,data/deam/DEAM_spectrograms_shiv/1858_seg0.png,pop,10,1858_seg0
1858,5.2,1.33,5.6,1.56,0.5777777777777778,0.6222222222222222,data/deam/DEAM_spectrograms_shiv/1858_seg1.png,pop,10,1858_seg1
1858,5.2,1.33,5.6,1.56,0.5777777777777778,0.6222222222222222,data/deam/DEAM_spectrograms_shiv/1858_seg2.png,pop,10,1858_seg2
1859,5.2,1.47,5.0,1.55,0.5777777777777778,0.5555555555555556,data/deam/DEAM_spectrograms_shiv/1859_seg0.png,pop,10,1859_seg0
1859,5.2,1.47,5.0,1.55,0.5777777777777778,0.5555555555555556,data/deam/DEAM_spectrograms_shiv/1859_seg1.png,pop,10,1859_seg1
1859,5.2,1.47,5.0,1.55,0.5777777777777778,0.5555555555555556,data/deam/DEAM_spectrograms_shiv/1859_seg2.png,pop,10,1859_seg2
1860,3.7,0.78,3.5,0.81,0.4111111111111111,0.3888888888888889,data/deam/DEAM_spectrograms_shiv/1860_seg0.png,pop,10,1860_seg0
1860,3.7,0.78,3.5,0.81,0.4111111111111111,0.3888888888888889,data/deam/DEAM_spectrograms_shiv/1860_seg1.png,pop,10,1860_seg1
1860,3.7,0.78,3.5,0.81,0.4111111111111111,0.3888888888888889,data/deam/DEAM_spectrograms_shiv/1860_seg2.png,pop,10,1860_seg2
1861,5.1,1.3,5.0,1.48,0.5666666666666667,0.5555555555555556,data/deam/DEAM_spectrograms_shiv/1861_seg0.png,pop,10,1861_seg0
1861,5.1,1.3,5.0,1.48,0.5666666666666667,0.5555555555555556,data/deam/DEAM_spectrograms_shiv/1861_seg1.png,pop,10,1861_seg1
1861,5.1,1.3,5.0,1.48,0.5666666666666667,0.5555555555555556,data/deam/DEAM_spectrograms_shiv/1861_seg2.png,pop,10,1861_seg2
1862,5.1,1.45,4.9,1.87,0.5666666666666667,0.5444444444444445,data/deam/DEAM_spectrograms_shiv/1862_seg0.png,pop,10,1862_seg0
1862,5.1,1.45,4.9,1.87,0.5666666666666667,0.5444444444444445,data/deam/DEAM_spectrograms_shiv/1862_seg1.png,pop,10,1862_seg1
1862,5.1,1.45,4.9,1.87,0.5666666666666667,0.5444444444444445,data/deam/DEAM_spectrograms_shiv/1862_seg2.png,pop,10,1862_seg2
1864,6.1,1.58,7.4,1.8,0.6777777777777777,0.8222222222222223,data/deam/DEAM_spectrograms_shiv/1864_seg0.png,pop,10,1864_seg0
1864,6.1,1.58,7.4,1.8,0.6777777777777777,0.8222222222222223,data/deam/DEAM_spectrograms_shiv/1864_seg1.png,pop,10,1864_seg1
1864,6.1,1.58,7.4,1.8,0.6777777777777777,0.8222222222222223,data/deam/DEAM_spectrograms_shiv/1864_seg2.png,pop,10,1864_seg2
1865,6.8,0.75,5.9,1.51,0.7555555555555555,0.6555555555555556,data/deam/DEAM_spectrograms_shiv/1865_seg0.png,pop,10,1865_seg0
1865,6.8,0.75,5.9,1.51,0.7555555555555555,0.6555555555555556,data/deam/DEAM_spectrograms_shiv/1865_seg1.png,pop,10,1865_seg1
1865,6.8,0.75,5.9,1.51,0.7555555555555555,0.6555555555555556,data/deam/DEAM_spectrograms_shiv/1865_seg2.png,pop,10,1865_seg2
1866,4.8,1.4,4.5,1.43,0.5333333333333333,0.5,data/deam/DEAM_spectrograms_shiv/1866_seg0.png,pop,10,1866_seg0
1866,4.8,1.4,4.5,1.43,0.5333333333333333,0.5,data/deam/DEAM_spectrograms_shiv/1866_seg1.png,pop,10,1866_seg1
1866,4.8,1.4,4.5,1.43,0.5333333333333333,0.5,data/deam/DEAM_spectrograms_shiv/1866_seg2.png,pop,10,1866_seg2
1867,4.2,1.54,4.0,1.73,0.4666666666666667,0.4444444444444444,data/deam/DEAM_spectrograms_shiv/1867_seg0.png,pop,10,1867_seg0
1867,4.2,1.54,4.0,1.73,0.4666666666666667,0.4444444444444444,data/deam/DEAM_spectrograms_shiv/1867_seg1.png,pop,10,1867_seg1
1867,4.2,1.54,4.0,1.73,0.4666666666666667,0.4444444444444444,data/deam/DEAM_spectrograms_shiv/1867_seg2.png,pop,10,1867_seg2
1868,5.8,1.4,5.0,1.61,0.6444444444444444,0.5555555555555556,data/deam/DEAM_spectrograms_shiv/1868_seg0.png,pop,10,1868_seg0
1868,5.8,1.4,5.0,1.61,0.6444444444444444,0.5555555555555556,data/deam/DEAM_spectrograms_shiv/1868_seg1.png,pop,10,1868_seg1
1868,5.8,1.4,5.0,1.61,0.6444444444444444,0.5555555555555556,data/deam/DEAM_spectrograms_shiv/1868_seg2.png,pop,10,1868_seg2
1869,4.1,1.51,3.7,1.55,0.4555555555555555,0.4111111111111111,data/deam/DEAM_spectrograms_shiv/1869_seg0.png,pop,10,1869_seg0
1869,4.1,1.51,3.7,1.55,0.4555555555555555,0.4111111111111111,data/deam/DEAM_spectrograms_shiv/1869_seg1.png,pop,10,1869_seg1
1869,4.1,1.51,3.7,1.55,0.4555555555555555,0.4111111111111111,data/deam/DEAM_spectrograms_shiv/1869_seg2.png,pop,10,1869_seg2
1870,5.4,1.2,5.6,1.28,0.6000000000000001,0.6222222222222222,data/deam/DEAM_spectrograms_shiv/1870_seg0.png,pop,10,1870_seg0
1870,5.4,1.2,5.6,1.28,0.6000000000000001,0.6222222222222222,data/deam/DEAM_spectrograms_shiv/1870_seg1.png,pop,10,1870_seg1
1870,5.4,1.2,5.6,1.28,0.6000000000000001,0.6222222222222222,data/deam/DEAM_spectrograms_shiv/1870_seg2.png,pop,10,1870_seg2
1871,6.4,1.11,6.6,1.36,0.7111111111111111,0.7333333333333333,data/deam/DEAM_spectrograms_shiv/1871_seg0.png,pop,10,1871_seg0
1871,6.4,1.11,6.6,1.36,0.7111111111111111,0.7333333333333333,data/deam/DEAM_spectrograms_shiv/1871_seg1.png,pop,10,1871_seg1
1871,6.4,1.11,6.6,1.36,0.7111111111111111,0.7333333333333333,data/deam/DEAM_spectrograms_shiv/1871_seg2.png,pop,10,1871_seg2
1872,4.5,1.36,4.2,1.4,0.5,0.4666666666666667,data/deam/DEAM_spectrograms_shiv/1872_seg0.png,pop,10,1872_seg0
1872,4.5,1.36,4.2,1.4,0.5,0.4666666666666667,data/deam/DEAM_spectrograms_shiv/1872_seg1.png,pop,10,1872_seg1
1872,4.5,1.36,4.2,1.4,0.5,0.4666666666666667,data/deam/DEAM_spectrograms_shiv/1872_seg2.png,pop,10,1872_seg2
1873,4.7,1.62,3.4,1.43,0.5222222222222223,0.3777777777777777,data/deam/DEAM_spectrograms_shiv/1873_seg0.png,pop,10,1873_seg0
1873,4.7,1.62,3.4,1.43,0.5222222222222223,0.3777777777777777,data/deam/DEAM_spectrograms_shiv/1873_seg1.png,pop,10,1873_seg1
1873,4.7,1.62,3.4,1.43,0.5222222222222223,0.3777777777777777,data/deam/DEAM_spectrograms_shiv/1873_seg2.png,pop,10,1873_seg2
1874,5.0,1.67,6.3,1.49,0.5555555555555556,0.7,data/deam/DEAM_spectrograms_shiv/1874_seg0.png,pop,10,1874_seg0
1874,5.0,1.67,6.3,1.49,0.5555555555555556,0.7,data/deam/DEAM_spectrograms_shiv/1874_seg1.png,pop,10,1874_seg1
1874,5.0,1.67,6.3,1.49,0.5555555555555556,0.7,data/deam/DEAM_spectrograms_shiv/1874_seg2.png,pop,10,1874_seg2
1875,6.3,1.19,6.2,1.47,0.7,0.6888888888888889,data/deam/DEAM_spectrograms_shiv/1875_seg0.png,pop,10,1875_seg0
1875,6.3,1.19,6.2,1.47,0.7,0.6888888888888889,data/deam/DEAM_spectrograms_shiv/1875_seg1.png,pop,10,1875_seg1
1875,6.3,1.19,6.2,1.47,0.7,0.6888888888888889,data/deam/DEAM_spectrograms_shiv/1875_seg2.png,pop,10,1875_seg2
1876,6.3,1.35,5.0,1.79,0.7,0.5555555555555556,data/deam/DEAM_spectrograms_shiv/1876_seg0.png,pop,10,1876_seg0
1876,6.3,1.35,5.0,1.79,0.7,0.5555555555555556,data/deam/DEAM_spectrograms_shiv/1876_seg1.png,pop,10,1876_seg1
1876,6.3,1.35,5.0,1.79,0.7,0.5555555555555556,data/deam/DEAM_spectrograms_shiv/1876_seg2.png,pop,10,1876_seg2
1877,6.2,1.66,5.5,1.5,0.6888888888888889,0.6111111111111112,data/deam/DEAM_spectrograms_shiv/1877_seg0.png,pop,10,1877_seg0
1877,6.2,1.66,5.5,1.5,0.6888888888888889,0.6111111111111112,data/deam/DEAM_spectrograms_shiv/1877_seg1.png,pop,10,1877_seg1
1877,6.2,1.66,5.5,1.5,0.6888888888888889,0.6111111111111112,data/deam/DEAM_spectrograms_shiv/1877_seg2.png,pop,10,1877_seg2
1878,6.7,0.78,6.3,1.0,0.7444444444444445,0.7,data/deam/DEAM_spectrograms_shiv/1878_seg0.png,pop,10,1878_seg0
1878,6.7,0.78,6.3,1.0,0.7444444444444445,0.7,data/deam/DEAM_spectrograms_shiv/1878_seg1.png,pop,10,1878_seg1
1878,6.7,0.78,6.3,1.0,0.7444444444444445,0.7,data/deam/DEAM_spectrograms_shiv/1878_seg2.png,pop,10,1878_seg2
1880,5.4,1.36,3.2,1.4,0.6000000000000001,0.3555555555555555,data/deam/DEAM_spectrograms_shiv/1880_seg0.png,pop,10,1880_seg0
1880,5.4,1.36,3.2,1.4,0.6000000000000001,0.3555555555555555,data/deam/DEAM_spectrograms_shiv/1880_seg1.png,pop,10,1880_seg1
1880,5.4,1.36,3.2,1.4,0.6000000000000001,0.3555555555555555,data/deam/DEAM_spectrograms_shiv/1880_seg2.png,pop,10,1880_seg2
1882,5.5,1.5,6.2,1.66,0.6111111111111112,0.6888888888888889,data/deam/DEAM_spectrograms_shiv/1882_seg0.png,pop,10,1882_seg0
1882,5.5,1.5,6.2,1.66,0.6111111111111112,0.6888888888888889,data/deam/DEAM_spectrograms_shiv/1882_seg1.png,pop,10,1882_seg1
1882,5.5,1.5,6.2,1.66,0.6111111111111112,0.6888888888888889,data/deam/DEAM_spectrograms_shiv/1882_seg2.png,pop,10,1882_seg2
1883,5.6,0.8,4.5,1.12,0.6222222222222222,0.5,data/deam/DEAM_spectrograms_shiv/1883_seg0.png,pop,10,1883_seg0
1883,5.6,0.8,4.5,1.12,0.6222222222222222,0.5,data/deam/DEAM_spectrograms_shiv/1883_seg1.png,pop,10,1883_seg1
1883,5.6,0.8,4.5,1.12,0.6222222222222222,0.5,data/deam/DEAM_spectrograms_shiv/1883_seg2.png,pop,10,1883_seg2
1884,6.5,0.81,5.6,1.36,0.7222222222222222,0.6222222222222222,data/deam/DEAM_spectrograms_shiv/1884_seg0.png,pop,10,1884_seg0
1884,6.5,0.81,5.6,1.36,0.7222222222222222,0.6222222222222222,data/deam/DEAM_spectrograms_shiv/1884_seg1.png,pop,10,1884_seg1
1884,6.5,0.81,5.6,1.36,0.7222222222222222,0.6222222222222222,data/deam/DEAM_spectrograms_shiv/1884_seg2.png,pop,10,1884_seg2
1886,4.1,1.3,3.0,1.18,0.4555555555555555,0.3333333333333333,data/deam/DEAM_spectrograms_shiv/1886_seg0.png,pop,10,1886_seg0
1886,4.1,1.3,3.0,1.18,0.4555555555555555,0.3333333333333333,data/deam/DEAM_spectrograms_shiv/1886_seg1.png,pop,10,1886_seg1
1886,4.1,1.3,3.0,1.18,0.4555555555555555,0.3333333333333333,data/deam/DEAM_spectrograms_shiv/1886_seg2.png,pop,10,1886_seg2
1887,6.0,1.41,5.8,1.4,0.6666666666666666,0.6444444444444444,data/deam/DEAM_spectrograms_shiv/1887_seg0.png,pop,10,1887_seg0
1887,6.0,1.41,5.8,1.4,0.6666666666666666,0.6444444444444444,data/deam/DEAM_spectrograms_shiv/1887_seg1.png,pop,10,1887_seg1
1887,6.0,1.41,5.8,1.4,0.6666666666666666,0.6444444444444444,data/deam/DEAM_spectrograms_shiv/1887_seg2.png,pop,10,1887_seg2
1888,3.4,1.5,3.2,1.78,0.3777777777777777,0.3555555555555555,data/deam/DEAM_spectrograms_shiv/1888_seg0.png,pop,10,1888_seg0
1888,3.4,1.5,3.2,1.78,0.3777777777777777,0.3555555555555555,data/deam/DEAM_spectrograms_shiv/1888_seg1.png,pop,10,1888_seg1
1888,3.4,1.5,3.2,1.78,0.3777777777777777,0.3555555555555555,data/deam/DEAM_spectrograms_shiv/1888_seg2.png,pop,10,1888_seg2
1889,5.6,1.91,5.5,1.96,0.6222222222222222,0.6111111111111112,data/deam/DEAM_spectrograms_shiv/1889_seg0.png,pop,10,1889_seg0
1889,5.6,1.91,5.5,1.96,0.6222222222222222,0.6111111111111112,data/deam/DEAM_spectrograms_shiv/1889_seg1.png,pop,10,1889_seg1
1889,5.6,1.91,5.5,1.96,0.6222222222222222,0.6111111111111112,data/deam/DEAM_spectrograms_shiv/1889_seg2.png,pop,10,1889_seg2
1890,6.0,1.61,5.8,1.17,0.6666666666666666,0.6444444444444444,data/deam/DEAM_spectrograms_shiv/1890_seg0.png,pop,10,1890_seg0
1890,6.0,1.61,5.8,1.17,0.6666666666666666,0.6444444444444444,data/deam/DEAM_spectrograms_shiv/1890_seg1.png,pop,10,1890_seg1
1890,6.0,1.61,5.8,1.17,0.6666666666666666,0.6444444444444444,data/deam/DEAM_spectrograms_shiv/1890_seg2.png,pop,10,1890_seg2
1891,5.0,1.18,3.5,1.2,0.5555555555555556,0.3888888888888889,data/deam/DEAM_spectrograms_shiv/1891_seg0.png,pop,10,1891_seg0
1891,5.0,1.18,3.5,1.2,0.5555555555555556,0.3888888888888889,data/deam/DEAM_spectrograms_shiv/1891_seg1.png,pop,10,1891_seg1
1891,5.0,1.18,3.5,1.2,0.5555555555555556,0.3888888888888889,data/deam/DEAM_spectrograms_shiv/1891_seg2.png,pop,10,1891_seg2
1892,5.1,2.07,6.1,1.04,0.5666666666666667,0.6777777777777777,data/deam/DEAM_spectrograms_shiv/1892_seg0.png,pop,10,1892_seg0
1892,5.1,2.07,6.1,1.04,0.5666666666666667,0.6777777777777777,data/deam/DEAM_spectrograms_shiv/1892_seg1.png,pop,10,1892_seg1
1892,5.1,2.07,6.1,1.04,0.5666666666666667,0.6777777777777777,data/deam/DEAM_spectrograms_shiv/1892_seg2.png,pop,10,1892_seg2
1893,6.3,1.19,6.2,1.08,0.7,0.6888888888888889,data/deam/DEAM_spectrograms_shiv/1893_seg0.png,pop,10,1893_seg0
1893,6.3,1.19,6.2,1.08,0.7,0.6888888888888889,data/deam/DEAM_spectrograms_shiv/1893_seg1.png,pop,10,1893_seg1
1893,6.3,1.19,6.2,1.08,0.7,0.6888888888888889,data/deam/DEAM_spectrograms_shiv/1893_seg2.png,pop,10,1893_seg2
1894,4.8,0.75,4.8,0.87,0.5333333333333333,0.5333333333333333,data/deam/DEAM_spectrograms_shiv/1894_seg0.png,pop,10,1894_seg0
1894,4.8,0.75,4.8,0.87,0.5333333333333333,0.5333333333333333,data/deam/DEAM_spectrograms_shiv/1894_seg1.png,pop,10,1894_seg1
1894,4.8,0.75,4.8,0.87,0.5333333333333333,0.5333333333333333,data/deam/DEAM_spectrograms_shiv/1894_seg2.png,pop,10,1894_seg2
1895,6.5,0.67,5.9,0.94,0.7222222222222222,0.6555555555555556,data/deam/DEAM_spectrograms_shiv/1895_seg0.png,pop,10,1895_seg0
1895,6.5,0.67,5.9,0.94,0.7222222222222222,0.6555555555555556,data/deam/DEAM_spectrograms_shiv/1895_seg1.png,pop,10,1895_seg1
1895,6.5,0.67,5.9,0.94,0.7222222222222222,0.6555555555555556,data/deam/DEAM_spectrograms_shiv/1895_seg2.png,pop,10,1895_seg2
1898,5.1,0.94,4.2,1.17,0.5666666666666667,0.4666666666666667,data/deam/DEAM_spectrograms_shiv/1898_seg0.png,pop,10,1898_seg0
1898,5.1,0.94,4.2,1.17,0.5666666666666667,0.4666666666666667,data/deam/DEAM_spectrograms_shiv/1898_seg1.png,pop,10,1898_seg1
1898,5.1,0.94,4.2,1.17,0.5666666666666667,0.4666666666666667,data/deam/DEAM_spectrograms_shiv/1898_seg2.png,pop,10,1898_seg2
1899,5.0,2.19,4.1,1.76,0.5555555555555556,0.4555555555555555,data/deam/DEAM_spectrograms_shiv/1899_seg0.png,pop,10,1899_seg0
1899,5.0,2.19,4.1,1.76,0.5555555555555556,0.4555555555555555,data/deam/DEAM_spectrograms_shiv/1899_seg1.png,pop,10,1899_seg1
1899,5.0,2.19,4.1,1.76,0.5555555555555556,0.4555555555555555,data/deam/DEAM_spectrograms_shiv/1899_seg2.png,pop,10,1899_seg2
1900,6.5,1.12,6.7,1.19,0.7222222222222222,0.7444444444444445,data/deam/DEAM_spectrograms_shiv/1900_seg0.png,pop,10,1900_seg0
1900,6.5,1.12,6.7,1.19,0.7222222222222222,0.7444444444444445,data/deam/DEAM_spectrograms_shiv/1900_seg1.png,pop,10,1900_seg1
1900,6.5,1.12,6.7,1.19,0.7222222222222222,0.7444444444444445,data/deam/DEAM_spectrograms_shiv/1900_seg2.png,pop,10,1900_seg2
1902,4.4,2.37,7.3,1.49,0.4888888888888889,0.8111111111111111,data/deam/DEAM_spectrograms_shiv/1902_seg0.png,rock,11,1902_seg0
1902,4.4,2.37,7.3,1.49,0.4888888888888889,0.8111111111111111,data/deam/DEAM_spectrograms_shiv/1902_seg1.png,rock,11,1902_seg1
1902,4.4,2.37,7.3,1.49,0.4888888888888889,0.8111111111111111,data/deam/DEAM_spectrograms_shiv/1902_seg2.png,rock,11,1902_seg2
1904,4.1,0.94,3.4,1.02,0.4555555555555555,0.3777777777777777,data/deam/DEAM_spectrograms_shiv/1904_seg0.png,rock,11,1904_seg0
1904,4.1,0.94,3.4,1.02,0.4555555555555555,0.3777777777777777,data/deam/DEAM_spectrograms_shiv/1904_seg1.png,rock,11,1904_seg1
1904,4.1,0.94,3.4,1.02,0.4555555555555555,0.3777777777777777,data/deam/DEAM_spectrograms_shiv/1904_seg2.png,rock,11,1904_seg2
1905,3.7,2.0,6.5,1.5,0.4111111111111111,0.7222222222222222,data/deam/DEAM_spectrograms_shiv/1905_seg0.png,rock,11,1905_seg0
1905,3.7,2.0,6.5,1.5,0.4111111111111111,0.7222222222222222,data/deam/DEAM_spectrograms_shiv/1905_seg1.png,rock,11,1905_seg1
1905,3.7,2.0,6.5,1.5,0.4111111111111111,0.7222222222222222,data/deam/DEAM_spectrograms_shiv/1905_seg2.png,rock,11,1905_seg2
1906,4.4,1.69,6.2,1.47,0.4888888888888889,0.6888888888888889,data/deam/DEAM_spectrograms_shiv/1906_seg0.png,rock,11,1906_seg0
1906,4.4,1.69,6.2,1.47,0.4888888888888889,0.6888888888888889,data/deam/DEAM_spectrograms_shiv/1906_seg1.png,rock,11,1906_seg1
1906,4.4,1.69,6.2,1.47,0.4888888888888889,0.6888888888888889,data/deam/DEAM_spectrograms_shiv/1906_seg2.png,rock,11,1906_seg2
1907,4.9,1.64,6.5,1.43,0.5444444444444445,0.7222222222222222,data/deam/DEAM_spectrograms_shiv/1907_seg0.png,rock,11,1907_seg0
1907,4.9,1.64,6.5,1.43,0.5444444444444445,0.7222222222222222,data/deam/DEAM_spectrograms_shiv/1907_seg1.png,rock,11,1907_seg1
1907,4.9,1.64,6.5,1.43,0.5444444444444445,0.7222222222222222,data/deam/DEAM_spectrograms_shiv/1907_seg2.png,rock,11,1907_seg2
1908,5.2,2.18,5.1,1.76,0.5777777777777778,0.5666666666666667,data/deam/DEAM_spectrograms_shiv/1908_seg0.png,rock,11,1908_seg0
1908,5.2,2.18,5.1,1.76,0.5777777777777778,0.5666666666666667,data/deam/DEAM_spectrograms_shiv/1908_seg1.png,rock,11,1908_seg1
1908,5.2,2.18,5.1,1.76,0.5777777777777778,0.5666666666666667,data/deam/DEAM_spectrograms_shiv/1908_seg2.png,rock,11,1908_seg2
1909,4.9,1.7,5.0,1.73,0.5444444444444445,0.5555555555555556,data/deam/DEAM_spectrograms_shiv/1909_seg0.png,rock,11,1909_seg0
1909,4.9,1.7,5.0,1.73,0.5444444444444445,0.5555555555555556,data/deam/DEAM_spectrograms_shiv/1909_seg1.png,rock,11,1909_seg1
1909,4.9,1.7,5.0,1.73,0.5444444444444445,0.5555555555555556,data/deam/DEAM_spectrograms_shiv/1909_seg2.png,rock,11,1909_seg2
1911,4.3,1.95,5.4,2.11,0.4777777777777777,0.6000000000000001,data/deam/DEAM_spectrograms_shiv/1911_seg0.png,rock,11,1911_seg0
1911,4.3,1.95,5.4,2.11,0.4777777777777777,0.6000000000000001,data/deam/DEAM_spectrograms_shiv/1911_seg1.png,rock,11,1911_seg1
1911,4.3,1.95,5.4,2.11,0.4777777777777777,0.6000000000000001,data/deam/DEAM_spectrograms_shiv/1911_seg2.png,rock,11,1911_seg2
1912,5.4,1.2,5.5,1.12,0.6000000000000001,0.6111111111111112,data/deam/DEAM_spectrograms_shiv/1912_seg0.png,rock,11,1912_seg0
1912,5.4,1.2,5.5,1.12,0.6000000000000001,0.6111111111111112,data/deam/DEAM_spectrograms_shiv/1912_seg1.png,rock,11,1912_seg1
1912,5.4,1.2,5.5,1.12,0.6000000000000001,0.6111111111111112,data/deam/DEAM_spectrograms_shiv/1912_seg2.png,rock,11,1912_seg2
1913,6.0,1.48,6.5,1.63,0.6666666666666666,0.7222222222222222,data/deam/DEAM_spectrograms_shiv/1913_seg0.png,rock,11,1913_seg0
1913,6.0,1.48,6.5,1.63,0.6666666666666666,0.7222222222222222,data/deam/DEAM_spectrograms_shiv/1913_seg1.png,rock,11,1913_seg1
1913,6.0,1.48,6.5,1.63,0.6666666666666666,0.7222222222222222,data/deam/DEAM_spectrograms_shiv/1913_seg2.png,rock,11,1913_seg2
1915,6.3,1.27,6.5,1.2,0.7,0.7222222222222222,data/deam/DEAM_spectrograms_shiv/1915_seg0.png,rock,11,1915_seg0
1915,6.3,1.27,6.5,1.2,0.7,0.7222222222222222,data/deam/DEAM_spectrograms_shiv/1915_seg1.png,rock,11,1915_seg1
1915,6.3,1.27,6.5,1.2,0.7,0.7222222222222222,data/deam/DEAM_spectrograms_shiv/1915_seg2.png,rock,11,1915_seg2
1916,5.4,1.5,6.3,1.49,0.6000000000000001,0.7,data/deam/DEAM_spectrograms_shiv/1916_seg0.png,rock,11,1916_seg0
1916,5.4,1.5,6.3,1.49,0.6000000000000001,0.7,data/deam/DEAM_spectrograms_shiv/1916_seg1.png,rock,11,1916_seg1
1916,5.4,1.5,6.3,1.49,0.6000000000000001,0.7,data/deam/DEAM_spectrograms_shiv/1916_seg2.png,rock,11,1916_seg2
1917,4.1,1.04,4.6,1.02,0.4555555555555555,0.5111111111111111,data/deam/DEAM_spectrograms_shiv/1917_seg0.png,rock,11,1917_seg0
1917,4.1,1.04,4.6,1.02,0.4555555555555555,0.5111111111111111,data/deam/DEAM_spectrograms_shiv/1917_seg1.png,rock,11,1917_seg1
1917,4.1,1.04,4.6,1.02,0.4555555555555555,0.5111111111111111,data/deam/DEAM_spectrograms_shiv/1917_seg2.png,rock,11,1917_seg2
1918,3.4,1.5,4.6,1.69,0.3777777777777777,0.5111111111111111,data/deam/DEAM_spectrograms_shiv/1918_seg0.png,rock,11,1918_seg0
1918,3.4,1.5,4.6,1.69,0.3777777777777777,0.5111111111111111,data/deam/DEAM_spectrograms_shiv/1918_seg1.png,rock,11,1918_seg1
1918,3.4,1.5,4.6,1.69,0.3777777777777777,0.5111111111111111,data/deam/DEAM_spectrograms_shiv/1918_seg2.png,rock,11,1918_seg2
1919,4.5,1.86,5.4,1.96,0.5,0.6000000000000001,data/deam/DEAM_spectrograms_shiv/1919_seg0.png,rock,11,1919_seg0
1919,4.5,1.86,5.4,1.96,0.5,0.6000000000000001,data/deam/DEAM_spectrograms_shiv/1919_seg1.png,rock,11,1919_seg1
1919,4.5,1.86,5.4,1.96,0.5,0.6000000000000001,data/deam/DEAM_spectrograms_shiv/1919_seg2.png,rock,11,1919_seg2
1920,5.7,2.15,6.4,1.96,0.6333333333333333,0.7111111111111111,data/deam/DEAM_spectrograms_shiv/1920_seg0.png,rock,11,1920_seg0
1920,5.7,2.15,6.4,1.96,0.6333333333333333,0.7111111111111111,data/deam/DEAM_spectrograms_shiv/1920_seg1.png,rock,11,1920_seg1
1920,5.7,2.15,6.4,1.96,0.6333333333333333,0.7111111111111111,data/deam/DEAM_spectrograms_shiv/1920_seg2.png,rock,11,1920_seg2
1921,4.4,2.06,6.5,2.2,0.4888888888888889,0.7222222222222222,data/deam/DEAM_spectrograms_shiv/1921_seg0.png,rock,11,1921_seg0
1921,4.4,2.06,6.5,2.2,0.4888888888888889,0.7222222222222222,data/deam/DEAM_spectrograms_shiv/1921_seg1.png,rock,11,1921_seg1
1921,4.4,2.06,6.5,2.2,0.4888888888888889,0.7222222222222222,data/deam/DEAM_spectrograms_shiv/1921_seg2.png,rock,11,1921_seg2
1922,5.6,1.85,5.8,1.6,0.6222222222222222,0.6444444444444444,data/deam/DEAM_spectrograms_shiv/1922_seg0.png,rock,11,1922_seg0
1922,5.6,1.85,5.8,1.6,0.6222222222222222,0.6444444444444444,data/deam/DEAM_spectrograms_shiv/1922_seg1.png,rock,11,1922_seg1
1922,5.6,1.85,5.8,1.6,0.6222222222222222,0.6444444444444444,data/deam/DEAM_spectrograms_shiv/1922_seg2.png,rock,11,1922_seg2
1923,6.4,1.28,6.2,1.54,0.7111111111111111,0.6888888888888889,data/deam/DEAM_spectrograms_shiv/1923_seg0.png,rock,11,1923_seg0
1923,6.4,1.28,6.2,1.54,0.7111111111111111,0.6888888888888889,data/deam/DEAM_spectrograms_shiv/1923_seg1.png,rock,11,1923_seg1
1923,6.4,1.28,6.2,1.54,0.7111111111111111,0.6888888888888889,data/deam/DEAM_spectrograms_shiv/1923_seg2.png,rock,11,1923_seg2
1925,4.9,1.51,4.5,1.57,0.5444444444444445,0.5,data/deam/DEAM_spectrograms_shiv/1925_seg0.png,rock,11,1925_seg0
1925,4.9,1.51,4.5,1.57,0.5444444444444445,0.5,data/deam/DEAM_spectrograms_shiv/1925_seg1.png,rock,11,1925_seg1
1925,4.9,1.51,4.5,1.57,0.5444444444444445,0.5,data/deam/DEAM_spectrograms_shiv/1925_seg2.png,rock,11,1925_seg2
1926,5.2,1.99,6.1,1.92,0.5777777777777778,0.6777777777777777,data/deam/DEAM_spectrograms_shiv/1926_seg0.png,rock,11,1926_seg0
1926,5.2,1.99,6.1,1.92,0.5777777777777778,0.6777777777777777,data/deam/DEAM_spectrograms_shiv/1926_seg1.png,rock,11,1926_seg1
1926,5.2,1.99,6.1,1.92,0.5777777777777778,0.6777777777777777,data/deam/DEAM_spectrograms_shiv/1926_seg2.png,rock,11,1926_seg2
1927,5.6,1.28,4.6,1.28,0.6222222222222222,0.5111111111111111,data/deam/DEAM_spectrograms_shiv/1927_seg0.png,rock,11,1927_seg0
1927,5.6,1.28,4.6,1.28,0.6222222222222222,0.5111111111111111,data/deam/DEAM_spectrograms_shiv/1927_seg1.png,rock,11,1927_seg1
1927,5.6,1.28,4.6,1.28,0.6222222222222222,0.5111111111111111,data/deam/DEAM_spectrograms_shiv/1927_seg2.png,rock,11,1927_seg2
1929,5.1,1.37,6.7,1.1,0.5666666666666667,0.7444444444444445,data/deam/DEAM_spectrograms_shiv/1929_seg0.png,rock,11,1929_seg0
1929,5.1,1.37,6.7,1.1,0.5666666666666667,0.7444444444444445,data/deam/DEAM_spectrograms_shiv/1929_seg1.png,rock,11,1929_seg1
1929,5.1,1.37,6.7,1.1,0.5666666666666667,0.7444444444444445,data/deam/DEAM_spectrograms_shiv/1929_seg2.png,rock,11,1929_seg2
1931,4.7,1.27,5.5,1.43,0.5222222222222223,0.6111111111111112,data/deam/DEAM_spectrograms_shiv/1931_seg0.png,rock,11,1931_seg0
1931,4.7,1.27,5.5,1.43,0.5222222222222223,0.6111111111111112,data/deam/DEAM_spectrograms_shiv/1931_seg1.png,rock,11,1931_seg1
1931,4.7,1.27,5.5,1.43,0.5222222222222223,0.6111111111111112,data/deam/DEAM_spectrograms_shiv/1931_seg2.png,rock,11,1931_seg2
1932,4.8,1.6,6.0,1.73,0.5333333333333333,0.6666666666666666,data/deam/DEAM_spectrograms_shiv/1932_seg0.png,rock,11,1932_seg0
1932,4.8,1.6,6.0,1.73,0.5333333333333333,0.6666666666666666,data/deam/DEAM_spectrograms_shiv/1932_seg1.png,rock,11,1932_seg1
1932,4.8,1.6,6.0,1.73,0.5333333333333333,0.6666666666666666,data/deam/DEAM_spectrograms_shiv/1932_seg2.png,rock,11,1932_seg2
1933,5.2,1.66,7.0,1.41,0.5777777777777778,0.7777777777777778,data/deam/DEAM_spectrograms_shiv/1933_seg0.png,rock,11,1933_seg0
1933,5.2,1.66,7.0,1.41,0.5777777777777778,0.7777777777777778,data/deam/DEAM_spectrograms_shiv/1933_seg1.png,rock,11,1933_seg1
1933,5.2,1.66,7.0,1.41,0.5777777777777778,0.7777777777777778,data/deam/DEAM_spectrograms_shiv/1933_seg2.png,rock,11,1933_seg2
1934,5.8,1.78,3.8,1.33,0.6444444444444444,0.4222222222222222,data/deam/DEAM_spectrograms_shiv/1934_seg0.png,rock,11,1934_seg0
1934,5.8,1.78,3.8,1.33,0.6444444444444444,0.4222222222222222,data/deam/DEAM_spectrograms_shiv/1934_seg1.png,rock,11,1934_seg1
1934,5.8,1.78,3.8,1.33,0.6444444444444444,0.4222222222222222,data/deam/DEAM_spectrograms_shiv/1934_seg2.png,rock,11,1934_seg2
1935,4.7,1.73,4.4,1.69,0.5222222222222223,0.4888888888888889,data/deam/DEAM_spectrograms_shiv/1935_seg0.png,rock,11,1935_seg0
1935,4.7,1.73,4.4,1.69,0.5222222222222223,0.4888888888888889,data/deam/DEAM_spectrograms_shiv/1935_seg1.png,rock,11,1935_seg1
1935,4.7,1.73,4.4,1.69,0.5222222222222223,0.4888888888888889,data/deam/DEAM_spectrograms_shiv/1935_seg2.png,rock,11,1935_seg2
1936,2.9,1.3,3.0,1.9,0.3222222222222222,0.3333333333333333,data/deam/DEAM_spectrograms_shiv/1936_seg0.png,rock,11,1936_seg0
1936,2.9,1.3,3.0,1.9,0.3222222222222222,0.3333333333333333,data/deam/DEAM_spectrograms_shiv/1936_seg1.png,rock,11,1936_seg1
1936,2.9,1.3,3.0,1.9,0.3222222222222222,0.3333333333333333,data/deam/DEAM_spectrograms_shiv/1936_seg2.png,rock,11,1936_seg2
1940,5.1,1.51,5.6,0.92,0.5666666666666667,0.6222222222222222,data/deam/DEAM_spectrograms_shiv/1940_seg0.png,rock,11,1940_seg0
1940,5.1,1.51,5.6,0.92,0.5666666666666667,0.6222222222222222,data/deam/DEAM_spectrograms_shiv/1940_seg1.png,rock,11,1940_seg1
1940,5.1,1.51,5.6,0.92,0.5666666666666667,0.6222222222222222,data/deam/DEAM_spectrograms_shiv/1940_seg2.png,rock,11,1940_seg2
1941,5.2,1.33,4.4,1.56,0.5777777777777778,0.4888888888888889,data/deam/DEAM_spectrograms_shiv/1941_seg0.png,rock,11,1941_seg0
1941,5.2,1.33,4.4,1.56,0.5777777777777778,0.4888888888888889,data/deam/DEAM_spectrograms_shiv/1941_seg1.png,rock,11,1941_seg1
1941,5.2,1.33,4.4,1.56,0.5777777777777778,0.4888888888888889,data/deam/DEAM_spectrograms_shiv/1941_seg2.png,rock,11,1941_seg2
1942,6.4,1.8,6.8,1.6,0.7111111111111111,0.7555555555555555,data/deam/DEAM_spectrograms_shiv/1942_seg0.png,rock,11,1942_seg0
1942,6.4,1.8,6.8,1.6,0.7111111111111111,0.7555555555555555,data/deam/DEAM_spectrograms_shiv/1942_seg1.png,rock,11,1942_seg1
1942,6.4,1.8,6.8,1.6,0.7111111111111111,0.7555555555555555,data/deam/DEAM_spectrograms_shiv/1942_seg2.png,rock,11,1942_seg2
1944,6.1,1.92,5.1,1.58,0.6777777777777777,0.5666666666666667,data/deam/DEAM_spectrograms_shiv/1944_seg0.png,rock,11,1944_seg0
1944,6.1,1.92,5.1,1.58,0.6777777777777777,0.5666666666666667,data/deam/DEAM_spectrograms_shiv/1944_seg1.png,rock,11,1944_seg1
1944,6.1,1.92,5.1,1.58,0.6777777777777777,0.5666666666666667,data/deam/DEAM_spectrograms_shiv/1944_seg2.png,rock,11,1944_seg2
1945,6.0,1.55,6.1,1.58,0.6666666666666666,0.6777777777777777,data/deam/DEAM_spectrograms_shiv/1945_seg0.png,rock,11,1945_seg0
1945,6.0,1.55,6.1,1.58,0.6666666666666666,0.6777777777777777,data/deam/DEAM_spectrograms_shiv/1945_seg1.png,rock,11,1945_seg1
1945,6.0,1.55,6.1,1.58,0.6666666666666666,0.6777777777777777,data/deam/DEAM_spectrograms_shiv/1945_seg2.png,rock,11,1945_seg2
1946,4.0,2.19,6.0,1.9,0.4444444444444444,0.6666666666666666,data/deam/DEAM_spectrograms_shiv/1946_seg0.png,rock,11,1946_seg0
1946,4.0,2.19,6.0,1.9,0.4444444444444444,0.6666666666666666,data/deam/DEAM_spectrograms_shiv/1946_seg1.png,rock,11,1946_seg1
1946,4.0,2.19,6.0,1.9,0.4444444444444444,0.6666666666666666,data/deam/DEAM_spectrograms_shiv/1946_seg2.png,rock,11,1946_seg2
1947,5.0,2.19,7.4,1.28,0.5555555555555556,0.8222222222222223,data/deam/DEAM_spectrograms_shiv/1947_seg0.png,rock,11,1947_seg0
1947,5.0,2.19,7.4,1.28,0.5555555555555556,0.8222222222222223,data/deam/DEAM_spectrograms_shiv/1947_seg1.png,rock,11,1947_seg1
1947,5.0,2.19,7.4,1.28,0.5555555555555556,0.8222222222222223,data/deam/DEAM_spectrograms_shiv/1947_seg2.png,rock,11,1947_seg2
1948,4.0,2.45,6.7,1.79,0.4444444444444444,0.7444444444444445,data/deam/DEAM_spectrograms_shiv/1948_seg0.png,rock,11,1948_seg0
1948,4.0,2.45,6.7,1.79,0.4444444444444444,0.7444444444444445,data/deam/DEAM_spectrograms_shiv/1948_seg1.png,rock,11,1948_seg1
1948,4.0,2.45,6.7,1.79,0.4444444444444444,0.7444444444444445,data/deam/DEAM_spectrograms_shiv/1948_seg2.png,rock,11,1948_seg2
1949,2.2,1.54,5.1,2.59,0.2444444444444444,0.5666666666666667,data/deam/DEAM_spectrograms_shiv/1949_seg0.png,rock,11,1949_seg0
1949,2.2,1.54,5.1,2.59,0.2444444444444444,0.5666666666666667,data/deam/DEAM_spectrograms_shiv/1949_seg1.png,rock,11,1949_seg1
1949,2.2,1.54,5.1,2.59,0.2444444444444444,0.5666666666666667,data/deam/DEAM_spectrograms_shiv/1949_seg2.png,rock,11,1949_seg2
1950,3.8,1.99,3.4,2.11,0.4222222222222222,0.3777777777777777,data/deam/DEAM_spectrograms_shiv/1950_seg0.png,rock,11,1950_seg0
1950,3.8,1.99,3.4,2.11,0.4222222222222222,0.3777777777777777,data/deam/DEAM_spectrograms_shiv/1950_seg1.png,rock,11,1950_seg1
1950,3.8,1.99,3.4,2.11,0.4222222222222222,0.3777777777777777,data/deam/DEAM_spectrograms_shiv/1950_seg2.png,rock,11,1950_seg2
1951,4.6,1.5,4.0,1.26,0.5111111111111111,0.4444444444444444,data/deam/DEAM_spectrograms_shiv/1951_seg0.png,rock,11,1951_seg0
1951,4.6,1.5,4.0,1.26,0.5111111111111111,0.4444444444444444,data/deam/DEAM_spectrograms_shiv/1951_seg1.png,rock,11,1951_seg1
1951,4.6,1.5,4.0,1.26,0.5111111111111111,0.4444444444444444,data/deam/DEAM_spectrograms_shiv/1951_seg2.png,rock,11,1951_seg2
1952,4.1,0.94,4.4,0.8,0.4555555555555555,0.4888888888888889,data/deam/DEAM_spectrograms_shiv/1952_seg0.png,rock,11,1952_seg0
1952,4.1,0.94,4.4,0.8,0.4555555555555555,0.4888888888888889,data/deam/DEAM_spectrograms_shiv/1952_seg1.png,rock,11,1952_seg1
1952,4.1,0.94,4.4,0.8,0.4555555555555555,0.4888888888888889,data/deam/DEAM_spectrograms_shiv/1952_seg2.png,rock,11,1952_seg2
1953,5.1,1.37,4.4,1.36,0.5666666666666667,0.4888888888888889,data/deam/DEAM_spectrograms_shiv/1953_seg0.png,rock,11,1953_seg0
1953,5.1,1.37,4.4,1.36,0.5666666666666667,0.4888888888888889,data/deam/DEAM_spectrograms_shiv/1953_seg1.png,rock,11,1953_seg1
1953,5.1,1.37,4.4,1.36,0.5666666666666667,0.4888888888888889,data/deam/DEAM_spectrograms_shiv/1953_seg2.png,rock,11,1953_seg2
1954,6.7,0.64,5.7,1.1,0.7444444444444445,0.6333333333333333,data/deam/DEAM_spectrograms_shiv/1954_seg0.png,rock,11,1954_seg0
1954,6.7,0.64,5.7,1.1,0.7444444444444445,0.6333333333333333,data/deam/DEAM_spectrograms_shiv/1954_seg1.png,rock,11,1954_seg1
1954,6.7,0.64,5.7,1.1,0.7444444444444445,0.6333333333333333,data/deam/DEAM_spectrograms_shiv/1954_seg2.png,rock,11,1954_seg2
1955,5.5,1.63,6.5,1.57,0.6111111111111112,0.7222222222222222,data/deam/DEAM_spectrograms_shiv/1955_seg0.png,rock,11,1955_seg0
1955,5.5,1.63,6.5,1.57,0.6111111111111112,0.7222222222222222,data/deam/DEAM_spectrograms_shiv/1955_seg1.png,rock,11,1955_seg1
1955,5.5,1.63,6.5,1.57,0.6111111111111112,0.7222222222222222,data/deam/DEAM_spectrograms_shiv/1955_seg2.png,rock,11,1955_seg2
1956,5.4,1.11,5.9,1.7,0.6000000000000001,0.6555555555555556,data/deam/DEAM_spectrograms_shiv/1956_seg0.png,rock,11,1956_seg0
1956,5.4,1.11,5.9,1.7,0.6000000000000001,0.6555555555555556,data/deam/DEAM_spectrograms_shiv/1956_seg1.png,rock,11,1956_seg1
1956,5.4,1.11,5.9,1.7,0.6000000000000001,0.6555555555555556,data/deam/DEAM_spectrograms_shiv/1956_seg2.png,rock,11,1956_seg2
1957,4.8,1.33,4.8,1.17,0.5333333333333333,0.5333333333333333,data/deam/DEAM_spectrograms_shiv/1957_seg0.png,rock,11,1957_seg0
1957,4.8,1.33,4.8,1.17,0.5333333333333333,0.5333333333333333,data/deam/DEAM_spectrograms_shiv/1957_seg1.png,rock,11,1957_seg1
1957,4.8,1.33,4.8,1.17,0.5333333333333333,0.5333333333333333,data/deam/DEAM_spectrograms_shiv/1957_seg2.png,rock,11,1957_seg2
1958,4.8,1.25,5.1,1.7,0.5333333333333333,0.5666666666666667,data/deam/DEAM_spectrograms_shiv/1958_seg0.png,rock,11,1958_seg0
1958,4.8,1.25,5.1,1.7,0.5333333333333333,0.5666666666666667,data/deam/DEAM_spectrograms_shiv/1958_seg1.png,rock,11,1958_seg1
1958,4.8,1.25,5.1,1.7,0.5333333333333333,0.5666666666666667,data/deam/DEAM_spectrograms_shiv/1958_seg2.png,rock,11,1958_seg2
1959,4.7,1.85,5.8,1.4,0.5222222222222223,0.6444444444444444,data/deam/DEAM_spectrograms_shiv/1959_seg0.png,rock,11,1959_seg0
1959,4.7,1.85,5.8,1.4,0.5222222222222223,0.6444444444444444,data/deam/DEAM_spectrograms_shiv/1959_seg1.png,rock,11,1959_seg1
1959,4.7,1.85,5.8,1.4,0.5222222222222223,0.6444444444444444,data/deam/DEAM_spectrograms_shiv/1959_seg2.png,rock,11,1959_seg2
1960,4.5,1.96,6.7,1.79,0.5,0.7444444444444445,data/deam/DEAM_spectrograms_shiv/1960_seg0.png,rock,11,1960_seg0
1960,4.5,1.96,6.7,1.79,0.5,0.7444444444444445,data/deam/DEAM_spectrograms_shiv/1960_seg1.png,rock,11,1960_seg1
1960,4.5,1.96,6.7,1.79,0.5,0.7444444444444445,data/deam/DEAM_spectrograms_shiv/1960_seg2.png,rock,11,1960_seg2
1962,4.4,1.43,5.0,1.61,0.4888888888888889,0.5555555555555556,data/deam/DEAM_spectrograms_shiv/1962_seg0.png,rock,11,1962_seg0
1962,4.4,1.43,5.0,1.61,0.4888888888888889,0.5555555555555556,data/deam/DEAM_spectrograms_shiv/1962_seg1.png,rock,11,1962_seg1
1962,4.4,1.43,5.0,1.61,0.4888888888888889,0.5555555555555556,data/deam/DEAM_spectrograms_shiv/1962_seg2.png,rock,11,1962_seg2
1963,3.9,2.3,5.5,2.11,0.4333333333333333,0.6111111111111112,data/deam/DEAM_spectrograms_shiv/1963_seg0.png,rock,11,1963_seg0
1963,3.9,2.3,5.5,2.11,0.4333333333333333,0.6111111111111112,data/deam/DEAM_spectrograms_shiv/1963_seg1.png,rock,11,1963_seg1
1963,3.9,2.3,5.5,2.11,0.4333333333333333,0.6111111111111112,data/deam/DEAM_spectrograms_shiv/1963_seg2.png,rock,11,1963_seg2
1965,3.3,1.35,3.5,1.5,0.3666666666666666,0.3888888888888889,data/deam/DEAM_spectrograms_shiv/1965_seg0.png,rock,11,1965_seg0
1965,3.3,1.35,3.5,1.5,0.3666666666666666,0.3888888888888889,data/deam/DEAM_spectrograms_shiv/1965_seg1.png,rock,11,1965_seg1
1965,3.3,1.35,3.5,1.5,0.3666666666666666,0.3888888888888889,data/deam/DEAM_spectrograms_shiv/1965_seg2.png,rock,11,1965_seg2
1967,4.7,2.9,6.9,1.97,0.5222222222222223,0.7666666666666667,data/deam/DEAM_spectrograms_shiv/1967_seg0.png,rock,11,1967_seg0
1967,4.7,2.9,6.9,1.97,0.5222222222222223,0.7666666666666667,data/deam/DEAM_spectrograms_shiv/1967_seg1.png,rock,11,1967_seg1
1967,4.7,2.9,6.9,1.97,0.5222222222222223,0.7666666666666667,data/deam/DEAM_spectrograms_shiv/1967_seg2.png,rock,11,1967_seg2
1968,4.6,1.84,6.18,1.13,0.5111111111111111,0.6866666666666666,data/deam/DEAM_spectrograms_shiv/1968_seg0.png,rock,11,1968_seg0
1968,4.6,1.84,6.18,1.13,0.5111111111111111,0.6866666666666666,data/deam/DEAM_spectrograms_shiv/1968_seg1.png,rock,11,1968_seg1
1968,4.6,1.84,6.18,1.13,0.5111111111111111,0.6866666666666666,data/deam/DEAM_spectrograms_shiv/1968_seg2.png,rock,11,1968_seg2
1969,3.7,2.24,5.7,2.49,0.4111111111111111,0.6333333333333333,data/deam/DEAM_spectrograms_shiv/1969_seg0.png,rock,11,1969_seg0
1969,3.7,2.24,5.7,2.49,0.4111111111111111,0.6333333333333333,data/deam/DEAM_spectrograms_shiv/1969_seg1.png,rock,11,1969_seg1
1969,3.7,2.24,5.7,2.49,0.4111111111111111,0.6333333333333333,data/deam/DEAM_spectrograms_shiv/1969_seg2.png,rock,11,1969_seg2
1971,5.5,1.75,5.5,1.57,0.6111111111111112,0.6111111111111112,data/deam/DEAM_spectrograms_shiv/1971_seg0.png,rock,11,1971_seg0
1971,5.5,1.75,5.5,1.57,0.6111111111111112,0.6111111111111112,data/deam/DEAM_spectrograms_shiv/1971_seg1.png,rock,11,1971_seg1
1971,5.5,1.75,5.5,1.57,0.6111111111111112,0.6111111111111112,data/deam/DEAM_spectrograms_shiv/1971_seg2.png,rock,11,1971_seg2
1973,4.3,1.49,4.3,1.19,0.4777777777777777,0.4777777777777777,data/deam/DEAM_spectrograms_shiv/1973_seg0.png,rock,11,1973_seg0
1973,4.3,1.49,4.3,1.19,0.4777777777777777,0.4777777777777777,data/deam/DEAM_spectrograms_shiv/1973_seg1.png,rock,11,1973_seg1
1973,4.3,1.49,4.3,1.19,0.4777777777777777,0.4777777777777777,data/deam/DEAM_spectrograms_shiv/1973_seg2.png,rock,11,1973_seg2
1974,3.4,1.11,4.7,1.85,0.3777777777777777,0.5222222222222223,data/deam/DEAM_spectrograms_shiv/1974_seg0.png,rock,11,1974_seg0
1974,3.4,1.11,4.7,1.85,0.3777777777777777,0.5222222222222223,data/deam/DEAM_spectrograms_shiv/1974_seg1.png,rock,11,1974_seg1
1974,3.4,1.11,4.7,1.85,0.3777777777777777,0.5222222222222223,data/deam/DEAM_spectrograms_shiv/1974_seg2.png,rock,11,1974_seg2
1975,4.7,1.55,5.6,1.62,0.5222222222222223,0.6222222222222222,data/deam/DEAM_spectrograms_shiv/1975_seg0.png,rock,11,1975_seg0
1975,4.7,1.55,5.6,1.62,0.5222222222222223,0.6222222222222222,data/deam/DEAM_spectrograms_shiv/1975_seg1.png,rock,11,1975_seg1
1975,4.7,1.55,5.6,1.62,0.5222222222222223,0.6222222222222222,data/deam/DEAM_spectrograms_shiv/1975_seg2.png,rock,11,1975_seg2
1976,4.9,1.64,5.4,1.43,0.5444444444444445,0.6000000000000001,data/deam/DEAM_spectrograms_shiv/1976_seg0.png,rock,11,1976_seg0
1976,4.9,1.64,5.4,1.43,0.5444444444444445,0.6000000000000001,data/deam/DEAM_spectrograms_shiv/1976_seg1.png,rock,11,1976_seg1
1976,4.9,1.64,5.4,1.43,0.5444444444444445,0.6000000000000001,data/deam/DEAM_spectrograms_shiv/1976_seg2.png,rock,11,1976_seg2
1977,4.7,1.85,5.2,1.78,0.5222222222222223,0.5777777777777778,data/deam/DEAM_spectrograms_shiv/1977_seg0.png,rock,11,1977_seg0
1977,4.7,1.85,5.2,1.78,0.5222222222222223,0.5777777777777778,data/deam/DEAM_spectrograms_shiv/1977_seg1.png,rock,11,1977_seg1
1977,4.7,1.85,5.2,1.78,0.5222222222222223,0.5777777777777778,data/deam/DEAM_spectrograms_shiv/1977_seg2.png,rock,11,1977_seg2
1978,6.5,1.02,6.5,0.92,0.7222222222222222,0.7222222222222222,data/deam/DEAM_spectrograms_shiv/1978_seg0.png,rock,11,1978_seg0
1978,6.5,1.02,6.5,0.92,0.7222222222222222,0.7222222222222222,data/deam/DEAM_spectrograms_shiv/1978_seg1.png,rock,11,1978_seg1
1978,6.5,1.02,6.5,0.92,0.7222222222222222,0.7222222222222222,data/deam/DEAM_spectrograms_shiv/1978_seg2.png,rock,11,1978_seg2
1979,5.5,2.29,7.2,1.33,0.6111111111111112,0.8,data/deam/DEAM_spectrograms_shiv/1979_seg0.png,rock,11,1979_seg0
1979,5.5,2.29,7.2,1.33,0.6111111111111112,0.8,data/deam/DEAM_spectrograms_shiv/1979_seg1.png,rock,11,1979_seg1
1979,5.5,2.29,7.2,1.33,0.6111111111111112,0.8,data/deam/DEAM_spectrograms_shiv/1979_seg2.png,rock,11,1979_seg2
1980,5.5,1.43,5.4,1.36,0.6111111111111112,0.6000000000000001,data/deam/DEAM_spectrograms_shiv/1980_seg0.png,rock,11,1980_seg0
1980,5.5,1.43,5.4,1.36,0.6111111111111112,0.6000000000000001,data/deam/DEAM_spectrograms_shiv/1980_seg1.png,rock,11,1980_seg1
1980,5.5,1.43,5.4,1.36,0.6111111111111112,0.6000000000000001,data/deam/DEAM_spectrograms_shiv/1980_seg2.png,rock,11,1980_seg2
1981,5.1,1.92,5.8,2.18,0.5666666666666667,0.6444444444444444,data/deam/DEAM_spectrograms_shiv/1981_seg0.png,rock,11,1981_seg0
1981,5.1,1.92,5.8,2.18,0.5666666666666667,0.6444444444444444,data/deam/DEAM_spectrograms_shiv/1981_seg1.png,rock,11,1981_seg1
1981,5.1,1.92,5.8,2.18,0.5666666666666667,0.6444444444444444,data/deam/DEAM_spectrograms_shiv/1981_seg2.png,rock,11,1981_seg2
1982,4.5,1.28,4.5,1.43,0.5,0.5,data/deam/DEAM_spectrograms_shiv/1982_seg0.png,rock,11,1982_seg0
1982,4.5,1.28,4.5,1.43,0.5,0.5,data/deam/DEAM_spectrograms_shiv/1982_seg1.png,rock,11,1982_seg1
1982,4.5,1.28,4.5,1.43,0.5,0.5,data/deam/DEAM_spectrograms_shiv/1982_seg2.png,rock,11,1982_seg2
1984,3.7,1.35,2.9,1.37,0.4111111111111111,0.3222222222222222,data/deam/DEAM_spectrograms_shiv/1984_seg0.png,rock,11,1984_seg0
1984,3.7,1.35,2.9,1.37,0.4111111111111111,0.3222222222222222,data/deam/DEAM_spectrograms_shiv/1984_seg1.png,rock,11,1984_seg1
1984,3.7,1.35,2.9,1.37,0.4111111111111111,0.3222222222222222,data/deam/DEAM_spectrograms_shiv/1984_seg2.png,rock,11,1984_seg2
1985,4.8,1.89,5.6,1.69,0.5333333333333333,0.6222222222222222,data/deam/DEAM_spectrograms_shiv/1985_seg0.png,rock,11,1985_seg0
1985,4.8,1.89,5.6,1.69,0.5333333333333333,0.6222222222222222,data/deam/DEAM_spectrograms_shiv/1985_seg1.png,rock,11,1985_seg1
1985,4.8,1.89,5.6,1.69,0.5333333333333333,0.6222222222222222,data/deam/DEAM_spectrograms_shiv/1985_seg2.png,rock,11,1985_seg2
1987,6.5,1.12,6.3,1.42,0.7222222222222222,0.7,data/deam/DEAM_spectrograms_shiv/1987_seg0.png,rock,11,1987_seg0
1987,6.5,1.12,6.3,1.42,0.7222222222222222,0.7,data/deam/DEAM_spectrograms_shiv/1987_seg1.png,rock,11,1987_seg1
1987,6.5,1.12,6.3,1.42,0.7222222222222222,0.7,data/deam/DEAM_spectrograms_shiv/1987_seg2.png,rock,11,1987_seg2
1988,5.5,1.43,5.8,1.4,0.6111111111111112,0.6444444444444444,data/deam/DEAM_spectrograms_shiv/1988_seg0.png,rock,11,1988_seg0
1988,5.5,1.43,5.8,1.4,0.6111111111111112,0.6444444444444444,data/deam/DEAM_spectrograms_shiv/1988_seg1.png,rock,11,1988_seg1
1988,5.5,1.43,5.8,1.4,0.6111111111111112,0.6444444444444444,data/deam/DEAM_spectrograms_shiv/1988_seg2.png,rock,11,1988_seg2
1989,5.0,1.84,5.7,1.27,0.5555555555555556,0.6333333333333333,data/deam/DEAM_spectrograms_shiv/1989_seg0.png,rock,11,1989_seg0
1989,5.0,1.84,5.7,1.27,0.5555555555555556,0.6333333333333333,data/deam/DEAM_spectrograms_shiv/1989_seg1.png,rock,11,1989_seg1
1989,5.0,1.84,5.7,1.27,0.5555555555555556,0.6333333333333333,data/deam/DEAM_spectrograms_shiv/1989_seg2.png,rock,11,1989_seg2
1990,4.2,1.66,4.1,1.81,0.4666666666666667,0.4555555555555555,data/deam/DEAM_spectrograms_shiv/1990_seg0.png,rock,11,1990_seg0
1990,4.2,1.66,4.1,1.81,0.4666666666666667,0.4555555555555555,data/deam/DEAM_spectrograms_shiv/1990_seg1.png,rock,11,1990_seg1
1990,4.2,1.66,4.1,1.81,0.4666666666666667,0.4555555555555555,data/deam/DEAM_spectrograms_shiv/1990_seg2.png,rock,11,1990_seg2
1991,5.0,2.1,6.0,1.41,0.5555555555555556,0.6666666666666666,data/deam/DEAM_spectrograms_shiv/1991_seg0.png,rock,11,1991_seg0
1991,5.0,2.1,6.0,1.41,0.5555555555555556,0.6666666666666666,data/deam/DEAM_spectrograms_shiv/1991_seg1.png,rock,11,1991_seg1
1991,5.0,2.1,6.0,1.41,0.5555555555555556,0.6666666666666666,data/deam/DEAM_spectrograms_shiv/1991_seg2.png,rock,11,1991_seg2
1992,4.9,2.26,6.8,2.09,0.5444444444444445,0.7555555555555555,data/deam/DEAM_spectrograms_shiv/1992_seg0.png,rock,11,1992_seg0
1992,4.9,2.26,6.8,2.09,0.5444444444444445,0.7555555555555555,data/deam/DEAM_spectrograms_shiv/1992_seg1.png,rock,11,1992_seg1
1992,4.9,2.26,6.8,2.09,0.5444444444444445,0.7555555555555555,data/deam/DEAM_spectrograms_shiv/1992_seg2.png,rock,11,1992_seg2
1993,3.5,2.38,7.0,1.1,0.3888888888888889,0.7777777777777778,data/deam/DEAM_spectrograms_shiv/1993_seg0.png,rock,11,1993_seg0
1993,3.5,2.38,7.0,1.1,0.3888888888888889,0.7777777777777778,data/deam/DEAM_spectrograms_shiv/1993_seg1.png,rock,11,1993_seg1
1993,3.5,2.38,7.0,1.1,0.3888888888888889,0.7777777777777778,data/deam/DEAM_spectrograms_shiv/1993_seg2.png,rock,11,1993_seg2
1994,3.8,0.87,3.5,1.12,0.4222222222222222,0.3888888888888889,data/deam/DEAM_spectrograms_shiv/1994_seg0.png,rock,11,1994_seg0
1994,3.8,0.87,3.5,1.12,0.4222222222222222,0.3888888888888889,data/deam/DEAM_spectrograms_shiv/1994_seg1.png,rock,11,1994_seg1
1994,3.8,0.87,3.5,1.12,0.4222222222222222,0.3888888888888889,data/deam/DEAM_spectrograms_shiv/1994_seg2.png,rock,11,1994_seg2
1995,4.7,1.73,4.7,1.1,0.5222222222222223,0.5222222222222223,data/deam/DEAM_spectrograms_shiv/1995_seg0.png,rock,11,1995_seg0
1995,4.7,1.73,4.7,1.1,0.5222222222222223,0.5222222222222223,data/deam/DEAM_spectrograms_shiv/1995_seg1.png,rock,11,1995_seg1
1995,4.7,1.73,4.7,1.1,0.5222222222222223,0.5222222222222223,data/deam/DEAM_spectrograms_shiv/1995_seg2.png,rock,11,1995_seg2
1996,3.9,1.87,5.9,2.21,0.4333333333333333,0.6555555555555556,data/deam/DEAM_spectrograms_shiv/1996_seg0.png,rock,11,1996_seg0
1996,3.9,1.87,5.9,2.21,0.4333333333333333,0.6555555555555556,data/deam/DEAM_spectrograms_shiv/1996_seg1.png,rock,11,1996_seg1
1996,3.9,1.87,5.9,2.21,0.4333333333333333,0.6555555555555556,data/deam/DEAM_spectrograms_shiv/1996_seg2.png,rock,11,1996_seg2
1997,5.3,1.42,3.9,1.14,0.5888888888888889,0.4333333333333333,data/deam/DEAM_spectrograms_shiv/1997_seg0.png,rock,11,1997_seg0
1997,5.3,1.42,3.9,1.14,0.5888888888888889,0.4333333333333333,data/deam/DEAM_spectrograms_shiv/1997_seg1.png,rock,11,1997_seg1
1997,5.3,1.42,3.9,1.14,0.5888888888888889,0.4333333333333333,data/deam/DEAM_spectrograms_shiv/1997_seg2.png,rock,11,1997_seg2
1998,6.4,1.5,6.2,1.6,0.7111111111111111,0.6888888888888889,data/deam/DEAM_spectrograms_shiv/1998_seg0.png,rock,11,1998_seg0
1998,6.4,1.5,6.2,1.6,0.7111111111111111,0.6888888888888889,data/deam/DEAM_spectrograms_shiv/1998_seg1.png,rock,11,1998_seg1
1998,6.4,1.5,6.2,1.6,0.7111111111111111,0.6888888888888889,data/deam/DEAM_spectrograms_shiv/1998_seg2.png,rock,11,1998_seg2
1999,4.6,2.11,5.4,1.8,0.5111111111111111,0.6000000000000001,data/deam/DEAM_spectrograms_shiv/1999_seg0.png,rock,11,1999_seg0
1999,4.6,2.11,5.4,1.8,0.5111111111111111,0.6000000000000001,data/deam/DEAM_spectrograms_shiv/1999_seg1.png,rock,11,1999_seg1
1999,4.6,2.11,5.4,1.8,0.5111111111111111,0.6000000000000001,data/deam/DEAM_spectrograms_shiv/1999_seg2.png,rock,11,1999_seg2
2000,5.8,1.78,6.0,1.67,0.6444444444444444,0.6666666666666666,data/deam/DEAM_spectrograms_shiv/2000_seg0.png,rock,11,2000_seg0
2000,5.8,1.78,6.0,1.67,0.6444444444444444,0.6666666666666666,data/deam/DEAM_spectrograms_shiv/2000_seg1.png,rock,11,2000_seg1
2000,5.8,1.78,6.0,1.67,0.6444444444444444,0.6666666666666666,data/deam/DEAM_spectrograms_shiv/2000_seg2.png,rock,11,2000_seg2
