song_id,valence_mean,valence_std,arousal_mean,arousal_std,valence,arousal,spec_path,Genre,genre_id,segment_id
3,3.5,1.75,3.3,1.62,0.3888888888888889,0.3666666666666666,data/deam/DEAM_spectrograms_shiv/3_seg0.npy,blues,0,3_seg0
3,3.5,1.75,3.3,1.62,0.3888888888888889,0.3666666666666666,data/deam/DEAM_spectrograms_shiv/3_seg1.npy,blues,0,3_seg1
3,3.5,1.75,3.3,1.62,0.3888888888888889,0.3666666666666666,data/deam/DEAM_spectrograms_shiv/3_seg2.npy,blues,0,3_seg2
4,5.7,1.42,5.5,1.63,0.6333333333333333,0.6111111111111112,data/deam/DEAM_spectrograms_shiv/4_seg0.npy,blues,0,4_seg0
4,5.7,1.42,5.5,1.63,0.6333333333333333,0.6111111111111112,data/deam/DEAM_spectrograms_shiv/4_seg1.npy,blues,0,4_seg1
4,5.7,1.42,5.5,1.63,0.6333333333333333,0.6111111111111112,data/deam/DEAM_spectrograms_shiv/4_seg2.npy,blues,0,4_seg2
5,4.4,2.01,5.3,1.85,0.4888888888888889,0.5888888888888889,data/deam/DEAM_spectrograms_shiv/5_seg0.npy,blues,0,5_seg0
5,4.4,2.01,5.3,1.85,0.4888888888888889,0.5888888888888889,data/deam/DEAM_spectrograms_shiv/5_seg1.npy,blues,0,5_seg1
5,4.4,2.01,5.3,1.85,0.4888888888888889,0.5888888888888889,data/deam/DEAM_spectrograms_shiv/5_seg2.npy,blues,0,5_seg2
7,5.8,1.47,6.4,1.69,0.6444444444444444,0.7111111111111111,data/deam/DEAM_spectrograms_shiv/7_seg0.npy,blues,0,7_seg0
7,5.8,1.47,6.4,1.69,0.6444444444444444,0.7111111111111111,data/deam/DEAM_spectrograms_shiv/7_seg1.npy,blues,0,7_seg1
7,5.8,1.47,6.4,1.69,0.6444444444444444,0.7111111111111111,data/deam/DEAM_spectrograms_shiv/7_seg2.npy,blues,0,7_seg2
8,3.2,1.4,4.8,1.54,0.3555555555555555,0.5333333333333333,data/deam/DEAM_spectrograms_shiv/8_seg0.npy,blues,0,8_seg0
8,3.2,1.4,4.8,1.54,0.3555555555555555,0.5333333333333333,data/deam/DEAM_spectrograms_shiv/8_seg1.npy,blues,0,8_seg1
8,3.2,1.4,4.8,1.54,0.3555555555555555,0.5333333333333333,data/deam/DEAM_spectrograms_shiv/8_seg2.npy,blues,0,8_seg2
10,4.0,1.67,4.7,1.85,0.4444444444444444,0.5222222222222223,data/deam/DEAM_spectrograms_shiv/10_seg0.npy,blues,0,10_seg0
10,4.0,1.67,4.7,1.85,0.4444444444444444,0.5222222222222223,data/deam/DEAM_spectrograms_shiv/10_seg1.npy,blues,0,10_seg1
10,4.0,1.67,4.7,1.85,0.4444444444444444,0.5222222222222223,data/deam/DEAM_spectrograms_shiv/10_seg2.npy,blues,0,10_seg2
12,5.5,1.91,5.8,1.89,0.6111111111111112,0.6444444444444444,data/deam/DEAM_spectrograms_shiv/12_seg0.npy,blues,0,12_seg0
12,5.5,1.91,5.8,1.89,0.6111111111111112,0.6444444444444444,data/deam/DEAM_spectrograms_shiv/12_seg1.npy,blues,0,12_seg1
12,5.5,1.91,5.8,1.89,0.6111111111111112,0.6444444444444444,data/deam/DEAM_spectrograms_shiv/12_seg2.npy,blues,0,12_seg2
17,4.4,1.8,6.0,2.05,0.4888888888888889,0.6666666666666666,data/deam/DEAM_spectrograms_shiv/17_seg0.npy,blues,0,17_seg0
17,4.4,1.8,6.0,2.05,0.4888888888888889,0.6666666666666666,data/deam/DEAM_spectrograms_shiv/17_seg1.npy,blues,0,17_seg1
17,4.4,1.8,6.0,2.05,0.4888888888888889,0.6666666666666666,data/deam/DEAM_spectrograms_shiv/17_seg2.npy,blues,0,17_seg2
18,4.8,1.72,3.9,1.37,0.5333333333333333,0.4333333333333333,data/deam/DEAM_spectrograms_shiv/18_seg0.npy,blues,0,18_seg0
18,4.8,1.72,3.9,1.37,0.5333333333333333,0.4333333333333333,data/deam/DEAM_spectrograms_shiv/18_seg1.npy,blues,0,18_seg1
18,4.8,1.72,3.9,1.37,0.5333333333333333,0.4333333333333333,data/deam/DEAM_spectrograms_shiv/18_seg2.npy,blues,0,18_seg2
19,5.9,1.64,4.3,1.9,0.6555555555555556,0.4777777777777777,data/deam/DEAM_spectrograms_shiv/19_seg0.npy,blues,0,19_seg0
19,5.9,1.64,4.3,1.9,0.6555555555555556,0.4777777777777777,data/deam/DEAM_spectrograms_shiv/19_seg1.npy,blues,0,19_seg1
19,5.9,1.64,4.3,1.9,0.6555555555555556,0.4777777777777777,data/deam/DEAM_spectrograms_shiv/19_seg2.npy,blues,0,19_seg2
20,5.4,2.5,6.5,2.11,0.6000000000000001,0.7222222222222222,data/deam/DEAM_spectrograms_shiv/20_seg0.npy,blues,0,20_seg0
20,5.4,2.5,6.5,2.11,0.6000000000000001,0.7222222222222222,data/deam/DEAM_spectrograms_shiv/20_seg1.npy,blues,0,20_seg1
20,5.4,2.5,6.5,2.11,0.6000000000000001,0.7222222222222222,data/deam/DEAM_spectrograms_shiv/20_seg2.npy,blues,0,20_seg2
21,6.6,0.92,6.3,1.42,0.7333333333333333,0.7,data/deam/DEAM_spectrograms_shiv/21_seg0.npy,blues,0,21_seg0
21,6.6,0.92,6.3,1.42,0.7333333333333333,0.7,data/deam/DEAM_spectrograms_shiv/21_seg1.npy,blues,0,21_seg1
21,6.6,0.92,6.3,1.42,0.7333333333333333,0.7,data/deam/DEAM_spectrograms_shiv/21_seg2.npy,blues,0,21_seg2
25,7.9,0.7,4.7,2.53,0.8777777777777778,0.5222222222222223,data/deam/DEAM_spectrograms_shiv/25_seg0.npy,blues,0,25_seg0
25,7.9,0.7,4.7,2.53,0.8777777777777778,0.5222222222222223,data/deam/DEAM_spectrograms_shiv/25_seg1.npy,blues,0,25_seg1
25,7.9,0.7,4.7,2.53,0.8777777777777778,0.5222222222222223,data/deam/DEAM_spectrograms_shiv/25_seg2.npy,blues,0,25_seg2
31,4.7,1.55,3.8,1.54,0.5222222222222223,0.4222222222222222,data/deam/DEAM_spectrograms_shiv/31_seg0.npy,blues,0,31_seg0
31,4.7,1.55,3.8,1.54,0.5222222222222223,0.4222222222222222,data/deam/DEAM_spectrograms_shiv/31_seg1.npy,blues,0,31_seg1
31,4.7,1.55,3.8,1.54,0.5222222222222223,0.4222222222222222,data/deam/DEAM_spectrograms_shiv/31_seg2.npy,blues,0,31_seg2
32,4.2,1.78,3.3,1.49,0.4666666666666667,0.3666666666666666,data/deam/DEAM_spectrograms_shiv/32_seg0.npy,blues,0,32_seg0
32,4.2,1.78,3.3,1.49,0.4666666666666667,0.3666666666666666,data/deam/DEAM_spectrograms_shiv/32_seg1.npy,blues,0,32_seg1
32,4.2,1.78,3.3,1.49,0.4666666666666667,0.3666666666666666,data/deam/DEAM_spectrograms_shiv/32_seg2.npy,blues,0,32_seg2
35,4.8,2.14,6.5,2.11,0.5333333333333333,0.7222222222222222,data/deam/DEAM_spectrograms_shiv/35_seg0.npy,blues,0,35_seg0
35,4.8,2.14,6.5,2.11,0.5333333333333333,0.7222222222222222,data/deam/DEAM_spectrograms_shiv/35_seg1.npy,blues,0,35_seg1
35,4.8,2.14,6.5,2.11,0.5333333333333333,0.7222222222222222,data/deam/DEAM_spectrograms_shiv/35_seg2.npy,blues,0,35_seg2
37,6.6,2.11,5.3,2.0,0.7333333333333333,0.5888888888888889,data/deam/DEAM_spectrograms_shiv/37_seg0.npy,blues,0,37_seg0
37,6.6,2.11,5.3,2.0,0.7333333333333333,0.5888888888888889,data/deam/DEAM_spectrograms_shiv/37_seg1.npy,blues,0,37_seg1
37,6.6,2.11,5.3,2.0,0.7333333333333333,0.5888888888888889,data/deam/DEAM_spectrograms_shiv/37_seg2.npy,blues,0,37_seg2
39,7.3,1.85,5.4,2.37,0.8111111111111111,0.6000000000000001,data/deam/DEAM_spectrograms_shiv/39_seg0.npy,blues,0,39_seg0
39,7.3,1.85,5.4,2.37,0.8111111111111111,0.6000000000000001,data/deam/DEAM_spectrograms_shiv/39_seg1.npy,blues,0,39_seg1
39,7.3,1.85,5.4,2.37,0.8111111111111111,0.6000000000000001,data/deam/DEAM_spectrograms_shiv/39_seg2.npy,blues,0,39_seg2
40,4.6,1.28,4.8,1.54,0.5111111111111111,0.5333333333333333,data/deam/DEAM_spectrograms_shiv/40_seg0.npy,blues,0,40_seg0
40,4.6,1.28,4.8,1.54,0.5111111111111111,0.5333333333333333,data/deam/DEAM_spectrograms_shiv/40_seg1.npy,blues,0,40_seg1
40,4.6,1.28,4.8,1.54,0.5111111111111111,0.5333333333333333,data/deam/DEAM_spectrograms_shiv/40_seg2.npy,blues,0,40_seg2
41,4.3,1.62,5.1,1.3,0.4777777777777777,0.5666666666666667,data/deam/DEAM_spectrograms_shiv/41_seg0.npy,blues,0,41_seg0
41,4.3,1.62,5.1,1.3,0.4777777777777777,0.5666666666666667,data/deam/DEAM_spectrograms_shiv/41_seg1.npy,blues,0,41_seg1
41,4.3,1.62,5.1,1.3,0.4777777777777777,0.5666666666666667,data/deam/DEAM_spectrograms_shiv/41_seg2.npy,blues,0,41_seg2
42,6.1,1.58,5.1,1.92,0.6777777777777777,0.5666666666666667,data/deam/DEAM_spectrograms_shiv/42_seg0.npy,blues,0,42_seg0
42,6.1,1.58,5.1,1.92,0.6777777777777777,0.5666666666666667,data/deam/DEAM_spectrograms_shiv/42_seg1.npy,blues,0,42_seg1
42,6.1,1.58,5.1,1.92,0.6777777777777777,0.5666666666666667,data/deam/DEAM_spectrograms_shiv/42_seg2.npy,blues,0,42_seg2
44,3.9,1.04,4.9,1.58,0.4333333333333333,0.5444444444444445,data/deam/DEAM_spectrograms_shiv/44_seg0.npy,blues,0,44_seg0
44,3.9,1.04,4.9,1.58,0.4333333333333333,0.5444444444444445,data/deam/DEAM_spectrograms_shiv/44_seg1.npy,blues,0,44_seg1
44,3.9,1.04,4.9,1.58,0.4333333333333333,0.5444444444444445,data/deam/DEAM_spectrograms_shiv/44_seg2.npy,blues,0,44_seg2
45,5.1,2.43,2.1,1.37,0.5666666666666667,0.2333333333333333,data/deam/DEAM_spectrograms_shiv/45_seg0.npy,blues,0,45_seg0
45,5.1,2.43,2.1,1.37,0.5666666666666667,0.2333333333333333,data/deam/DEAM_spectrograms_shiv/45_seg1.npy,blues,0,45_seg1
45,5.1,2.43,2.1,1.37,0.5666666666666667,0.2333333333333333,data/deam/DEAM_spectrograms_shiv/45_seg2.npy,blues,0,45_seg2
46,5.3,1.95,4.0,1.73,0.5888888888888889,0.4444444444444444,data/deam/DEAM_spectrograms_shiv/46_seg0.npy,blues,0,46_seg0
46,5.3,1.95,4.0,1.73,0.5888888888888889,0.4444444444444444,data/deam/DEAM_spectrograms_shiv/46_seg1.npy,blues,0,46_seg1
46,5.3,1.95,4.0,1.73,0.5888888888888889,0.4444444444444444,data/deam/DEAM_spectrograms_shiv/46_seg2.npy,blues,0,46_seg2
47,4.4,1.74,4.4,1.56,0.4888888888888889,0.4888888888888889,data/deam/DEAM_spectrograms_shiv/47_seg0.npy,blues,0,47_seg0
47,4.4,1.74,4.4,1.56,0.4888888888888889,0.4888888888888889,data/deam/DEAM_spectrograms_shiv/47_seg1.npy,blues,0,47_seg1
47,4.4,1.74,4.4,1.56,0.4888888888888889,0.4888888888888889,data/deam/DEAM_spectrograms_shiv/47_seg2.npy,blues,0,47_seg2
48,4.5,1.86,4.8,1.78,0.5,0.5333333333333333,data/deam/DEAM_spectrograms_shiv/48_seg0.npy,blues,0,48_seg0
48,4.5,1.86,4.8,1.78,0.5,0.5333333333333333,data/deam/DEAM_spectrograms_shiv/48_seg1.npy,blues,0,48_seg1
48,4.5,1.86,4.8,1.78,0.5,0.5333333333333333,data/deam/DEAM_spectrograms_shiv/48_seg2.npy,blues,0,48_seg2
49,3.9,1.3,5.3,1.19,0.4333333333333333,0.5888888888888889,data/deam/DEAM_spectrograms_shiv/49_seg0.npy,blues,0,49_seg0
49,3.9,1.3,5.3,1.19,0.4333333333333333,0.5888888888888889,data/deam/DEAM_spectrograms_shiv/49_seg1.npy,blues,0,49_seg1
49,3.9,1.3,5.3,1.19,0.4333333333333333,0.5888888888888889,data/deam/DEAM_spectrograms_shiv/49_seg2.npy,blues,0,49_seg2
50,3.6,1.02,4.8,1.08,0.4,0.5333333333333333,data/deam/DEAM_spectrograms_shiv/50_seg0.npy,blues,0,50_seg0
50,3.6,1.02,4.8,1.08,0.4,0.5333333333333333,data/deam/DEAM_spectrograms_shiv/50_seg1.npy,blues,0,50_seg1
50,3.6,1.02,4.8,1.08,0.4,0.5333333333333333,data/deam/DEAM_spectrograms_shiv/50_seg2.npy,blues,0,50_seg2
51,3.6,1.11,3.2,0.98,0.4,0.3555555555555555,data/deam/DEAM_spectrograms_shiv/51_seg0.npy,blues,0,51_seg0
51,3.6,1.11,3.2,0.98,0.4,0.3555555555555555,data/deam/DEAM_spectrograms_shiv/51_seg1.npy,blues,0,51_seg1
51,3.6,1.11,3.2,0.98,0.4,0.3555555555555555,data/deam/DEAM_spectrograms_shiv/51_seg2.npy,blues,0,51_seg2
53,4.3,2.37,5.1,1.7,0.4777777777777777,0.5666666666666667,data/deam/DEAM_spectrograms_shiv/53_seg0.npy,blues,0,53_seg0
53,4.3,2.37,5.1,1.7,0.4777777777777777,0.5666666666666667,data/deam/DEAM_spectrograms_shiv/53_seg1.npy,blues,0,53_seg1
53,4.3,2.37,5.1,1.7,0.4777777777777777,0.5666666666666667,data/deam/DEAM_spectrograms_shiv/53_seg2.npy,blues,0,53_seg2
55,5.8,1.33,5.4,1.11,0.6444444444444444,0.6000000000000001,data/deam/DEAM_spectrograms_shiv/55_seg0.npy,blues,0,55_seg0
55,5.8,1.33,5.4,1.11,0.6444444444444444,0.6000000000000001,data/deam/DEAM_spectrograms_shiv/55_seg1.npy,blues,0,55_seg1
55,5.8,1.33,5.4,1.11,0.6444444444444444,0.6000000000000001,data/deam/DEAM_spectrograms_shiv/55_seg2.npy,blues,0,55_seg2
56,6.4,1.43,5.8,1.4,0.7111111111111111,0.6444444444444444,data/deam/DEAM_spectrograms_shiv/56_seg0.npy,blues,0,56_seg0
56,6.4,1.43,5.8,1.4,0.7111111111111111,0.6444444444444444,data/deam/DEAM_spectrograms_shiv/56_seg1.npy,blues,0,56_seg1
56,6.4,1.43,5.8,1.4,0.7111111111111111,0.6444444444444444,data/deam/DEAM_spectrograms_shiv/56_seg2.npy,blues,0,56_seg2
58,3.3,1.55,3.4,1.56,0.3666666666666666,0.3777777777777777,data/deam/DEAM_spectrograms_shiv/58_seg0.npy,blues,0,58_seg0
58,3.3,1.55,3.4,1.56,0.3666666666666666,0.3777777777777777,data/deam/DEAM_spectrograms_shiv/58_seg1.npy,blues,0,58_seg1
58,3.3,1.55,3.4,1.56,0.3666666666666666,0.3777777777777777,data/deam/DEAM_spectrograms_shiv/58_seg2.npy,blues,0,58_seg2
59,5.3,1.73,4.1,1.92,0.5888888888888889,0.4555555555555555,data/deam/DEAM_spectrograms_shiv/59_seg0.npy,blues,0,59_seg0
59,5.3,1.73,4.1,1.92,0.5888888888888889,0.4555555555555555,data/deam/DEAM_spectrograms_shiv/59_seg1.npy,blues,0,59_seg1
59,5.3,1.73,4.1,1.92,0.5888888888888889,0.4555555555555555,data/deam/DEAM_spectrograms_shiv/59_seg2.npy,blues,0,59_seg2
60,4.3,1.49,6.4,0.49,0.4777777777777777,0.7111111111111111,data/deam/DEAM_spectrograms_shiv/60_seg0.npy,blues,0,60_seg0
60,4.3,1.49,6.4,0.49,0.4777777777777777,0.7111111111111111,data/deam/DEAM_spectrograms_shiv/60_seg1.npy,blues,0,60_seg1
60,4.3,1.49,6.4,0.49,0.4777777777777777,0.7111111111111111,data/deam/DEAM_spectrograms_shiv/60_seg2.npy,blues,0,60_seg2
62,6.2,0.87,3.9,1.22,0.6888888888888889,0.4333333333333333,data/deam/DEAM_spectrograms_shiv/62_seg0.npy,blues,0,62_seg0
62,6.2,0.87,3.9,1.22,0.6888888888888889,0.4333333333333333,data/deam/DEAM_spectrograms_shiv/62_seg1.npy,blues,0,62_seg1
62,6.2,0.87,3.9,1.22,0.6888888888888889,0.4333333333333333,data/deam/DEAM_spectrograms_shiv/62_seg2.npy,blues,0,62_seg2
64,3.6,1.28,4.9,1.58,0.4,0.5444444444444445,data/deam/DEAM_spectrograms_shiv/64_seg0.npy,blues,0,64_seg0
64,3.6,1.28,4.9,1.58,0.4,0.5444444444444445,data/deam/DEAM_spectrograms_shiv/64_seg1.npy,blues,0,64_seg1
64,3.6,1.28,4.9,1.58,0.4,0.5444444444444445,data/deam/DEAM_spectrograms_shiv/64_seg2.npy,blues,0,64_seg2
65,6.4,1.43,5.8,1.83,0.7111111111111111,0.6444444444444444,data/deam/DEAM_spectrograms_shiv/65_seg0.npy,blues,0,65_seg0
65,6.4,1.43,5.8,1.83,0.7111111111111111,0.6444444444444444,data/deam/DEAM_spectrograms_shiv/65_seg1.npy,blues,0,65_seg1
65,6.4,1.43,5.8,1.83,0.7111111111111111,0.6444444444444444,data/deam/DEAM_spectrograms_shiv/65_seg2.npy,blues,0,65_seg2
67,7.2,0.75,6.8,1.4,0.8,0.7555555555555555,data/deam/DEAM_spectrograms_shiv/67_seg0.npy,blues,0,67_seg0
67,7.2,0.75,6.8,1.4,0.8,0.7555555555555555,data/deam/DEAM_spectrograms_shiv/67_seg1.npy,blues,0,67_seg1
67,7.2,0.75,6.8,1.4,0.8,0.7555555555555555,data/deam/DEAM_spectrograms_shiv/67_seg2.npy,blues,0,67_seg2
68,3.8,1.33,4.9,1.64,0.4222222222222222,0.5444444444444445,data/deam/DEAM_spectrograms_shiv/68_seg0.npy,blues,0,68_seg0
68,3.8,1.33,4.9,1.64,0.4222222222222222,0.5444444444444445,data/deam/DEAM_spectrograms_shiv/68_seg1.npy,blues,0,68_seg1
68,3.8,1.33,4.9,1.64,0.4222222222222222,0.5444444444444445,data/deam/DEAM_spectrograms_shiv/68_seg2.npy,blues,0,68_seg2
70,4.4,1.69,3.6,1.43,0.4888888888888889,0.4,data/deam/DEAM_spectrograms_shiv/70_seg0.npy,blues,0,70_seg0
70,4.4,1.69,3.6,1.43,0.4888888888888889,0.4,data/deam/DEAM_spectrograms_shiv/70_seg1.npy,blues,0,70_seg1
70,4.4,1.69,3.6,1.43,0.4888888888888889,0.4,data/deam/DEAM_spectrograms_shiv/70_seg2.npy,blues,0,70_seg2
71,5.9,1.51,3.7,0.78,0.6555555555555556,0.4111111111111111,data/deam/DEAM_spectrograms_shiv/71_seg0.npy,blues,0,71_seg0
71,5.9,1.51,3.7,0.78,0.6555555555555556,0.4111111111111111,data/deam/DEAM_spectrograms_shiv/71_seg1.npy,blues,0,71_seg1
71,5.9,1.51,3.7,0.78,0.6555555555555556,0.4111111111111111,data/deam/DEAM_spectrograms_shiv/71_seg2.npy,blues,0,71_seg2
74,3.0,1.67,4.3,1.42,0.3333333333333333,0.4777777777777777,data/deam/DEAM_spectrograms_shiv/74_seg0.npy,blues,0,74_seg0
74,3.0,1.67,4.3,1.42,0.3333333333333333,0.4777777777777777,data/deam/DEAM_spectrograms_shiv/74_seg1.npy,blues,0,74_seg1
74,3.0,1.67,4.3,1.42,0.3333333333333333,0.4777777777777777,data/deam/DEAM_spectrograms_shiv/74_seg2.npy,blues,0,74_seg2
76,4.3,1.42,3.2,1.83,0.4777777777777777,0.3555555555555555,data/deam/DEAM_spectrograms_shiv/76_seg0.npy,blues,0,76_seg0
76,4.3,1.42,3.2,1.83,0.4777777777777777,0.3555555555555555,data/deam/DEAM_spectrograms_shiv/76_seg1.npy,blues,0,76_seg1
76,4.3,1.42,3.2,1.83,0.4777777777777777,0.3555555555555555,data/deam/DEAM_spectrograms_shiv/76_seg2.npy,blues,0,76_seg2
79,5.5,2.11,5.5,1.36,0.6111111111111112,0.6111111111111112,data/deam/DEAM_spectrograms_shiv/79_seg0.npy,blues,0,79_seg0
79,5.5,2.11,5.5,1.36,0.6111111111111112,0.6111111111111112,data/deam/DEAM_spectrograms_shiv/79_seg1.npy,blues,0,79_seg1
79,5.5,2.11,5.5,1.36,0.6111111111111112,0.6111111111111112,data/deam/DEAM_spectrograms_shiv/79_seg2.npy,blues,0,79_seg2
81,6.1,1.92,3.9,1.7,0.6777777777777777,0.4333333333333333,data/deam/DEAM_spectrograms_shiv/81_seg0.npy,blues,0,81_seg0
81,6.1,1.92,3.9,1.7,0.6777777777777777,0.4333333333333333,data/deam/DEAM_spectrograms_shiv/81_seg1.npy,blues,0,81_seg1
81,6.1,1.92,3.9,1.7,0.6777777777777777,0.4333333333333333,data/deam/DEAM_spectrograms_shiv/81_seg2.npy,blues,0,81_seg2
82,2.9,1.45,3.5,1.63,0.3222222222222222,0.3888888888888889,data/deam/DEAM_spectrograms_shiv/82_seg0.npy,blues,0,82_seg0
82,2.9,1.45,3.5,1.63,0.3222222222222222,0.3888888888888889,data/deam/DEAM_spectrograms_shiv/82_seg1.npy,blues,0,82_seg1
82,2.9,1.45,3.5,1.63,0.3222222222222222,0.3888888888888889,data/deam/DEAM_spectrograms_shiv/82_seg2.npy,blues,0,82_seg2
83,6.1,1.04,5.8,1.72,0.6777777777777777,0.6444444444444444,data/deam/DEAM_spectrograms_shiv/83_seg0.npy,blues,0,83_seg0
83,6.1,1.04,5.8,1.72,0.6777777777777777,0.6444444444444444,data/deam/DEAM_spectrograms_shiv/83_seg1.npy,blues,0,83_seg1
83,6.1,1.04,5.8,1.72,0.6777777777777777,0.6444444444444444,data/deam/DEAM_spectrograms_shiv/83_seg2.npy,blues,0,83_seg2
85,7.1,1.14,6.2,1.6,0.7888888888888889,0.6888888888888889,data/deam/DEAM_spectrograms_shiv/85_seg0.npy,blues,0,85_seg0
85,7.1,1.14,6.2,1.6,0.7888888888888889,0.6888888888888889,data/deam/DEAM_spectrograms_shiv/85_seg1.npy,blues,0,85_seg1
85,7.1,1.14,6.2,1.6,0.7888888888888889,0.6888888888888889,data/deam/DEAM_spectrograms_shiv/85_seg2.npy,blues,0,85_seg2
86,5.4,1.62,5.6,1.2,0.6000000000000001,0.6222222222222222,data/deam/DEAM_spectrograms_shiv/86_seg0.npy,blues,0,86_seg0
86,5.4,1.62,5.6,1.2,0.6000000000000001,0.6222222222222222,data/deam/DEAM_spectrograms_shiv/86_seg1.npy,blues,0,86_seg1
86,5.4,1.62,5.6,1.2,0.6000000000000001,0.6222222222222222,data/deam/DEAM_spectrograms_shiv/86_seg2.npy,blues,0,86_seg2
87,5.3,2.45,2.6,0.92,0.5888888888888889,0.2888888888888889,data/deam/DEAM_spectrograms_shiv/87_seg0.npy,blues,0,87_seg0
87,5.3,2.45,2.6,0.92,0.5888888888888889,0.2888888888888889,data/deam/DEAM_spectrograms_shiv/87_seg1.npy,blues,0,87_seg1
87,5.3,2.45,2.6,0.92,0.5888888888888889,0.2888888888888889,data/deam/DEAM_spectrograms_shiv/87_seg2.npy,blues,0,87_seg2
88,6.7,1.73,5.5,1.28,0.7444444444444445,0.6111111111111112,data/deam/DEAM_spectrograms_shiv/88_seg0.npy,blues,0,88_seg0
88,6.7,1.73,5.5,1.28,0.7444444444444445,0.6111111111111112,data/deam/DEAM_spectrograms_shiv/88_seg1.npy,blues,0,88_seg1
88,6.7,1.73,5.5,1.28,0.7444444444444445,0.6111111111111112,data/deam/DEAM_spectrograms_shiv/88_seg2.npy,blues,0,88_seg2
89,4.5,2.29,4.8,2.04,0.5,0.5333333333333333,data/deam/DEAM_spectrograms_shiv/89_seg0.npy,blues,0,89_seg0
89,4.5,2.29,4.8,2.04,0.5,0.5333333333333333,data/deam/DEAM_spectrograms_shiv/89_seg1.npy,blues,0,89_seg1
89,4.5,2.29,4.8,2.04,0.5,0.5333333333333333,data/deam/DEAM_spectrograms_shiv/89_seg2.npy,blues,0,89_seg2
90,4.3,1.73,4.2,1.72,0.4777777777777777,0.4666666666666667,data/deam/DEAM_spectrograms_shiv/90_seg0.npy,blues,0,90_seg0
90,4.3,1.73,4.2,1.72,0.4777777777777777,0.4666666666666667,data/deam/DEAM_spectrograms_shiv/90_seg1.npy,blues,0,90_seg1
90,4.3,1.73,4.2,1.72,0.4777777777777777,0.4666666666666667,data/deam/DEAM_spectrograms_shiv/90_seg2.npy,blues,0,90_seg2
91,4.5,1.43,5.5,1.2,0.5,0.6111111111111112,data/deam/DEAM_spectrograms_shiv/91_seg0.npy,blues,0,91_seg0
91,4.5,1.43,5.5,1.2,0.5,0.6111111111111112,data/deam/DEAM_spectrograms_shiv/91_seg1.npy,blues,0,91_seg1
91,4.5,1.43,5.5,1.2,0.5,0.6111111111111112,data/deam/DEAM_spectrograms_shiv/91_seg2.npy,blues,0,91_seg2
92,5.8,2.18,4.7,1.79,0.6444444444444444,0.5222222222222223,data/deam/DEAM_spectrograms_shiv/92_seg0.npy,blues,0,92_seg0
92,5.8,2.18,4.7,1.79,0.6444444444444444,0.5222222222222223,data/deam/DEAM_spectrograms_shiv/92_seg1.npy,blues,0,92_seg1
92,5.8,2.18,4.7,1.79,0.6444444444444444,0.5222222222222223,data/deam/DEAM_spectrograms_shiv/92_seg2.npy,blues,0,92_seg2
95,3.3,1.85,4.6,2.2,0.3666666666666666,0.5111111111111111,data/deam/DEAM_spectrograms_shiv/95_seg0.npy,blues,0,95_seg0
95,3.3,1.85,4.6,2.2,0.3666666666666666,0.5111111111111111,data/deam/DEAM_spectrograms_shiv/95_seg1.npy,blues,0,95_seg1
95,3.3,1.85,4.6,2.2,0.3666666666666666,0.5111111111111111,data/deam/DEAM_spectrograms_shiv/95_seg2.npy,blues,0,95_seg2
96,6.8,1.33,6.9,1.3,0.7555555555555555,0.7666666666666667,data/deam/DEAM_spectrograms_shiv/96_seg0.npy,blues,0,96_seg0
96,6.8,1.33,6.9,1.3,0.7555555555555555,0.7666666666666667,data/deam/DEAM_spectrograms_shiv/96_seg1.npy,blues,0,96_seg1
96,6.8,1.33,6.9,1.3,0.7555555555555555,0.7666666666666667,data/deam/DEAM_spectrograms_shiv/96_seg2.npy,blues,0,96_seg2
98,4.3,1.73,2.7,1.42,0.4777777777777777,0.3,data/deam/DEAM_spectrograms_shiv/98_seg0.npy,blues,0,98_seg0
98,4.3,1.73,2.7,1.42,0.4777777777777777,0.3,data/deam/DEAM_spectrograms_shiv/98_seg1.npy,blues,0,98_seg1
98,4.3,1.73,2.7,1.42,0.4777777777777777,0.3,data/deam/DEAM_spectrograms_shiv/98_seg2.npy,blues,0,98_seg2
99,4.3,1.85,4.1,1.97,0.4777777777777777,0.4555555555555555,data/deam/DEAM_spectrograms_shiv/99_seg0.npy,blues,0,99_seg0
99,4.3,1.85,4.1,1.97,0.4777777777777777,0.4555555555555555,data/deam/DEAM_spectrograms_shiv/99_seg1.npy,blues,0,99_seg1
99,4.3,1.85,4.1,1.97,0.4777777777777777,0.4555555555555555,data/deam/DEAM_spectrograms_shiv/99_seg2.npy,blues,0,99_seg2
101,3.4,1.62,2.8,0.87,0.3777777777777777,0.3111111111111111,data/deam/DEAM_spectrograms_shiv/101_seg0.npy,blues,0,101_seg0
101,3.4,1.62,2.8,0.87,0.3777777777777777,0.3111111111111111,data/deam/DEAM_spectrograms_shiv/101_seg1.npy,blues,0,101_seg1
101,3.4,1.62,2.8,0.87,0.3777777777777777,0.3111111111111111,data/deam/DEAM_spectrograms_shiv/101_seg2.npy,blues,0,101_seg2
102,6.5,0.92,5.4,1.56,0.7222222222222222,0.6000000000000001,data/deam/DEAM_spectrograms_shiv/102_seg0.npy,blues,0,102_seg0
102,6.5,0.92,5.4,1.56,0.7222222222222222,0.6000000000000001,data/deam/DEAM_spectrograms_shiv/102_seg1.npy,blues,0,102_seg1
102,6.5,0.92,5.4,1.56,0.7222222222222222,0.6000000000000001,data/deam/DEAM_spectrograms_shiv/102_seg2.npy,blues,0,102_seg2
103,5.6,1.91,3.3,1.79,0.6222222222222222,0.3666666666666666,data/deam/DEAM_spectrograms_shiv/103_seg0.npy,blues,0,103_seg0
103,5.6,1.91,3.3,1.79,0.6222222222222222,0.3666666666666666,data/deam/DEAM_spectrograms_shiv/103_seg1.npy,blues,0,103_seg1
103,5.6,1.91,3.3,1.79,0.6222222222222222,0.3666666666666666,data/deam/DEAM_spectrograms_shiv/103_seg2.npy,blues,0,103_seg2
104,6.1,1.81,3.3,1.79,0.6777777777777777,0.3666666666666666,data/deam/DEAM_spectrograms_shiv/104_seg0.npy,blues,0,104_seg0
104,6.1,1.81,3.3,1.79,0.6777777777777777,0.3666666666666666,data/deam/DEAM_spectrograms_shiv/104_seg1.npy,blues,0,104_seg1
104,6.1,1.81,3.3,1.79,0.6777777777777777,0.3666666666666666,data/deam/DEAM_spectrograms_shiv/104_seg2.npy,blues,0,104_seg2
105,6.5,1.43,5.0,1.41,0.7222222222222222,0.5555555555555556,data/deam/DEAM_spectrograms_shiv/105_seg0.npy,blues,0,105_seg0
105,6.5,1.43,5.0,1.41,0.7222222222222222,0.5555555555555556,data/deam/DEAM_spectrograms_shiv/105_seg1.npy,blues,0,105_seg1
105,6.5,1.43,5.0,1.41,0.7222222222222222,0.5555555555555556,data/deam/DEAM_spectrograms_shiv/105_seg2.npy,blues,0,105_seg2
108,4.5,1.63,4.2,1.94,0.5,0.4666666666666667,data/deam/DEAM_spectrograms_shiv/108_seg0.npy,blues,0,108_seg0
108,4.5,1.63,4.2,1.94,0.5,0.4666666666666667,data/deam/DEAM_spectrograms_shiv/108_seg1.npy,blues,0,108_seg1
108,4.5,1.63,4.2,1.94,0.5,0.4666666666666667,data/deam/DEAM_spectrograms_shiv/108_seg2.npy,blues,0,108_seg2
110,4.4,1.8,2.8,0.87,0.4888888888888889,0.3111111111111111,data/deam/DEAM_spectrograms_shiv/110_seg0.npy,blues,0,110_seg0
110,4.4,1.8,2.8,0.87,0.4888888888888889,0.3111111111111111,data/deam/DEAM_spectrograms_shiv/110_seg1.npy,blues,0,110_seg1
110,4.4,1.8,2.8,0.87,0.4888888888888889,0.3111111111111111,data/deam/DEAM_spectrograms_shiv/110_seg2.npy,blues,0,110_seg2
111,5.3,1.27,5.3,1.42,0.5888888888888889,0.5888888888888889,data/deam/DEAM_spectrograms_shiv/111_seg0.npy,blues,0,111_seg0
111,5.3,1.27,5.3,1.42,0.5888888888888889,0.5888888888888889,data/deam/DEAM_spectrograms_shiv/111_seg1.npy,blues,0,111_seg1
111,5.3,1.27,5.3,1.42,0.5888888888888889,0.5888888888888889,data/deam/DEAM_spectrograms_shiv/111_seg2.npy,blues,0,111_seg2
112,6.8,0.98,6.4,1.56,0.7555555555555555,0.7111111111111111,data/deam/DEAM_spectrograms_shiv/112_seg0.npy,blues,0,112_seg0
112,6.8,0.98,6.4,1.56,0.7555555555555555,0.7111111111111111,data/deam/DEAM_spectrograms_shiv/112_seg1.npy,blues,0,112_seg1
112,6.8,0.98,6.4,1.56,0.7555555555555555,0.7111111111111111,data/deam/DEAM_spectrograms_shiv/112_seg2.npy,blues,0,112_seg2
113,5.4,1.28,3.8,0.87,0.6000000000000001,0.4222222222222222,data/deam/DEAM_spectrograms_shiv/113_seg0.npy,blues,0,113_seg0
113,5.4,1.28,3.8,0.87,0.6000000000000001,0.4222222222222222,data/deam/DEAM_spectrograms_shiv/113_seg1.npy,blues,0,113_seg1
113,5.4,1.28,3.8,0.87,0.6000000000000001,0.4222222222222222,data/deam/DEAM_spectrograms_shiv/113_seg2.npy,blues,0,113_seg2
114,4.8,0.75,5.7,0.9,0.5333333333333333,0.6333333333333333,data/deam/DEAM_spectrograms_shiv/114_seg0.npy,blues,0,114_seg0
114,4.8,0.75,5.7,0.9,0.5333333333333333,0.6333333333333333,data/deam/DEAM_spectrograms_shiv/114_seg1.npy,blues,0,114_seg1
114,4.8,0.75,5.7,0.9,0.5333333333333333,0.6333333333333333,data/deam/DEAM_spectrograms_shiv/114_seg2.npy,blues,0,114_seg2
115,8.4,0.66,7.8,1.17,0.9333333333333332,0.8666666666666667,data/deam/DEAM_spectrograms_shiv/115_seg0.npy,blues,0,115_seg0
115,8.4,0.66,7.8,1.17,0.9333333333333332,0.8666666666666667,data/deam/DEAM_spectrograms_shiv/115_seg1.npy,blues,0,115_seg1
115,8.4,0.66,7.8,1.17,0.9333333333333332,0.8666666666666667,data/deam/DEAM_spectrograms_shiv/115_seg2.npy,blues,0,115_seg2
116,4.4,1.56,3.9,1.22,0.4888888888888889,0.4333333333333333,data/deam/DEAM_spectrograms_shiv/116_seg0.npy,blues,0,116_seg0
116,4.4,1.56,3.9,1.22,0.4888888888888889,0.4333333333333333,data/deam/DEAM_spectrograms_shiv/116_seg1.npy,blues,0,116_seg1
116,4.4,1.56,3.9,1.22,0.4888888888888889,0.4333333333333333,data/deam/DEAM_spectrograms_shiv/116_seg2.npy,blues,0,116_seg2
118,4.9,1.92,4.6,1.85,0.5444444444444445,0.5111111111111111,data/deam/DEAM_spectrograms_shiv/118_seg0.npy,blues,0,118_seg0
118,4.9,1.92,4.6,1.85,0.5444444444444445,0.5111111111111111,data/deam/DEAM_spectrograms_shiv/118_seg1.npy,blues,0,118_seg1
118,4.9,1.92,4.6,1.85,0.5444444444444445,0.5111111111111111,data/deam/DEAM_spectrograms_shiv/118_seg2.npy,blues,0,118_seg2
119,4.3,2.28,3.2,1.25,0.4777777777777777,0.3555555555555555,data/deam/DEAM_spectrograms_shiv/119_seg0.npy,blues,0,119_seg0
119,4.3,2.28,3.2,1.25,0.4777777777777777,0.3555555555555555,data/deam/DEAM_spectrograms_shiv/119_seg1.npy,blues,0,119_seg1
119,4.3,2.28,3.2,1.25,0.4777777777777777,0.3555555555555555,data/deam/DEAM_spectrograms_shiv/119_seg2.npy,blues,0,119_seg2
121,3.1,0.83,3.9,1.51,0.3444444444444444,0.4333333333333333,data/deam/DEAM_spectrograms_shiv/121_seg0.npy,blues,0,121_seg0
121,3.1,0.83,3.9,1.51,0.3444444444444444,0.4333333333333333,data/deam/DEAM_spectrograms_shiv/121_seg1.npy,blues,0,121_seg1
121,3.1,0.83,3.9,1.51,0.3444444444444444,0.4333333333333333,data/deam/DEAM_spectrograms_shiv/121_seg2.npy,blues,0,121_seg2
122,5.5,1.91,4.6,1.85,0.6111111111111112,0.5111111111111111,data/deam/DEAM_spectrograms_shiv/122_seg0.npy,blues,0,122_seg0
122,5.5,1.91,4.6,1.85,0.6111111111111112,0.5111111111111111,data/deam/DEAM_spectrograms_shiv/122_seg1.npy,blues,0,122_seg1
122,5.5,1.91,4.6,1.85,0.6111111111111112,0.5111111111111111,data/deam/DEAM_spectrograms_shiv/122_seg2.npy,blues,0,122_seg2
124,3.7,1.27,2.8,0.75,0.4111111111111111,0.3111111111111111,data/deam/DEAM_spectrograms_shiv/124_seg0.npy,blues,0,124_seg0
124,3.7,1.27,2.8,0.75,0.4111111111111111,0.3111111111111111,data/deam/DEAM_spectrograms_shiv/124_seg1.npy,blues,0,124_seg1
124,3.7,1.27,2.8,0.75,0.4111111111111111,0.3111111111111111,data/deam/DEAM_spectrograms_shiv/124_seg2.npy,blues,0,124_seg2
125,4.5,1.86,4.2,1.33,0.5,0.4666666666666667,data/deam/DEAM_spectrograms_shiv/125_seg0.npy,blues,0,125_seg0
125,4.5,1.86,4.2,1.33,0.5,0.4666666666666667,data/deam/DEAM_spectrograms_shiv/125_seg1.npy,blues,0,125_seg1
125,4.5,1.86,4.2,1.33,0.5,0.4666666666666667,data/deam/DEAM_spectrograms_shiv/125_seg2.npy,blues,0,125_seg2
1002,4.5,1.5,3.2,1.54,0.5,0.3555555555555555,data/deam/DEAM_spectrograms_shiv/1002_seg0.npy,blues,0,1002_seg0
1002,4.5,1.5,3.2,1.54,0.5,0.3555555555555555,data/deam/DEAM_spectrograms_shiv/1002_seg1.npy,blues,0,1002_seg1
1002,4.5,1.5,3.2,1.54,0.5,0.3555555555555555,data/deam/DEAM_spectrograms_shiv/1002_seg2.npy,blues,0,1002_seg2
1003,5.3,1.79,3.3,1.35,0.5888888888888889,0.3666666666666666,data/deam/DEAM_spectrograms_shiv/1003_seg0.npy,blues,0,1003_seg0
1003,5.3,1.79,3.3,1.35,0.5888888888888889,0.3666666666666666,data/deam/DEAM_spectrograms_shiv/1003_seg1.npy,blues,0,1003_seg1
1003,5.3,1.79,3.3,1.35,0.5888888888888889,0.3666666666666666,data/deam/DEAM_spectrograms_shiv/1003_seg2.npy,blues,0,1003_seg2
1005,5.4,1.28,5.1,1.22,0.6000000000000001,0.5666666666666667,data/deam/DEAM_spectrograms_shiv/1005_seg0.npy,blues,0,1005_seg0
1005,5.4,1.28,5.1,1.22,0.6000000000000001,0.5666666666666667,data/deam/DEAM_spectrograms_shiv/1005_seg1.npy,blues,0,1005_seg1
1005,5.4,1.28,5.1,1.22,0.6000000000000001,0.5666666666666667,data/deam/DEAM_spectrograms_shiv/1005_seg2.npy,blues,0,1005_seg2
1007,5.2,1.47,5.4,1.56,0.5777777777777778,0.6000000000000001,data/deam/DEAM_spectrograms_shiv/1007_seg0.npy,blues,0,1007_seg0
1007,5.2,1.47,5.4,1.56,0.5777777777777778,0.6000000000000001,data/deam/DEAM_spectrograms_shiv/1007_seg1.npy,blues,0,1007_seg1
1007,5.2,1.47,5.4,1.56,0.5777777777777778,0.6000000000000001,data/deam/DEAM_spectrograms_shiv/1007_seg2.npy,blues,0,1007_seg2
1008,6.0,1.55,5.4,1.5,0.6666666666666666,0.6000000000000001,data/deam/DEAM_spectrograms_shiv/1008_seg0.npy,blues,0,1008_seg0
1008,6.0,1.55,5.4,1.5,0.6666666666666666,0.6000000000000001,data/deam/DEAM_spectrograms_shiv/1008_seg1.npy,blues,0,1008_seg1
1008,6.0,1.55,5.4,1.5,0.6666666666666666,0.6000000000000001,data/deam/DEAM_spectrograms_shiv/1008_seg2.npy,blues,0,1008_seg2
1010,6.5,1.63,6.5,1.5,0.7222222222222222,0.7222222222222222,data/deam/DEAM_spectrograms_shiv/1010_seg0.npy,blues,0,1010_seg0
1010,6.5,1.63,6.5,1.5,0.7222222222222222,0.7222222222222222,data/deam/DEAM_spectrograms_shiv/1010_seg1.npy,blues,0,1010_seg1
1010,6.5,1.63,6.5,1.5,0.7222222222222222,0.7222222222222222,data/deam/DEAM_spectrograms_shiv/1010_seg2.npy,blues,0,1010_seg2
1012,4.3,1.62,2.9,1.51,0.4777777777777777,0.3222222222222222,data/deam/DEAM_spectrograms_shiv/1012_seg0.npy,blues,0,1012_seg0
1012,4.3,1.62,2.9,1.51,0.4777777777777777,0.3222222222222222,data/deam/DEAM_spectrograms_shiv/1012_seg1.npy,blues,0,1012_seg1
1012,4.3,1.62,2.9,1.51,0.4777777777777777,0.3222222222222222,data/deam/DEAM_spectrograms_shiv/1012_seg2.npy,blues,0,1012_seg2
1013,3.2,1.4,3.5,1.75,0.3555555555555555,0.3888888888888889,data/deam/DEAM_spectrograms_shiv/1013_seg0.npy,blues,0,1013_seg0
1013,3.2,1.4,3.5,1.75,0.3555555555555555,0.3888888888888889,data/deam/DEAM_spectrograms_shiv/1013_seg1.npy,blues,0,1013_seg1
1013,3.2,1.4,3.5,1.75,0.3555555555555555,0.3888888888888889,data/deam/DEAM_spectrograms_shiv/1013_seg2.npy,blues,0,1013_seg2
1014,4.9,1.04,4.5,1.28,0.5444444444444445,0.5,data/deam/DEAM_spectrograms_shiv/1014_seg0.npy,blues,0,1014_seg0
1014,4.9,1.04,4.5,1.28,0.5444444444444445,0.5,data/deam/DEAM_spectrograms_shiv/1014_seg1.npy,blues,0,1014_seg1
1014,4.9,1.04,4.5,1.28,0.5444444444444445,0.5,data/deam/DEAM_spectrograms_shiv/1014_seg2.npy,blues,0,1014_seg2
1015,5.9,1.58,6.3,1.55,0.6555555555555556,0.7,data/deam/DEAM_spectrograms_shiv/1015_seg0.npy,blues,0,1015_seg0
1015,5.9,1.58,6.3,1.55,0.6555555555555556,0.7,data/deam/DEAM_spectrograms_shiv/1015_seg1.npy,blues,0,1015_seg1
1015,5.9,1.58,6.3,1.55,0.6555555555555556,0.7,data/deam/DEAM_spectrograms_shiv/1015_seg2.npy,blues,0,1015_seg2
1016,3.3,1.42,1.9,0.7,0.3666666666666666,0.2111111111111111,data/deam/DEAM_spectrograms_shiv/1016_seg0.npy,blues,0,1016_seg0
1016,3.3,1.42,1.9,0.7,0.3666666666666666,0.2111111111111111,data/deam/DEAM_spectrograms_shiv/1016_seg1.npy,blues,0,1016_seg1
1016,3.3,1.42,1.9,0.7,0.3666666666666666,0.2111111111111111,data/deam/DEAM_spectrograms_shiv/1016_seg2.npy,blues,0,1016_seg2
1018,3.7,1.49,2.5,1.28,0.4111111111111111,0.2777777777777778,data/deam/DEAM_spectrograms_shiv/1018_seg0.npy,blues,0,1018_seg0
1018,3.7,1.49,2.5,1.28,0.4111111111111111,0.2777777777777778,data/deam/DEAM_spectrograms_shiv/1018_seg1.npy,blues,0,1018_seg1
1018,3.7,1.49,2.5,1.28,0.4111111111111111,0.2777777777777778,data/deam/DEAM_spectrograms_shiv/1018_seg2.npy,blues,0,1018_seg2
1020,3.4,1.43,2.5,0.81,0.3777777777777777,0.2777777777777778,data/deam/DEAM_spectrograms_shiv/1020_seg0.npy,blues,0,1020_seg0
1020,3.4,1.43,2.5,0.81,0.3777777777777777,0.2777777777777778,data/deam/DEAM_spectrograms_shiv/1020_seg1.npy,blues,0,1020_seg1
1020,3.4,1.43,2.5,0.81,0.3777777777777777,0.2777777777777778,data/deam/DEAM_spectrograms_shiv/1020_seg2.npy,blues,0,1020_seg2
1021,6.2,1.66,4.8,1.17,0.6888888888888889,0.5333333333333333,data/deam/DEAM_spectrograms_shiv/1021_seg0.npy,blues,0,1021_seg0
1021,6.2,1.66,4.8,1.17,0.6888888888888889,0.5333333333333333,data/deam/DEAM_spectrograms_shiv/1021_seg1.npy,blues,0,1021_seg1
1021,6.2,1.66,4.8,1.17,0.6888888888888889,0.5333333333333333,data/deam/DEAM_spectrograms_shiv/1021_seg2.npy,blues,0,1021_seg2
1023,2.9,1.37,2.3,0.78,0.3222222222222222,0.2555555555555555,data/deam/DEAM_spectrograms_shiv/1023_seg0.npy,blues,0,1023_seg0
1023,2.9,1.37,2.3,0.78,0.3222222222222222,0.2555555555555555,data/deam/DEAM_spectrograms_shiv/1023_seg1.npy,blues,0,1023_seg1
1023,2.9,1.37,2.3,0.78,0.3222222222222222,0.2555555555555555,data/deam/DEAM_spectrograms_shiv/1023_seg2.npy,blues,0,1023_seg2
1024,3.2,1.47,2.9,1.14,0.3555555555555555,0.3222222222222222,data/deam/DEAM_spectrograms_shiv/1024_seg0.npy,blues,0,1024_seg0
1024,3.2,1.47,2.9,1.14,0.3555555555555555,0.3222222222222222,data/deam/DEAM_spectrograms_shiv/1024_seg1.npy,blues,0,1024_seg1
1024,3.2,1.47,2.9,1.14,0.3555555555555555,0.3222222222222222,data/deam/DEAM_spectrograms_shiv/1024_seg2.npy,blues,0,1024_seg2
1026,3.7,1.73,2.8,1.83,0.4111111111111111,0.3111111111111111,data/deam/DEAM_spectrograms_shiv/1026_seg0.npy,blues,0,1026_seg0
1026,3.7,1.73,2.8,1.83,0.4111111111111111,0.3111111111111111,data/deam/DEAM_spectrograms_shiv/1026_seg1.npy,blues,0,1026_seg1
1026,3.7,1.73,2.8,1.83,0.4111111111111111,0.3111111111111111,data/deam/DEAM_spectrograms_shiv/1026_seg2.npy,blues,0,1026_seg2
1027,4.6,0.92,3.8,0.75,0.5111111111111111,0.4222222222222222,data/deam/DEAM_spectrograms_shiv/1027_seg0.npy,blues,0,1027_seg0
1027,4.6,0.92,3.8,0.75,0.5111111111111111,0.4222222222222222,data/deam/DEAM_spectrograms_shiv/1027_seg1.npy,blues,0,1027_seg1
1027,4.6,0.92,3.8,0.75,0.5111111111111111,0.4222222222222222,data/deam/DEAM_spectrograms_shiv/1027_seg2.npy,blues,0,1027_seg2
1028,4.5,1.28,4.8,1.25,0.5,0.5333333333333333,data/deam/DEAM_spectrograms_shiv/1028_seg0.npy,blues,0,1028_seg0
1028,4.5,1.28,4.8,1.25,0.5,0.5333333333333333,data/deam/DEAM_spectrograms_shiv/1028_seg1.npy,blues,0,1028_seg1
1028,4.5,1.28,4.8,1.25,0.5,0.5333333333333333,data/deam/DEAM_spectrograms_shiv/1028_seg2.npy,blues,0,1028_seg2
1030,5.7,1.42,5.2,1.25,0.6333333333333333,0.5777777777777778,data/deam/DEAM_spectrograms_shiv/1030_seg0.npy,blues,0,1030_seg0
1030,5.7,1.42,5.2,1.25,0.6333333333333333,0.5777777777777778,data/deam/DEAM_spectrograms_shiv/1030_seg1.npy,blues,0,1030_seg1
1030,5.7,1.42,5.2,1.25,0.6333333333333333,0.5777777777777778,data/deam/DEAM_spectrograms_shiv/1030_seg2.npy,blues,0,1030_seg2
1031,4.8,1.4,5.0,1.84,0.5333333333333333,0.5555555555555556,data/deam/DEAM_spectrograms_shiv/1031_seg0.npy,blues,0,1031_seg0
1031,4.8,1.4,5.0,1.84,0.5333333333333333,0.5555555555555556,data/deam/DEAM_spectrograms_shiv/1031_seg1.npy,blues,0,1031_seg1
1031,4.8,1.4,5.0,1.84,0.5333333333333333,0.5555555555555556,data/deam/DEAM_spectrograms_shiv/1031_seg2.npy,blues,0,1031_seg2
1032,3.3,1.42,4.1,1.92,0.3666666666666666,0.4555555555555555,data/deam/DEAM_spectrograms_shiv/1032_seg0.npy,blues,0,1032_seg0
1032,3.3,1.42,4.1,1.92,0.3666666666666666,0.4555555555555555,data/deam/DEAM_spectrograms_shiv/1032_seg1.npy,blues,0,1032_seg1
1032,3.3,1.42,4.1,1.92,0.3666666666666666,0.4555555555555555,data/deam/DEAM_spectrograms_shiv/1032_seg2.npy,blues,0,1032_seg2
1033,5.3,1.19,5.6,0.92,0.5888888888888889,0.6222222222222222,data/deam/DEAM_spectrograms_shiv/1033_seg0.npy,blues,0,1033_seg0
1033,5.3,1.19,5.6,0.92,0.5888888888888889,0.6222222222222222,data/deam/DEAM_spectrograms_shiv/1033_seg1.npy,blues,0,1033_seg1
1033,5.3,1.19,5.6,0.92,0.5888888888888889,0.6222222222222222,data/deam/DEAM_spectrograms_shiv/1033_seg2.npy,blues,0,1033_seg2
1034,3.3,1.55,2.8,1.08,0.3666666666666666,0.3111111111111111,data/deam/DEAM_spectrograms_shiv/1034_seg0.npy,blues,0,1034_seg0
1034,3.3,1.55,2.8,1.08,0.3666666666666666,0.3111111111111111,data/deam/DEAM_spectrograms_shiv/1034_seg1.npy,blues,0,1034_seg1
1034,3.3,1.55,2.8,1.08,0.3666666666666666,0.3111111111111111,data/deam/DEAM_spectrograms_shiv/1034_seg2.npy,blues,0,1034_seg2
1035,4.3,1.49,4.2,1.94,0.4777777777777777,0.4666666666666667,data/deam/DEAM_spectrograms_shiv/1035_seg0.npy,blues,0,1035_seg0
1035,4.3,1.49,4.2,1.94,0.4777777777777777,0.4666666666666667,data/deam/DEAM_spectrograms_shiv/1035_seg1.npy,blues,0,1035_seg1
1035,4.3,1.49,4.2,1.94,0.4777777777777777,0.4666666666666667,data/deam/DEAM_spectrograms_shiv/1035_seg2.npy,blues,0,1035_seg2
1036,4.8,1.6,3.0,0.89,0.5333333333333333,0.3333333333333333,data/deam/DEAM_spectrograms_shiv/1036_seg0.npy,blues,0,1036_seg0
1036,4.8,1.6,3.0,0.89,0.5333333333333333,0.3333333333333333,data/deam/DEAM_spectrograms_shiv/1036_seg1.npy,blues,0,1036_seg1
1036,4.8,1.6,3.0,0.89,0.5333333333333333,0.3333333333333333,data/deam/DEAM_spectrograms_shiv/1036_seg2.npy,blues,0,1036_seg2
1037,5.0,0.63,4.4,1.36,0.5555555555555556,0.4888888888888889,data/deam/DEAM_spectrograms_shiv/1037_seg0.npy,blues,0,1037_seg0
1037,5.0,0.63,4.4,1.36,0.5555555555555556,0.4888888888888889,data/deam/DEAM_spectrograms_shiv/1037_seg1.npy,blues,0,1037_seg1
1037,5.0,0.63,4.4,1.36,0.5555555555555556,0.4888888888888889,data/deam/DEAM_spectrograms_shiv/1037_seg2.npy,blues,0,1037_seg2
1039,6.3,1.49,4.6,1.5,0.7,0.5111111111111111,data/deam/DEAM_spectrograms_shiv/1039_seg0.npy,blues,0,1039_seg0
1039,6.3,1.49,4.6,1.5,0.7,0.5111111111111111,data/deam/DEAM_spectrograms_shiv/1039_seg1.npy,blues,0,1039_seg1
1039,6.3,1.49,4.6,1.5,0.7,0.5111111111111111,data/deam/DEAM_spectrograms_shiv/1039_seg2.npy,blues,0,1039_seg2
1040,6.2,1.54,5.3,1.35,0.6888888888888889,0.5888888888888889,data/deam/DEAM_spectrograms_shiv/1040_seg0.npy,blues,0,1040_seg0
1040,6.2,1.54,5.3,1.35,0.6888888888888889,0.5888888888888889,data/deam/DEAM_spectrograms_shiv/1040_seg1.npy,blues,0,1040_seg1
1040,6.2,1.54,5.3,1.35,0.6888888888888889,0.5888888888888889,data/deam/DEAM_spectrograms_shiv/1040_seg2.npy,blues,0,1040_seg2
1041,5.6,1.2,5.4,1.62,0.6222222222222222,0.6000000000000001,data/deam/DEAM_spectrograms_shiv/1041_seg0.npy,blues,0,1041_seg0
1041,5.6,1.2,5.4,1.62,0.6222222222222222,0.6000000000000001,data/deam/DEAM_spectrograms_shiv/1041_seg1.npy,blues,0,1041_seg1
1041,5.6,1.2,5.4,1.62,0.6222222222222222,0.6000000000000001,data/deam/DEAM_spectrograms_shiv/1041_seg2.npy,blues,0,1041_seg2
1043,4.9,1.76,5.0,1.41,0.5444444444444445,0.5555555555555556,data/deam/DEAM_spectrograms_shiv/1043_seg0.npy,blues,0,1043_seg0
1043,4.9,1.76,5.0,1.41,0.5444444444444445,0.5555555555555556,data/deam/DEAM_spectrograms_shiv/1043_seg1.npy,blues,0,1043_seg1
1043,4.9,1.76,5.0,1.41,0.5444444444444445,0.5555555555555556,data/deam/DEAM_spectrograms_shiv/1043_seg2.npy,blues,0,1043_seg2
1044,7.1,1.64,6.1,1.81,0.7888888888888889,0.6777777777777777,data/deam/DEAM_spectrograms_shiv/1044_seg0.npy,blues,0,1044_seg0
1044,7.1,1.64,6.1,1.81,0.7888888888888889,0.6777777777777777,data/deam/DEAM_spectrograms_shiv/1044_seg1.npy,blues,0,1044_seg1
1044,7.1,1.64,6.1,1.81,0.7888888888888889,0.6777777777777777,data/deam/DEAM_spectrograms_shiv/1044_seg2.npy,blues,0,1044_seg2
1045,4.4,1.43,3.1,1.22,0.4888888888888889,0.3444444444444444,data/deam/DEAM_spectrograms_shiv/1045_seg0.npy,blues,0,1045_seg0
1045,4.4,1.43,3.1,1.22,0.4888888888888889,0.3444444444444444,data/deam/DEAM_spectrograms_shiv/1045_seg1.npy,blues,0,1045_seg1
1045,4.4,1.43,3.1,1.22,0.4888888888888889,0.3444444444444444,data/deam/DEAM_spectrograms_shiv/1045_seg2.npy,blues,0,1045_seg2
1046,5.6,1.69,5.0,2.05,0.6222222222222222,0.5555555555555556,data/deam/DEAM_spectrograms_shiv/1046_seg0.npy,blues,0,1046_seg0
1046,5.6,1.69,5.0,2.05,0.6222222222222222,0.5555555555555556,data/deam/DEAM_spectrograms_shiv/1046_seg1.npy,blues,0,1046_seg1
1046,5.6,1.69,5.0,2.05,0.6222222222222222,0.5555555555555556,data/deam/DEAM_spectrograms_shiv/1046_seg2.npy,blues,0,1046_seg2
1047,5.3,1.19,4.4,1.5,0.5888888888888889,0.4888888888888889,data/deam/DEAM_spectrograms_shiv/1047_seg0.npy,blues,0,1047_seg0
1047,5.3,1.19,4.4,1.5,0.5888888888888889,0.4888888888888889,data/deam/DEAM_spectrograms_shiv/1047_seg1.npy,blues,0,1047_seg1
1047,5.3,1.19,4.4,1.5,0.5888888888888889,0.4888888888888889,data/deam/DEAM_spectrograms_shiv/1047_seg2.npy,blues,0,1047_seg2
1048,5.0,2.19,6.7,1.0,0.5555555555555556,0.7444444444444445,data/deam/DEAM_spectrograms_shiv/1048_seg0.npy,blues,0,1048_seg0
1048,5.0,2.19,6.7,1.0,0.5555555555555556,0.7444444444444445,data/deam/DEAM_spectrograms_shiv/1048_seg1.npy,blues,0,1048_seg1
1048,5.0,2.19,6.7,1.0,0.5555555555555556,0.7444444444444445,data/deam/DEAM_spectrograms_shiv/1048_seg2.npy,blues,0,1048_seg2
1049,5.3,2.28,6.7,1.95,0.5888888888888889,0.7444444444444445,data/deam/DEAM_spectrograms_shiv/1049_seg0.npy,blues,0,1049_seg0
1049,5.3,2.28,6.7,1.95,0.5888888888888889,0.7444444444444445,data/deam/DEAM_spectrograms_shiv/1049_seg1.npy,blues,0,1049_seg1
1049,5.3,2.28,6.7,1.95,0.5888888888888889,0.7444444444444445,data/deam/DEAM_spectrograms_shiv/1049_seg2.npy,blues,0,1049_seg2
1050,6.0,1.26,5.8,1.08,0.6666666666666666,0.6444444444444444,data/deam/DEAM_spectrograms_shiv/1050_seg0.npy,blues,0,1050_seg0
1050,6.0,1.26,5.8,1.08,0.6666666666666666,0.6444444444444444,data/deam/DEAM_spectrograms_shiv/1050_seg1.npy,blues,0,1050_seg1
1050,6.0,1.26,5.8,1.08,0.6666666666666666,0.6444444444444444,data/deam/DEAM_spectrograms_shiv/1050_seg2.npy,blues,0,1050_seg2
1051,5.2,1.08,5.3,1.1,0.5777777777777778,0.5888888888888889,data/deam/DEAM_spectrograms_shiv/1051_seg0.npy,blues,0,1051_seg0
1051,5.2,1.08,5.3,1.1,0.5777777777777778,0.5888888888888889,data/deam/DEAM_spectrograms_shiv/1051_seg1.npy,blues,0,1051_seg1
1051,5.2,1.08,5.3,1.1,0.5777777777777778,0.5888888888888889,data/deam/DEAM_spectrograms_shiv/1051_seg2.npy,blues,0,1051_seg2
1052,5.5,2.25,6.6,1.62,0.6111111111111112,0.7333333333333333,data/deam/DEAM_spectrograms_shiv/1052_seg0.npy,blues,0,1052_seg0
1052,5.5,2.25,6.6,1.62,0.6111111111111112,0.7333333333333333,data/deam/DEAM_spectrograms_shiv/1052_seg1.npy,blues,0,1052_seg1
1052,5.5,2.25,6.6,1.62,0.6111111111111112,0.7333333333333333,data/deam/DEAM_spectrograms_shiv/1052_seg2.npy,blues,0,1052_seg2
1053,4.5,2.11,6.3,1.19,0.5,0.7,data/deam/DEAM_spectrograms_shiv/1053_seg0.npy,blues,0,1053_seg0
1053,4.5,2.11,6.3,1.19,0.5,0.7,data/deam/DEAM_spectrograms_shiv/1053_seg1.npy,blues,0,1053_seg1
1053,4.5,2.11,6.3,1.19,0.5,0.7,data/deam/DEAM_spectrograms_shiv/1053_seg2.npy,blues,0,1053_seg2
1054,3.7,2.49,6.3,2.49,0.4111111111111111,0.7,data/deam/DEAM_spectrograms_shiv/1054_seg0.npy,blues,0,1054_seg0
1054,3.7,2.49,6.3,2.49,0.4111111111111111,0.7,data/deam/DEAM_spectrograms_shiv/1054_seg1.npy,blues,0,1054_seg1
1054,3.7,2.49,6.3,2.49,0.4111111111111111,0.7,data/deam/DEAM_spectrograms_shiv/1054_seg2.npy,blues,0,1054_seg2
1056,4.2,1.47,5.0,1.84,0.4666666666666667,0.5555555555555556,data/deam/DEAM_spectrograms_shiv/1056_seg0.npy,blues,0,1056_seg0
1056,4.2,1.47,5.0,1.84,0.4666666666666667,0.5555555555555556,data/deam/DEAM_spectrograms_shiv/1056_seg1.npy,blues,0,1056_seg1
1056,4.2,1.47,5.0,1.84,0.4666666666666667,0.5555555555555556,data/deam/DEAM_spectrograms_shiv/1056_seg2.npy,blues,0,1056_seg2
1057,4.7,2.28,7.1,1.58,0.5222222222222223,0.7888888888888889,data/deam/DEAM_spectrograms_shiv/1057_seg0.npy,blues,0,1057_seg0
1057,4.7,2.28,7.1,1.58,0.5222222222222223,0.7888888888888889,data/deam/DEAM_spectrograms_shiv/1057_seg1.npy,blues,0,1057_seg1
1057,4.7,2.28,7.1,1.58,0.5222222222222223,0.7888888888888889,data/deam/DEAM_spectrograms_shiv/1057_seg2.npy,blues,0,1057_seg2
1058,4.0,2.05,5.8,2.04,0.4444444444444444,0.6444444444444444,data/deam/DEAM_spectrograms_shiv/1058_seg0.npy,blues,0,1058_seg0
1058,4.0,2.05,5.8,2.04,0.4444444444444444,0.6444444444444444,data/deam/DEAM_spectrograms_shiv/1058_seg1.npy,blues,0,1058_seg1
1058,4.0,2.05,5.8,2.04,0.4444444444444444,0.6444444444444444,data/deam/DEAM_spectrograms_shiv/1058_seg2.npy,blues,0,1058_seg2
1059,4.7,2.71,7.5,1.78,0.5222222222222223,0.8333333333333334,data/deam/DEAM_spectrograms_shiv/1059_seg0.npy,blues,0,1059_seg0
1059,4.7,2.71,7.5,1.78,0.5222222222222223,0.8333333333333334,data/deam/DEAM_spectrograms_shiv/1059_seg1.npy,blues,0,1059_seg1
1059,4.7,2.71,7.5,1.78,0.5222222222222223,0.8333333333333334,data/deam/DEAM_spectrograms_shiv/1059_seg2.npy,blues,0,1059_seg2
1060,5.2,2.09,6.1,1.87,0.5777777777777778,0.6777777777777777,data/deam/DEAM_spectrograms_shiv/1060_seg0.npy,blues,0,1060_seg0
1060,5.2,2.09,6.1,1.87,0.5777777777777778,0.6777777777777777,data/deam/DEAM_spectrograms_shiv/1060_seg1.npy,blues,0,1060_seg1
1060,5.2,2.09,6.1,1.87,0.5777777777777778,0.6777777777777777,data/deam/DEAM_spectrograms_shiv/1060_seg2.npy,blues,0,1060_seg2
1061,6.5,1.8,6.2,1.83,0.7222222222222222,0.6888888888888889,data/deam/DEAM_spectrograms_shiv/1061_seg0.npy,blues,0,1061_seg0
1061,6.5,1.8,6.2,1.83,0.7222222222222222,0.6888888888888889,data/deam/DEAM_spectrograms_shiv/1061_seg1.npy,blues,0,1061_seg1
1061,6.5,1.8,6.2,1.83,0.7222222222222222,0.6888888888888889,data/deam/DEAM_spectrograms_shiv/1061_seg2.npy,blues,0,1061_seg2
1063,5.2,1.66,6.4,1.5,0.5777777777777778,0.7111111111111111,data/deam/DEAM_spectrograms_shiv/1063_seg0.npy,blues,0,1063_seg0
1063,5.2,1.66,6.4,1.5,0.5777777777777778,0.7111111111111111,data/deam/DEAM_spectrograms_shiv/1063_seg1.npy,blues,0,1063_seg1
1063,5.2,1.66,6.4,1.5,0.5777777777777778,0.7111111111111111,data/deam/DEAM_spectrograms_shiv/1063_seg2.npy,blues,0,1063_seg2
1064,5.2,2.25,7.1,1.52,0.5777777777777778,0.7888888888888889,data/deam/DEAM_spectrograms_shiv/1064_seg0.npy,blues,0,1064_seg0
1064,5.2,2.25,7.1,1.52,0.5777777777777778,0.7888888888888889,data/deam/DEAM_spectrograms_shiv/1064_seg1.npy,blues,0,1064_seg1
1064,5.2,2.25,7.1,1.52,0.5777777777777778,0.7888888888888889,data/deam/DEAM_spectrograms_shiv/1064_seg2.npy,blues,0,1064_seg2
1065,6.0,1.41,6.4,1.28,0.6666666666666666,0.7111111111111111,data/deam/DEAM_spectrograms_shiv/1065_seg0.npy,blues,0,1065_seg0
1065,6.0,1.41,6.4,1.28,0.6666666666666666,0.7111111111111111,data/deam/DEAM_spectrograms_shiv/1065_seg1.npy,blues,0,1065_seg1
1065,6.0,1.41,6.4,1.28,0.6666666666666666,0.7111111111111111,data/deam/DEAM_spectrograms_shiv/1065_seg2.npy,blues,0,1065_seg2
126,5.1,1.64,6.1,1.37,0.5666666666666667,0.6777777777777777,data/deam/DEAM_spectrograms_shiv/126_seg0.npy,classical,1,126_seg0
126,5.1,1.64,6.1,1.37,0.5666666666666667,0.6777777777777777,data/deam/DEAM_spectrograms_shiv/126_seg1.npy,classical,1,126_seg1
126,5.1,1.64,6.1,1.37,0.5666666666666667,0.6777777777777777,data/deam/DEAM_spectrograms_shiv/126_seg2.npy,classical,1,126_seg2
128,3.6,1.43,4.0,1.55,0.4,0.4444444444444444,data/deam/DEAM_spectrograms_shiv/128_seg0.npy,classical,1,128_seg0
128,3.6,1.43,4.0,1.55,0.4,0.4444444444444444,data/deam/DEAM_spectrograms_shiv/128_seg1.npy,classical,1,128_seg1
128,3.6,1.43,4.0,1.55,0.4,0.4444444444444444,data/deam/DEAM_spectrograms_shiv/128_seg2.npy,classical,1,128_seg2
129,4.2,1.72,6.0,1.67,0.4666666666666667,0.6666666666666666,data/deam/DEAM_spectrograms_shiv/129_seg0.npy,classical,1,129_seg0
129,4.2,1.72,6.0,1.67,0.4666666666666667,0.6666666666666666,data/deam/DEAM_spectrograms_shiv/129_seg1.npy,classical,1,129_seg1
129,4.2,1.72,6.0,1.67,0.4666666666666667,0.6666666666666666,data/deam/DEAM_spectrograms_shiv/129_seg2.npy,classical,1,129_seg2
130,3.3,1.42,4.2,1.33,0.3666666666666666,0.4666666666666667,data/deam/DEAM_spectrograms_shiv/130_seg0.npy,classical,1,130_seg0
130,3.3,1.42,4.2,1.33,0.3666666666666666,0.4666666666666667,data/deam/DEAM_spectrograms_shiv/130_seg1.npy,classical,1,130_seg1
130,3.3,1.42,4.2,1.33,0.3666666666666666,0.4666666666666667,data/deam/DEAM_spectrograms_shiv/130_seg2.npy,classical,1,130_seg2
131,6.1,1.04,4.9,1.64,0.6777777777777777,0.5444444444444445,data/deam/DEAM_spectrograms_shiv/131_seg0.npy,classical,1,131_seg0
131,6.1,1.04,4.9,1.64,0.6777777777777777,0.5444444444444445,data/deam/DEAM_spectrograms_shiv/131_seg1.npy,classical,1,131_seg1
131,6.1,1.04,4.9,1.64,0.6777777777777777,0.5444444444444445,data/deam/DEAM_spectrograms_shiv/131_seg2.npy,classical,1,131_seg2
133,2.8,1.99,2.2,1.17,0.3111111111111111,0.2444444444444444,data/deam/DEAM_spectrograms_shiv/133_seg0.npy,classical,1,133_seg0
133,2.8,1.99,2.2,1.17,0.3111111111111111,0.2444444444444444,data/deam/DEAM_spectrograms_shiv/133_seg1.npy,classical,1,133_seg1
133,2.8,1.99,2.2,1.17,0.3111111111111111,0.2444444444444444,data/deam/DEAM_spectrograms_shiv/133_seg2.npy,classical,1,133_seg2
134,5.4,1.74,6.0,1.18,0.6000000000000001,0.6666666666666666,data/deam/DEAM_spectrograms_shiv/134_seg0.npy,classical,1,134_seg0
134,5.4,1.74,6.0,1.18,0.6000000000000001,0.6666666666666666,data/deam/DEAM_spectrograms_shiv/134_seg1.npy,classical,1,134_seg1
134,5.4,1.74,6.0,1.18,0.6000000000000001,0.6666666666666666,data/deam/DEAM_spectrograms_shiv/134_seg2.npy,classical,1,134_seg2
135,3.7,2.24,3.5,1.43,0.4111111111111111,0.3888888888888889,data/deam/DEAM_spectrograms_shiv/135_seg0.npy,classical,1,135_seg0
135,3.7,2.24,3.5,1.43,0.4111111111111111,0.3888888888888889,data/deam/DEAM_spectrograms_shiv/135_seg1.npy,classical,1,135_seg1
135,3.7,2.24,3.5,1.43,0.4111111111111111,0.3888888888888889,data/deam/DEAM_spectrograms_shiv/135_seg2.npy,classical,1,135_seg2
136,6.8,1.33,6.2,1.08,0.7555555555555555,0.6888888888888889,data/deam/DEAM_spectrograms_shiv/136_seg0.npy,classical,1,136_seg0
136,6.8,1.33,6.2,1.08,0.7555555555555555,0.6888888888888889,data/deam/DEAM_spectrograms_shiv/136_seg1.npy,classical,1,136_seg1
136,6.8,1.33,6.2,1.08,0.7555555555555555,0.6888888888888889,data/deam/DEAM_spectrograms_shiv/136_seg2.npy,classical,1,136_seg2
137,4.3,1.68,5.8,1.33,0.4777777777777777,0.6444444444444444,data/deam/DEAM_spectrograms_shiv/137_seg0.npy,classical,1,137_seg0
137,4.3,1.68,5.8,1.33,0.4777777777777777,0.6444444444444444,data/deam/DEAM_spectrograms_shiv/137_seg1.npy,classical,1,137_seg1
137,4.3,1.68,5.8,1.33,0.4777777777777777,0.6444444444444444,data/deam/DEAM_spectrograms_shiv/137_seg2.npy,classical,1,137_seg2
140,4.2,1.47,4.5,2.01,0.4666666666666667,0.5,data/deam/DEAM_spectrograms_shiv/140_seg0.npy,classical,1,140_seg0
140,4.2,1.47,4.5,2.01,0.4666666666666667,0.5,data/deam/DEAM_spectrograms_shiv/140_seg1.npy,classical,1,140_seg1
140,4.2,1.47,4.5,2.01,0.4666666666666667,0.5,data/deam/DEAM_spectrograms_shiv/140_seg2.npy,classical,1,140_seg2
143,4.0,1.73,4.9,1.45,0.4444444444444444,0.5444444444444445,data/deam/DEAM_spectrograms_shiv/143_seg0.npy,classical,1,143_seg0
143,4.0,1.73,4.9,1.45,0.4444444444444444,0.5444444444444445,data/deam/DEAM_spectrograms_shiv/143_seg1.npy,classical,1,143_seg1
143,4.0,1.73,4.9,1.45,0.4444444444444444,0.5444444444444445,data/deam/DEAM_spectrograms_shiv/143_seg2.npy,classical,1,143_seg2
144,3.4,1.11,4.7,0.9,0.3777777777777777,0.5222222222222223,data/deam/DEAM_spectrograms_shiv/144_seg0.npy,classical,1,144_seg0
144,3.4,1.11,4.7,0.9,0.3777777777777777,0.5222222222222223,data/deam/DEAM_spectrograms_shiv/144_seg1.npy,classical,1,144_seg1
144,3.4,1.11,4.7,0.9,0.3777777777777777,0.5222222222222223,data/deam/DEAM_spectrograms_shiv/144_seg2.npy,classical,1,144_seg2
145,3.1,1.92,5.4,1.91,0.3444444444444444,0.6000000000000001,data/deam/DEAM_spectrograms_shiv/145_seg0.npy,classical,1,145_seg0
145,3.1,1.92,5.4,1.91,0.3444444444444444,0.6000000000000001,data/deam/DEAM_spectrograms_shiv/145_seg1.npy,classical,1,145_seg1
145,3.1,1.92,5.4,1.91,0.3444444444444444,0.6000000000000001,data/deam/DEAM_spectrograms_shiv/145_seg2.npy,classical,1,145_seg2
146,2.4,1.8,3.5,1.91,0.2666666666666666,0.3888888888888889,data/deam/DEAM_spectrograms_shiv/146_seg0.npy,classical,1,146_seg0
146,2.4,1.8,3.5,1.91,0.2666666666666666,0.3888888888888889,data/deam/DEAM_spectrograms_shiv/146_seg1.npy,classical,1,146_seg1
146,2.4,1.8,3.5,1.91,0.2666666666666666,0.3888888888888889,data/deam/DEAM_spectrograms_shiv/146_seg2.npy,classical,1,146_seg2
148,4.7,1.19,5.0,2.05,0.5222222222222223,0.5555555555555556,data/deam/DEAM_spectrograms_shiv/148_seg0.npy,classical,1,148_seg0
148,4.7,1.19,5.0,2.05,0.5222222222222223,0.5555555555555556,data/deam/DEAM_spectrograms_shiv/148_seg1.npy,classical,1,148_seg1
148,4.7,1.19,5.0,2.05,0.5222222222222223,0.5555555555555556,data/deam/DEAM_spectrograms_shiv/148_seg2.npy,classical,1,148_seg2
149,3.4,1.85,3.1,1.92,0.3777777777777777,0.3444444444444444,data/deam/DEAM_spectrograms_shiv/149_seg0.npy,classical,1,149_seg0
149,3.4,1.85,3.1,1.92,0.3777777777777777,0.3444444444444444,data/deam/DEAM_spectrograms_shiv/149_seg1.npy,classical,1,149_seg1
149,3.4,1.85,3.1,1.92,0.3777777777777777,0.3444444444444444,data/deam/DEAM_spectrograms_shiv/149_seg2.npy,classical,1,149_seg2
150,5.0,2.45,5.4,2.2,0.5555555555555556,0.6000000000000001,data/deam/DEAM_spectrograms_shiv/150_seg0.npy,classical,1,150_seg0
150,5.0,2.45,5.4,2.2,0.5555555555555556,0.6000000000000001,data/deam/DEAM_spectrograms_shiv/150_seg1.npy,classical,1,150_seg1
150,5.0,2.45,5.4,2.2,0.5555555555555556,0.6000000000000001,data/deam/DEAM_spectrograms_shiv/150_seg2.npy,classical,1,150_seg2
151,4.0,1.95,4.5,1.28,0.4444444444444444,0.5,data/deam/DEAM_spectrograms_shiv/151_seg0.npy,classical,1,151_seg0
151,4.0,1.95,4.5,1.28,0.4444444444444444,0.5,data/deam/DEAM_spectrograms_shiv/151_seg1.npy,classical,1,151_seg1
151,4.0,1.95,4.5,1.28,0.4444444444444444,0.5,data/deam/DEAM_spectrograms_shiv/151_seg2.npy,classical,1,151_seg2
152,4.4,1.62,5.6,1.43,0.4888888888888889,0.6222222222222222,data/deam/DEAM_spectrograms_shiv/152_seg0.npy,classical,1,152_seg0
152,4.4,1.62,5.6,1.43,0.4888888888888889,0.6222222222222222,data/deam/DEAM_spectrograms_shiv/152_seg1.npy,classical,1,152_seg1
152,4.4,1.62,5.6,1.43,0.4888888888888889,0.6222222222222222,data/deam/DEAM_spectrograms_shiv/152_seg2.npy,classical,1,152_seg2
155,3.6,1.96,5.4,0.92,0.4,0.6000000000000001,data/deam/DEAM_spectrograms_shiv/155_seg0.npy,classical,1,155_seg0
155,3.6,1.96,5.4,0.92,0.4,0.6000000000000001,data/deam/DEAM_spectrograms_shiv/155_seg1.npy,classical,1,155_seg1
155,3.6,1.96,5.4,0.92,0.4,0.6000000000000001,data/deam/DEAM_spectrograms_shiv/155_seg2.npy,classical,1,155_seg2
156,6.4,1.2,6.7,0.46,0.7111111111111111,0.7444444444444445,data/deam/DEAM_spectrograms_shiv/156_seg0.npy,classical,1,156_seg0
156,6.4,1.2,6.7,0.46,0.7111111111111111,0.7444444444444445,data/deam/DEAM_spectrograms_shiv/156_seg1.npy,classical,1,156_seg1
156,6.4,1.2,6.7,0.46,0.7111111111111111,0.7444444444444445,data/deam/DEAM_spectrograms_shiv/156_seg2.npy,classical,1,156_seg2
157,4.0,1.67,6.2,1.08,0.4444444444444444,0.6888888888888889,data/deam/DEAM_spectrograms_shiv/157_seg0.npy,classical,1,157_seg0
157,4.0,1.67,6.2,1.08,0.4444444444444444,0.6888888888888889,data/deam/DEAM_spectrograms_shiv/157_seg1.npy,classical,1,157_seg1
157,4.0,1.67,6.2,1.08,0.4444444444444444,0.6888888888888889,data/deam/DEAM_spectrograms_shiv/157_seg2.npy,classical,1,157_seg2
158,2.1,0.7,3.6,1.43,0.2333333333333333,0.4,data/deam/DEAM_spectrograms_shiv/158_seg0.npy,classical,1,158_seg0
158,2.1,0.7,3.6,1.43,0.2333333333333333,0.4,data/deam/DEAM_spectrograms_shiv/158_seg1.npy,classical,1,158_seg1
158,2.1,0.7,3.6,1.43,0.2333333333333333,0.4,data/deam/DEAM_spectrograms_shiv/158_seg2.npy,classical,1,158_seg2
159,3.8,2.56,3.1,1.81,0.4222222222222222,0.3444444444444444,data/deam/DEAM_spectrograms_shiv/159_seg0.npy,classical,1,159_seg0
159,3.8,2.56,3.1,1.81,0.4222222222222222,0.3444444444444444,data/deam/DEAM_spectrograms_shiv/159_seg1.npy,classical,1,159_seg1
159,3.8,2.56,3.1,1.81,0.4222222222222222,0.3444444444444444,data/deam/DEAM_spectrograms_shiv/159_seg2.npy,classical,1,159_seg2
160,3.5,2.11,3.5,1.57,0.3888888888888889,0.3888888888888889,data/deam/DEAM_spectrograms_shiv/160_seg0.npy,classical,1,160_seg0
160,3.5,2.11,3.5,1.57,0.3888888888888889,0.3888888888888889,data/deam/DEAM_spectrograms_shiv/160_seg1.npy,classical,1,160_seg1
160,3.5,2.11,3.5,1.57,0.3888888888888889,0.3888888888888889,data/deam/DEAM_spectrograms_shiv/160_seg2.npy,classical,1,160_seg2
161,6.3,1.19,3.5,1.91,0.7,0.3888888888888889,data/deam/DEAM_spectrograms_shiv/161_seg0.npy,classical,1,161_seg0
161,6.3,1.19,3.5,1.91,0.7,0.3888888888888889,data/deam/DEAM_spectrograms_shiv/161_seg1.npy,classical,1,161_seg1
161,6.3,1.19,3.5,1.91,0.7,0.3888888888888889,data/deam/DEAM_spectrograms_shiv/161_seg2.npy,classical,1,161_seg2
162,3.7,1.68,4.6,1.02,0.4111111111111111,0.5111111111111111,data/deam/DEAM_spectrograms_shiv/162_seg0.npy,classical,1,162_seg0
162,3.7,1.68,4.6,1.02,0.4111111111111111,0.5111111111111111,data/deam/DEAM_spectrograms_shiv/162_seg1.npy,classical,1,162_seg1
162,3.7,1.68,4.6,1.02,0.4111111111111111,0.5111111111111111,data/deam/DEAM_spectrograms_shiv/162_seg2.npy,classical,1,162_seg2
163,3.6,1.28,4.5,1.36,0.4,0.5,data/deam/DEAM_spectrograms_shiv/163_seg0.npy,classical,1,163_seg0
163,3.6,1.28,4.5,1.36,0.4,0.5,data/deam/DEAM_spectrograms_shiv/163_seg1.npy,classical,1,163_seg1
163,3.6,1.28,4.5,1.36,0.4,0.5,data/deam/DEAM_spectrograms_shiv/163_seg2.npy,classical,1,163_seg2
164,4.1,1.7,2.9,1.97,0.4555555555555555,0.3222222222222222,data/deam/DEAM_spectrograms_shiv/164_seg0.npy,classical,1,164_seg0
164,4.1,1.7,2.9,1.97,0.4555555555555555,0.3222222222222222,data/deam/DEAM_spectrograms_shiv/164_seg1.npy,classical,1,164_seg1
164,4.1,1.7,2.9,1.97,0.4555555555555555,0.3222222222222222,data/deam/DEAM_spectrograms_shiv/164_seg2.npy,classical,1,164_seg2
166,3.1,1.45,4.2,1.08,0.3444444444444444,0.4666666666666667,data/deam/DEAM_spectrograms_shiv/166_seg0.npy,classical,1,166_seg0
166,3.1,1.45,4.2,1.08,0.3444444444444444,0.4666666666666667,data/deam/DEAM_spectrograms_shiv/166_seg1.npy,classical,1,166_seg1
166,3.1,1.45,4.2,1.08,0.3444444444444444,0.4666666666666667,data/deam/DEAM_spectrograms_shiv/166_seg2.npy,classical,1,166_seg2
167,2.7,1.35,3.3,1.62,0.3,0.3666666666666666,data/deam/DEAM_spectrograms_shiv/167_seg0.npy,classical,1,167_seg0
167,2.7,1.35,3.3,1.62,0.3,0.3666666666666666,data/deam/DEAM_spectrograms_shiv/167_seg1.npy,classical,1,167_seg1
167,2.7,1.35,3.3,1.62,0.3,0.3666666666666666,data/deam/DEAM_spectrograms_shiv/167_seg2.npy,classical,1,167_seg2
168,3.3,1.35,3.4,1.56,0.3666666666666666,0.3777777777777777,data/deam/DEAM_spectrograms_shiv/168_seg0.npy,classical,1,168_seg0
168,3.3,1.35,3.4,1.56,0.3666666666666666,0.3777777777777777,data/deam/DEAM_spectrograms_shiv/168_seg1.npy,classical,1,168_seg1
168,3.3,1.35,3.4,1.56,0.3666666666666666,0.3777777777777777,data/deam/DEAM_spectrograms_shiv/168_seg2.npy,classical,1,168_seg2
169,2.4,0.8,2.8,1.08,0.2666666666666666,0.3111111111111111,data/deam/DEAM_spectrograms_shiv/169_seg0.npy,classical,1,169_seg0
169,2.4,0.8,2.8,1.08,0.2666666666666666,0.3111111111111111,data/deam/DEAM_spectrograms_shiv/169_seg1.npy,classical,1,169_seg1
169,2.4,0.8,2.8,1.08,0.2666666666666666,0.3111111111111111,data/deam/DEAM_spectrograms_shiv/169_seg2.npy,classical,1,169_seg2
170,3.0,1.55,5.0,1.48,0.3333333333333333,0.5555555555555556,data/deam/DEAM_spectrograms_shiv/170_seg0.npy,classical,1,170_seg0
170,3.0,1.55,5.0,1.48,0.3333333333333333,0.5555555555555556,data/deam/DEAM_spectrograms_shiv/170_seg1.npy,classical,1,170_seg1
170,3.0,1.55,5.0,1.48,0.3333333333333333,0.5555555555555556,data/deam/DEAM_spectrograms_shiv/170_seg2.npy,classical,1,170_seg2
171,2.1,0.7,3.6,1.74,0.2333333333333333,0.4,data/deam/DEAM_spectrograms_shiv/171_seg0.npy,classical,1,171_seg0
171,2.1,0.7,3.6,1.74,0.2333333333333333,0.4,data/deam/DEAM_spectrograms_shiv/171_seg1.npy,classical,1,171_seg1
171,2.1,0.7,3.6,1.74,0.2333333333333333,0.4,data/deam/DEAM_spectrograms_shiv/171_seg2.npy,classical,1,171_seg2
172,3.8,2.23,5.0,2.24,0.4222222222222222,0.5555555555555556,data/deam/DEAM_spectrograms_shiv/172_seg0.npy,classical,1,172_seg0
172,3.8,2.23,5.0,2.24,0.4222222222222222,0.5555555555555556,data/deam/DEAM_spectrograms_shiv/172_seg1.npy,classical,1,172_seg1
172,3.8,2.23,5.0,2.24,0.4222222222222222,0.5555555555555556,data/deam/DEAM_spectrograms_shiv/172_seg2.npy,classical,1,172_seg2
173,4.6,1.69,2.2,1.17,0.5111111111111111,0.2444444444444444,data/deam/DEAM_spectrograms_shiv/173_seg0.npy,classical,1,173_seg0
173,4.6,1.69,2.2,1.17,0.5111111111111111,0.2444444444444444,data/deam/DEAM_spectrograms_shiv/173_seg1.npy,classical,1,173_seg1
173,4.6,1.69,2.2,1.17,0.5111111111111111,0.2444444444444444,data/deam/DEAM_spectrograms_shiv/173_seg2.npy,classical,1,173_seg2
174,4.0,1.61,3.8,1.4,0.4444444444444444,0.4222222222222222,data/deam/DEAM_spectrograms_shiv/174_seg0.npy,classical,1,174_seg0
174,4.0,1.61,3.8,1.4,0.4444444444444444,0.4222222222222222,data/deam/DEAM_spectrograms_shiv/174_seg1.npy,classical,1,174_seg1
174,4.0,1.61,3.8,1.4,0.4444444444444444,0.4222222222222222,data/deam/DEAM_spectrograms_shiv/174_seg2.npy,classical,1,174_seg2
175,3.7,1.35,4.3,1.55,0.4111111111111111,0.4777777777777777,data/deam/DEAM_spectrograms_shiv/175_seg0.npy,classical,1,175_seg0
175,3.7,1.35,4.3,1.55,0.4111111111111111,0.4777777777777777,data/deam/DEAM_spectrograms_shiv/175_seg1.npy,classical,1,175_seg1
175,3.7,1.35,4.3,1.55,0.4111111111111111,0.4777777777777777,data/deam/DEAM_spectrograms_shiv/175_seg2.npy,classical,1,175_seg2
176,2.4,1.62,3.9,1.58,0.2666666666666666,0.4333333333333333,data/deam/DEAM_spectrograms_shiv/176_seg0.npy,classical,1,176_seg0
176,2.4,1.62,3.9,1.58,0.2666666666666666,0.4333333333333333,data/deam/DEAM_spectrograms_shiv/176_seg1.npy,classical,1,176_seg1
176,2.4,1.62,3.9,1.58,0.2666666666666666,0.4333333333333333,data/deam/DEAM_spectrograms_shiv/176_seg2.npy,classical,1,176_seg2
177,4.8,1.4,5.6,1.74,0.5333333333333333,0.6222222222222222,data/deam/DEAM_spectrograms_shiv/177_seg0.npy,classical,1,177_seg0
177,4.8,1.4,5.6,1.74,0.5333333333333333,0.6222222222222222,data/deam/DEAM_spectrograms_shiv/177_seg1.npy,classical,1,177_seg1
177,4.8,1.4,5.6,1.74,0.5333333333333333,0.6222222222222222,data/deam/DEAM_spectrograms_shiv/177_seg2.npy,classical,1,177_seg2
178,2.8,2.09,3.7,2.1,0.3111111111111111,0.4111111111111111,data/deam/DEAM_spectrograms_shiv/178_seg0.npy,classical,1,178_seg0
178,2.8,2.09,3.7,2.1,0.3111111111111111,0.4111111111111111,data/deam/DEAM_spectrograms_shiv/178_seg1.npy,classical,1,178_seg1
178,2.8,2.09,3.7,2.1,0.3111111111111111,0.4111111111111111,data/deam/DEAM_spectrograms_shiv/178_seg2.npy,classical,1,178_seg2
180,4.8,1.89,5.9,1.37,0.5333333333333333,0.6555555555555556,data/deam/DEAM_spectrograms_shiv/180_seg0.npy,classical,1,180_seg0
180,4.8,1.89,5.9,1.37,0.5333333333333333,0.6555555555555556,data/deam/DEAM_spectrograms_shiv/180_seg1.npy,classical,1,180_seg1
180,4.8,1.89,5.9,1.37,0.5333333333333333,0.6555555555555556,data/deam/DEAM_spectrograms_shiv/180_seg2.npy,classical,1,180_seg2
181,3.7,2.1,2.5,0.92,0.4111111111111111,0.2777777777777778,data/deam/DEAM_spectrograms_shiv/181_seg0.npy,classical,1,181_seg0
181,3.7,2.1,2.5,0.92,0.4111111111111111,0.2777777777777778,data/deam/DEAM_spectrograms_shiv/181_seg1.npy,classical,1,181_seg1
181,3.7,2.1,2.5,0.92,0.4111111111111111,0.2777777777777778,data/deam/DEAM_spectrograms_shiv/181_seg2.npy,classical,1,181_seg2
184,3.6,1.85,3.4,1.11,0.4,0.3777777777777777,data/deam/DEAM_spectrograms_shiv/184_seg0.npy,classical,1,184_seg0
184,3.6,1.85,3.4,1.11,0.4,0.3777777777777777,data/deam/DEAM_spectrograms_shiv/184_seg1.npy,classical,1,184_seg1
184,3.6,1.85,3.4,1.11,0.4,0.3777777777777777,data/deam/DEAM_spectrograms_shiv/184_seg2.npy,classical,1,184_seg2
185,4.9,1.92,4.6,1.36,0.5444444444444445,0.5111111111111111,data/deam/DEAM_spectrograms_shiv/185_seg0.npy,classical,1,185_seg0
185,4.9,1.92,4.6,1.36,0.5444444444444445,0.5111111111111111,data/deam/DEAM_spectrograms_shiv/185_seg1.npy,classical,1,185_seg1
185,4.9,1.92,4.6,1.36,0.5444444444444445,0.5111111111111111,data/deam/DEAM_spectrograms_shiv/185_seg2.npy,classical,1,185_seg2
186,3.7,1.68,4.0,1.61,0.4111111111111111,0.4444444444444444,data/deam/DEAM_spectrograms_shiv/186_seg0.npy,classical,1,186_seg0
186,3.7,1.68,4.0,1.61,0.4111111111111111,0.4444444444444444,data/deam/DEAM_spectrograms_shiv/186_seg1.npy,classical,1,186_seg1
186,3.7,1.68,4.0,1.61,0.4111111111111111,0.4444444444444444,data/deam/DEAM_spectrograms_shiv/186_seg2.npy,classical,1,186_seg2
187,2.5,1.86,3.7,1.95,0.2777777777777778,0.4111111111111111,data/deam/DEAM_spectrograms_shiv/187_seg0.npy,classical,1,187_seg0
187,2.5,1.86,3.7,1.95,0.2777777777777778,0.4111111111111111,data/deam/DEAM_spectrograms_shiv/187_seg1.npy,classical,1,187_seg1
187,2.5,1.86,3.7,1.95,0.2777777777777778,0.4111111111111111,data/deam/DEAM_spectrograms_shiv/187_seg2.npy,classical,1,187_seg2
189,6.5,1.63,7.1,1.58,0.7222222222222222,0.7888888888888889,data/deam/DEAM_spectrograms_shiv/189_seg0.npy,classical,1,189_seg0
189,6.5,1.63,7.1,1.58,0.7222222222222222,0.7888888888888889,data/deam/DEAM_spectrograms_shiv/189_seg1.npy,classical,1,189_seg1
189,6.5,1.63,7.1,1.58,0.7222222222222222,0.7888888888888889,data/deam/DEAM_spectrograms_shiv/189_seg2.npy,classical,1,189_seg2
190,2.8,1.83,3.1,1.3,0.3111111111111111,0.3444444444444444,data/deam/DEAM_spectrograms_shiv/190_seg0.npy,classical,1,190_seg0
190,2.8,1.83,3.1,1.3,0.3111111111111111,0.3444444444444444,data/deam/DEAM_spectrograms_shiv/190_seg1.npy,classical,1,190_seg1
190,2.8,1.83,3.1,1.3,0.3111111111111111,0.3444444444444444,data/deam/DEAM_spectrograms_shiv/190_seg2.npy,classical,1,190_seg2
191,5.1,2.02,6.3,1.9,0.5666666666666667,0.7,data/deam/DEAM_spectrograms_shiv/191_seg0.npy,classical,1,191_seg0
191,5.1,2.02,6.3,1.9,0.5666666666666667,0.7,data/deam/DEAM_spectrograms_shiv/191_seg1.npy,classical,1,191_seg1
191,5.1,2.02,6.3,1.9,0.5666666666666667,0.7,data/deam/DEAM_spectrograms_shiv/191_seg2.npy,classical,1,191_seg2
192,5.8,0.6,6.1,0.54,0.6444444444444444,0.6777777777777777,data/deam/DEAM_spectrograms_shiv/192_seg0.npy,classical,1,192_seg0
192,5.8,0.6,6.1,0.54,0.6444444444444444,0.6777777777777777,data/deam/DEAM_spectrograms_shiv/192_seg1.npy,classical,1,192_seg1
192,5.8,0.6,6.1,0.54,0.6444444444444444,0.6777777777777777,data/deam/DEAM_spectrograms_shiv/192_seg2.npy,classical,1,192_seg2
197,2.2,1.4,2.8,1.33,0.2444444444444444,0.3111111111111111,data/deam/DEAM_spectrograms_shiv/197_seg0.npy,classical,1,197_seg0
197,2.2,1.4,2.8,1.33,0.2444444444444444,0.3111111111111111,data/deam/DEAM_spectrograms_shiv/197_seg1.npy,classical,1,197_seg1
197,2.2,1.4,2.8,1.33,0.2444444444444444,0.3111111111111111,data/deam/DEAM_spectrograms_shiv/197_seg2.npy,classical,1,197_seg2
199,5.3,1.49,5.7,1.27,0.5888888888888889,0.6333333333333333,data/deam/DEAM_spectrograms_shiv/199_seg0.npy,classical,1,199_seg0
199,5.3,1.49,5.7,1.27,0.5888888888888889,0.6333333333333333,data/deam/DEAM_spectrograms_shiv/199_seg1.npy,classical,1,199_seg1
199,5.3,1.49,5.7,1.27,0.5888888888888889,0.6333333333333333,data/deam/DEAM_spectrograms_shiv/199_seg2.npy,classical,1,199_seg2
201,3.7,1.49,4.8,1.54,0.4111111111111111,0.5333333333333333,data/deam/DEAM_spectrograms_shiv/201_seg0.npy,classical,1,201_seg0
201,3.7,1.49,4.8,1.54,0.4111111111111111,0.5333333333333333,data/deam/DEAM_spectrograms_shiv/201_seg1.npy,classical,1,201_seg1
201,3.7,1.49,4.8,1.54,0.4111111111111111,0.5333333333333333,data/deam/DEAM_spectrograms_shiv/201_seg2.npy,classical,1,201_seg2
202,4.6,1.36,5.2,1.4,0.5111111111111111,0.5777777777777778,data/deam/DEAM_spectrograms_shiv/202_seg0.npy,classical,1,202_seg0
202,4.6,1.36,5.2,1.4,0.5111111111111111,0.5777777777777778,data/deam/DEAM_spectrograms_shiv/202_seg1.npy,classical,1,202_seg1
202,4.6,1.36,5.2,1.4,0.5111111111111111,0.5777777777777778,data/deam/DEAM_spectrograms_shiv/202_seg2.npy,classical,1,202_seg2
204,3.6,2.01,2.2,0.98,0.4,0.2444444444444444,data/deam/DEAM_spectrograms_shiv/204_seg0.npy,classical,1,204_seg0
204,3.6,2.01,2.2,0.98,0.4,0.2444444444444444,data/deam/DEAM_spectrograms_shiv/204_seg1.npy,classical,1,204_seg1
204,3.6,2.01,2.2,0.98,0.4,0.2444444444444444,data/deam/DEAM_spectrograms_shiv/204_seg2.npy,classical,1,204_seg2
205,3.0,1.41,4.5,2.01,0.3333333333333333,0.5,data/deam/DEAM_spectrograms_shiv/205_seg0.npy,classical,1,205_seg0
205,3.0,1.41,4.5,2.01,0.3333333333333333,0.5,data/deam/DEAM_spectrograms_shiv/205_seg1.npy,classical,1,205_seg1
205,3.0,1.41,4.5,2.01,0.3333333333333333,0.5,data/deam/DEAM_spectrograms_shiv/205_seg2.npy,classical,1,205_seg2
206,2.3,0.78,2.6,1.02,0.2555555555555555,0.2888888888888889,data/deam/DEAM_spectrograms_shiv/206_seg0.npy,classical,1,206_seg0
206,2.3,0.78,2.6,1.02,0.2555555555555555,0.2888888888888889,data/deam/DEAM_spectrograms_shiv/206_seg1.npy,classical,1,206_seg1
206,2.3,0.78,2.6,1.02,0.2555555555555555,0.2888888888888889,data/deam/DEAM_spectrograms_shiv/206_seg2.npy,classical,1,206_seg2
207,4.8,2.09,4.8,2.44,0.5333333333333333,0.5333333333333333,data/deam/DEAM_spectrograms_shiv/207_seg0.npy,classical,1,207_seg0
207,4.8,2.09,4.8,2.44,0.5333333333333333,0.5333333333333333,data/deam/DEAM_spectrograms_shiv/207_seg1.npy,classical,1,207_seg1
207,4.8,2.09,4.8,2.44,0.5333333333333333,0.5333333333333333,data/deam/DEAM_spectrograms_shiv/207_seg2.npy,classical,1,207_seg2
208,4.8,2.04,6.5,1.02,0.5333333333333333,0.7222222222222222,data/deam/DEAM_spectrograms_shiv/208_seg0.npy,classical,1,208_seg0
208,4.8,2.04,6.5,1.02,0.5333333333333333,0.7222222222222222,data/deam/DEAM_spectrograms_shiv/208_seg1.npy,classical,1,208_seg1
208,4.8,2.04,6.5,1.02,0.5333333333333333,0.7222222222222222,data/deam/DEAM_spectrograms_shiv/208_seg2.npy,classical,1,208_seg2
209,3.1,0.94,4.6,1.85,0.3444444444444444,0.5111111111111111,data/deam/DEAM_spectrograms_shiv/209_seg0.npy,classical,1,209_seg0
209,3.1,0.94,4.6,1.85,0.3444444444444444,0.5111111111111111,data/deam/DEAM_spectrograms_shiv/209_seg1.npy,classical,1,209_seg1
209,3.1,0.94,4.6,1.85,0.3444444444444444,0.5111111111111111,data/deam/DEAM_spectrograms_shiv/209_seg2.npy,classical,1,209_seg2
211,3.1,1.22,4.9,0.83,0.3444444444444444,0.5444444444444445,data/deam/DEAM_spectrograms_shiv/211_seg0.npy,classical,1,211_seg0
211,3.1,1.22,4.9,0.83,0.3444444444444444,0.5444444444444445,data/deam/DEAM_spectrograms_shiv/211_seg1.npy,classical,1,211_seg1
211,3.1,1.22,4.9,0.83,0.3444444444444444,0.5444444444444445,data/deam/DEAM_spectrograms_shiv/211_seg2.npy,classical,1,211_seg2
212,4.6,1.56,5.4,1.8,0.5111111111111111,0.6000000000000001,data/deam/DEAM_spectrograms_shiv/212_seg0.npy,classical,1,212_seg0
212,4.6,1.56,5.4,1.8,0.5111111111111111,0.6000000000000001,data/deam/DEAM_spectrograms_shiv/212_seg1.npy,classical,1,212_seg1
212,4.6,1.56,5.4,1.8,0.5111111111111111,0.6000000000000001,data/deam/DEAM_spectrograms_shiv/212_seg2.npy,classical,1,212_seg2
213,2.6,1.5,2.5,1.63,0.2888888888888889,0.2777777777777778,data/deam/DEAM_spectrograms_shiv/213_seg0.npy,classical,1,213_seg0
213,2.6,1.5,2.5,1.63,0.2888888888888889,0.2777777777777778,data/deam/DEAM_spectrograms_shiv/213_seg1.npy,classical,1,213_seg1
213,2.6,1.5,2.5,1.63,0.2888888888888889,0.2777777777777778,data/deam/DEAM_spectrograms_shiv/213_seg2.npy,classical,1,213_seg2
215,3.2,2.09,2.6,1.2,0.3555555555555555,0.2888888888888889,data/deam/DEAM_spectrograms_shiv/215_seg0.npy,classical,1,215_seg0
215,3.2,2.09,2.6,1.2,0.3555555555555555,0.2888888888888889,data/deam/DEAM_spectrograms_shiv/215_seg1.npy,classical,1,215_seg1
215,3.2,2.09,2.6,1.2,0.3555555555555555,0.2888888888888889,data/deam/DEAM_spectrograms_shiv/215_seg2.npy,classical,1,215_seg2
216,4.5,1.57,5.3,1.1,0.5,0.5888888888888889,data/deam/DEAM_spectrograms_shiv/216_seg0.npy,classical,1,216_seg0
216,4.5,1.57,5.3,1.1,0.5,0.5888888888888889,data/deam/DEAM_spectrograms_shiv/216_seg1.npy,classical,1,216_seg1
216,4.5,1.57,5.3,1.1,0.5,0.5888888888888889,data/deam/DEAM_spectrograms_shiv/216_seg2.npy,classical,1,216_seg2
217,3.5,1.57,4.8,1.6,0.3888888888888889,0.5333333333333333,data/deam/DEAM_spectrograms_shiv/217_seg0.npy,classical,1,217_seg0
217,3.5,1.57,4.8,1.6,0.3888888888888889,0.5333333333333333,data/deam/DEAM_spectrograms_shiv/217_seg1.npy,classical,1,217_seg1
217,3.5,1.57,4.8,1.6,0.3888888888888889,0.5333333333333333,data/deam/DEAM_spectrograms_shiv/217_seg2.npy,classical,1,217_seg2
218,2.9,1.37,4.0,1.48,0.3222222222222222,0.4444444444444444,data/deam/DEAM_spectrograms_shiv/218_seg0.npy,classical,1,218_seg0
218,2.9,1.37,4.0,1.48,0.3222222222222222,0.4444444444444444,data/deam/DEAM_spectrograms_shiv/218_seg1.npy,classical,1,218_seg1
218,2.9,1.37,4.0,1.48,0.3222222222222222,0.4444444444444444,data/deam/DEAM_spectrograms_shiv/218_seg2.npy,classical,1,218_seg2
219,2.4,0.8,3.8,1.47,0.2666666666666666,0.4222222222222222,data/deam/DEAM_spectrograms_shiv/219_seg0.npy,classical,1,219_seg0
219,2.4,0.8,3.8,1.47,0.2666666666666666,0.4222222222222222,data/deam/DEAM_spectrograms_shiv/219_seg1.npy,classical,1,219_seg1
219,2.4,0.8,3.8,1.47,0.2666666666666666,0.4222222222222222,data/deam/DEAM_spectrograms_shiv/219_seg2.npy,classical,1,219_seg2
220,4.1,1.51,3.4,1.02,0.4555555555555555,0.3777777777777777,data/deam/DEAM_spectrograms_shiv/220_seg0.npy,classical,1,220_seg0
220,4.1,1.51,3.4,1.02,0.4555555555555555,0.3777777777777777,data/deam/DEAM_spectrograms_shiv/220_seg1.npy,classical,1,220_seg1
220,4.1,1.51,3.4,1.02,0.4555555555555555,0.3777777777777777,data/deam/DEAM_spectrograms_shiv/220_seg2.npy,classical,1,220_seg2
221,4.3,1.55,3.4,1.8,0.4777777777777777,0.3777777777777777,data/deam/DEAM_spectrograms_shiv/221_seg0.npy,classical,1,221_seg0
221,4.3,1.55,3.4,1.8,0.4777777777777777,0.3777777777777777,data/deam/DEAM_spectrograms_shiv/221_seg1.npy,classical,1,221_seg1
221,4.3,1.55,3.4,1.8,0.4777777777777777,0.3777777777777777,data/deam/DEAM_spectrograms_shiv/221_seg2.npy,classical,1,221_seg2
222,3.8,1.33,4.3,2.37,0.4222222222222222,0.4777777777777777,data/deam/DEAM_spectrograms_shiv/222_seg0.npy,classical,1,222_seg0
222,3.8,1.33,4.3,2.37,0.4222222222222222,0.4777777777777777,data/deam/DEAM_spectrograms_shiv/222_seg1.npy,classical,1,222_seg1
222,3.8,1.33,4.3,2.37,0.4222222222222222,0.4777777777777777,data/deam/DEAM_spectrograms_shiv/222_seg2.npy,classical,1,222_seg2
223,2.2,1.08,3.5,2.16,0.2444444444444444,0.3888888888888889,data/deam/DEAM_spectrograms_shiv/223_seg0.npy,classical,1,223_seg0
223,2.2,1.08,3.5,2.16,0.2444444444444444,0.3888888888888889,data/deam/DEAM_spectrograms_shiv/223_seg1.npy,classical,1,223_seg1
223,2.2,1.08,3.5,2.16,0.2444444444444444,0.3888888888888889,data/deam/DEAM_spectrograms_shiv/223_seg2.npy,classical,1,223_seg2
224,5.5,1.5,5.7,1.79,0.6111111111111112,0.6333333333333333,data/deam/DEAM_spectrograms_shiv/224_seg0.npy,classical,1,224_seg0
224,5.5,1.5,5.7,1.79,0.6111111111111112,0.6333333333333333,data/deam/DEAM_spectrograms_shiv/224_seg1.npy,classical,1,224_seg1
224,5.5,1.5,5.7,1.79,0.6111111111111112,0.6333333333333333,data/deam/DEAM_spectrograms_shiv/224_seg2.npy,classical,1,224_seg2
226,4.9,1.7,5.0,1.55,0.5444444444444445,0.5555555555555556,data/deam/DEAM_spectrograms_shiv/226_seg0.npy,classical,1,226_seg0
226,4.9,1.7,5.0,1.55,0.5444444444444445,0.5555555555555556,data/deam/DEAM_spectrograms_shiv/226_seg1.npy,classical,1,226_seg1
226,4.9,1.7,5.0,1.55,0.5444444444444445,0.5555555555555556,data/deam/DEAM_spectrograms_shiv/226_seg2.npy,classical,1,226_seg2
227,3.1,1.14,3.5,1.5,0.3444444444444444,0.3888888888888889,data/deam/DEAM_spectrograms_shiv/227_seg0.npy,classical,1,227_seg0
227,3.1,1.14,3.5,1.5,0.3444444444444444,0.3888888888888889,data/deam/DEAM_spectrograms_shiv/227_seg1.npy,classical,1,227_seg1
227,3.1,1.14,3.5,1.5,0.3444444444444444,0.3888888888888889,data/deam/DEAM_spectrograms_shiv/227_seg2.npy,classical,1,227_seg2
228,3.5,1.63,4.0,1.26,0.3888888888888889,0.4444444444444444,data/deam/DEAM_spectrograms_shiv/228_seg0.npy,classical,1,228_seg0
228,3.5,1.63,4.0,1.26,0.3888888888888889,0.4444444444444444,data/deam/DEAM_spectrograms_shiv/228_seg1.npy,classical,1,228_seg1
228,3.5,1.63,4.0,1.26,0.3888888888888889,0.4444444444444444,data/deam/DEAM_spectrograms_shiv/228_seg2.npy,classical,1,228_seg2
229,4.8,1.6,4.8,1.47,0.5333333333333333,0.5333333333333333,data/deam/DEAM_spectrograms_shiv/229_seg0.npy,classical,1,229_seg0
229,4.8,1.6,4.8,1.47,0.5333333333333333,0.5333333333333333,data/deam/DEAM_spectrograms_shiv/229_seg1.npy,classical,1,229_seg1
229,4.8,1.6,4.8,1.47,0.5333333333333333,0.5333333333333333,data/deam/DEAM_spectrograms_shiv/229_seg2.npy,classical,1,229_seg2
231,4.1,1.45,5.6,1.69,0.4555555555555555,0.6222222222222222,data/deam/DEAM_spectrograms_shiv/231_seg0.npy,classical,1,231_seg0
231,4.1,1.45,5.6,1.69,0.4555555555555555,0.6222222222222222,data/deam/DEAM_spectrograms_shiv/231_seg1.npy,classical,1,231_seg1
231,4.1,1.45,5.6,1.69,0.4555555555555555,0.6222222222222222,data/deam/DEAM_spectrograms_shiv/231_seg2.npy,classical,1,231_seg2
232,2.5,1.75,2.7,1.0,0.2777777777777778,0.3,data/deam/DEAM_spectrograms_shiv/232_seg0.npy,classical,1,232_seg0
232,2.5,1.75,2.7,1.0,0.2777777777777778,0.3,data/deam/DEAM_spectrograms_shiv/232_seg1.npy,classical,1,232_seg1
232,2.5,1.75,2.7,1.0,0.2777777777777778,0.3,data/deam/DEAM_spectrograms_shiv/232_seg2.npy,classical,1,232_seg2
233,4.7,1.49,4.5,1.8,0.5222222222222223,0.5,data/deam/DEAM_spectrograms_shiv/233_seg0.npy,classical,1,233_seg0
233,4.7,1.49,4.5,1.8,0.5222222222222223,0.5,data/deam/DEAM_spectrograms_shiv/233_seg1.npy,classical,1,233_seg1
233,4.7,1.49,4.5,1.8,0.5222222222222223,0.5,data/deam/DEAM_spectrograms_shiv/233_seg2.npy,classical,1,233_seg2
234,3.5,2.38,3.9,1.45,0.3888888888888889,0.4333333333333333,data/deam/DEAM_spectrograms_shiv/234_seg0.npy,classical,1,234_seg0
234,3.5,2.38,3.9,1.45,0.3888888888888889,0.4333333333333333,data/deam/DEAM_spectrograms_shiv/234_seg1.npy,classical,1,234_seg1
234,3.5,2.38,3.9,1.45,0.3888888888888889,0.4333333333333333,data/deam/DEAM_spectrograms_shiv/234_seg2.npy,classical,1,234_seg2
235,3.0,1.1,3.7,1.35,0.3333333333333333,0.4111111111111111,data/deam/DEAM_spectrograms_shiv/235_seg0.npy,classical,1,235_seg0
235,3.0,1.1,3.7,1.35,0.3333333333333333,0.4111111111111111,data/deam/DEAM_spectrograms_shiv/235_seg1.npy,classical,1,235_seg1
235,3.0,1.1,3.7,1.35,0.3333333333333333,0.4111111111111111,data/deam/DEAM_spectrograms_shiv/235_seg2.npy,classical,1,235_seg2
236,2.5,1.5,2.4,1.2,0.2777777777777778,0.2666666666666666,data/deam/DEAM_spectrograms_shiv/236_seg0.npy,classical,1,236_seg0
236,2.5,1.5,2.4,1.2,0.2777777777777778,0.2666666666666666,data/deam/DEAM_spectrograms_shiv/236_seg1.npy,classical,1,236_seg1
236,2.5,1.5,2.4,1.2,0.2777777777777778,0.2666666666666666,data/deam/DEAM_spectrograms_shiv/236_seg2.npy,classical,1,236_seg2
237,4.2,2.09,3.9,1.3,0.4666666666666667,0.4333333333333333,data/deam/DEAM_spectrograms_shiv/237_seg0.npy,classical,1,237_seg0
237,4.2,2.09,3.9,1.3,0.4666666666666667,0.4333333333333333,data/deam/DEAM_spectrograms_shiv/237_seg1.npy,classical,1,237_seg1
237,4.2,2.09,3.9,1.3,0.4666666666666667,0.4333333333333333,data/deam/DEAM_spectrograms_shiv/237_seg2.npy,classical,1,237_seg2
238,3.0,1.95,4.6,1.8,0.3333333333333333,0.5111111111111111,data/deam/DEAM_spectrograms_shiv/238_seg0.npy,classical,1,238_seg0
238,3.0,1.95,4.6,1.8,0.3333333333333333,0.5111111111111111,data/deam/DEAM_spectrograms_shiv/238_seg1.npy,classical,1,238_seg1
238,3.0,1.95,4.6,1.8,0.3333333333333333,0.5111111111111111,data/deam/DEAM_spectrograms_shiv/238_seg2.npy,classical,1,238_seg2
240,6.4,1.36,6.6,1.02,0.7111111111111111,0.7333333333333333,data/deam/DEAM_spectrograms_shiv/240_seg0.npy,classical,1,240_seg0
240,6.4,1.36,6.6,1.02,0.7111111111111111,0.7333333333333333,data/deam/DEAM_spectrograms_shiv/240_seg1.npy,classical,1,240_seg1
240,6.4,1.36,6.6,1.02,0.7111111111111111,0.7333333333333333,data/deam/DEAM_spectrograms_shiv/240_seg2.npy,classical,1,240_seg2
241,4.1,2.12,4.6,1.36,0.4555555555555555,0.5111111111111111,data/deam/DEAM_spectrograms_shiv/241_seg0.npy,classical,1,241_seg0
241,4.1,2.12,4.6,1.36,0.4555555555555555,0.5111111111111111,data/deam/DEAM_spectrograms_shiv/241_seg1.npy,classical,1,241_seg1
241,4.1,2.12,4.6,1.36,0.4555555555555555,0.5111111111111111,data/deam/DEAM_spectrograms_shiv/241_seg2.npy,classical,1,241_seg2
242,3.5,1.75,4.7,1.55,0.3888888888888889,0.5222222222222223,data/deam/DEAM_spectrograms_shiv/242_seg0.npy,classical,1,242_seg0
242,3.5,1.75,4.7,1.55,0.3888888888888889,0.5222222222222223,data/deam/DEAM_spectrograms_shiv/242_seg1.npy,classical,1,242_seg1
242,3.5,1.75,4.7,1.55,0.3888888888888889,0.5222222222222223,data/deam/DEAM_spectrograms_shiv/242_seg2.npy,classical,1,242_seg2
246,4.9,2.66,3.2,2.04,0.5444444444444445,0.3555555555555555,data/deam/DEAM_spectrograms_shiv/246_seg0.npy,classical,1,246_seg0
246,4.9,2.66,3.2,2.04,0.5444444444444445,0.3555555555555555,data/deam/DEAM_spectrograms_shiv/246_seg1.npy,classical,1,246_seg1
246,4.9,2.66,3.2,2.04,0.5444444444444445,0.3555555555555555,data/deam/DEAM_spectrograms_shiv/246_seg2.npy,classical,1,246_seg2
247,3.9,1.22,4.5,1.28,0.4333333333333333,0.5,data/deam/DEAM_spectrograms_shiv/247_seg0.npy,classical,1,247_seg0
247,3.9,1.22,4.5,1.28,0.4333333333333333,0.5,data/deam/DEAM_spectrograms_shiv/247_seg1.npy,classical,1,247_seg1
247,3.9,1.22,4.5,1.28,0.4333333333333333,0.5,data/deam/DEAM_spectrograms_shiv/247_seg2.npy,classical,1,247_seg2
248,3.4,1.56,3.7,1.0,0.3777777777777777,0.4111111111111111,data/deam/DEAM_spectrograms_shiv/248_seg0.npy,classical,1,248_seg0
248,3.4,1.56,3.7,1.0,0.3777777777777777,0.4111111111111111,data/deam/DEAM_spectrograms_shiv/248_seg1.npy,classical,1,248_seg1
248,3.4,1.56,3.7,1.0,0.3777777777777777,0.4111111111111111,data/deam/DEAM_spectrograms_shiv/248_seg2.npy,classical,1,248_seg2
250,3.4,2.06,3.6,1.36,0.3777777777777777,0.4,data/deam/DEAM_spectrograms_shiv/250_seg0.npy,classical,1,250_seg0
250,3.4,2.06,3.6,1.36,0.3777777777777777,0.4,data/deam/DEAM_spectrograms_shiv/250_seg1.npy,classical,1,250_seg1
250,3.4,2.06,3.6,1.36,0.3777777777777777,0.4,data/deam/DEAM_spectrograms_shiv/250_seg2.npy,classical,1,250_seg2
1101,3.7,1.42,2.4,1.43,0.4111111111111111,0.2666666666666666,data/deam/DEAM_spectrograms_shiv/1101_seg0.npy,classical,1,1101_seg0
1101,3.7,1.42,2.4,1.43,0.4111111111111111,0.2666666666666666,data/deam/DEAM_spectrograms_shiv/1101_seg1.npy,classical,1,1101_seg1
1101,3.7,1.42,2.4,1.43,0.4111111111111111,0.2666666666666666,data/deam/DEAM_spectrograms_shiv/1101_seg2.npy,classical,1,1101_seg2
1104,4.2,1.54,4.4,1.28,0.4666666666666667,0.4888888888888889,data/deam/DEAM_spectrograms_shiv/1104_seg0.npy,classical,1,1104_seg0
1104,4.2,1.54,4.4,1.28,0.4666666666666667,0.4888888888888889,data/deam/DEAM_spectrograms_shiv/1104_seg1.npy,classical,1,1104_seg1
1104,4.2,1.54,4.4,1.28,0.4666666666666667,0.4888888888888889,data/deam/DEAM_spectrograms_shiv/1104_seg2.npy,classical,1,1104_seg2
1106,3.0,1.34,3.9,1.97,0.3333333333333333,0.4333333333333333,data/deam/DEAM_spectrograms_shiv/1106_seg0.npy,classical,1,1106_seg0
1106,3.0,1.34,3.9,1.97,0.3333333333333333,0.4333333333333333,data/deam/DEAM_spectrograms_shiv/1106_seg1.npy,classical,1,1106_seg1
1106,3.0,1.34,3.9,1.97,0.3333333333333333,0.4333333333333333,data/deam/DEAM_spectrograms_shiv/1106_seg2.npy,classical,1,1106_seg2
1107,3.0,1.26,3.2,1.33,0.3333333333333333,0.3555555555555555,data/deam/DEAM_spectrograms_shiv/1107_seg0.npy,classical,1,1107_seg0
1107,3.0,1.26,3.2,1.33,0.3333333333333333,0.3555555555555555,data/deam/DEAM_spectrograms_shiv/1107_seg1.npy,classical,1,1107_seg1
1107,3.0,1.26,3.2,1.33,0.3333333333333333,0.3555555555555555,data/deam/DEAM_spectrograms_shiv/1107_seg2.npy,classical,1,1107_seg2
1109,4.2,2.18,2.4,1.02,0.4666666666666667,0.2666666666666666,data/deam/DEAM_spectrograms_shiv/1109_seg0.npy,classical,1,1109_seg0
1109,4.2,2.18,2.4,1.02,0.4666666666666667,0.2666666666666666,data/deam/DEAM_spectrograms_shiv/1109_seg1.npy,classical,1,1109_seg1
1109,4.2,2.18,2.4,1.02,0.4666666666666667,0.2666666666666666,data/deam/DEAM_spectrograms_shiv/1109_seg2.npy,classical,1,1109_seg2
1110,5.1,2.17,5.4,1.74,0.5666666666666667,0.6000000000000001,data/deam/DEAM_spectrograms_shiv/1110_seg0.npy,classical,1,1110_seg0
1110,5.1,2.17,5.4,1.74,0.5666666666666667,0.6000000000000001,data/deam/DEAM_spectrograms_shiv/1110_seg1.npy,classical,1,1110_seg1
1110,5.1,2.17,5.4,1.74,0.5666666666666667,0.6000000000000001,data/deam/DEAM_spectrograms_shiv/1110_seg2.npy,classical,1,1110_seg2
1111,3.2,1.4,2.9,1.58,0.3555555555555555,0.3222222222222222,data/deam/DEAM_spectrograms_shiv/1111_seg0.npy,classical,1,1111_seg0
1111,3.2,1.4,2.9,1.58,0.3555555555555555,0.3222222222222222,data/deam/DEAM_spectrograms_shiv/1111_seg1.npy,classical,1,1111_seg1
1111,3.2,1.4,2.9,1.58,0.3555555555555555,0.3222222222222222,data/deam/DEAM_spectrograms_shiv/1111_seg2.npy,classical,1,1111_seg2
1113,3.4,1.5,3.0,1.55,0.3777777777777777,0.3333333333333333,data/deam/DEAM_spectrograms_shiv/1113_seg0.npy,classical,1,1113_seg0
1113,3.4,1.5,3.0,1.55,0.3777777777777777,0.3333333333333333,data/deam/DEAM_spectrograms_shiv/1113_seg1.npy,classical,1,1113_seg1
1113,3.4,1.5,3.0,1.55,0.3777777777777777,0.3333333333333333,data/deam/DEAM_spectrograms_shiv/1113_seg2.npy,classical,1,1113_seg2
1114,3.4,1.56,3.3,2.37,0.3777777777777777,0.3666666666666666,data/deam/DEAM_spectrograms_shiv/1114_seg0.npy,classical,1,1114_seg0
1114,3.4,1.56,3.3,2.37,0.3777777777777777,0.3666666666666666,data/deam/DEAM_spectrograms_shiv/1114_seg1.npy,classical,1,1114_seg1
1114,3.4,1.56,3.3,2.37,0.3777777777777777,0.3666666666666666,data/deam/DEAM_spectrograms_shiv/1114_seg2.npy,classical,1,1114_seg2
1115,4.4,2.37,3.9,1.97,0.4888888888888889,0.4333333333333333,data/deam/DEAM_spectrograms_shiv/1115_seg0.npy,classical,1,1115_seg0
1115,4.4,2.37,3.9,1.97,0.4888888888888889,0.4333333333333333,data/deam/DEAM_spectrograms_shiv/1115_seg1.npy,classical,1,1115_seg1
1115,4.4,2.37,3.9,1.97,0.4888888888888889,0.4333333333333333,data/deam/DEAM_spectrograms_shiv/1115_seg2.npy,classical,1,1115_seg2
1117,4.2,1.33,3.4,1.5,0.4666666666666667,0.3777777777777777,data/deam/DEAM_spectrograms_shiv/1117_seg0.npy,classical,1,1117_seg0
1117,4.2,1.33,3.4,1.5,0.4666666666666667,0.3777777777777777,data/deam/DEAM_spectrograms_shiv/1117_seg1.npy,classical,1,1117_seg1
1117,4.2,1.33,3.4,1.5,0.4666666666666667,0.3777777777777777,data/deam/DEAM_spectrograms_shiv/1117_seg2.npy,classical,1,1117_seg2
1120,3.4,1.56,2.8,1.08,0.3777777777777777,0.3111111111111111,data/deam/DEAM_spectrograms_shiv/1120_seg0.npy,classical,1,1120_seg0
1120,3.4,1.56,2.8,1.08,0.3777777777777777,0.3111111111111111,data/deam/DEAM_spectrograms_shiv/1120_seg1.npy,classical,1,1120_seg1
1120,3.4,1.56,2.8,1.08,0.3777777777777777,0.3111111111111111,data/deam/DEAM_spectrograms_shiv/1120_seg2.npy,classical,1,1120_seg2
1121,3.9,1.76,2.3,1.1,0.4333333333333333,0.2555555555555555,data/deam/DEAM_spectrograms_shiv/1121_seg0.npy,classical,1,1121_seg0
1121,3.9,1.76,2.3,1.1,0.4333333333333333,0.2555555555555555,data/deam/DEAM_spectrograms_shiv/1121_seg1.npy,classical,1,1121_seg1
1121,3.9,1.76,2.3,1.1,0.4333333333333333,0.2555555555555555,data/deam/DEAM_spectrograms_shiv/1121_seg2.npy,classical,1,1121_seg2
1122,6.8,1.94,5.4,1.5,0.7555555555555555,0.6000000000000001,data/deam/DEAM_spectrograms_shiv/1122_seg0.npy,classical,1,1122_seg0
1122,6.8,1.94,5.4,1.5,0.7555555555555555,0.6000000000000001,data/deam/DEAM_spectrograms_shiv/1122_seg1.npy,classical,1,1122_seg1
1122,6.8,1.94,5.4,1.5,0.7555555555555555,0.6000000000000001,data/deam/DEAM_spectrograms_shiv/1122_seg2.npy,classical,1,1122_seg2
1123,3.1,1.64,3.1,1.97,0.3444444444444444,0.3444444444444444,data/deam/DEAM_spectrograms_shiv/1123_seg0.npy,classical,1,1123_seg0
1123,3.1,1.64,3.1,1.97,0.3444444444444444,0.3444444444444444,data/deam/DEAM_spectrograms_shiv/1123_seg1.npy,classical,1,1123_seg1
1123,3.1,1.64,3.1,1.97,0.3444444444444444,0.3444444444444444,data/deam/DEAM_spectrograms_shiv/1123_seg2.npy,classical,1,1123_seg2
1124,5.4,1.62,5.1,1.22,0.6000000000000001,0.5666666666666667,data/deam/DEAM_spectrograms_shiv/1124_seg0.npy,classical,1,1124_seg0
1124,5.4,1.62,5.1,1.22,0.6000000000000001,0.5666666666666667,data/deam/DEAM_spectrograms_shiv/1124_seg1.npy,classical,1,1124_seg1
1124,5.4,1.62,5.1,1.22,0.6000000000000001,0.5666666666666667,data/deam/DEAM_spectrograms_shiv/1124_seg2.npy,classical,1,1124_seg2
1125,4.9,1.14,3.0,1.41,0.5444444444444445,0.3333333333333333,data/deam/DEAM_spectrograms_shiv/1125_seg0.npy,classical,1,1125_seg0
1125,4.9,1.14,3.0,1.41,0.5444444444444445,0.3333333333333333,data/deam/DEAM_spectrograms_shiv/1125_seg1.npy,classical,1,1125_seg1
1125,4.9,1.14,3.0,1.41,0.5444444444444445,0.3333333333333333,data/deam/DEAM_spectrograms_shiv/1125_seg2.npy,classical,1,1125_seg2
1126,3.9,1.81,3.2,1.25,0.4333333333333333,0.3555555555555555,data/deam/DEAM_spectrograms_shiv/1126_seg0.npy,classical,1,1126_seg0
1126,3.9,1.81,3.2,1.25,0.4333333333333333,0.3555555555555555,data/deam/DEAM_spectrograms_shiv/1126_seg1.npy,classical,1,1126_seg1
1126,3.9,1.81,3.2,1.25,0.4333333333333333,0.3555555555555555,data/deam/DEAM_spectrograms_shiv/1126_seg2.npy,classical,1,1126_seg2
1127,3.4,1.62,3.0,1.55,0.3777777777777777,0.3333333333333333,data/deam/DEAM_spectrograms_shiv/1127_seg0.npy,classical,1,1127_seg0
1127,3.4,1.62,3.0,1.55,0.3777777777777777,0.3333333333333333,data/deam/DEAM_spectrograms_shiv/1127_seg1.npy,classical,1,1127_seg1
1127,3.4,1.62,3.0,1.55,0.3777777777777777,0.3333333333333333,data/deam/DEAM_spectrograms_shiv/1127_seg2.npy,classical,1,1127_seg2
1128,3.7,1.55,2.7,1.49,0.4111111111111111,0.3,data/deam/DEAM_spectrograms_shiv/1128_seg0.npy,classical,1,1128_seg0
1128,3.7,1.55,2.7,1.49,0.4111111111111111,0.3,data/deam/DEAM_spectrograms_shiv/1128_seg1.npy,classical,1,1128_seg1
1128,3.7,1.55,2.7,1.49,0.4111111111111111,0.3,data/deam/DEAM_spectrograms_shiv/1128_seg2.npy,classical,1,1128_seg2
1129,3.5,1.75,2.4,0.66,0.3888888888888889,0.2666666666666666,data/deam/DEAM_spectrograms_shiv/1129_seg0.npy,classical,1,1129_seg0
1129,3.5,1.75,2.4,0.66,0.3888888888888889,0.2666666666666666,data/deam/DEAM_spectrograms_shiv/1129_seg1.npy,classical,1,1129_seg1
1129,3.5,1.75,2.4,0.66,0.3888888888888889,0.2666666666666666,data/deam/DEAM_spectrograms_shiv/1129_seg2.npy,classical,1,1129_seg2
1130,3.8,1.17,3.1,1.58,0.4222222222222222,0.3444444444444444,data/deam/DEAM_spectrograms_shiv/1130_seg0.npy,classical,1,1130_seg0
1130,3.8,1.17,3.1,1.58,0.4222222222222222,0.3444444444444444,data/deam/DEAM_spectrograms_shiv/1130_seg1.npy,classical,1,1130_seg1
1130,3.8,1.17,3.1,1.58,0.4222222222222222,0.3444444444444444,data/deam/DEAM_spectrograms_shiv/1130_seg2.npy,classical,1,1130_seg2
1134,4.1,1.87,2.1,1.04,0.4555555555555555,0.2333333333333333,data/deam/DEAM_spectrograms_shiv/1134_seg0.npy,classical,1,1134_seg0
1134,4.1,1.87,2.1,1.04,0.4555555555555555,0.2333333333333333,data/deam/DEAM_spectrograms_shiv/1134_seg1.npy,classical,1,1134_seg1
1134,4.1,1.87,2.1,1.04,0.4555555555555555,0.2333333333333333,data/deam/DEAM_spectrograms_shiv/1134_seg2.npy,classical,1,1134_seg2
1135,3.1,1.51,2.7,1.35,0.3444444444444444,0.3,data/deam/DEAM_spectrograms_shiv/1135_seg0.npy,classical,1,1135_seg0
1135,3.1,1.51,2.7,1.35,0.3444444444444444,0.3,data/deam/DEAM_spectrograms_shiv/1135_seg1.npy,classical,1,1135_seg1
1135,3.1,1.51,2.7,1.35,0.3444444444444444,0.3,data/deam/DEAM_spectrograms_shiv/1135_seg2.npy,classical,1,1135_seg2
1136,4.5,1.36,3.4,1.91,0.5,0.3777777777777777,data/deam/DEAM_spectrograms_shiv/1136_seg0.npy,classical,1,1136_seg0
1136,4.5,1.36,3.4,1.91,0.5,0.3777777777777777,data/deam/DEAM_spectrograms_shiv/1136_seg1.npy,classical,1,1136_seg1
1136,4.5,1.36,3.4,1.91,0.5,0.3777777777777777,data/deam/DEAM_spectrograms_shiv/1136_seg2.npy,classical,1,1136_seg2
1137,4.3,1.42,4.2,1.33,0.4777777777777777,0.4666666666666667,data/deam/DEAM_spectrograms_shiv/1137_seg0.npy,classical,1,1137_seg0
1137,4.3,1.42,4.2,1.33,0.4777777777777777,0.4666666666666667,data/deam/DEAM_spectrograms_shiv/1137_seg1.npy,classical,1,1137_seg1
1137,4.3,1.42,4.2,1.33,0.4777777777777777,0.4666666666666667,data/deam/DEAM_spectrograms_shiv/1137_seg2.npy,classical,1,1137_seg2
1138,4.4,1.56,3.7,1.79,0.4888888888888889,0.4111111111111111,data/deam/DEAM_spectrograms_shiv/1138_seg0.npy,classical,1,1138_seg0
1138,4.4,1.56,3.7,1.79,0.4888888888888889,0.4111111111111111,data/deam/DEAM_spectrograms_shiv/1138_seg1.npy,classical,1,1138_seg1
1138,4.4,1.56,3.7,1.79,0.4888888888888889,0.4111111111111111,data/deam/DEAM_spectrograms_shiv/1138_seg2.npy,classical,1,1138_seg2
1139,5.1,1.92,2.5,1.02,0.5666666666666667,0.2777777777777778,data/deam/DEAM_spectrograms_shiv/1139_seg0.npy,classical,1,1139_seg0
1139,5.1,1.92,2.5,1.02,0.5666666666666667,0.2777777777777778,data/deam/DEAM_spectrograms_shiv/1139_seg1.npy,classical,1,1139_seg1
1139,5.1,1.92,2.5,1.02,0.5666666666666667,0.2777777777777778,data/deam/DEAM_spectrograms_shiv/1139_seg2.npy,classical,1,1139_seg2
1140,5.9,1.45,5.4,1.43,0.6555555555555556,0.6000000000000001,data/deam/DEAM_spectrograms_shiv/1140_seg0.npy,classical,1,1140_seg0
1140,5.9,1.45,5.4,1.43,0.6555555555555556,0.6000000000000001,data/deam/DEAM_spectrograms_shiv/1140_seg1.npy,classical,1,1140_seg1
1140,5.9,1.45,5.4,1.43,0.6555555555555556,0.6000000000000001,data/deam/DEAM_spectrograms_shiv/1140_seg2.npy,classical,1,1140_seg2
1141,4.5,1.36,3.6,1.28,0.5,0.4,data/deam/DEAM_spectrograms_shiv/1141_seg0.npy,classical,1,1141_seg0
1141,4.5,1.36,3.6,1.28,0.5,0.4,data/deam/DEAM_spectrograms_shiv/1141_seg1.npy,classical,1,1141_seg1
1141,4.5,1.36,3.6,1.28,0.5,0.4,data/deam/DEAM_spectrograms_shiv/1141_seg2.npy,classical,1,1141_seg2
1142,3.2,1.66,2.1,1.3,0.3555555555555555,0.2333333333333333,data/deam/DEAM_spectrograms_shiv/1142_seg0.npy,classical,1,1142_seg0
1142,3.2,1.66,2.1,1.3,0.3555555555555555,0.2333333333333333,data/deam/DEAM_spectrograms_shiv/1142_seg1.npy,classical,1,1142_seg1
1142,3.2,1.66,2.1,1.3,0.3555555555555555,0.2333333333333333,data/deam/DEAM_spectrograms_shiv/1142_seg2.npy,classical,1,1142_seg2
1143,3.8,1.4,5.1,1.76,0.4222222222222222,0.5666666666666667,data/deam/DEAM_spectrograms_shiv/1143_seg0.npy,classical,1,1143_seg0
1143,3.8,1.4,5.1,1.76,0.4222222222222222,0.5666666666666667,data/deam/DEAM_spectrograms_shiv/1143_seg1.npy,classical,1,1143_seg1
1143,3.8,1.4,5.1,1.76,0.4222222222222222,0.5666666666666667,data/deam/DEAM_spectrograms_shiv/1143_seg2.npy,classical,1,1143_seg2
1144,3.7,1.49,4.6,1.62,0.4111111111111111,0.5111111111111111,data/deam/DEAM_spectrograms_shiv/1144_seg0.npy,classical,1,1144_seg0
1144,3.7,1.49,4.6,1.62,0.4111111111111111,0.5111111111111111,data/deam/DEAM_spectrograms_shiv/1144_seg1.npy,classical,1,1144_seg1
1144,3.7,1.49,4.6,1.62,0.4111111111111111,0.5111111111111111,data/deam/DEAM_spectrograms_shiv/1144_seg2.npy,classical,1,1144_seg2
1146,2.6,1.2,3.4,1.62,0.2888888888888889,0.3777777777777777,data/deam/DEAM_spectrograms_shiv/1146_seg0.npy,classical,1,1146_seg0
1146,2.6,1.2,3.4,1.62,0.2888888888888889,0.3777777777777777,data/deam/DEAM_spectrograms_shiv/1146_seg1.npy,classical,1,1146_seg1
1146,2.6,1.2,3.4,1.62,0.2888888888888889,0.3777777777777777,data/deam/DEAM_spectrograms_shiv/1146_seg2.npy,classical,1,1146_seg2
1148,3.4,1.85,3.0,1.41,0.3777777777777777,0.3333333333333333,data/deam/DEAM_spectrograms_shiv/1148_seg0.npy,classical,1,1148_seg0
1148,3.4,1.85,3.0,1.41,0.3777777777777777,0.3333333333333333,data/deam/DEAM_spectrograms_shiv/1148_seg1.npy,classical,1,1148_seg1
1148,3.4,1.85,3.0,1.41,0.3777777777777777,0.3333333333333333,data/deam/DEAM_spectrograms_shiv/1148_seg2.npy,classical,1,1148_seg2
1150,4.1,1.7,2.3,0.64,0.4555555555555555,0.2555555555555555,data/deam/DEAM_spectrograms_shiv/1150_seg0.npy,classical,1,1150_seg0
1150,4.1,1.7,2.3,0.64,0.4555555555555555,0.2555555555555555,data/deam/DEAM_spectrograms_shiv/1150_seg1.npy,classical,1,1150_seg1
1150,4.1,1.7,2.3,0.64,0.4555555555555555,0.2555555555555555,data/deam/DEAM_spectrograms_shiv/1150_seg2.npy,classical,1,1150_seg2
1151,5.0,1.73,5.6,1.2,0.5555555555555556,0.6222222222222222,data/deam/DEAM_spectrograms_shiv/1151_seg0.npy,classical,1,1151_seg0
1151,5.0,1.73,5.6,1.2,0.5555555555555556,0.6222222222222222,data/deam/DEAM_spectrograms_shiv/1151_seg1.npy,classical,1,1151_seg1
1151,5.0,1.73,5.6,1.2,0.5555555555555556,0.6222222222222222,data/deam/DEAM_spectrograms_shiv/1151_seg2.npy,classical,1,1151_seg2
1152,6.1,1.58,5.6,1.28,0.6777777777777777,0.6222222222222222,data/deam/DEAM_spectrograms_shiv/1152_seg0.npy,classical,1,1152_seg0
1152,6.1,1.58,5.6,1.28,0.6777777777777777,0.6222222222222222,data/deam/DEAM_spectrograms_shiv/1152_seg1.npy,classical,1,1152_seg1
1152,6.1,1.58,5.6,1.28,0.6777777777777777,0.6222222222222222,data/deam/DEAM_spectrograms_shiv/1152_seg2.npy,classical,1,1152_seg2
1153,3.9,1.81,2.5,0.67,0.4333333333333333,0.2777777777777778,data/deam/DEAM_spectrograms_shiv/1153_seg0.npy,classical,1,1153_seg0
1153,3.9,1.81,2.5,0.67,0.4333333333333333,0.2777777777777778,data/deam/DEAM_spectrograms_shiv/1153_seg1.npy,classical,1,1153_seg1
1153,3.9,1.81,2.5,0.67,0.4333333333333333,0.2777777777777778,data/deam/DEAM_spectrograms_shiv/1153_seg2.npy,classical,1,1153_seg2
1154,3.9,1.7,4.4,1.56,0.4333333333333333,0.4888888888888889,data/deam/DEAM_spectrograms_shiv/1154_seg0.npy,classical,1,1154_seg0
1154,3.9,1.7,4.4,1.56,0.4333333333333333,0.4888888888888889,data/deam/DEAM_spectrograms_shiv/1154_seg1.npy,classical,1,1154_seg1
1154,3.9,1.7,4.4,1.56,0.4333333333333333,0.4888888888888889,data/deam/DEAM_spectrograms_shiv/1154_seg2.npy,classical,1,1154_seg2
1155,4.2,1.66,4.3,1.0,0.4666666666666667,0.4777777777777777,data/deam/DEAM_spectrograms_shiv/1155_seg0.npy,classical,1,1155_seg0
1155,4.2,1.66,4.3,1.0,0.4666666666666667,0.4777777777777777,data/deam/DEAM_spectrograms_shiv/1155_seg1.npy,classical,1,1155_seg1
1155,4.2,1.66,4.3,1.0,0.4666666666666667,0.4777777777777777,data/deam/DEAM_spectrograms_shiv/1155_seg2.npy,classical,1,1155_seg2
1156,7.0,1.34,5.6,2.2,0.7777777777777778,0.6222222222222222,data/deam/DEAM_spectrograms_shiv/1156_seg0.npy,classical,1,1156_seg0
1156,7.0,1.34,5.6,2.2,0.7777777777777778,0.6222222222222222,data/deam/DEAM_spectrograms_shiv/1156_seg1.npy,classical,1,1156_seg1
1156,7.0,1.34,5.6,2.2,0.7777777777777778,0.6222222222222222,data/deam/DEAM_spectrograms_shiv/1156_seg2.npy,classical,1,1156_seg2
1157,6.9,0.94,6.1,1.37,0.7666666666666667,0.6777777777777777,data/deam/DEAM_spectrograms_shiv/1157_seg0.npy,classical,1,1157_seg0
1157,6.9,0.94,6.1,1.37,0.7666666666666667,0.6777777777777777,data/deam/DEAM_spectrograms_shiv/1157_seg1.npy,classical,1,1157_seg1
1157,6.9,0.94,6.1,1.37,0.7666666666666667,0.6777777777777777,data/deam/DEAM_spectrograms_shiv/1157_seg2.npy,classical,1,1157_seg2
1159,5.8,1.94,6.0,1.67,0.6444444444444444,0.6666666666666666,data/deam/DEAM_spectrograms_shiv/1159_seg0.npy,classical,1,1159_seg0
1159,5.8,1.94,6.0,1.67,0.6444444444444444,0.6666666666666666,data/deam/DEAM_spectrograms_shiv/1159_seg1.npy,classical,1,1159_seg1
1159,5.8,1.94,6.0,1.67,0.6444444444444444,0.6666666666666666,data/deam/DEAM_spectrograms_shiv/1159_seg2.npy,classical,1,1159_seg2
1160,6.4,0.66,5.4,1.5,0.7111111111111111,0.6000000000000001,data/deam/DEAM_spectrograms_shiv/1160_seg0.npy,classical,1,1160_seg0
1160,6.4,0.66,5.4,1.5,0.7111111111111111,0.6000000000000001,data/deam/DEAM_spectrograms_shiv/1160_seg1.npy,classical,1,1160_seg1
1160,6.4,0.66,5.4,1.5,0.7111111111111111,0.6000000000000001,data/deam/DEAM_spectrograms_shiv/1160_seg2.npy,classical,1,1160_seg2
1161,4.1,1.87,2.5,1.5,0.4555555555555555,0.2777777777777778,data/deam/DEAM_spectrograms_shiv/1161_seg0.npy,classical,1,1161_seg0
1161,4.1,1.87,2.5,1.5,0.4555555555555555,0.2777777777777778,data/deam/DEAM_spectrograms_shiv/1161_seg1.npy,classical,1,1161_seg1
1161,4.1,1.87,2.5,1.5,0.4555555555555555,0.2777777777777778,data/deam/DEAM_spectrograms_shiv/1161_seg2.npy,classical,1,1161_seg2
1162,3.6,1.11,3.8,1.72,0.4,0.4222222222222222,data/deam/DEAM_spectrograms_shiv/1162_seg0.npy,classical,1,1162_seg0
1162,3.6,1.11,3.8,1.72,0.4,0.4222222222222222,data/deam/DEAM_spectrograms_shiv/1162_seg1.npy,classical,1,1162_seg1
1162,3.6,1.11,3.8,1.72,0.4,0.4222222222222222,data/deam/DEAM_spectrograms_shiv/1162_seg2.npy,classical,1,1162_seg2
1164,3.6,1.56,3.1,1.22,0.4,0.3444444444444444,data/deam/DEAM_spectrograms_shiv/1164_seg0.npy,classical,1,1164_seg0
1164,3.6,1.56,3.1,1.22,0.4,0.3444444444444444,data/deam/DEAM_spectrograms_shiv/1164_seg1.npy,classical,1,1164_seg1
1164,3.6,1.56,3.1,1.22,0.4,0.3444444444444444,data/deam/DEAM_spectrograms_shiv/1164_seg2.npy,classical,1,1164_seg2
1165,3.5,1.43,2.8,1.17,0.3888888888888889,0.3111111111111111,data/deam/DEAM_spectrograms_shiv/1165_seg0.npy,classical,1,1165_seg0
1165,3.5,1.43,2.8,1.17,0.3888888888888889,0.3111111111111111,data/deam/DEAM_spectrograms_shiv/1165_seg1.npy,classical,1,1165_seg1
1165,3.5,1.43,2.8,1.17,0.3888888888888889,0.3111111111111111,data/deam/DEAM_spectrograms_shiv/1165_seg2.npy,classical,1,1165_seg2
1166,4.6,1.85,3.3,1.9,0.5111111111111111,0.3666666666666666,data/deam/DEAM_spectrograms_shiv/1166_seg0.npy,classical,1,1166_seg0
1166,4.6,1.85,3.3,1.9,0.5111111111111111,0.3666666666666666,data/deam/DEAM_spectrograms_shiv/1166_seg1.npy,classical,1,1166_seg1
1166,4.6,1.85,3.3,1.9,0.5111111111111111,0.3666666666666666,data/deam/DEAM_spectrograms_shiv/1166_seg2.npy,classical,1,1166_seg2
1167,3.6,1.8,2.8,1.25,0.4,0.3111111111111111,data/deam/DEAM_spectrograms_shiv/1167_seg0.npy,classical,1,1167_seg0
1167,3.6,1.8,2.8,1.25,0.4,0.3111111111111111,data/deam/DEAM_spectrograms_shiv/1167_seg1.npy,classical,1,1167_seg1
1167,3.6,1.8,2.8,1.25,0.4,0.3111111111111111,data/deam/DEAM_spectrograms_shiv/1167_seg2.npy,classical,1,1167_seg2
1168,4.4,2.54,3.3,1.68,0.4888888888888889,0.3666666666666666,data/deam/DEAM_spectrograms_shiv/1168_seg0.npy,classical,1,1168_seg0
1168,4.4,2.54,3.3,1.68,0.4888888888888889,0.3666666666666666,data/deam/DEAM_spectrograms_shiv/1168_seg1.npy,classical,1,1168_seg1
1168,4.4,2.54,3.3,1.68,0.4888888888888889,0.3666666666666666,data/deam/DEAM_spectrograms_shiv/1168_seg2.npy,classical,1,1168_seg2
1170,3.1,1.7,2.1,0.94,0.3444444444444444,0.2333333333333333,data/deam/DEAM_spectrograms_shiv/1170_seg0.npy,classical,1,1170_seg0
1170,3.1,1.7,2.1,0.94,0.3444444444444444,0.2333333333333333,data/deam/DEAM_spectrograms_shiv/1170_seg1.npy,classical,1,1170_seg1
1170,3.1,1.7,2.1,0.94,0.3444444444444444,0.2333333333333333,data/deam/DEAM_spectrograms_shiv/1170_seg2.npy,classical,1,1170_seg2
1171,3.6,1.56,1.9,1.04,0.4,0.2111111111111111,data/deam/DEAM_spectrograms_shiv/1171_seg0.npy,classical,1,1171_seg0
1171,3.6,1.56,1.9,1.04,0.4,0.2111111111111111,data/deam/DEAM_spectrograms_shiv/1171_seg1.npy,classical,1,1171_seg1
1171,3.6,1.56,1.9,1.04,0.4,0.2111111111111111,data/deam/DEAM_spectrograms_shiv/1171_seg2.npy,classical,1,1171_seg2
1172,3.9,2.02,2.5,1.5,0.4333333333333333,0.2777777777777778,data/deam/DEAM_spectrograms_shiv/1172_seg0.npy,classical,1,1172_seg0
1172,3.9,2.02,2.5,1.5,0.4333333333333333,0.2777777777777778,data/deam/DEAM_spectrograms_shiv/1172_seg1.npy,classical,1,1172_seg1
1172,3.9,2.02,2.5,1.5,0.4333333333333333,0.2777777777777778,data/deam/DEAM_spectrograms_shiv/1172_seg2.npy,classical,1,1172_seg2
1173,4.3,1.49,4.0,2.05,0.4777777777777777,0.4444444444444444,data/deam/DEAM_spectrograms_shiv/1173_seg0.npy,classical,1,1173_seg0
1173,4.3,1.49,4.0,2.05,0.4777777777777777,0.4444444444444444,data/deam/DEAM_spectrograms_shiv/1173_seg1.npy,classical,1,1173_seg1
1173,4.3,1.49,4.0,2.05,0.4777777777777777,0.4444444444444444,data/deam/DEAM_spectrograms_shiv/1173_seg2.npy,classical,1,1173_seg2
1175,3.7,1.27,3.4,1.02,0.4111111111111111,0.3777777777777777,data/deam/DEAM_spectrograms_shiv/1175_seg0.npy,classical,1,1175_seg0
1175,3.7,1.27,3.4,1.02,0.4111111111111111,0.3777777777777777,data/deam/DEAM_spectrograms_shiv/1175_seg1.npy,classical,1,1175_seg1
1175,3.7,1.27,3.4,1.02,0.4111111111111111,0.3777777777777777,data/deam/DEAM_spectrograms_shiv/1175_seg2.npy,classical,1,1175_seg2
1176,4.9,1.81,2.7,1.62,0.5444444444444445,0.3,data/deam/DEAM_spectrograms_shiv/1176_seg0.npy,classical,1,1176_seg0
1176,4.9,1.81,2.7,1.62,0.5444444444444445,0.3,data/deam/DEAM_spectrograms_shiv/1176_seg1.npy,classical,1,1176_seg1
1176,4.9,1.81,2.7,1.62,0.5444444444444445,0.3,data/deam/DEAM_spectrograms_shiv/1176_seg2.npy,classical,1,1176_seg2
1177,5.2,2.14,3.3,1.9,0.5777777777777778,0.3666666666666666,data/deam/DEAM_spectrograms_shiv/1177_seg0.npy,classical,1,1177_seg0
1177,5.2,2.14,3.3,1.9,0.5777777777777778,0.3666666666666666,data/deam/DEAM_spectrograms_shiv/1177_seg1.npy,classical,1,1177_seg1
1177,5.2,2.14,3.3,1.9,0.5777777777777778,0.3666666666666666,data/deam/DEAM_spectrograms_shiv/1177_seg2.npy,classical,1,1177_seg2
1180,3.3,1.62,2.6,1.02,0.3666666666666666,0.2888888888888889,data/deam/DEAM_spectrograms_shiv/1180_seg0.npy,classical,1,1180_seg0
1180,3.3,1.62,2.6,1.02,0.3666666666666666,0.2888888888888889,data/deam/DEAM_spectrograms_shiv/1180_seg1.npy,classical,1,1180_seg1
1180,3.3,1.62,2.6,1.02,0.3666666666666666,0.2888888888888889,data/deam/DEAM_spectrograms_shiv/1180_seg2.npy,classical,1,1180_seg2
1182,2.7,1.35,2.2,1.17,0.3,0.2444444444444444,data/deam/DEAM_spectrograms_shiv/1182_seg0.npy,classical,1,1182_seg0
1182,2.7,1.35,2.2,1.17,0.3,0.2444444444444444,data/deam/DEAM_spectrograms_shiv/1182_seg1.npy,classical,1,1182_seg1
1182,2.7,1.35,2.2,1.17,0.3,0.2444444444444444,data/deam/DEAM_spectrograms_shiv/1182_seg2.npy,classical,1,1182_seg2
1184,4.2,1.6,2.3,1.27,0.4666666666666667,0.2555555555555555,data/deam/DEAM_spectrograms_shiv/1184_seg0.npy,classical,1,1184_seg0
1184,4.2,1.6,2.3,1.27,0.4666666666666667,0.2555555555555555,data/deam/DEAM_spectrograms_shiv/1184_seg1.npy,classical,1,1184_seg1
1184,4.2,1.6,2.3,1.27,0.4666666666666667,0.2555555555555555,data/deam/DEAM_spectrograms_shiv/1184_seg2.npy,classical,1,1184_seg2
1185,6.2,1.6,4.8,1.47,0.6888888888888889,0.5333333333333333,data/deam/DEAM_spectrograms_shiv/1185_seg0.npy,classical,1,1185_seg0
1185,6.2,1.6,4.8,1.47,0.6888888888888889,0.5333333333333333,data/deam/DEAM_spectrograms_shiv/1185_seg1.npy,classical,1,1185_seg1
1185,6.2,1.6,4.8,1.47,0.6888888888888889,0.5333333333333333,data/deam/DEAM_spectrograms_shiv/1185_seg2.npy,classical,1,1185_seg2
1187,4.4,1.96,4.1,1.81,0.4888888888888889,0.4555555555555555,data/deam/DEAM_spectrograms_shiv/1187_seg0.npy,classical,1,1187_seg0
1187,4.4,1.96,4.1,1.81,0.4888888888888889,0.4555555555555555,data/deam/DEAM_spectrograms_shiv/1187_seg1.npy,classical,1,1187_seg1
1187,4.4,1.96,4.1,1.81,0.4888888888888889,0.4555555555555555,data/deam/DEAM_spectrograms_shiv/1187_seg2.npy,classical,1,1187_seg2
1188,4.7,1.85,3.3,1.42,0.5222222222222223,0.3666666666666666,data/deam/DEAM_spectrograms_shiv/1188_seg0.npy,classical,1,1188_seg0
1188,4.7,1.85,3.3,1.42,0.5222222222222223,0.3666666666666666,data/deam/DEAM_spectrograms_shiv/1188_seg1.npy,classical,1,1188_seg1
1188,4.7,1.85,3.3,1.42,0.5222222222222223,0.3666666666666666,data/deam/DEAM_spectrograms_shiv/1188_seg2.npy,classical,1,1188_seg2
1189,4.8,1.78,3.2,1.4,0.5333333333333333,0.3555555555555555,data/deam/DEAM_spectrograms_shiv/1189_seg0.npy,classical,1,1189_seg0
1189,4.8,1.78,3.2,1.4,0.5333333333333333,0.3555555555555555,data/deam/DEAM_spectrograms_shiv/1189_seg1.npy,classical,1,1189_seg1
1189,4.8,1.78,3.2,1.4,0.5333333333333333,0.3555555555555555,data/deam/DEAM_spectrograms_shiv/1189_seg2.npy,classical,1,1189_seg2
1190,3.5,1.75,2.2,0.87,0.3888888888888889,0.2444444444444444,data/deam/DEAM_spectrograms_shiv/1190_seg0.npy,classical,1,1190_seg0
1190,3.5,1.75,2.2,0.87,0.3888888888888889,0.2444444444444444,data/deam/DEAM_spectrograms_shiv/1190_seg1.npy,classical,1,1190_seg1
1190,3.5,1.75,2.2,0.87,0.3888888888888889,0.2444444444444444,data/deam/DEAM_spectrograms_shiv/1190_seg2.npy,classical,1,1190_seg2
1191,4.4,1.85,2.6,1.2,0.4888888888888889,0.2888888888888889,data/deam/DEAM_spectrograms_shiv/1191_seg0.npy,classical,1,1191_seg0
1191,4.4,1.85,2.6,1.2,0.4888888888888889,0.2888888888888889,data/deam/DEAM_spectrograms_shiv/1191_seg1.npy,classical,1,1191_seg1
1191,4.4,1.85,2.6,1.2,0.4888888888888889,0.2888888888888889,data/deam/DEAM_spectrograms_shiv/1191_seg2.npy,classical,1,1191_seg2
1192,3.7,1.95,2.9,1.22,0.4111111111111111,0.3222222222222222,data/deam/DEAM_spectrograms_shiv/1192_seg0.npy,classical,1,1192_seg0
1192,3.7,1.95,2.9,1.22,0.4111111111111111,0.3222222222222222,data/deam/DEAM_spectrograms_shiv/1192_seg1.npy,classical,1,1192_seg1
1192,3.7,1.95,2.9,1.22,0.4111111111111111,0.3222222222222222,data/deam/DEAM_spectrograms_shiv/1192_seg2.npy,classical,1,1192_seg2
1193,4.4,1.43,3.9,1.45,0.4888888888888889,0.4333333333333333,data/deam/DEAM_spectrograms_shiv/1193_seg0.npy,classical,1,1193_seg0
1193,4.4,1.43,3.9,1.45,0.4888888888888889,0.4333333333333333,data/deam/DEAM_spectrograms_shiv/1193_seg1.npy,classical,1,1193_seg1
1193,4.4,1.43,3.9,1.45,0.4888888888888889,0.4333333333333333,data/deam/DEAM_spectrograms_shiv/1193_seg2.npy,classical,1,1193_seg2
1194,3.4,1.43,2.5,1.2,0.3777777777777777,0.2777777777777778,data/deam/DEAM_spectrograms_shiv/1194_seg0.npy,classical,1,1194_seg0
1194,3.4,1.43,2.5,1.2,0.3777777777777777,0.2777777777777778,data/deam/DEAM_spectrograms_shiv/1194_seg1.npy,classical,1,1194_seg1
1194,3.4,1.43,2.5,1.2,0.3777777777777777,0.2777777777777778,data/deam/DEAM_spectrograms_shiv/1194_seg2.npy,classical,1,1194_seg2
1195,4.2,2.23,4.0,1.48,0.4666666666666667,0.4444444444444444,data/deam/DEAM_spectrograms_shiv/1195_seg0.npy,classical,1,1195_seg0
1195,4.2,2.23,4.0,1.48,0.4666666666666667,0.4444444444444444,data/deam/DEAM_spectrograms_shiv/1195_seg1.npy,classical,1,1195_seg1
1195,4.2,2.23,4.0,1.48,0.4666666666666667,0.4444444444444444,data/deam/DEAM_spectrograms_shiv/1195_seg2.npy,classical,1,1195_seg2
1196,3.8,1.6,2.7,1.55,0.4222222222222222,0.3,data/deam/DEAM_spectrograms_shiv/1196_seg0.npy,classical,1,1196_seg0
1196,3.8,1.6,2.7,1.55,0.4222222222222222,0.3,data/deam/DEAM_spectrograms_shiv/1196_seg1.npy,classical,1,1196_seg1
1196,3.8,1.6,2.7,1.55,0.4222222222222222,0.3,data/deam/DEAM_spectrograms_shiv/1196_seg2.npy,classical,1,1196_seg2
1197,3.9,1.64,2.8,1.54,0.4333333333333333,0.3111111111111111,data/deam/DEAM_spectrograms_shiv/1197_seg0.npy,classical,1,1197_seg0
1197,3.9,1.64,2.8,1.54,0.4333333333333333,0.3111111111111111,data/deam/DEAM_spectrograms_shiv/1197_seg1.npy,classical,1,1197_seg1
1197,3.9,1.64,2.8,1.54,0.4333333333333333,0.3111111111111111,data/deam/DEAM_spectrograms_shiv/1197_seg2.npy,classical,1,1197_seg2
1198,3.5,2.06,1.8,0.98,0.3888888888888889,0.2,data/deam/DEAM_spectrograms_shiv/1198_seg0.npy,classical,1,1198_seg0
1198,3.5,2.06,1.8,0.98,0.3888888888888889,0.2,data/deam/DEAM_spectrograms_shiv/1198_seg1.npy,classical,1,1198_seg1
1198,3.5,2.06,1.8,0.98,0.3888888888888889,0.2,data/deam/DEAM_spectrograms_shiv/1198_seg2.npy,classical,1,1198_seg2
1199,4.5,1.96,3.5,1.36,0.5,0.3888888888888889,data/deam/DEAM_spectrograms_shiv/1199_seg0.npy,classical,1,1199_seg0
1199,4.5,1.96,3.5,1.36,0.5,0.3888888888888889,data/deam/DEAM_spectrograms_shiv/1199_seg1.npy,classical,1,1199_seg1
1199,4.5,1.96,3.5,1.36,0.5,0.3888888888888889,data/deam/DEAM_spectrograms_shiv/1199_seg2.npy,classical,1,1199_seg2
1200,3.2,1.08,3.6,1.43,0.3555555555555555,0.4,data/deam/DEAM_spectrograms_shiv/1200_seg0.npy,classical,1,1200_seg0
1200,3.2,1.08,3.6,1.43,0.3555555555555555,0.4,data/deam/DEAM_spectrograms_shiv/1200_seg1.npy,classical,1,1200_seg1
1200,3.2,1.08,3.6,1.43,0.3555555555555555,0.4,data/deam/DEAM_spectrograms_shiv/1200_seg2.npy,classical,1,1200_seg2
253,6.6,1.56,2.5,0.81,0.7333333333333333,0.2777777777777778,data/deam/DEAM_spectrograms_shiv/253_seg0.npy,country,2,253_seg0
253,6.6,1.56,2.5,0.81,0.7333333333333333,0.2777777777777778,data/deam/DEAM_spectrograms_shiv/253_seg1.npy,country,2,253_seg1
253,6.6,1.56,2.5,0.81,0.7333333333333333,0.2777777777777778,data/deam/DEAM_spectrograms_shiv/253_seg2.npy,country,2,253_seg2
254,5.3,2.28,7.4,1.11,0.5888888888888889,0.8222222222222223,data/deam/DEAM_spectrograms_shiv/254_seg0.npy,country,2,254_seg0
254,5.3,2.28,7.4,1.11,0.5888888888888889,0.8222222222222223,data/deam/DEAM_spectrograms_shiv/254_seg1.npy,country,2,254_seg1
254,5.3,2.28,7.4,1.11,0.5888888888888889,0.8222222222222223,data/deam/DEAM_spectrograms_shiv/254_seg2.npy,country,2,254_seg2
257,7.6,1.5,6.9,1.7,0.8444444444444444,0.7666666666666667,data/deam/DEAM_spectrograms_shiv/257_seg0.npy,country,2,257_seg0
257,7.6,1.5,6.9,1.7,0.8444444444444444,0.7666666666666667,data/deam/DEAM_spectrograms_shiv/257_seg1.npy,country,2,257_seg1
257,7.6,1.5,6.9,1.7,0.8444444444444444,0.7666666666666667,data/deam/DEAM_spectrograms_shiv/257_seg2.npy,country,2,257_seg2
258,4.3,1.35,4.3,1.35,0.4777777777777777,0.4777777777777777,data/deam/DEAM_spectrograms_shiv/258_seg0.npy,country,2,258_seg0
258,4.3,1.35,4.3,1.35,0.4777777777777777,0.4777777777777777,data/deam/DEAM_spectrograms_shiv/258_seg1.npy,country,2,258_seg1
258,4.3,1.35,4.3,1.35,0.4777777777777777,0.4777777777777777,data/deam/DEAM_spectrograms_shiv/258_seg2.npy,country,2,258_seg2
262,5.6,1.5,6.9,0.94,0.6222222222222222,0.7666666666666667,data/deam/DEAM_spectrograms_shiv/262_seg0.npy,country,2,262_seg0
262,5.6,1.5,6.9,0.94,0.6222222222222222,0.7666666666666667,data/deam/DEAM_spectrograms_shiv/262_seg1.npy,country,2,262_seg1
262,5.6,1.5,6.9,0.94,0.6222222222222222,0.7666666666666667,data/deam/DEAM_spectrograms_shiv/262_seg2.npy,country,2,262_seg2
264,5.3,1.27,5.5,1.5,0.5888888888888889,0.6111111111111112,data/deam/DEAM_spectrograms_shiv/264_seg0.npy,country,2,264_seg0
264,5.3,1.27,5.5,1.5,0.5888888888888889,0.6111111111111112,data/deam/DEAM_spectrograms_shiv/264_seg1.npy,country,2,264_seg1
264,5.3,1.27,5.5,1.5,0.5888888888888889,0.6111111111111112,data/deam/DEAM_spectrograms_shiv/264_seg2.npy,country,2,264_seg2
265,4.5,1.69,6.4,0.66,0.5,0.7111111111111111,data/deam/DEAM_spectrograms_shiv/265_seg0.npy,country,2,265_seg0
265,4.5,1.69,6.4,0.66,0.5,0.7111111111111111,data/deam/DEAM_spectrograms_shiv/265_seg1.npy,country,2,265_seg1
265,4.5,1.69,6.4,0.66,0.5,0.7111111111111111,data/deam/DEAM_spectrograms_shiv/265_seg2.npy,country,2,265_seg2
266,3.6,1.5,4.8,1.94,0.4,0.5333333333333333,data/deam/DEAM_spectrograms_shiv/266_seg0.npy,country,2,266_seg0
266,3.6,1.5,4.8,1.94,0.4,0.5333333333333333,data/deam/DEAM_spectrograms_shiv/266_seg1.npy,country,2,266_seg1
266,3.6,1.5,4.8,1.94,0.4,0.5333333333333333,data/deam/DEAM_spectrograms_shiv/266_seg2.npy,country,2,266_seg2
270,6.1,1.64,7.1,1.64,0.6777777777777777,0.7888888888888889,data/deam/DEAM_spectrograms_shiv/270_seg0.npy,country,2,270_seg0
270,6.1,1.64,7.1,1.64,0.6777777777777777,0.7888888888888889,data/deam/DEAM_spectrograms_shiv/270_seg1.npy,country,2,270_seg1
270,6.1,1.64,7.1,1.64,0.6777777777777777,0.7888888888888889,data/deam/DEAM_spectrograms_shiv/270_seg2.npy,country,2,270_seg2
272,5.9,1.81,6.4,1.85,0.6555555555555556,0.7111111111111111,data/deam/DEAM_spectrograms_shiv/272_seg0.npy,country,2,272_seg0
272,5.9,1.81,6.4,1.85,0.6555555555555556,0.7111111111111111,data/deam/DEAM_spectrograms_shiv/272_seg1.npy,country,2,272_seg1
272,5.9,1.81,6.4,1.85,0.6555555555555556,0.7111111111111111,data/deam/DEAM_spectrograms_shiv/272_seg2.npy,country,2,272_seg2
273,5.4,1.74,7.2,0.87,0.6000000000000001,0.8,data/deam/DEAM_spectrograms_shiv/273_seg0.npy,country,2,273_seg0
273,5.4,1.74,7.2,0.87,0.6000000000000001,0.8,data/deam/DEAM_spectrograms_shiv/273_seg1.npy,country,2,273_seg1
273,5.4,1.74,7.2,0.87,0.6000000000000001,0.8,data/deam/DEAM_spectrograms_shiv/273_seg2.npy,country,2,273_seg2
274,7.7,0.9,6.0,2.0,0.8555555555555556,0.6666666666666666,data/deam/DEAM_spectrograms_shiv/274_seg0.npy,country,2,274_seg0
274,7.7,0.9,6.0,2.0,0.8555555555555556,0.6666666666666666,data/deam/DEAM_spectrograms_shiv/274_seg1.npy,country,2,274_seg1
274,7.7,0.9,6.0,2.0,0.8555555555555556,0.6666666666666666,data/deam/DEAM_spectrograms_shiv/274_seg2.npy,country,2,274_seg2
275,5.3,1.42,5.5,1.02,0.5888888888888889,0.6111111111111112,data/deam/DEAM_spectrograms_shiv/275_seg0.npy,country,2,275_seg0
275,5.3,1.42,5.5,1.02,0.5888888888888889,0.6111111111111112,data/deam/DEAM_spectrograms_shiv/275_seg1.npy,country,2,275_seg1
275,5.3,1.42,5.5,1.02,0.5888888888888889,0.6111111111111112,data/deam/DEAM_spectrograms_shiv/275_seg2.npy,country,2,275_seg2
276,6.1,1.51,5.3,1.68,0.6777777777777777,0.5888888888888889,data/deam/DEAM_spectrograms_shiv/276_seg0.npy,country,2,276_seg0
276,6.1,1.51,5.3,1.68,0.6777777777777777,0.5888888888888889,data/deam/DEAM_spectrograms_shiv/276_seg1.npy,country,2,276_seg1
276,6.1,1.51,5.3,1.68,0.6777777777777777,0.5888888888888889,data/deam/DEAM_spectrograms_shiv/276_seg2.npy,country,2,276_seg2
278,5.5,2.06,5.1,1.64,0.6111111111111112,0.5666666666666667,data/deam/DEAM_spectrograms_shiv/278_seg0.npy,country,2,278_seg0
278,5.5,2.06,5.1,1.64,0.6111111111111112,0.5666666666666667,data/deam/DEAM_spectrograms_shiv/278_seg1.npy,country,2,278_seg1
278,5.5,2.06,5.1,1.64,0.6111111111111112,0.5666666666666667,data/deam/DEAM_spectrograms_shiv/278_seg2.npy,country,2,278_seg2
279,3.6,1.2,4.7,1.42,0.4,0.5222222222222223,data/deam/DEAM_spectrograms_shiv/279_seg0.npy,country,2,279_seg0
279,3.6,1.2,4.7,1.42,0.4,0.5222222222222223,data/deam/DEAM_spectrograms_shiv/279_seg1.npy,country,2,279_seg1
279,3.6,1.2,4.7,1.42,0.4,0.5222222222222223,data/deam/DEAM_spectrograms_shiv/279_seg2.npy,country,2,279_seg2
280,4.2,1.66,3.3,1.1,0.4666666666666667,0.3666666666666666,data/deam/DEAM_spectrograms_shiv/280_seg0.npy,country,2,280_seg0
280,4.2,1.66,3.3,1.1,0.4666666666666667,0.3666666666666666,data/deam/DEAM_spectrograms_shiv/280_seg1.npy,country,2,280_seg1
280,4.2,1.66,3.3,1.1,0.4666666666666667,0.3666666666666666,data/deam/DEAM_spectrograms_shiv/280_seg2.npy,country,2,280_seg2
282,3.2,1.66,4.2,0.75,0.3555555555555555,0.4666666666666667,data/deam/DEAM_spectrograms_shiv/282_seg0.npy,country,2,282_seg0
282,3.2,1.66,4.2,0.75,0.3555555555555555,0.4666666666666667,data/deam/DEAM_spectrograms_shiv/282_seg1.npy,country,2,282_seg1
282,3.2,1.66,4.2,0.75,0.3555555555555555,0.4666666666666667,data/deam/DEAM_spectrograms_shiv/282_seg2.npy,country,2,282_seg2
284,4.4,1.5,5.2,1.17,0.4888888888888889,0.5777777777777778,data/deam/DEAM_spectrograms_shiv/284_seg0.npy,country,2,284_seg0
284,4.4,1.5,5.2,1.17,0.4888888888888889,0.5777777777777778,data/deam/DEAM_spectrograms_shiv/284_seg1.npy,country,2,284_seg1
284,4.4,1.5,5.2,1.17,0.4888888888888889,0.5777777777777778,data/deam/DEAM_spectrograms_shiv/284_seg2.npy,country,2,284_seg2
285,3.5,1.02,5.1,1.37,0.3888888888888889,0.5666666666666667,data/deam/DEAM_spectrograms_shiv/285_seg0.npy,country,2,285_seg0
285,3.5,1.02,5.1,1.37,0.3888888888888889,0.5666666666666667,data/deam/DEAM_spectrograms_shiv/285_seg1.npy,country,2,285_seg1
285,3.5,1.02,5.1,1.37,0.3888888888888889,0.5666666666666667,data/deam/DEAM_spectrograms_shiv/285_seg2.npy,country,2,285_seg2
286,5.7,1.95,6.9,1.87,0.6333333333333333,0.7666666666666667,data/deam/DEAM_spectrograms_shiv/286_seg0.npy,country,2,286_seg0
286,5.7,1.95,6.9,1.87,0.6333333333333333,0.7666666666666667,data/deam/DEAM_spectrograms_shiv/286_seg1.npy,country,2,286_seg1
286,5.7,1.95,6.9,1.87,0.6333333333333333,0.7666666666666667,data/deam/DEAM_spectrograms_shiv/286_seg2.npy,country,2,286_seg2
290,2.1,0.83,3.9,1.58,0.2333333333333333,0.4333333333333333,data/deam/DEAM_spectrograms_shiv/290_seg0.npy,country,2,290_seg0
290,2.1,0.83,3.9,1.58,0.2333333333333333,0.4333333333333333,data/deam/DEAM_spectrograms_shiv/290_seg1.npy,country,2,290_seg1
290,2.1,0.83,3.9,1.58,0.2333333333333333,0.4333333333333333,data/deam/DEAM_spectrograms_shiv/290_seg2.npy,country,2,290_seg2
292,7.3,1.0,7.4,0.92,0.8111111111111111,0.8222222222222223,data/deam/DEAM_spectrograms_shiv/292_seg0.npy,country,2,292_seg0
292,7.3,1.0,7.4,0.92,0.8111111111111111,0.8222222222222223,data/deam/DEAM_spectrograms_shiv/292_seg1.npy,country,2,292_seg1
292,7.3,1.0,7.4,0.92,0.8111111111111111,0.8222222222222223,data/deam/DEAM_spectrograms_shiv/292_seg2.npy,country,2,292_seg2
293,6.3,1.62,4.2,1.94,0.7,0.4666666666666667,data/deam/DEAM_spectrograms_shiv/293_seg0.npy,country,2,293_seg0
293,6.3,1.62,4.2,1.94,0.7,0.4666666666666667,data/deam/DEAM_spectrograms_shiv/293_seg1.npy,country,2,293_seg1
293,6.3,1.62,4.2,1.94,0.7,0.4666666666666667,data/deam/DEAM_spectrograms_shiv/293_seg2.npy,country,2,293_seg2
294,5.5,2.11,6.5,1.91,0.6111111111111112,0.7222222222222222,data/deam/DEAM_spectrograms_shiv/294_seg0.npy,country,2,294_seg0
294,5.5,2.11,6.5,1.91,0.6111111111111112,0.7222222222222222,data/deam/DEAM_spectrograms_shiv/294_seg1.npy,country,2,294_seg1
294,5.5,2.11,6.5,1.91,0.6111111111111112,0.7222222222222222,data/deam/DEAM_spectrograms_shiv/294_seg2.npy,country,2,294_seg2
296,5.9,0.94,5.7,1.27,0.6555555555555556,0.6333333333333333,data/deam/DEAM_spectrograms_shiv/296_seg0.npy,country,2,296_seg0
296,5.9,0.94,5.7,1.27,0.6555555555555556,0.6333333333333333,data/deam/DEAM_spectrograms_shiv/296_seg1.npy,country,2,296_seg1
296,5.9,0.94,5.7,1.27,0.6555555555555556,0.6333333333333333,data/deam/DEAM_spectrograms_shiv/296_seg2.npy,country,2,296_seg2
297,3.1,1.3,3.6,1.36,0.3444444444444444,0.4,data/deam/DEAM_spectrograms_shiv/297_seg0.npy,country,2,297_seg0
297,3.1,1.3,3.6,1.36,0.3444444444444444,0.4,data/deam/DEAM_spectrograms_shiv/297_seg1.npy,country,2,297_seg1
297,3.1,1.3,3.6,1.36,0.3444444444444444,0.4,data/deam/DEAM_spectrograms_shiv/297_seg2.npy,country,2,297_seg2
298,4.0,1.73,5.4,1.69,0.4444444444444444,0.6000000000000001,data/deam/DEAM_spectrograms_shiv/298_seg0.npy,country,2,298_seg0
298,4.0,1.73,5.4,1.69,0.4444444444444444,0.6000000000000001,data/deam/DEAM_spectrograms_shiv/298_seg1.npy,country,2,298_seg1
298,4.0,1.73,5.4,1.69,0.4444444444444444,0.6000000000000001,data/deam/DEAM_spectrograms_shiv/298_seg2.npy,country,2,298_seg2
299,2.8,1.89,4.3,1.27,0.3111111111111111,0.4777777777777777,data/deam/DEAM_spectrograms_shiv/299_seg0.npy,country,2,299_seg0
299,2.8,1.89,4.3,1.27,0.3111111111111111,0.4777777777777777,data/deam/DEAM_spectrograms_shiv/299_seg1.npy,country,2,299_seg1
299,2.8,1.89,4.3,1.27,0.3111111111111111,0.4777777777777777,data/deam/DEAM_spectrograms_shiv/299_seg2.npy,country,2,299_seg2
300,6.8,1.08,4.5,1.86,0.7555555555555555,0.5,data/deam/DEAM_spectrograms_shiv/300_seg0.npy,country,2,300_seg0
300,6.8,1.08,4.5,1.86,0.7555555555555555,0.5,data/deam/DEAM_spectrograms_shiv/300_seg1.npy,country,2,300_seg1
300,6.8,1.08,4.5,1.86,0.7555555555555555,0.5,data/deam/DEAM_spectrograms_shiv/300_seg2.npy,country,2,300_seg2
301,3.2,1.47,3.7,1.73,0.3555555555555555,0.4111111111111111,data/deam/DEAM_spectrograms_shiv/301_seg0.npy,country,2,301_seg0
301,3.2,1.47,3.7,1.73,0.3555555555555555,0.4111111111111111,data/deam/DEAM_spectrograms_shiv/301_seg1.npy,country,2,301_seg1
301,3.2,1.47,3.7,1.73,0.3555555555555555,0.4111111111111111,data/deam/DEAM_spectrograms_shiv/301_seg2.npy,country,2,301_seg2
302,6.6,2.2,7.0,1.48,0.7333333333333333,0.7777777777777778,data/deam/DEAM_spectrograms_shiv/302_seg0.npy,country,2,302_seg0
302,6.6,2.2,7.0,1.48,0.7333333333333333,0.7777777777777778,data/deam/DEAM_spectrograms_shiv/302_seg1.npy,country,2,302_seg1
302,6.6,2.2,7.0,1.48,0.7333333333333333,0.7777777777777778,data/deam/DEAM_spectrograms_shiv/302_seg2.npy,country,2,302_seg2
303,7.0,1.1,6.4,1.74,0.7777777777777778,0.7111111111111111,data/deam/DEAM_spectrograms_shiv/303_seg0.npy,country,2,303_seg0
303,7.0,1.1,6.4,1.74,0.7777777777777778,0.7111111111111111,data/deam/DEAM_spectrograms_shiv/303_seg1.npy,country,2,303_seg1
303,7.0,1.1,6.4,1.74,0.7777777777777778,0.7111111111111111,data/deam/DEAM_spectrograms_shiv/303_seg2.npy,country,2,303_seg2
305,6.4,1.11,6.8,0.98,0.7111111111111111,0.7555555555555555,data/deam/DEAM_spectrograms_shiv/305_seg0.npy,country,2,305_seg0
305,6.4,1.11,6.8,0.98,0.7111111111111111,0.7555555555555555,data/deam/DEAM_spectrograms_shiv/305_seg1.npy,country,2,305_seg1
305,6.4,1.11,6.8,0.98,0.7111111111111111,0.7555555555555555,data/deam/DEAM_spectrograms_shiv/305_seg2.npy,country,2,305_seg2
306,5.7,2.19,6.7,1.73,0.6333333333333333,0.7444444444444445,data/deam/DEAM_spectrograms_shiv/306_seg0.npy,country,2,306_seg0
306,5.7,2.19,6.7,1.73,0.6333333333333333,0.7444444444444445,data/deam/DEAM_spectrograms_shiv/306_seg1.npy,country,2,306_seg1
306,5.7,2.19,6.7,1.73,0.6333333333333333,0.7444444444444445,data/deam/DEAM_spectrograms_shiv/306_seg2.npy,country,2,306_seg2
308,4.3,1.68,6.6,0.92,0.4777777777777777,0.7333333333333333,data/deam/DEAM_spectrograms_shiv/308_seg0.npy,country,2,308_seg0
308,4.3,1.68,6.6,0.92,0.4777777777777777,0.7333333333333333,data/deam/DEAM_spectrograms_shiv/308_seg1.npy,country,2,308_seg1
308,4.3,1.68,6.6,0.92,0.4777777777777777,0.7333333333333333,data/deam/DEAM_spectrograms_shiv/308_seg2.npy,country,2,308_seg2
309,5.3,1.68,5.8,1.78,0.5888888888888889,0.6444444444444444,data/deam/DEAM_spectrograms_shiv/309_seg0.npy,country,2,309_seg0
309,5.3,1.68,5.8,1.78,0.5888888888888889,0.6444444444444444,data/deam/DEAM_spectrograms_shiv/309_seg1.npy,country,2,309_seg1
309,5.3,1.68,5.8,1.78,0.5888888888888889,0.6444444444444444,data/deam/DEAM_spectrograms_shiv/309_seg2.npy,country,2,309_seg2
310,2.1,0.83,2.7,1.0,0.2333333333333333,0.3,data/deam/DEAM_spectrograms_shiv/310_seg0.npy,country,2,310_seg0
310,2.1,0.83,2.7,1.0,0.2333333333333333,0.3,data/deam/DEAM_spectrograms_shiv/310_seg1.npy,country,2,310_seg1
310,2.1,0.83,2.7,1.0,0.2333333333333333,0.3,data/deam/DEAM_spectrograms_shiv/310_seg2.npy,country,2,310_seg2
311,5.8,1.6,6.9,0.94,0.6444444444444444,0.7666666666666667,data/deam/DEAM_spectrograms_shiv/311_seg0.npy,country,2,311_seg0
311,5.8,1.6,6.9,0.94,0.6444444444444444,0.7666666666666667,data/deam/DEAM_spectrograms_shiv/311_seg1.npy,country,2,311_seg1
311,5.8,1.6,6.9,0.94,0.6444444444444444,0.7666666666666667,data/deam/DEAM_spectrograms_shiv/311_seg2.npy,country,2,311_seg2
312,4.6,1.28,5.8,1.6,0.5111111111111111,0.6444444444444444,data/deam/DEAM_spectrograms_shiv/312_seg0.npy,country,2,312_seg0
312,4.6,1.28,5.8,1.6,0.5111111111111111,0.6444444444444444,data/deam/DEAM_spectrograms_shiv/312_seg1.npy,country,2,312_seg1
312,4.6,1.28,5.8,1.6,0.5111111111111111,0.6444444444444444,data/deam/DEAM_spectrograms_shiv/312_seg2.npy,country,2,312_seg2
313,3.6,1.36,5.3,1.27,0.4,0.5888888888888889,data/deam/DEAM_spectrograms_shiv/313_seg0.npy,country,2,313_seg0
313,3.6,1.36,5.3,1.27,0.4,0.5888888888888889,data/deam/DEAM_spectrograms_shiv/313_seg1.npy,country,2,313_seg1
313,3.6,1.36,5.3,1.27,0.4,0.5888888888888889,data/deam/DEAM_spectrograms_shiv/313_seg2.npy,country,2,313_seg2
315,6.4,1.43,7.5,0.81,0.7111111111111111,0.8333333333333334,data/deam/DEAM_spectrograms_shiv/315_seg0.npy,country,2,315_seg0
315,6.4,1.43,7.5,0.81,0.7111111111111111,0.8333333333333334,data/deam/DEAM_spectrograms_shiv/315_seg1.npy,country,2,315_seg1
315,6.4,1.43,7.5,0.81,0.7111111111111111,0.8333333333333334,data/deam/DEAM_spectrograms_shiv/315_seg2.npy,country,2,315_seg2
316,2.8,1.33,3.5,1.96,0.3111111111111111,0.3888888888888889,data/deam/DEAM_spectrograms_shiv/316_seg0.npy,country,2,316_seg0
316,2.8,1.33,3.5,1.96,0.3111111111111111,0.3888888888888889,data/deam/DEAM_spectrograms_shiv/316_seg1.npy,country,2,316_seg1
316,2.8,1.33,3.5,1.96,0.3111111111111111,0.3888888888888889,data/deam/DEAM_spectrograms_shiv/316_seg2.npy,country,2,316_seg2
317,6.1,1.7,4.3,1.35,0.6777777777777777,0.4777777777777777,data/deam/DEAM_spectrograms_shiv/317_seg0.npy,country,2,317_seg0
317,6.1,1.7,4.3,1.35,0.6777777777777777,0.4777777777777777,data/deam/DEAM_spectrograms_shiv/317_seg1.npy,country,2,317_seg1
317,6.1,1.7,4.3,1.35,0.6777777777777777,0.4777777777777777,data/deam/DEAM_spectrograms_shiv/317_seg2.npy,country,2,317_seg2
318,5.9,1.7,5.9,1.45,0.6555555555555556,0.6555555555555556,data/deam/DEAM_spectrograms_shiv/318_seg0.npy,country,2,318_seg0
318,5.9,1.7,5.9,1.45,0.6555555555555556,0.6555555555555556,data/deam/DEAM_spectrograms_shiv/318_seg1.npy,country,2,318_seg1
318,5.9,1.7,5.9,1.45,0.6555555555555556,0.6555555555555556,data/deam/DEAM_spectrograms_shiv/318_seg2.npy,country,2,318_seg2
322,6.1,1.22,7.6,1.02,0.6777777777777777,0.8444444444444444,data/deam/DEAM_spectrograms_shiv/322_seg0.npy,country,2,322_seg0
322,6.1,1.22,7.6,1.02,0.6777777777777777,0.8444444444444444,data/deam/DEAM_spectrograms_shiv/322_seg1.npy,country,2,322_seg1
322,6.1,1.22,7.6,1.02,0.6777777777777777,0.8444444444444444,data/deam/DEAM_spectrograms_shiv/322_seg2.npy,country,2,322_seg2
323,4.82,1.4,5.73,1.48,0.5355555555555556,0.6366666666666667,data/deam/DEAM_spectrograms_shiv/323_seg0.npy,country,2,323_seg0
323,4.82,1.4,5.73,1.48,0.5355555555555556,0.6366666666666667,data/deam/DEAM_spectrograms_shiv/323_seg1.npy,country,2,323_seg1
323,4.82,1.4,5.73,1.48,0.5355555555555556,0.6366666666666667,data/deam/DEAM_spectrograms_shiv/323_seg2.npy,country,2,323_seg2
324,3.3,1.68,4.7,1.42,0.3666666666666666,0.5222222222222223,data/deam/DEAM_spectrograms_shiv/324_seg0.npy,country,2,324_seg0
324,3.3,1.68,4.7,1.42,0.3666666666666666,0.5222222222222223,data/deam/DEAM_spectrograms_shiv/324_seg1.npy,country,2,324_seg1
324,3.3,1.68,4.7,1.42,0.3666666666666666,0.5222222222222223,data/deam/DEAM_spectrograms_shiv/324_seg2.npy,country,2,324_seg2
325,5.5,1.75,5.4,2.06,0.6111111111111112,0.6000000000000001,data/deam/DEAM_spectrograms_shiv/325_seg0.npy,country,2,325_seg0
325,5.5,1.75,5.4,2.06,0.6111111111111112,0.6000000000000001,data/deam/DEAM_spectrograms_shiv/325_seg1.npy,country,2,325_seg1
325,5.5,1.75,5.4,2.06,0.6111111111111112,0.6000000000000001,data/deam/DEAM_spectrograms_shiv/325_seg2.npy,country,2,325_seg2
326,5.4,1.56,7.2,1.25,0.6000000000000001,0.8,data/deam/DEAM_spectrograms_shiv/326_seg0.npy,country,2,326_seg0
326,5.4,1.56,7.2,1.25,0.6000000000000001,0.8,data/deam/DEAM_spectrograms_shiv/326_seg1.npy,country,2,326_seg1
326,5.4,1.56,7.2,1.25,0.6000000000000001,0.8,data/deam/DEAM_spectrograms_shiv/326_seg2.npy,country,2,326_seg2
327,6.0,1.34,7.1,1.3,0.6666666666666666,0.7888888888888889,data/deam/DEAM_spectrograms_shiv/327_seg0.npy,country,2,327_seg0
327,6.0,1.34,7.1,1.3,0.6666666666666666,0.7888888888888889,data/deam/DEAM_spectrograms_shiv/327_seg1.npy,country,2,327_seg1
327,6.0,1.34,7.1,1.3,0.6666666666666666,0.7888888888888889,data/deam/DEAM_spectrograms_shiv/327_seg2.npy,country,2,327_seg2
328,5.2,1.6,4.2,2.09,0.5777777777777778,0.4666666666666667,data/deam/DEAM_spectrograms_shiv/328_seg0.npy,country,2,328_seg0
328,5.2,1.6,4.2,2.09,0.5777777777777778,0.4666666666666667,data/deam/DEAM_spectrograms_shiv/328_seg1.npy,country,2,328_seg1
328,5.2,1.6,4.2,2.09,0.5777777777777778,0.4666666666666667,data/deam/DEAM_spectrograms_shiv/328_seg2.npy,country,2,328_seg2
329,3.3,2.28,4.2,2.23,0.3666666666666666,0.4666666666666667,data/deam/DEAM_spectrograms_shiv/329_seg0.npy,country,2,329_seg0
329,3.3,2.28,4.2,2.23,0.3666666666666666,0.4666666666666667,data/deam/DEAM_spectrograms_shiv/329_seg1.npy,country,2,329_seg1
329,3.3,2.28,4.2,2.23,0.3666666666666666,0.4666666666666667,data/deam/DEAM_spectrograms_shiv/329_seg2.npy,country,2,329_seg2
330,5.9,2.3,3.1,1.87,0.6555555555555556,0.3444444444444444,data/deam/DEAM_spectrograms_shiv/330_seg0.npy,country,2,330_seg0
330,5.9,2.3,3.1,1.87,0.6555555555555556,0.3444444444444444,data/deam/DEAM_spectrograms_shiv/330_seg1.npy,country,2,330_seg1
330,5.9,2.3,3.1,1.87,0.6555555555555556,0.3444444444444444,data/deam/DEAM_spectrograms_shiv/330_seg2.npy,country,2,330_seg2
332,5.5,1.12,6.9,0.83,0.6111111111111112,0.7666666666666667,data/deam/DEAM_spectrograms_shiv/332_seg0.npy,country,2,332_seg0
332,5.5,1.12,6.9,0.83,0.6111111111111112,0.7666666666666667,data/deam/DEAM_spectrograms_shiv/332_seg1.npy,country,2,332_seg1
332,5.5,1.12,6.9,0.83,0.6111111111111112,0.7666666666666667,data/deam/DEAM_spectrograms_shiv/332_seg2.npy,country,2,332_seg2
333,6.7,1.55,6.1,1.7,0.7444444444444445,0.6777777777777777,data/deam/DEAM_spectrograms_shiv/333_seg0.npy,country,2,333_seg0
333,6.7,1.55,6.1,1.7,0.7444444444444445,0.6777777777777777,data/deam/DEAM_spectrograms_shiv/333_seg1.npy,country,2,333_seg1
333,6.7,1.55,6.1,1.7,0.7444444444444445,0.6777777777777777,data/deam/DEAM_spectrograms_shiv/333_seg2.npy,country,2,333_seg2
335,6.8,1.47,6.8,1.33,0.7555555555555555,0.7555555555555555,data/deam/DEAM_spectrograms_shiv/335_seg0.npy,country,2,335_seg0
335,6.8,1.47,6.8,1.33,0.7555555555555555,0.7555555555555555,data/deam/DEAM_spectrograms_shiv/335_seg1.npy,country,2,335_seg1
335,6.8,1.47,6.8,1.33,0.7555555555555555,0.7555555555555555,data/deam/DEAM_spectrograms_shiv/335_seg2.npy,country,2,335_seg2
338,3.0,0.77,3.8,1.47,0.3333333333333333,0.4222222222222222,data/deam/DEAM_spectrograms_shiv/338_seg0.npy,country,2,338_seg0
338,3.0,0.77,3.8,1.47,0.3333333333333333,0.4222222222222222,data/deam/DEAM_spectrograms_shiv/338_seg1.npy,country,2,338_seg1
338,3.0,0.77,3.8,1.47,0.3333333333333333,0.4222222222222222,data/deam/DEAM_spectrograms_shiv/338_seg2.npy,country,2,338_seg2
339,5.9,1.58,6.9,1.14,0.6555555555555556,0.7666666666666667,data/deam/DEAM_spectrograms_shiv/339_seg0.npy,country,2,339_seg0
339,5.9,1.58,6.9,1.14,0.6555555555555556,0.7666666666666667,data/deam/DEAM_spectrograms_shiv/339_seg1.npy,country,2,339_seg1
339,5.9,1.58,6.9,1.14,0.6555555555555556,0.7666666666666667,data/deam/DEAM_spectrograms_shiv/339_seg2.npy,country,2,339_seg2
340,3.8,2.36,4.6,1.91,0.4222222222222222,0.5111111111111111,data/deam/DEAM_spectrograms_shiv/340_seg0.npy,country,2,340_seg0
340,3.8,2.36,4.6,1.91,0.4222222222222222,0.5111111111111111,data/deam/DEAM_spectrograms_shiv/340_seg1.npy,country,2,340_seg1
340,3.8,2.36,4.6,1.91,0.4222222222222222,0.5111111111111111,data/deam/DEAM_spectrograms_shiv/340_seg2.npy,country,2,340_seg2
341,3.8,1.78,4.4,1.69,0.4222222222222222,0.4888888888888889,data/deam/DEAM_spectrograms_shiv/341_seg0.npy,country,2,341_seg0
341,3.8,1.78,4.4,1.69,0.4222222222222222,0.4888888888888889,data/deam/DEAM_spectrograms_shiv/341_seg1.npy,country,2,341_seg1
341,3.8,1.78,4.4,1.69,0.4222222222222222,0.4888888888888889,data/deam/DEAM_spectrograms_shiv/341_seg2.npy,country,2,341_seg2
342,4.0,2.05,5.1,2.12,0.4444444444444444,0.5666666666666667,data/deam/DEAM_spectrograms_shiv/342_seg0.npy,country,2,342_seg0
342,4.0,2.05,5.1,2.12,0.4444444444444444,0.5666666666666667,data/deam/DEAM_spectrograms_shiv/342_seg1.npy,country,2,342_seg1
342,4.0,2.05,5.1,2.12,0.4444444444444444,0.5666666666666667,data/deam/DEAM_spectrograms_shiv/342_seg2.npy,country,2,342_seg2
343,7.0,1.73,8.1,0.83,0.7777777777777778,0.8999999999999999,data/deam/DEAM_spectrograms_shiv/343_seg0.npy,country,2,343_seg0
343,7.0,1.73,8.1,0.83,0.7777777777777778,0.8999999999999999,data/deam/DEAM_spectrograms_shiv/343_seg1.npy,country,2,343_seg1
343,7.0,1.73,8.1,0.83,0.7777777777777778,0.8999999999999999,data/deam/DEAM_spectrograms_shiv/343_seg2.npy,country,2,343_seg2
344,4.6,1.74,5.2,1.6,0.5111111111111111,0.5777777777777778,data/deam/DEAM_spectrograms_shiv/344_seg0.npy,country,2,344_seg0
344,4.6,1.74,5.2,1.6,0.5111111111111111,0.5777777777777778,data/deam/DEAM_spectrograms_shiv/344_seg1.npy,country,2,344_seg1
344,4.6,1.74,5.2,1.6,0.5111111111111111,0.5777777777777778,data/deam/DEAM_spectrograms_shiv/344_seg2.npy,country,2,344_seg2
345,7.2,1.54,6.5,1.86,0.8,0.7222222222222222,data/deam/DEAM_spectrograms_shiv/345_seg0.npy,country,2,345_seg0
345,7.2,1.54,6.5,1.86,0.8,0.7222222222222222,data/deam/DEAM_spectrograms_shiv/345_seg1.npy,country,2,345_seg1
345,7.2,1.54,6.5,1.86,0.8,0.7222222222222222,data/deam/DEAM_spectrograms_shiv/345_seg2.npy,country,2,345_seg2
346,6.7,1.0,7.3,1.55,0.7444444444444445,0.8111111111111111,data/deam/DEAM_spectrograms_shiv/346_seg0.npy,country,2,346_seg0
346,6.7,1.0,7.3,1.55,0.7444444444444445,0.8111111111111111,data/deam/DEAM_spectrograms_shiv/346_seg1.npy,country,2,346_seg1
346,6.7,1.0,7.3,1.55,0.7444444444444445,0.8111111111111111,data/deam/DEAM_spectrograms_shiv/346_seg2.npy,country,2,346_seg2
347,3.82,0.94,5.82,0.94,0.4244444444444444,0.6466666666666667,data/deam/DEAM_spectrograms_shiv/347_seg0.npy,country,2,347_seg0
347,3.82,0.94,5.82,0.94,0.4244444444444444,0.6466666666666667,data/deam/DEAM_spectrograms_shiv/347_seg1.npy,country,2,347_seg1
347,3.82,0.94,5.82,0.94,0.4244444444444444,0.6466666666666667,data/deam/DEAM_spectrograms_shiv/347_seg2.npy,country,2,347_seg2
348,5.0,1.55,5.7,1.73,0.5555555555555556,0.6333333333333333,data/deam/DEAM_spectrograms_shiv/348_seg0.npy,country,2,348_seg0
348,5.0,1.55,5.7,1.73,0.5555555555555556,0.6333333333333333,data/deam/DEAM_spectrograms_shiv/348_seg1.npy,country,2,348_seg1
348,5.0,1.55,5.7,1.73,0.5555555555555556,0.6333333333333333,data/deam/DEAM_spectrograms_shiv/348_seg2.npy,country,2,348_seg2
352,5.5,1.36,4.5,1.43,0.6111111111111112,0.5,data/deam/DEAM_spectrograms_shiv/352_seg0.npy,country,2,352_seg0
352,5.5,1.36,4.5,1.43,0.6111111111111112,0.5,data/deam/DEAM_spectrograms_shiv/352_seg1.npy,country,2,352_seg1
352,5.5,1.36,4.5,1.43,0.6111111111111112,0.5,data/deam/DEAM_spectrograms_shiv/352_seg2.npy,country,2,352_seg2
353,4.0,1.95,4.8,2.04,0.4444444444444444,0.5333333333333333,data/deam/DEAM_spectrograms_shiv/353_seg0.npy,country,2,353_seg0
353,4.0,1.95,4.8,2.04,0.4444444444444444,0.5333333333333333,data/deam/DEAM_spectrograms_shiv/353_seg1.npy,country,2,353_seg1
353,4.0,1.95,4.8,2.04,0.4444444444444444,0.5333333333333333,data/deam/DEAM_spectrograms_shiv/353_seg2.npy,country,2,353_seg2
355,5.1,1.81,6.5,1.2,0.5666666666666667,0.7222222222222222,data/deam/DEAM_spectrograms_shiv/355_seg0.npy,country,2,355_seg0
355,5.1,1.81,6.5,1.2,0.5666666666666667,0.7222222222222222,data/deam/DEAM_spectrograms_shiv/355_seg1.npy,country,2,355_seg1
355,5.1,1.81,6.5,1.2,0.5666666666666667,0.7222222222222222,data/deam/DEAM_spectrograms_shiv/355_seg2.npy,country,2,355_seg2
356,4.6,1.85,5.6,1.36,0.5111111111111111,0.6222222222222222,data/deam/DEAM_spectrograms_shiv/356_seg0.npy,country,2,356_seg0
356,4.6,1.85,5.6,1.36,0.5111111111111111,0.6222222222222222,data/deam/DEAM_spectrograms_shiv/356_seg1.npy,country,2,356_seg1
356,4.6,1.85,5.6,1.36,0.5111111111111111,0.6222222222222222,data/deam/DEAM_spectrograms_shiv/356_seg2.npy,country,2,356_seg2
357,4.8,1.4,6.5,1.2,0.5333333333333333,0.7222222222222222,data/deam/DEAM_spectrograms_shiv/357_seg0.npy,country,2,357_seg0
357,4.8,1.4,6.5,1.2,0.5333333333333333,0.7222222222222222,data/deam/DEAM_spectrograms_shiv/357_seg1.npy,country,2,357_seg1
357,4.8,1.4,6.5,1.2,0.5333333333333333,0.7222222222222222,data/deam/DEAM_spectrograms_shiv/357_seg2.npy,country,2,357_seg2
358,5.6,1.43,4.2,1.6,0.6222222222222222,0.4666666666666667,data/deam/DEAM_spectrograms_shiv/358_seg0.npy,country,2,358_seg0
358,5.6,1.43,4.2,1.6,0.6222222222222222,0.4666666666666667,data/deam/DEAM_spectrograms_shiv/358_seg1.npy,country,2,358_seg1
358,5.6,1.43,4.2,1.6,0.6222222222222222,0.4666666666666667,data/deam/DEAM_spectrograms_shiv/358_seg2.npy,country,2,358_seg2
360,2.5,1.36,5.5,1.57,0.2777777777777778,0.6111111111111112,data/deam/DEAM_spectrograms_shiv/360_seg0.npy,country,2,360_seg0
360,2.5,1.36,5.5,1.57,0.2777777777777778,0.6111111111111112,data/deam/DEAM_spectrograms_shiv/360_seg1.npy,country,2,360_seg1
360,2.5,1.36,5.5,1.57,0.2777777777777778,0.6111111111111112,data/deam/DEAM_spectrograms_shiv/360_seg2.npy,country,2,360_seg2
361,2.55,1.3,3.36,1.61,0.2833333333333333,0.3733333333333333,data/deam/DEAM_spectrograms_shiv/361_seg0.npy,country,2,361_seg0
361,2.55,1.3,3.36,1.61,0.2833333333333333,0.3733333333333333,data/deam/DEAM_spectrograms_shiv/361_seg1.npy,country,2,361_seg1
361,2.55,1.3,3.36,1.61,0.2833333333333333,0.3733333333333333,data/deam/DEAM_spectrograms_shiv/361_seg2.npy,country,2,361_seg2
362,4.0,1.67,5.9,0.83,0.4444444444444444,0.6555555555555556,data/deam/DEAM_spectrograms_shiv/362_seg0.npy,country,2,362_seg0
362,4.0,1.67,5.9,0.83,0.4444444444444444,0.6555555555555556,data/deam/DEAM_spectrograms_shiv/362_seg1.npy,country,2,362_seg1
362,4.0,1.67,5.9,0.83,0.4444444444444444,0.6555555555555556,data/deam/DEAM_spectrograms_shiv/362_seg2.npy,country,2,362_seg2
364,5.5,1.43,6.5,1.12,0.6111111111111112,0.7222222222222222,data/deam/DEAM_spectrograms_shiv/364_seg0.npy,country,2,364_seg0
364,5.5,1.43,6.5,1.12,0.6111111111111112,0.7222222222222222,data/deam/DEAM_spectrograms_shiv/364_seg1.npy,country,2,364_seg1
364,5.5,1.43,6.5,1.12,0.6111111111111112,0.7222222222222222,data/deam/DEAM_spectrograms_shiv/364_seg2.npy,country,2,364_seg2
365,6.0,1.55,7.1,0.83,0.6666666666666666,0.7888888888888889,data/deam/DEAM_spectrograms_shiv/365_seg0.npy,country,2,365_seg0
365,6.0,1.55,7.1,0.83,0.6666666666666666,0.7888888888888889,data/deam/DEAM_spectrograms_shiv/365_seg1.npy,country,2,365_seg1
365,6.0,1.55,7.1,0.83,0.6666666666666666,0.7888888888888889,data/deam/DEAM_spectrograms_shiv/365_seg2.npy,country,2,365_seg2
366,6.9,0.94,6.1,1.3,0.7666666666666667,0.6777777777777777,data/deam/DEAM_spectrograms_shiv/366_seg0.npy,country,2,366_seg0
366,6.9,0.94,6.1,1.3,0.7666666666666667,0.6777777777777777,data/deam/DEAM_spectrograms_shiv/366_seg1.npy,country,2,366_seg1
366,6.9,0.94,6.1,1.3,0.7666666666666667,0.6777777777777777,data/deam/DEAM_spectrograms_shiv/366_seg2.npy,country,2,366_seg2
367,3.1,1.58,2.7,0.64,0.3444444444444444,0.3,data/deam/DEAM_spectrograms_shiv/367_seg0.npy,country,2,367_seg0
367,3.1,1.58,2.7,0.64,0.3444444444444444,0.3,data/deam/DEAM_spectrograms_shiv/367_seg1.npy,country,2,367_seg1
367,3.1,1.58,2.7,0.64,0.3444444444444444,0.3,data/deam/DEAM_spectrograms_shiv/367_seg2.npy,country,2,367_seg2
368,4.8,1.83,6.1,1.58,0.5333333333333333,0.6777777777777777,data/deam/DEAM_spectrograms_shiv/368_seg0.npy,country,2,368_seg0
368,4.8,1.83,6.1,1.58,0.5333333333333333,0.6777777777777777,data/deam/DEAM_spectrograms_shiv/368_seg1.npy,country,2,368_seg1
368,4.8,1.83,6.1,1.58,0.5333333333333333,0.6777777777777777,data/deam/DEAM_spectrograms_shiv/368_seg2.npy,country,2,368_seg2
369,2.9,0.7,3.4,0.8,0.3222222222222222,0.3777777777777777,data/deam/DEAM_spectrograms_shiv/369_seg0.npy,country,2,369_seg0
369,2.9,0.7,3.4,0.8,0.3222222222222222,0.3777777777777777,data/deam/DEAM_spectrograms_shiv/369_seg1.npy,country,2,369_seg1
369,2.9,0.7,3.4,0.8,0.3222222222222222,0.3777777777777777,data/deam/DEAM_spectrograms_shiv/369_seg2.npy,country,2,369_seg2
371,5.2,1.6,6.6,1.02,0.5777777777777778,0.7333333333333333,data/deam/DEAM_spectrograms_shiv/371_seg0.npy,country,2,371_seg0
371,5.2,1.6,6.6,1.02,0.5777777777777778,0.7333333333333333,data/deam/DEAM_spectrograms_shiv/371_seg1.npy,country,2,371_seg1
371,5.2,1.6,6.6,1.02,0.5777777777777778,0.7333333333333333,data/deam/DEAM_spectrograms_shiv/371_seg2.npy,country,2,371_seg2
372,3.6,1.2,4.8,1.72,0.4,0.5333333333333333,data/deam/DEAM_spectrograms_shiv/372_seg0.npy,country,2,372_seg0
372,3.6,1.2,4.8,1.72,0.4,0.5333333333333333,data/deam/DEAM_spectrograms_shiv/372_seg1.npy,country,2,372_seg1
372,3.6,1.2,4.8,1.72,0.4,0.5333333333333333,data/deam/DEAM_spectrograms_shiv/372_seg2.npy,country,2,372_seg2
374,7.0,1.0,4.9,1.14,0.7777777777777778,0.5444444444444445,data/deam/DEAM_spectrograms_shiv/374_seg0.npy,country,2,374_seg0
374,7.0,1.0,4.9,1.14,0.7777777777777778,0.5444444444444445,data/deam/DEAM_spectrograms_shiv/374_seg1.npy,country,2,374_seg1
374,7.0,1.0,4.9,1.14,0.7777777777777778,0.5444444444444445,data/deam/DEAM_spectrograms_shiv/374_seg2.npy,country,2,374_seg2
375,1.9,0.7,2.8,1.66,0.2111111111111111,0.3111111111111111,data/deam/DEAM_spectrograms_shiv/375_seg0.npy,country,2,375_seg0
375,1.9,0.7,2.8,1.66,0.2111111111111111,0.3111111111111111,data/deam/DEAM_spectrograms_shiv/375_seg1.npy,country,2,375_seg1
375,1.9,0.7,2.8,1.66,0.2111111111111111,0.3111111111111111,data/deam/DEAM_spectrograms_shiv/375_seg2.npy,country,2,375_seg2
1004,3.8,0.98,4.7,1.49,0.4222222222222222,0.5222222222222223,data/deam/DEAM_spectrograms_shiv/1004_seg0.npy,country,2,1004_seg0
1004,3.8,0.98,4.7,1.49,0.4222222222222222,0.5222222222222223,data/deam/DEAM_spectrograms_shiv/1004_seg1.npy,country,2,1004_seg1
1004,3.8,0.98,4.7,1.49,0.4222222222222222,0.5222222222222223,data/deam/DEAM_spectrograms_shiv/1004_seg2.npy,country,2,1004_seg2
1201,6.0,1.61,5.5,1.12,0.6666666666666666,0.6111111111111112,data/deam/DEAM_spectrograms_shiv/1201_seg0.npy,country,2,1201_seg0
1201,6.0,1.61,5.5,1.12,0.6666666666666666,0.6111111111111112,data/deam/DEAM_spectrograms_shiv/1201_seg1.npy,country,2,1201_seg1
1201,6.0,1.61,5.5,1.12,0.6666666666666666,0.6111111111111112,data/deam/DEAM_spectrograms_shiv/1201_seg2.npy,country,2,1201_seg2
1202,4.1,1.97,2.7,1.35,0.4555555555555555,0.3,data/deam/DEAM_spectrograms_shiv/1202_seg0.npy,country,2,1202_seg0
1202,4.1,1.97,2.7,1.35,0.4555555555555555,0.3,data/deam/DEAM_spectrograms_shiv/1202_seg1.npy,country,2,1202_seg1
1202,4.1,1.97,2.7,1.35,0.4555555555555555,0.3,data/deam/DEAM_spectrograms_shiv/1202_seg2.npy,country,2,1202_seg2
1203,4.0,1.41,3.4,1.28,0.4444444444444444,0.3777777777777777,data/deam/DEAM_spectrograms_shiv/1203_seg0.npy,country,2,1203_seg0
1203,4.0,1.41,3.4,1.28,0.4444444444444444,0.3777777777777777,data/deam/DEAM_spectrograms_shiv/1203_seg1.npy,country,2,1203_seg1
1203,4.0,1.41,3.4,1.28,0.4444444444444444,0.3777777777777777,data/deam/DEAM_spectrograms_shiv/1203_seg2.npy,country,2,1203_seg2
1204,6.6,0.92,5.5,1.28,0.7333333333333333,0.6111111111111112,data/deam/DEAM_spectrograms_shiv/1204_seg0.npy,country,2,1204_seg0
1204,6.6,0.92,5.5,1.28,0.7333333333333333,0.6111111111111112,data/deam/DEAM_spectrograms_shiv/1204_seg1.npy,country,2,1204_seg1
1204,6.6,0.92,5.5,1.28,0.7333333333333333,0.6111111111111112,data/deam/DEAM_spectrograms_shiv/1204_seg2.npy,country,2,1204_seg2
1207,4.7,1.68,3.4,1.74,0.5222222222222223,0.3777777777777777,data/deam/DEAM_spectrograms_shiv/1207_seg0.npy,country,2,1207_seg0
1207,4.7,1.68,3.4,1.74,0.5222222222222223,0.3777777777777777,data/deam/DEAM_spectrograms_shiv/1207_seg1.npy,country,2,1207_seg1
1207,4.7,1.68,3.4,1.74,0.5222222222222223,0.3777777777777777,data/deam/DEAM_spectrograms_shiv/1207_seg2.npy,country,2,1207_seg2
1208,6.2,1.08,4.6,1.11,0.6888888888888889,0.5111111111111111,data/deam/DEAM_spectrograms_shiv/1208_seg0.npy,country,2,1208_seg0
1208,6.2,1.08,4.6,1.11,0.6888888888888889,0.5111111111111111,data/deam/DEAM_spectrograms_shiv/1208_seg1.npy,country,2,1208_seg1
1208,6.2,1.08,4.6,1.11,0.6888888888888889,0.5111111111111111,data/deam/DEAM_spectrograms_shiv/1208_seg2.npy,country,2,1208_seg2
1209,4.4,1.62,2.7,0.78,0.4888888888888889,0.3,data/deam/DEAM_spectrograms_shiv/1209_seg0.npy,country,2,1209_seg0
1209,4.4,1.62,2.7,0.78,0.4888888888888889,0.3,data/deam/DEAM_spectrograms_shiv/1209_seg1.npy,country,2,1209_seg1
1209,4.4,1.62,2.7,0.78,0.4888888888888889,0.3,data/deam/DEAM_spectrograms_shiv/1209_seg2.npy,country,2,1209_seg2
1211,5.5,1.43,4.7,1.55,0.6111111111111112,0.5222222222222223,data/deam/DEAM_spectrograms_shiv/1211_seg0.npy,country,2,1211_seg0
1211,5.5,1.43,4.7,1.55,0.6111111111111112,0.5222222222222223,data/deam/DEAM_spectrograms_shiv/1211_seg1.npy,country,2,1211_seg1
1211,5.5,1.43,4.7,1.55,0.6111111111111112,0.5222222222222223,data/deam/DEAM_spectrograms_shiv/1211_seg2.npy,country,2,1211_seg2
1213,3.1,1.22,2.8,1.25,0.3444444444444444,0.3111111111111111,data/deam/DEAM_spectrograms_shiv/1213_seg0.npy,country,2,1213_seg0
1213,3.1,1.22,2.8,1.25,0.3444444444444444,0.3111111111111111,data/deam/DEAM_spectrograms_shiv/1213_seg1.npy,country,2,1213_seg1
1213,3.1,1.22,2.8,1.25,0.3444444444444444,0.3111111111111111,data/deam/DEAM_spectrograms_shiv/1213_seg2.npy,country,2,1213_seg2
1214,6.2,1.08,5.3,1.49,0.6888888888888889,0.5888888888888889,data/deam/DEAM_spectrograms_shiv/1214_seg0.npy,country,2,1214_seg0
1214,6.2,1.08,5.3,1.49,0.6888888888888889,0.5888888888888889,data/deam/DEAM_spectrograms_shiv/1214_seg1.npy,country,2,1214_seg1
1214,6.2,1.08,5.3,1.49,0.6888888888888889,0.5888888888888889,data/deam/DEAM_spectrograms_shiv/1214_seg2.npy,country,2,1214_seg2
1216,5.5,1.36,5.3,1.73,0.6111111111111112,0.5888888888888889,data/deam/DEAM_spectrograms_shiv/1216_seg0.npy,country,2,1216_seg0
1216,5.5,1.36,5.3,1.73,0.6111111111111112,0.5888888888888889,data/deam/DEAM_spectrograms_shiv/1216_seg1.npy,country,2,1216_seg1
1216,5.5,1.36,5.3,1.73,0.6111111111111112,0.5888888888888889,data/deam/DEAM_spectrograms_shiv/1216_seg2.npy,country,2,1216_seg2
1217,3.9,1.58,2.6,1.02,0.4333333333333333,0.2888888888888889,data/deam/DEAM_spectrograms_shiv/1217_seg0.npy,country,2,1217_seg0
1217,3.9,1.58,2.6,1.02,0.4333333333333333,0.2888888888888889,data/deam/DEAM_spectrograms_shiv/1217_seg1.npy,country,2,1217_seg1
1217,3.9,1.58,2.6,1.02,0.4333333333333333,0.2888888888888889,data/deam/DEAM_spectrograms_shiv/1217_seg2.npy,country,2,1217_seg2
1218,3.9,1.92,4.1,1.81,0.4333333333333333,0.4555555555555555,data/deam/DEAM_spectrograms_shiv/1218_seg0.npy,country,2,1218_seg0
1218,3.9,1.92,4.1,1.81,0.4333333333333333,0.4555555555555555,data/deam/DEAM_spectrograms_shiv/1218_seg1.npy,country,2,1218_seg1
1218,3.9,1.92,4.1,1.81,0.4333333333333333,0.4555555555555555,data/deam/DEAM_spectrograms_shiv/1218_seg2.npy,country,2,1218_seg2
1219,4.3,1.27,2.2,1.17,0.4777777777777777,0.2444444444444444,data/deam/DEAM_spectrograms_shiv/1219_seg0.npy,country,2,1219_seg0
1219,4.3,1.27,2.2,1.17,0.4777777777777777,0.2444444444444444,data/deam/DEAM_spectrograms_shiv/1219_seg1.npy,country,2,1219_seg1
1219,4.3,1.27,2.2,1.17,0.4777777777777777,0.2444444444444444,data/deam/DEAM_spectrograms_shiv/1219_seg2.npy,country,2,1219_seg2
1220,3.6,1.56,2.2,1.08,0.4,0.2444444444444444,data/deam/DEAM_spectrograms_shiv/1220_seg0.npy,country,2,1220_seg0
1220,3.6,1.56,2.2,1.08,0.4,0.2444444444444444,data/deam/DEAM_spectrograms_shiv/1220_seg1.npy,country,2,1220_seg1
1220,3.6,1.56,2.2,1.08,0.4,0.2444444444444444,data/deam/DEAM_spectrograms_shiv/1220_seg2.npy,country,2,1220_seg2
1221,5.4,0.8,5.3,1.0,0.6000000000000001,0.5888888888888889,data/deam/DEAM_spectrograms_shiv/1221_seg0.npy,country,2,1221_seg0
1221,5.4,0.8,5.3,1.0,0.6000000000000001,0.5888888888888889,data/deam/DEAM_spectrograms_shiv/1221_seg1.npy,country,2,1221_seg1
1221,5.4,0.8,5.3,1.0,0.6000000000000001,0.5888888888888889,data/deam/DEAM_spectrograms_shiv/1221_seg2.npy,country,2,1221_seg2
1223,4.6,1.91,5.6,1.74,0.5111111111111111,0.6222222222222222,data/deam/DEAM_spectrograms_shiv/1223_seg0.npy,country,2,1223_seg0
1223,4.6,1.91,5.6,1.74,0.5111111111111111,0.6222222222222222,data/deam/DEAM_spectrograms_shiv/1223_seg1.npy,country,2,1223_seg1
1223,4.6,1.91,5.6,1.74,0.5111111111111111,0.6222222222222222,data/deam/DEAM_spectrograms_shiv/1223_seg2.npy,country,2,1223_seg2
1224,6.2,1.72,6.8,1.33,0.6888888888888889,0.7555555555555555,data/deam/DEAM_spectrograms_shiv/1224_seg0.npy,country,2,1224_seg0
1224,6.2,1.72,6.8,1.33,0.6888888888888889,0.7555555555555555,data/deam/DEAM_spectrograms_shiv/1224_seg1.npy,country,2,1224_seg1
1224,6.2,1.72,6.8,1.33,0.6888888888888889,0.7555555555555555,data/deam/DEAM_spectrograms_shiv/1224_seg2.npy,country,2,1224_seg2
1225,3.4,1.85,4.6,2.15,0.3777777777777777,0.5111111111111111,data/deam/DEAM_spectrograms_shiv/1225_seg0.npy,country,2,1225_seg0
1225,3.4,1.85,4.6,2.15,0.3777777777777777,0.5111111111111111,data/deam/DEAM_spectrograms_shiv/1225_seg1.npy,country,2,1225_seg1
1225,3.4,1.85,4.6,2.15,0.3777777777777777,0.5111111111111111,data/deam/DEAM_spectrograms_shiv/1225_seg2.npy,country,2,1225_seg2
1227,4.7,1.79,5.7,1.85,0.5222222222222223,0.6333333333333333,data/deam/DEAM_spectrograms_shiv/1227_seg0.npy,country,2,1227_seg0
1227,4.7,1.79,5.7,1.85,0.5222222222222223,0.6333333333333333,data/deam/DEAM_spectrograms_shiv/1227_seg1.npy,country,2,1227_seg1
1227,4.7,1.79,5.7,1.85,0.5222222222222223,0.6333333333333333,data/deam/DEAM_spectrograms_shiv/1227_seg2.npy,country,2,1227_seg2
1228,5.4,1.43,3.3,1.19,0.6000000000000001,0.3666666666666666,data/deam/DEAM_spectrograms_shiv/1228_seg0.npy,country,2,1228_seg0
1228,5.4,1.43,3.3,1.19,0.6000000000000001,0.3666666666666666,data/deam/DEAM_spectrograms_shiv/1228_seg1.npy,country,2,1228_seg1
1228,5.4,1.43,3.3,1.19,0.6000000000000001,0.3666666666666666,data/deam/DEAM_spectrograms_shiv/1228_seg2.npy,country,2,1228_seg2
1229,5.2,1.66,4.3,1.68,0.5777777777777778,0.4777777777777777,data/deam/DEAM_spectrograms_shiv/1229_seg0.npy,country,2,1229_seg0
1229,5.2,1.66,4.3,1.68,0.5777777777777778,0.4777777777777777,data/deam/DEAM_spectrograms_shiv/1229_seg1.npy,country,2,1229_seg1
1229,5.2,1.66,4.3,1.68,0.5777777777777778,0.4777777777777777,data/deam/DEAM_spectrograms_shiv/1229_seg2.npy,country,2,1229_seg2
1230,5.3,1.42,3.7,1.49,0.5888888888888889,0.4111111111111111,data/deam/DEAM_spectrograms_shiv/1230_seg0.npy,country,2,1230_seg0
1230,5.3,1.42,3.7,1.49,0.5888888888888889,0.4111111111111111,data/deam/DEAM_spectrograms_shiv/1230_seg1.npy,country,2,1230_seg1
1230,5.3,1.42,3.7,1.49,0.5888888888888889,0.4111111111111111,data/deam/DEAM_spectrograms_shiv/1230_seg2.npy,country,2,1230_seg2
1231,5.5,1.5,6.5,1.2,0.6111111111111112,0.7222222222222222,data/deam/DEAM_spectrograms_shiv/1231_seg0.npy,country,2,1231_seg0
1231,5.5,1.5,6.5,1.2,0.6111111111111112,0.7222222222222222,data/deam/DEAM_spectrograms_shiv/1231_seg1.npy,country,2,1231_seg1
1231,5.5,1.5,6.5,1.2,0.6111111111111112,0.7222222222222222,data/deam/DEAM_spectrograms_shiv/1231_seg2.npy,country,2,1231_seg2
1232,6.9,0.83,6.3,1.42,0.7666666666666667,0.7,data/deam/DEAM_spectrograms_shiv/1232_seg0.npy,country,2,1232_seg0
1232,6.9,0.83,6.3,1.42,0.7666666666666667,0.7,data/deam/DEAM_spectrograms_shiv/1232_seg1.npy,country,2,1232_seg1
1232,6.9,0.83,6.3,1.42,0.7666666666666667,0.7,data/deam/DEAM_spectrograms_shiv/1232_seg2.npy,country,2,1232_seg2
1233,5.5,1.28,4.8,1.47,0.6111111111111112,0.5333333333333333,data/deam/DEAM_spectrograms_shiv/1233_seg0.npy,country,2,1233_seg0
1233,5.5,1.28,4.8,1.47,0.6111111111111112,0.5333333333333333,data/deam/DEAM_spectrograms_shiv/1233_seg1.npy,country,2,1233_seg1
1233,5.5,1.28,4.8,1.47,0.6111111111111112,0.5333333333333333,data/deam/DEAM_spectrograms_shiv/1233_seg2.npy,country,2,1233_seg2
1234,4.6,1.43,3.0,0.89,0.5111111111111111,0.3333333333333333,data/deam/DEAM_spectrograms_shiv/1234_seg0.npy,country,2,1234_seg0
1234,4.6,1.43,3.0,0.89,0.5111111111111111,0.3333333333333333,data/deam/DEAM_spectrograms_shiv/1234_seg1.npy,country,2,1234_seg1
1234,4.6,1.43,3.0,0.89,0.5111111111111111,0.3333333333333333,data/deam/DEAM_spectrograms_shiv/1234_seg2.npy,country,2,1234_seg2
1235,4.9,1.22,5.8,1.17,0.5444444444444445,0.6444444444444444,data/deam/DEAM_spectrograms_shiv/1235_seg0.npy,country,2,1235_seg0
1235,4.9,1.22,5.8,1.17,0.5444444444444445,0.6444444444444444,data/deam/DEAM_spectrograms_shiv/1235_seg1.npy,country,2,1235_seg1
1235,4.9,1.22,5.8,1.17,0.5444444444444445,0.6444444444444444,data/deam/DEAM_spectrograms_shiv/1235_seg2.npy,country,2,1235_seg2
1236,4.5,1.02,4.9,1.04,0.5,0.5444444444444445,data/deam/DEAM_spectrograms_shiv/1236_seg0.npy,country,2,1236_seg0
1236,4.5,1.02,4.9,1.04,0.5,0.5444444444444445,data/deam/DEAM_spectrograms_shiv/1236_seg1.npy,country,2,1236_seg1
1236,4.5,1.02,4.9,1.04,0.5,0.5444444444444445,data/deam/DEAM_spectrograms_shiv/1236_seg2.npy,country,2,1236_seg2
1237,4.1,1.37,3.3,1.27,0.4555555555555555,0.3666666666666666,data/deam/DEAM_spectrograms_shiv/1237_seg0.npy,country,2,1237_seg0
1237,4.1,1.37,3.3,1.27,0.4555555555555555,0.3666666666666666,data/deam/DEAM_spectrograms_shiv/1237_seg1.npy,country,2,1237_seg1
1237,4.1,1.37,3.3,1.27,0.4555555555555555,0.3666666666666666,data/deam/DEAM_spectrograms_shiv/1237_seg2.npy,country,2,1237_seg2
1238,5.5,1.36,5.1,1.81,0.6111111111111112,0.5666666666666667,data/deam/DEAM_spectrograms_shiv/1238_seg0.npy,country,2,1238_seg0
1238,5.5,1.36,5.1,1.81,0.6111111111111112,0.5666666666666667,data/deam/DEAM_spectrograms_shiv/1238_seg1.npy,country,2,1238_seg1
1238,5.5,1.36,5.1,1.81,0.6111111111111112,0.5666666666666667,data/deam/DEAM_spectrograms_shiv/1238_seg2.npy,country,2,1238_seg2
1239,6.3,2.0,6.7,1.73,0.7,0.7444444444444445,data/deam/DEAM_spectrograms_shiv/1239_seg0.npy,country,2,1239_seg0
1239,6.3,2.0,6.7,1.73,0.7,0.7444444444444445,data/deam/DEAM_spectrograms_shiv/1239_seg1.npy,country,2,1239_seg1
1239,6.3,2.0,6.7,1.73,0.7,0.7444444444444445,data/deam/DEAM_spectrograms_shiv/1239_seg2.npy,country,2,1239_seg2
1240,2.7,1.19,2.6,0.8,0.3,0.2888888888888889,data/deam/DEAM_spectrograms_shiv/1240_seg0.npy,country,2,1240_seg0
1240,2.7,1.19,2.6,0.8,0.3,0.2888888888888889,data/deam/DEAM_spectrograms_shiv/1240_seg1.npy,country,2,1240_seg1
1240,2.7,1.19,2.6,0.8,0.3,0.2888888888888889,data/deam/DEAM_spectrograms_shiv/1240_seg2.npy,country,2,1240_seg2
1242,4.7,0.9,4.3,1.35,0.5222222222222223,0.4777777777777777,data/deam/DEAM_spectrograms_shiv/1242_seg0.npy,country,2,1242_seg0
1242,4.7,0.9,4.3,1.35,0.5222222222222223,0.4777777777777777,data/deam/DEAM_spectrograms_shiv/1242_seg1.npy,country,2,1242_seg1
1242,4.7,0.9,4.3,1.35,0.5222222222222223,0.4777777777777777,data/deam/DEAM_spectrograms_shiv/1242_seg2.npy,country,2,1242_seg2
1243,5.8,1.4,5.7,1.55,0.6444444444444444,0.6333333333333333,data/deam/DEAM_spectrograms_shiv/1243_seg0.npy,country,2,1243_seg0
1243,5.8,1.4,5.7,1.55,0.6444444444444444,0.6333333333333333,data/deam/DEAM_spectrograms_shiv/1243_seg1.npy,country,2,1243_seg1
1243,5.8,1.4,5.7,1.55,0.6444444444444444,0.6333333333333333,data/deam/DEAM_spectrograms_shiv/1243_seg2.npy,country,2,1243_seg2
1244,4.6,1.5,3.7,1.27,0.5111111111111111,0.4111111111111111,data/deam/DEAM_spectrograms_shiv/1244_seg0.npy,country,2,1244_seg0
1244,4.6,1.5,3.7,1.27,0.5111111111111111,0.4111111111111111,data/deam/DEAM_spectrograms_shiv/1244_seg1.npy,country,2,1244_seg1
1244,4.6,1.5,3.7,1.27,0.5111111111111111,0.4111111111111111,data/deam/DEAM_spectrograms_shiv/1244_seg2.npy,country,2,1244_seg2
1245,6.4,1.91,5.3,2.0,0.7111111111111111,0.5888888888888889,data/deam/DEAM_spectrograms_shiv/1245_seg0.npy,country,2,1245_seg0
1245,6.4,1.91,5.3,2.0,0.7111111111111111,0.5888888888888889,data/deam/DEAM_spectrograms_shiv/1245_seg1.npy,country,2,1245_seg1
1245,6.4,1.91,5.3,2.0,0.7111111111111111,0.5888888888888889,data/deam/DEAM_spectrograms_shiv/1245_seg2.npy,country,2,1245_seg2
1246,4.5,1.8,3.1,1.58,0.5,0.3444444444444444,data/deam/DEAM_spectrograms_shiv/1246_seg0.npy,country,2,1246_seg0
1246,4.5,1.8,3.1,1.58,0.5,0.3444444444444444,data/deam/DEAM_spectrograms_shiv/1246_seg1.npy,country,2,1246_seg1
1246,4.5,1.8,3.1,1.58,0.5,0.3444444444444444,data/deam/DEAM_spectrograms_shiv/1246_seg2.npy,country,2,1246_seg2
1248,3.7,1.35,3.0,1.26,0.4111111111111111,0.3333333333333333,data/deam/DEAM_spectrograms_shiv/1248_seg0.npy,country,2,1248_seg0
1248,3.7,1.35,3.0,1.26,0.4111111111111111,0.3333333333333333,data/deam/DEAM_spectrograms_shiv/1248_seg1.npy,country,2,1248_seg1
1248,3.7,1.35,3.0,1.26,0.4111111111111111,0.3333333333333333,data/deam/DEAM_spectrograms_shiv/1248_seg2.npy,country,2,1248_seg2
1249,5.1,1.76,5.6,1.8,0.5666666666666667,0.6222222222222222,data/deam/DEAM_spectrograms_shiv/1249_seg0.npy,country,2,1249_seg0
1249,5.1,1.76,5.6,1.8,0.5666666666666667,0.6222222222222222,data/deam/DEAM_spectrograms_shiv/1249_seg1.npy,country,2,1249_seg1
1249,5.1,1.76,5.6,1.8,0.5666666666666667,0.6222222222222222,data/deam/DEAM_spectrograms_shiv/1249_seg2.npy,country,2,1249_seg2
1250,7.0,1.41,7.4,0.92,0.7777777777777778,0.8222222222222223,data/deam/DEAM_spectrograms_shiv/1250_seg0.npy,country,2,1250_seg0
1250,7.0,1.41,7.4,0.92,0.7777777777777778,0.8222222222222223,data/deam/DEAM_spectrograms_shiv/1250_seg1.npy,country,2,1250_seg1
1250,7.0,1.41,7.4,0.92,0.7777777777777778,0.8222222222222223,data/deam/DEAM_spectrograms_shiv/1250_seg2.npy,country,2,1250_seg2
1252,5.2,0.87,5.1,1.04,0.5777777777777778,0.5666666666666667,data/deam/DEAM_spectrograms_shiv/1252_seg0.npy,country,2,1252_seg0
1252,5.2,0.87,5.1,1.04,0.5777777777777778,0.5666666666666667,data/deam/DEAM_spectrograms_shiv/1252_seg1.npy,country,2,1252_seg1
1252,5.2,0.87,5.1,1.04,0.5777777777777778,0.5666666666666667,data/deam/DEAM_spectrograms_shiv/1252_seg2.npy,country,2,1252_seg2
1253,4.1,1.3,3.0,1.0,0.4555555555555555,0.3333333333333333,data/deam/DEAM_spectrograms_shiv/1253_seg0.npy,country,2,1253_seg0
1253,4.1,1.3,3.0,1.0,0.4555555555555555,0.3333333333333333,data/deam/DEAM_spectrograms_shiv/1253_seg1.npy,country,2,1253_seg1
1253,4.1,1.3,3.0,1.0,0.4555555555555555,0.3333333333333333,data/deam/DEAM_spectrograms_shiv/1253_seg2.npy,country,2,1253_seg2
1254,4.7,1.79,6.2,2.23,0.5222222222222223,0.6888888888888889,data/deam/DEAM_spectrograms_shiv/1254_seg0.npy,country,2,1254_seg0
1254,4.7,1.79,6.2,2.23,0.5222222222222223,0.6888888888888889,data/deam/DEAM_spectrograms_shiv/1254_seg1.npy,country,2,1254_seg1
1254,4.7,1.79,6.2,2.23,0.5222222222222223,0.6888888888888889,data/deam/DEAM_spectrograms_shiv/1254_seg2.npy,country,2,1254_seg2
1255,3.4,2.32,2.0,0.81,0.3777777777777777,0.2222222222222222,data/deam/DEAM_spectrograms_shiv/1255_seg0.npy,country,2,1255_seg0
1255,3.4,2.32,2.0,0.81,0.3777777777777777,0.2222222222222222,data/deam/DEAM_spectrograms_shiv/1255_seg1.npy,country,2,1255_seg1
1255,3.4,2.32,2.0,0.81,0.3777777777777777,0.2222222222222222,data/deam/DEAM_spectrograms_shiv/1255_seg2.npy,country,2,1255_seg2
1256,5.7,1.27,5.5,1.69,0.6333333333333333,0.6111111111111112,data/deam/DEAM_spectrograms_shiv/1256_seg0.npy,country,2,1256_seg0
1256,5.7,1.27,5.5,1.69,0.6333333333333333,0.6111111111111112,data/deam/DEAM_spectrograms_shiv/1256_seg1.npy,country,2,1256_seg1
1256,5.7,1.27,5.5,1.69,0.6333333333333333,0.6111111111111112,data/deam/DEAM_spectrograms_shiv/1256_seg2.npy,country,2,1256_seg2
1257,5.0,1.18,3.8,1.25,0.5555555555555556,0.4222222222222222,data/deam/DEAM_spectrograms_shiv/1257_seg0.npy,country,2,1257_seg0
1257,5.0,1.18,3.8,1.25,0.5555555555555556,0.4222222222222222,data/deam/DEAM_spectrograms_shiv/1257_seg1.npy,country,2,1257_seg1
1257,5.0,1.18,3.8,1.25,0.5555555555555556,0.4222222222222222,data/deam/DEAM_spectrograms_shiv/1257_seg2.npy,country,2,1257_seg2
1258,5.7,1.62,5.6,1.74,0.6333333333333333,0.6222222222222222,data/deam/DEAM_spectrograms_shiv/1258_seg0.npy,country,2,1258_seg0
1258,5.7,1.62,5.6,1.74,0.6333333333333333,0.6222222222222222,data/deam/DEAM_spectrograms_shiv/1258_seg1.npy,country,2,1258_seg1
1258,5.7,1.62,5.6,1.74,0.6333333333333333,0.6222222222222222,data/deam/DEAM_spectrograms_shiv/1258_seg2.npy,country,2,1258_seg2
1260,7.2,0.75,6.5,1.43,0.8,0.7222222222222222,data/deam/DEAM_spectrograms_shiv/1260_seg0.npy,country,2,1260_seg0
1260,7.2,0.75,6.5,1.43,0.8,0.7222222222222222,data/deam/DEAM_spectrograms_shiv/1260_seg1.npy,country,2,1260_seg1
1260,7.2,0.75,6.5,1.43,0.8,0.7222222222222222,data/deam/DEAM_spectrograms_shiv/1260_seg2.npy,country,2,1260_seg2
1261,3.8,1.83,3.1,1.37,0.4222222222222222,0.3444444444444444,data/deam/DEAM_spectrograms_shiv/1261_seg0.npy,country,2,1261_seg0
1261,3.8,1.83,3.1,1.37,0.4222222222222222,0.3444444444444444,data/deam/DEAM_spectrograms_shiv/1261_seg1.npy,country,2,1261_seg1
1261,3.8,1.83,3.1,1.37,0.4222222222222222,0.3444444444444444,data/deam/DEAM_spectrograms_shiv/1261_seg2.npy,country,2,1261_seg2
1262,4.5,1.8,4.8,1.4,0.5,0.5333333333333333,data/deam/DEAM_spectrograms_shiv/1262_seg0.npy,country,2,1262_seg0
1262,4.5,1.8,4.8,1.4,0.5,0.5333333333333333,data/deam/DEAM_spectrograms_shiv/1262_seg1.npy,country,2,1262_seg1
1262,4.5,1.8,4.8,1.4,0.5,0.5333333333333333,data/deam/DEAM_spectrograms_shiv/1262_seg2.npy,country,2,1262_seg2
1263,5.8,1.47,5.1,1.22,0.6444444444444444,0.5666666666666667,data/deam/DEAM_spectrograms_shiv/1263_seg0.npy,country,2,1263_seg0
1263,5.8,1.47,5.1,1.22,0.6444444444444444,0.5666666666666667,data/deam/DEAM_spectrograms_shiv/1263_seg1.npy,country,2,1263_seg1
1263,5.8,1.47,5.1,1.22,0.6444444444444444,0.5666666666666667,data/deam/DEAM_spectrograms_shiv/1263_seg2.npy,country,2,1263_seg2
1264,4.6,1.96,3.6,1.96,0.5111111111111111,0.4,data/deam/DEAM_spectrograms_shiv/1264_seg0.npy,country,2,1264_seg0
1264,4.6,1.96,3.6,1.96,0.5111111111111111,0.4,data/deam/DEAM_spectrograms_shiv/1264_seg1.npy,country,2,1264_seg1
1264,4.6,1.96,3.6,1.96,0.5111111111111111,0.4,data/deam/DEAM_spectrograms_shiv/1264_seg2.npy,country,2,1264_seg2
1266,5.6,0.66,5.1,1.14,0.6222222222222222,0.5666666666666667,data/deam/DEAM_spectrograms_shiv/1266_seg0.npy,country,2,1266_seg0
1266,5.6,0.66,5.1,1.14,0.6222222222222222,0.5666666666666667,data/deam/DEAM_spectrograms_shiv/1266_seg1.npy,country,2,1266_seg1
1266,5.6,0.66,5.1,1.14,0.6222222222222222,0.5666666666666667,data/deam/DEAM_spectrograms_shiv/1266_seg2.npy,country,2,1266_seg2
1267,4.5,1.69,3.7,1.55,0.5,0.4111111111111111,data/deam/DEAM_spectrograms_shiv/1267_seg0.npy,country,2,1267_seg0
1267,4.5,1.69,3.7,1.55,0.5,0.4111111111111111,data/deam/DEAM_spectrograms_shiv/1267_seg1.npy,country,2,1267_seg1
1267,4.5,1.69,3.7,1.55,0.5,0.4111111111111111,data/deam/DEAM_spectrograms_shiv/1267_seg2.npy,country,2,1267_seg2
1269,3.5,1.2,4.4,1.56,0.3888888888888889,0.4888888888888889,data/deam/DEAM_spectrograms_shiv/1269_seg0.npy,country,2,1269_seg0
1269,3.5,1.2,4.4,1.56,0.3888888888888889,0.4888888888888889,data/deam/DEAM_spectrograms_shiv/1269_seg1.npy,country,2,1269_seg1
1269,3.5,1.2,4.4,1.56,0.3888888888888889,0.4888888888888889,data/deam/DEAM_spectrograms_shiv/1269_seg2.npy,country,2,1269_seg2
1271,4.6,1.2,4.7,1.0,0.5111111111111111,0.5222222222222223,data/deam/DEAM_spectrograms_shiv/1271_seg0.npy,country,2,1271_seg0
1271,4.6,1.2,4.7,1.0,0.5111111111111111,0.5222222222222223,data/deam/DEAM_spectrograms_shiv/1271_seg1.npy,country,2,1271_seg1
1271,4.6,1.2,4.7,1.0,0.5111111111111111,0.5222222222222223,data/deam/DEAM_spectrograms_shiv/1271_seg2.npy,country,2,1271_seg2
1272,4.0,1.48,3.2,1.33,0.4444444444444444,0.3555555555555555,data/deam/DEAM_spectrograms_shiv/1272_seg0.npy,country,2,1272_seg0
1272,4.0,1.48,3.2,1.33,0.4444444444444444,0.3555555555555555,data/deam/DEAM_spectrograms_shiv/1272_seg1.npy,country,2,1272_seg1
1272,4.0,1.48,3.2,1.33,0.4444444444444444,0.3555555555555555,data/deam/DEAM_spectrograms_shiv/1272_seg2.npy,country,2,1272_seg2
1273,4.8,2.18,5.6,1.69,0.5333333333333333,0.6222222222222222,data/deam/DEAM_spectrograms_shiv/1273_seg0.npy,country,2,1273_seg0
1273,4.8,2.18,5.6,1.69,0.5333333333333333,0.6222222222222222,data/deam/DEAM_spectrograms_shiv/1273_seg1.npy,country,2,1273_seg1
1273,4.8,2.18,5.6,1.69,0.5333333333333333,0.6222222222222222,data/deam/DEAM_spectrograms_shiv/1273_seg2.npy,country,2,1273_seg2
1274,6.0,1.48,5.4,1.11,0.6666666666666666,0.6000000000000001,data/deam/DEAM_spectrograms_shiv/1274_seg0.npy,country,2,1274_seg0
1274,6.0,1.48,5.4,1.11,0.6666666666666666,0.6000000000000001,data/deam/DEAM_spectrograms_shiv/1274_seg1.npy,country,2,1274_seg1
1274,6.0,1.48,5.4,1.11,0.6666666666666666,0.6000000000000001,data/deam/DEAM_spectrograms_shiv/1274_seg2.npy,country,2,1274_seg2
1277,2.9,1.14,2.2,1.17,0.3222222222222222,0.2444444444444444,data/deam/DEAM_spectrograms_shiv/1277_seg0.npy,country,2,1277_seg0
1277,2.9,1.14,2.2,1.17,0.3222222222222222,0.2444444444444444,data/deam/DEAM_spectrograms_shiv/1277_seg1.npy,country,2,1277_seg1
1277,2.9,1.14,2.2,1.17,0.3222222222222222,0.2444444444444444,data/deam/DEAM_spectrograms_shiv/1277_seg2.npy,country,2,1277_seg2
1279,5.6,1.8,4.2,1.33,0.6222222222222222,0.4666666666666667,data/deam/DEAM_spectrograms_shiv/1279_seg0.npy,country,2,1279_seg0
1279,5.6,1.8,4.2,1.33,0.6222222222222222,0.4666666666666667,data/deam/DEAM_spectrograms_shiv/1279_seg1.npy,country,2,1279_seg1
1279,5.6,1.8,4.2,1.33,0.6222222222222222,0.4666666666666667,data/deam/DEAM_spectrograms_shiv/1279_seg2.npy,country,2,1279_seg2
1281,5.4,1.36,4.5,1.86,0.6000000000000001,0.5,data/deam/DEAM_spectrograms_shiv/1281_seg0.npy,country,2,1281_seg0
1281,5.4,1.36,4.5,1.86,0.6000000000000001,0.5,data/deam/DEAM_spectrograms_shiv/1281_seg1.npy,country,2,1281_seg1
1281,5.4,1.36,4.5,1.86,0.6000000000000001,0.5,data/deam/DEAM_spectrograms_shiv/1281_seg2.npy,country,2,1281_seg2
1283,3.3,1.79,5.2,1.47,0.3666666666666666,0.5777777777777778,data/deam/DEAM_spectrograms_shiv/1283_seg0.npy,country,2,1283_seg0
1283,3.3,1.79,5.2,1.47,0.3666666666666666,0.5777777777777778,data/deam/DEAM_spectrograms_shiv/1283_seg1.npy,country,2,1283_seg1
1283,3.3,1.79,5.2,1.47,0.3666666666666666,0.5777777777777778,data/deam/DEAM_spectrograms_shiv/1283_seg2.npy,country,2,1283_seg2
1284,6.3,1.42,6.6,1.28,0.7,0.7333333333333333,data/deam/DEAM_spectrograms_shiv/1284_seg0.npy,country,2,1284_seg0
1284,6.3,1.42,6.6,1.28,0.7,0.7333333333333333,data/deam/DEAM_spectrograms_shiv/1284_seg1.npy,country,2,1284_seg1
1284,6.3,1.42,6.6,1.28,0.7,0.7333333333333333,data/deam/DEAM_spectrograms_shiv/1284_seg2.npy,country,2,1284_seg2
1285,5.1,1.81,4.9,1.92,0.5666666666666667,0.5444444444444445,data/deam/DEAM_spectrograms_shiv/1285_seg0.npy,country,2,1285_seg0
1285,5.1,1.81,4.9,1.92,0.5666666666666667,0.5444444444444445,data/deam/DEAM_spectrograms_shiv/1285_seg1.npy,country,2,1285_seg1
1285,5.1,1.81,4.9,1.92,0.5666666666666667,0.5444444444444445,data/deam/DEAM_spectrograms_shiv/1285_seg2.npy,country,2,1285_seg2
1286,3.8,1.83,3.0,1.34,0.4222222222222222,0.3333333333333333,data/deam/DEAM_spectrograms_shiv/1286_seg0.npy,country,2,1286_seg0
1286,3.8,1.83,3.0,1.34,0.4222222222222222,0.3333333333333333,data/deam/DEAM_spectrograms_shiv/1286_seg1.npy,country,2,1286_seg1
1286,3.8,1.83,3.0,1.34,0.4222222222222222,0.3333333333333333,data/deam/DEAM_spectrograms_shiv/1286_seg2.npy,country,2,1286_seg2
1287,4.5,1.36,4.3,2.0,0.5,0.4777777777777777,data/deam/DEAM_spectrograms_shiv/1287_seg0.npy,country,2,1287_seg0
1287,4.5,1.36,4.3,2.0,0.5,0.4777777777777777,data/deam/DEAM_spectrograms_shiv/1287_seg1.npy,country,2,1287_seg1
1287,4.5,1.36,4.3,2.0,0.5,0.4777777777777777,data/deam/DEAM_spectrograms_shiv/1287_seg2.npy,country,2,1287_seg2
1288,5.2,1.54,3.4,1.36,0.5777777777777778,0.3777777777777777,data/deam/DEAM_spectrograms_shiv/1288_seg0.npy,country,2,1288_seg0
1288,5.2,1.54,3.4,1.36,0.5777777777777778,0.3777777777777777,data/deam/DEAM_spectrograms_shiv/1288_seg1.npy,country,2,1288_seg1
1288,5.2,1.54,3.4,1.36,0.5777777777777778,0.3777777777777777,data/deam/DEAM_spectrograms_shiv/1288_seg2.npy,country,2,1288_seg2
1290,6.6,1.2,6.6,1.36,0.7333333333333333,0.7333333333333333,data/deam/DEAM_spectrograms_shiv/1290_seg0.npy,country,2,1290_seg0
1290,6.6,1.2,6.6,1.36,0.7333333333333333,0.7333333333333333,data/deam/DEAM_spectrograms_shiv/1290_seg1.npy,country,2,1290_seg1
1290,6.6,1.2,6.6,1.36,0.7333333333333333,0.7333333333333333,data/deam/DEAM_spectrograms_shiv/1290_seg2.npy,country,2,1290_seg2
1291,3.6,2.01,2.5,1.28,0.4,0.2777777777777778,data/deam/DEAM_spectrograms_shiv/1291_seg0.npy,country,2,1291_seg0
1291,3.6,2.01,2.5,1.28,0.4,0.2777777777777778,data/deam/DEAM_spectrograms_shiv/1291_seg1.npy,country,2,1291_seg1
1291,3.6,2.01,2.5,1.28,0.4,0.2777777777777778,data/deam/DEAM_spectrograms_shiv/1291_seg2.npy,country,2,1291_seg2
1294,5.9,1.22,5.5,1.28,0.6555555555555556,0.6111111111111112,data/deam/DEAM_spectrograms_shiv/1294_seg0.npy,country,2,1294_seg0
1294,5.9,1.22,5.5,1.28,0.6555555555555556,0.6111111111111112,data/deam/DEAM_spectrograms_shiv/1294_seg1.npy,country,2,1294_seg1
1294,5.9,1.22,5.5,1.28,0.6555555555555556,0.6111111111111112,data/deam/DEAM_spectrograms_shiv/1294_seg2.npy,country,2,1294_seg2
1296,5.0,1.34,5.9,0.83,0.5555555555555556,0.6555555555555556,data/deam/DEAM_spectrograms_shiv/1296_seg0.npy,country,2,1296_seg0
1296,5.0,1.34,5.9,0.83,0.5555555555555556,0.6555555555555556,data/deam/DEAM_spectrograms_shiv/1296_seg1.npy,country,2,1296_seg1
1296,5.0,1.34,5.9,0.83,0.5555555555555556,0.6555555555555556,data/deam/DEAM_spectrograms_shiv/1296_seg2.npy,country,2,1296_seg2
1297,4.8,1.81,3.7,1.49,0.5333333333333333,0.4111111111111111,data/deam/DEAM_spectrograms_shiv/1297_seg0.npy,country,2,1297_seg0
1297,4.8,1.81,3.7,1.49,0.5333333333333333,0.4111111111111111,data/deam/DEAM_spectrograms_shiv/1297_seg1.npy,country,2,1297_seg1
1297,4.8,1.81,3.7,1.49,0.5333333333333333,0.4111111111111111,data/deam/DEAM_spectrograms_shiv/1297_seg2.npy,country,2,1297_seg2
1298,6.9,0.94,5.6,1.36,0.7666666666666667,0.6222222222222222,data/deam/DEAM_spectrograms_shiv/1298_seg0.npy,country,2,1298_seg0
1298,6.9,0.94,5.6,1.36,0.7666666666666667,0.6222222222222222,data/deam/DEAM_spectrograms_shiv/1298_seg1.npy,country,2,1298_seg1
1298,6.9,0.94,5.6,1.36,0.7666666666666667,0.6222222222222222,data/deam/DEAM_spectrograms_shiv/1298_seg2.npy,country,2,1298_seg2
1299,4.5,1.5,4.7,1.27,0.5,0.5222222222222223,data/deam/DEAM_spectrograms_shiv/1299_seg0.npy,country,2,1299_seg0
1299,4.5,1.5,4.7,1.27,0.5,0.5222222222222223,data/deam/DEAM_spectrograms_shiv/1299_seg1.npy,country,2,1299_seg1
1299,4.5,1.5,4.7,1.27,0.5,0.5222222222222223,data/deam/DEAM_spectrograms_shiv/1299_seg2.npy,country,2,1299_seg2
1300,6.0,1.1,4.5,1.2,0.6666666666666666,0.5,data/deam/DEAM_spectrograms_shiv/1300_seg0.npy,country,2,1300_seg0
1300,6.0,1.1,4.5,1.2,0.6666666666666666,0.5,data/deam/DEAM_spectrograms_shiv/1300_seg1.npy,country,2,1300_seg1
1300,6.0,1.1,4.5,1.2,0.6666666666666666,0.5,data/deam/DEAM_spectrograms_shiv/1300_seg2.npy,country,2,1300_seg2
376,5.0,1.48,5.9,1.14,0.5555555555555556,0.6555555555555556,data/deam/DEAM_spectrograms_shiv/376_seg0.npy,electronic,3,376_seg0
376,5.0,1.48,5.9,1.14,0.5555555555555556,0.6555555555555556,data/deam/DEAM_spectrograms_shiv/376_seg1.npy,electronic,3,376_seg1
376,5.0,1.48,5.9,1.14,0.5555555555555556,0.6555555555555556,data/deam/DEAM_spectrograms_shiv/376_seg2.npy,electronic,3,376_seg2
378,5.5,1.8,5.9,1.64,0.6111111111111112,0.6555555555555556,data/deam/DEAM_spectrograms_shiv/378_seg0.npy,electronic,3,378_seg0
378,5.5,1.8,5.9,1.64,0.6111111111111112,0.6555555555555556,data/deam/DEAM_spectrograms_shiv/378_seg1.npy,electronic,3,378_seg1
378,5.5,1.8,5.9,1.64,0.6111111111111112,0.6555555555555556,data/deam/DEAM_spectrograms_shiv/378_seg2.npy,electronic,3,378_seg2
379,1.9,0.94,2.9,1.14,0.2111111111111111,0.3222222222222222,data/deam/DEAM_spectrograms_shiv/379_seg0.npy,electronic,3,379_seg0
379,1.9,0.94,2.9,1.14,0.2111111111111111,0.3222222222222222,data/deam/DEAM_spectrograms_shiv/379_seg1.npy,electronic,3,379_seg1
379,1.9,0.94,2.9,1.14,0.2111111111111111,0.3222222222222222,data/deam/DEAM_spectrograms_shiv/379_seg2.npy,electronic,3,379_seg2
380,5.6,1.28,4.8,2.04,0.6222222222222222,0.5333333333333333,data/deam/DEAM_spectrograms_shiv/380_seg0.npy,electronic,3,380_seg0
380,5.6,1.28,4.8,2.04,0.6222222222222222,0.5333333333333333,data/deam/DEAM_spectrograms_shiv/380_seg1.npy,electronic,3,380_seg1
380,5.6,1.28,4.8,2.04,0.6222222222222222,0.5333333333333333,data/deam/DEAM_spectrograms_shiv/380_seg2.npy,electronic,3,380_seg2
383,4.2,2.09,3.6,1.56,0.4666666666666667,0.4,data/deam/DEAM_spectrograms_shiv/383_seg0.npy,electronic,3,383_seg0
383,4.2,2.09,3.6,1.56,0.4666666666666667,0.4,data/deam/DEAM_spectrograms_shiv/383_seg1.npy,electronic,3,383_seg1
383,4.2,2.09,3.6,1.56,0.4666666666666667,0.4,data/deam/DEAM_spectrograms_shiv/383_seg2.npy,electronic,3,383_seg2
384,3.6,1.36,4.1,1.58,0.4,0.4555555555555555,data/deam/DEAM_spectrograms_shiv/384_seg0.npy,electronic,3,384_seg0
384,3.6,1.36,4.1,1.58,0.4,0.4555555555555555,data/deam/DEAM_spectrograms_shiv/384_seg1.npy,electronic,3,384_seg1
384,3.6,1.36,4.1,1.58,0.4,0.4555555555555555,data/deam/DEAM_spectrograms_shiv/384_seg2.npy,electronic,3,384_seg2
386,5.0,1.1,5.5,1.75,0.5555555555555556,0.6111111111111112,data/deam/DEAM_spectrograms_shiv/386_seg0.npy,electronic,3,386_seg0
386,5.0,1.1,5.5,1.75,0.5555555555555556,0.6111111111111112,data/deam/DEAM_spectrograms_shiv/386_seg1.npy,electronic,3,386_seg1
386,5.0,1.1,5.5,1.75,0.5555555555555556,0.6111111111111112,data/deam/DEAM_spectrograms_shiv/386_seg2.npy,electronic,3,386_seg2
387,6.2,2.27,6.2,2.52,0.6888888888888889,0.6888888888888889,data/deam/DEAM_spectrograms_shiv/387_seg0.npy,electronic,3,387_seg0
387,6.2,2.27,6.2,2.52,0.6888888888888889,0.6888888888888889,data/deam/DEAM_spectrograms_shiv/387_seg1.npy,electronic,3,387_seg1
387,6.2,2.27,6.2,2.52,0.6888888888888889,0.6888888888888889,data/deam/DEAM_spectrograms_shiv/387_seg2.npy,electronic,3,387_seg2
390,5.7,1.0,6.2,0.6,0.6333333333333333,0.6888888888888889,data/deam/DEAM_spectrograms_shiv/390_seg0.npy,electronic,3,390_seg0
390,5.7,1.0,6.2,0.6,0.6333333333333333,0.6888888888888889,data/deam/DEAM_spectrograms_shiv/390_seg1.npy,electronic,3,390_seg1
390,5.7,1.0,6.2,0.6,0.6333333333333333,0.6888888888888889,data/deam/DEAM_spectrograms_shiv/390_seg2.npy,electronic,3,390_seg2
391,5.5,1.57,6.1,0.94,0.6111111111111112,0.6777777777777777,data/deam/DEAM_spectrograms_shiv/391_seg0.npy,electronic,3,391_seg0
391,5.5,1.57,6.1,0.94,0.6111111111111112,0.6777777777777777,data/deam/DEAM_spectrograms_shiv/391_seg1.npy,electronic,3,391_seg1
391,5.5,1.57,6.1,0.94,0.6111111111111112,0.6777777777777777,data/deam/DEAM_spectrograms_shiv/391_seg2.npy,electronic,3,391_seg2
395,6.7,1.27,6.2,1.4,0.7444444444444445,0.6888888888888889,data/deam/DEAM_spectrograms_shiv/395_seg0.npy,electronic,3,395_seg0
395,6.7,1.27,6.2,1.4,0.7444444444444445,0.6888888888888889,data/deam/DEAM_spectrograms_shiv/395_seg1.npy,electronic,3,395_seg1
395,6.7,1.27,6.2,1.4,0.7444444444444445,0.6888888888888889,data/deam/DEAM_spectrograms_shiv/395_seg2.npy,electronic,3,395_seg2
397,7.0,1.26,7.0,1.34,0.7777777777777778,0.7777777777777778,data/deam/DEAM_spectrograms_shiv/397_seg0.npy,electronic,3,397_seg0
397,7.0,1.26,7.0,1.34,0.7777777777777778,0.7777777777777778,data/deam/DEAM_spectrograms_shiv/397_seg1.npy,electronic,3,397_seg1
397,7.0,1.26,7.0,1.34,0.7777777777777778,0.7777777777777778,data/deam/DEAM_spectrograms_shiv/397_seg2.npy,electronic,3,397_seg2
399,6.7,0.9,7.0,1.0,0.7444444444444445,0.7777777777777778,data/deam/DEAM_spectrograms_shiv/399_seg0.npy,electronic,3,399_seg0
399,6.7,0.9,7.0,1.0,0.7444444444444445,0.7777777777777778,data/deam/DEAM_spectrograms_shiv/399_seg1.npy,electronic,3,399_seg1
399,6.7,0.9,7.0,1.0,0.7444444444444445,0.7777777777777778,data/deam/DEAM_spectrograms_shiv/399_seg2.npy,electronic,3,399_seg2
400,5.1,1.7,5.6,1.11,0.5666666666666667,0.6222222222222222,data/deam/DEAM_spectrograms_shiv/400_seg0.npy,electronic,3,400_seg0
400,5.1,1.7,5.6,1.11,0.5666666666666667,0.6222222222222222,data/deam/DEAM_spectrograms_shiv/400_seg1.npy,electronic,3,400_seg1
400,5.1,1.7,5.6,1.11,0.5666666666666667,0.6222222222222222,data/deam/DEAM_spectrograms_shiv/400_seg2.npy,electronic,3,400_seg2
401,5.5,1.43,6.4,1.2,0.6111111111111112,0.7111111111111111,data/deam/DEAM_spectrograms_shiv/401_seg0.npy,electronic,3,401_seg0
401,5.5,1.43,6.4,1.2,0.6111111111111112,0.7111111111111111,data/deam/DEAM_spectrograms_shiv/401_seg1.npy,electronic,3,401_seg1
401,5.5,1.43,6.4,1.2,0.6111111111111112,0.7111111111111111,data/deam/DEAM_spectrograms_shiv/401_seg2.npy,electronic,3,401_seg2
404,6.9,1.37,6.8,1.33,0.7666666666666667,0.7555555555555555,data/deam/DEAM_spectrograms_shiv/404_seg0.npy,electronic,3,404_seg0
404,6.9,1.37,6.8,1.33,0.7666666666666667,0.7555555555555555,data/deam/DEAM_spectrograms_shiv/404_seg1.npy,electronic,3,404_seg1
404,6.9,1.37,6.8,1.33,0.7666666666666667,0.7555555555555555,data/deam/DEAM_spectrograms_shiv/404_seg2.npy,electronic,3,404_seg2
405,6.1,1.92,7.4,0.92,0.6777777777777777,0.8222222222222223,data/deam/DEAM_spectrograms_shiv/405_seg0.npy,electronic,3,405_seg0
405,6.1,1.92,7.4,0.92,0.6777777777777777,0.8222222222222223,data/deam/DEAM_spectrograms_shiv/405_seg1.npy,electronic,3,405_seg1
405,6.1,1.92,7.4,0.92,0.6777777777777777,0.8222222222222223,data/deam/DEAM_spectrograms_shiv/405_seg2.npy,electronic,3,405_seg2
406,5.3,2.1,4.3,2.19,0.5888888888888889,0.4777777777777777,data/deam/DEAM_spectrograms_shiv/406_seg0.npy,electronic,3,406_seg0
406,5.3,2.1,4.3,2.19,0.5888888888888889,0.4777777777777777,data/deam/DEAM_spectrograms_shiv/406_seg1.npy,electronic,3,406_seg1
406,5.3,2.1,4.3,2.19,0.5888888888888889,0.4777777777777777,data/deam/DEAM_spectrograms_shiv/406_seg2.npy,electronic,3,406_seg2
407,4.3,1.68,4.5,1.63,0.4777777777777777,0.5,data/deam/DEAM_spectrograms_shiv/407_seg0.npy,electronic,3,407_seg0
407,4.3,1.68,4.5,1.63,0.4777777777777777,0.5,data/deam/DEAM_spectrograms_shiv/407_seg1.npy,electronic,3,407_seg1
407,4.3,1.68,4.5,1.63,0.4777777777777777,0.5,data/deam/DEAM_spectrograms_shiv/407_seg2.npy,electronic,3,407_seg2
410,3.8,1.99,5.1,1.7,0.4222222222222222,0.5666666666666667,data/deam/DEAM_spectrograms_shiv/410_seg0.npy,electronic,3,410_seg0
410,3.8,1.99,5.1,1.7,0.4222222222222222,0.5666666666666667,data/deam/DEAM_spectrograms_shiv/410_seg1.npy,electronic,3,410_seg1
410,3.8,1.99,5.1,1.7,0.4222222222222222,0.5666666666666667,data/deam/DEAM_spectrograms_shiv/410_seg2.npy,electronic,3,410_seg2
416,5.5,1.75,5.2,1.6,0.6111111111111112,0.5777777777777778,data/deam/DEAM_spectrograms_shiv/416_seg0.npy,electronic,3,416_seg0
416,5.5,1.75,5.2,1.6,0.6111111111111112,0.5777777777777778,data/deam/DEAM_spectrograms_shiv/416_seg1.npy,electronic,3,416_seg1
416,5.5,1.75,5.2,1.6,0.6111111111111112,0.5777777777777778,data/deam/DEAM_spectrograms_shiv/416_seg2.npy,electronic,3,416_seg2
419,3.3,2.0,4.0,1.41,0.3666666666666666,0.4444444444444444,data/deam/DEAM_spectrograms_shiv/419_seg0.npy,electronic,3,419_seg0
419,3.3,2.0,4.0,1.41,0.3666666666666666,0.4444444444444444,data/deam/DEAM_spectrograms_shiv/419_seg1.npy,electronic,3,419_seg1
419,3.3,2.0,4.0,1.41,0.3666666666666666,0.4444444444444444,data/deam/DEAM_spectrograms_shiv/419_seg2.npy,electronic,3,419_seg2
420,4.5,1.28,5.4,1.28,0.5,0.6000000000000001,data/deam/DEAM_spectrograms_shiv/420_seg0.npy,electronic,3,420_seg0
420,4.5,1.28,5.4,1.28,0.5,0.6000000000000001,data/deam/DEAM_spectrograms_shiv/420_seg1.npy,electronic,3,420_seg1
420,4.5,1.28,5.4,1.28,0.5,0.6000000000000001,data/deam/DEAM_spectrograms_shiv/420_seg2.npy,electronic,3,420_seg2
422,2.8,1.72,3.7,2.45,0.3111111111111111,0.4111111111111111,data/deam/DEAM_spectrograms_shiv/422_seg0.npy,electronic,3,422_seg0
422,2.8,1.72,3.7,2.45,0.3111111111111111,0.4111111111111111,data/deam/DEAM_spectrograms_shiv/422_seg1.npy,electronic,3,422_seg1
422,2.8,1.72,3.7,2.45,0.3111111111111111,0.4111111111111111,data/deam/DEAM_spectrograms_shiv/422_seg2.npy,electronic,3,422_seg2
423,5.2,2.48,4.5,2.29,0.5777777777777778,0.5,data/deam/DEAM_spectrograms_shiv/423_seg0.npy,electronic,3,423_seg0
423,5.2,2.48,4.5,2.29,0.5777777777777778,0.5,data/deam/DEAM_spectrograms_shiv/423_seg1.npy,electronic,3,423_seg1
423,5.2,2.48,4.5,2.29,0.5777777777777778,0.5,data/deam/DEAM_spectrograms_shiv/423_seg2.npy,electronic,3,423_seg2
425,7.1,0.7,6.8,0.87,0.7888888888888889,0.7555555555555555,data/deam/DEAM_spectrograms_shiv/425_seg0.npy,electronic,3,425_seg0
425,7.1,0.7,6.8,0.87,0.7888888888888889,0.7555555555555555,data/deam/DEAM_spectrograms_shiv/425_seg1.npy,electronic,3,425_seg1
425,7.1,0.7,6.8,0.87,0.7888888888888889,0.7555555555555555,data/deam/DEAM_spectrograms_shiv/425_seg2.npy,electronic,3,425_seg2
427,5.2,1.47,5.8,0.75,0.5777777777777778,0.6444444444444444,data/deam/DEAM_spectrograms_shiv/427_seg0.npy,electronic,3,427_seg0
427,5.2,1.47,5.8,0.75,0.5777777777777778,0.6444444444444444,data/deam/DEAM_spectrograms_shiv/427_seg1.npy,electronic,3,427_seg1
427,5.2,1.47,5.8,0.75,0.5777777777777778,0.6444444444444444,data/deam/DEAM_spectrograms_shiv/427_seg2.npy,electronic,3,427_seg2
428,6.6,1.02,6.6,0.92,0.7333333333333333,0.7333333333333333,data/deam/DEAM_spectrograms_shiv/428_seg0.npy,electronic,3,428_seg0
428,6.6,1.02,6.6,0.92,0.7333333333333333,0.7333333333333333,data/deam/DEAM_spectrograms_shiv/428_seg1.npy,electronic,3,428_seg1
428,6.6,1.02,6.6,0.92,0.7333333333333333,0.7333333333333333,data/deam/DEAM_spectrograms_shiv/428_seg2.npy,electronic,3,428_seg2
429,3.3,1.1,4.3,1.9,0.3666666666666666,0.4777777777777777,data/deam/DEAM_spectrograms_shiv/429_seg0.npy,electronic,3,429_seg0
429,3.3,1.1,4.3,1.9,0.3666666666666666,0.4777777777777777,data/deam/DEAM_spectrograms_shiv/429_seg1.npy,electronic,3,429_seg1
429,3.3,1.1,4.3,1.9,0.3666666666666666,0.4777777777777777,data/deam/DEAM_spectrograms_shiv/429_seg2.npy,electronic,3,429_seg2
430,4.0,2.24,2.9,1.04,0.4444444444444444,0.3222222222222222,data/deam/DEAM_spectrograms_shiv/430_seg0.npy,electronic,3,430_seg0
430,4.0,2.24,2.9,1.04,0.4444444444444444,0.3222222222222222,data/deam/DEAM_spectrograms_shiv/430_seg1.npy,electronic,3,430_seg1
430,4.0,2.24,2.9,1.04,0.4444444444444444,0.3222222222222222,data/deam/DEAM_spectrograms_shiv/430_seg2.npy,electronic,3,430_seg2
432,5.3,2.0,5.3,1.68,0.5888888888888889,0.5888888888888889,data/deam/DEAM_spectrograms_shiv/432_seg0.npy,electronic,3,432_seg0
432,5.3,2.0,5.3,1.68,0.5888888888888889,0.5888888888888889,data/deam/DEAM_spectrograms_shiv/432_seg1.npy,electronic,3,432_seg1
432,5.3,2.0,5.3,1.68,0.5888888888888889,0.5888888888888889,data/deam/DEAM_spectrograms_shiv/432_seg2.npy,electronic,3,432_seg2
435,4.5,1.75,5.9,1.51,0.5,0.6555555555555556,data/deam/DEAM_spectrograms_shiv/435_seg0.npy,electronic,3,435_seg0
435,4.5,1.75,5.9,1.51,0.5,0.6555555555555556,data/deam/DEAM_spectrograms_shiv/435_seg1.npy,electronic,3,435_seg1
435,4.5,1.75,5.9,1.51,0.5,0.6555555555555556,data/deam/DEAM_spectrograms_shiv/435_seg2.npy,electronic,3,435_seg2
436,4.3,2.0,5.2,1.83,0.4777777777777777,0.5777777777777778,data/deam/DEAM_spectrograms_shiv/436_seg0.npy,electronic,3,436_seg0
436,4.3,2.0,5.2,1.83,0.4777777777777777,0.5777777777777778,data/deam/DEAM_spectrograms_shiv/436_seg1.npy,electronic,3,436_seg1
436,4.3,2.0,5.2,1.83,0.4777777777777777,0.5777777777777778,data/deam/DEAM_spectrograms_shiv/436_seg2.npy,electronic,3,436_seg2
437,5.2,1.83,4.3,2.1,0.5777777777777778,0.4777777777777777,data/deam/DEAM_spectrograms_shiv/437_seg0.npy,electronic,3,437_seg0
437,5.2,1.83,4.3,2.1,0.5777777777777778,0.4777777777777777,data/deam/DEAM_spectrograms_shiv/437_seg1.npy,electronic,3,437_seg1
437,5.2,1.83,4.3,2.1,0.5777777777777778,0.4777777777777777,data/deam/DEAM_spectrograms_shiv/437_seg2.npy,electronic,3,437_seg2
440,5.3,2.15,6.3,1.73,0.5888888888888889,0.7,data/deam/DEAM_spectrograms_shiv/440_seg0.npy,electronic,3,440_seg0
440,5.3,2.15,6.3,1.73,0.5888888888888889,0.7,data/deam/DEAM_spectrograms_shiv/440_seg1.npy,electronic,3,440_seg1
440,5.3,2.15,6.3,1.73,0.5888888888888889,0.7,data/deam/DEAM_spectrograms_shiv/440_seg2.npy,electronic,3,440_seg2
441,4.6,1.69,5.1,1.51,0.5111111111111111,0.5666666666666667,data/deam/DEAM_spectrograms_shiv/441_seg0.npy,electronic,3,441_seg0
441,4.6,1.69,5.1,1.51,0.5111111111111111,0.5666666666666667,data/deam/DEAM_spectrograms_shiv/441_seg1.npy,electronic,3,441_seg1
441,4.6,1.69,5.1,1.51,0.5111111111111111,0.5666666666666667,data/deam/DEAM_spectrograms_shiv/441_seg2.npy,electronic,3,441_seg2
442,4.1,1.87,4.5,1.57,0.4555555555555555,0.5,data/deam/DEAM_spectrograms_shiv/442_seg0.npy,electronic,3,442_seg0
442,4.1,1.87,4.5,1.57,0.4555555555555555,0.5,data/deam/DEAM_spectrograms_shiv/442_seg1.npy,electronic,3,442_seg1
442,4.1,1.87,4.5,1.57,0.4555555555555555,0.5,data/deam/DEAM_spectrograms_shiv/442_seg2.npy,electronic,3,442_seg2
444,2.3,1.1,2.5,1.2,0.2555555555555555,0.2777777777777778,data/deam/DEAM_spectrograms_shiv/444_seg0.npy,electronic,3,444_seg0
444,2.3,1.1,2.5,1.2,0.2555555555555555,0.2777777777777778,data/deam/DEAM_spectrograms_shiv/444_seg1.npy,electronic,3,444_seg1
444,2.3,1.1,2.5,1.2,0.2555555555555555,0.2777777777777778,data/deam/DEAM_spectrograms_shiv/444_seg2.npy,electronic,3,444_seg2
445,2.4,1.02,4.6,1.62,0.2666666666666666,0.5111111111111111,data/deam/DEAM_spectrograms_shiv/445_seg0.npy,electronic,3,445_seg0
445,2.4,1.02,4.6,1.62,0.2666666666666666,0.5111111111111111,data/deam/DEAM_spectrograms_shiv/445_seg1.npy,electronic,3,445_seg1
445,2.4,1.02,4.6,1.62,0.2666666666666666,0.5111111111111111,data/deam/DEAM_spectrograms_shiv/445_seg2.npy,electronic,3,445_seg2
448,6.7,1.95,6.5,1.96,0.7444444444444445,0.7222222222222222,data/deam/DEAM_spectrograms_shiv/448_seg0.npy,electronic,3,448_seg0
448,6.7,1.95,6.5,1.96,0.7444444444444445,0.7222222222222222,data/deam/DEAM_spectrograms_shiv/448_seg1.npy,electronic,3,448_seg1
448,6.7,1.95,6.5,1.96,0.7444444444444445,0.7222222222222222,data/deam/DEAM_spectrograms_shiv/448_seg2.npy,electronic,3,448_seg2
450,4.1,2.02,5.0,1.73,0.4555555555555555,0.5555555555555556,data/deam/DEAM_spectrograms_shiv/450_seg0.npy,electronic,3,450_seg0
450,4.1,2.02,5.0,1.73,0.4555555555555555,0.5555555555555556,data/deam/DEAM_spectrograms_shiv/450_seg1.npy,electronic,3,450_seg1
450,4.1,2.02,5.0,1.73,0.4555555555555555,0.5555555555555556,data/deam/DEAM_spectrograms_shiv/450_seg2.npy,electronic,3,450_seg2
452,5.45,1.53,6.75,1.44,0.6055555555555556,0.75,data/deam/DEAM_spectrograms_shiv/452_seg0.npy,electronic,3,452_seg0
452,5.45,1.53,6.75,1.44,0.6055555555555556,0.75,data/deam/DEAM_spectrograms_shiv/452_seg1.npy,electronic,3,452_seg1
452,5.45,1.53,6.75,1.44,0.6055555555555556,0.75,data/deam/DEAM_spectrograms_shiv/452_seg2.npy,electronic,3,452_seg2
453,4.6,1.8,5.6,1.2,0.5111111111111111,0.6222222222222222,data/deam/DEAM_spectrograms_shiv/453_seg0.npy,electronic,3,453_seg0
453,4.6,1.8,5.6,1.2,0.5111111111111111,0.6222222222222222,data/deam/DEAM_spectrograms_shiv/453_seg1.npy,electronic,3,453_seg1
453,4.6,1.8,5.6,1.2,0.5111111111111111,0.6222222222222222,data/deam/DEAM_spectrograms_shiv/453_seg2.npy,electronic,3,453_seg2
454,5.0,2.45,4.8,1.47,0.5555555555555556,0.5333333333333333,data/deam/DEAM_spectrograms_shiv/454_seg0.npy,electronic,3,454_seg0
454,5.0,2.45,4.8,1.47,0.5555555555555556,0.5333333333333333,data/deam/DEAM_spectrograms_shiv/454_seg1.npy,electronic,3,454_seg1
454,5.0,2.45,4.8,1.47,0.5555555555555556,0.5333333333333333,data/deam/DEAM_spectrograms_shiv/454_seg2.npy,electronic,3,454_seg2
456,6.1,2.7,2.3,1.27,0.6777777777777777,0.2555555555555555,data/deam/DEAM_spectrograms_shiv/456_seg0.npy,electronic,3,456_seg0
456,6.1,2.7,2.3,1.27,0.6777777777777777,0.2555555555555555,data/deam/DEAM_spectrograms_shiv/456_seg1.npy,electronic,3,456_seg1
456,6.1,2.7,2.3,1.27,0.6777777777777777,0.2555555555555555,data/deam/DEAM_spectrograms_shiv/456_seg2.npy,electronic,3,456_seg2
458,3.4,1.69,5.0,1.79,0.3777777777777777,0.5555555555555556,data/deam/DEAM_spectrograms_shiv/458_seg0.npy,electronic,3,458_seg0
458,3.4,1.69,5.0,1.79,0.3777777777777777,0.5555555555555556,data/deam/DEAM_spectrograms_shiv/458_seg1.npy,electronic,3,458_seg1
458,3.4,1.69,5.0,1.79,0.3777777777777777,0.5555555555555556,data/deam/DEAM_spectrograms_shiv/458_seg2.npy,electronic,3,458_seg2
459,6.3,0.78,6.1,1.22,0.7,0.6777777777777777,data/deam/DEAM_spectrograms_shiv/459_seg0.npy,electronic,3,459_seg0
459,6.3,0.78,6.1,1.22,0.7,0.6777777777777777,data/deam/DEAM_spectrograms_shiv/459_seg1.npy,electronic,3,459_seg1
459,6.3,0.78,6.1,1.22,0.7,0.6777777777777777,data/deam/DEAM_spectrograms_shiv/459_seg2.npy,electronic,3,459_seg2
460,3.8,2.09,3.8,1.72,0.4222222222222222,0.4222222222222222,data/deam/DEAM_spectrograms_shiv/460_seg0.npy,electronic,3,460_seg0
460,3.8,2.09,3.8,1.72,0.4222222222222222,0.4222222222222222,data/deam/DEAM_spectrograms_shiv/460_seg1.npy,electronic,3,460_seg1
460,3.8,2.09,3.8,1.72,0.4222222222222222,0.4222222222222222,data/deam/DEAM_spectrograms_shiv/460_seg2.npy,electronic,3,460_seg2
461,4.8,1.4,4.4,1.56,0.5333333333333333,0.4888888888888889,data/deam/DEAM_spectrograms_shiv/461_seg0.npy,electronic,3,461_seg0
461,4.8,1.4,4.4,1.56,0.5333333333333333,0.4888888888888889,data/deam/DEAM_spectrograms_shiv/461_seg1.npy,electronic,3,461_seg1
461,4.8,1.4,4.4,1.56,0.5333333333333333,0.4888888888888889,data/deam/DEAM_spectrograms_shiv/461_seg2.npy,electronic,3,461_seg2
462,5.8,1.66,4.6,2.06,0.6444444444444444,0.5111111111111111,data/deam/DEAM_spectrograms_shiv/462_seg0.npy,electronic,3,462_seg0
462,5.8,1.66,4.6,2.06,0.6444444444444444,0.5111111111111111,data/deam/DEAM_spectrograms_shiv/462_seg1.npy,electronic,3,462_seg1
462,5.8,1.66,4.6,2.06,0.6444444444444444,0.5111111111111111,data/deam/DEAM_spectrograms_shiv/462_seg2.npy,electronic,3,462_seg2
463,5.0,2.05,5.7,1.68,0.5555555555555556,0.6333333333333333,data/deam/DEAM_spectrograms_shiv/463_seg0.npy,electronic,3,463_seg0
463,5.0,2.05,5.7,1.68,0.5555555555555556,0.6333333333333333,data/deam/DEAM_spectrograms_shiv/463_seg1.npy,electronic,3,463_seg1
463,5.0,2.05,5.7,1.68,0.5555555555555556,0.6333333333333333,data/deam/DEAM_spectrograms_shiv/463_seg2.npy,electronic,3,463_seg2
466,6.6,1.56,5.9,1.22,0.7333333333333333,0.6555555555555556,data/deam/DEAM_spectrograms_shiv/466_seg0.npy,electronic,3,466_seg0
466,6.6,1.56,5.9,1.22,0.7333333333333333,0.6555555555555556,data/deam/DEAM_spectrograms_shiv/466_seg1.npy,electronic,3,466_seg1
466,6.6,1.56,5.9,1.22,0.7333333333333333,0.6555555555555556,data/deam/DEAM_spectrograms_shiv/466_seg2.npy,electronic,3,466_seg2
467,5.7,2.19,6.8,1.17,0.6333333333333333,0.7555555555555555,data/deam/DEAM_spectrograms_shiv/467_seg0.npy,electronic,3,467_seg0
467,5.7,2.19,6.8,1.17,0.6333333333333333,0.7555555555555555,data/deam/DEAM_spectrograms_shiv/467_seg1.npy,electronic,3,467_seg1
467,5.7,2.19,6.8,1.17,0.6333333333333333,0.7555555555555555,data/deam/DEAM_spectrograms_shiv/467_seg2.npy,electronic,3,467_seg2
468,3.6,1.62,3.4,2.15,0.4,0.3777777777777777,data/deam/DEAM_spectrograms_shiv/468_seg0.npy,electronic,3,468_seg0
468,3.6,1.62,3.4,2.15,0.4,0.3777777777777777,data/deam/DEAM_spectrograms_shiv/468_seg1.npy,electronic,3,468_seg1
468,3.6,1.62,3.4,2.15,0.4,0.3777777777777777,data/deam/DEAM_spectrograms_shiv/468_seg2.npy,electronic,3,468_seg2
472,6.5,2.11,5.2,1.54,0.7222222222222222,0.5777777777777778,data/deam/DEAM_spectrograms_shiv/472_seg0.npy,electronic,3,472_seg0
472,6.5,2.11,5.2,1.54,0.7222222222222222,0.5777777777777778,data/deam/DEAM_spectrograms_shiv/472_seg1.npy,electronic,3,472_seg1
472,6.5,2.11,5.2,1.54,0.7222222222222222,0.5777777777777778,data/deam/DEAM_spectrograms_shiv/472_seg2.npy,electronic,3,472_seg2
473,7.1,1.22,5.5,2.2,0.7888888888888889,0.6111111111111112,data/deam/DEAM_spectrograms_shiv/473_seg0.npy,electronic,3,473_seg0
473,7.1,1.22,5.5,2.2,0.7888888888888889,0.6111111111111112,data/deam/DEAM_spectrograms_shiv/473_seg1.npy,electronic,3,473_seg1
473,7.1,1.22,5.5,2.2,0.7888888888888889,0.6111111111111112,data/deam/DEAM_spectrograms_shiv/473_seg2.npy,electronic,3,473_seg2
475,5.6,2.01,5.0,2.0,0.6222222222222222,0.5555555555555556,data/deam/DEAM_spectrograms_shiv/475_seg0.npy,electronic,3,475_seg0
475,5.6,2.01,5.0,2.0,0.6222222222222222,0.5555555555555556,data/deam/DEAM_spectrograms_shiv/475_seg1.npy,electronic,3,475_seg1
475,5.6,2.01,5.0,2.0,0.6222222222222222,0.5555555555555556,data/deam/DEAM_spectrograms_shiv/475_seg2.npy,electronic,3,475_seg2
477,7.1,1.51,7.2,1.17,0.7888888888888889,0.8,data/deam/DEAM_spectrograms_shiv/477_seg0.npy,electronic,3,477_seg0
477,7.1,1.51,7.2,1.17,0.7888888888888889,0.8,data/deam/DEAM_spectrograms_shiv/477_seg1.npy,electronic,3,477_seg1
477,7.1,1.51,7.2,1.17,0.7888888888888889,0.8,data/deam/DEAM_spectrograms_shiv/477_seg2.npy,electronic,3,477_seg2
478,2.8,1.17,3.2,1.08,0.3111111111111111,0.3555555555555555,data/deam/DEAM_spectrograms_shiv/478_seg0.npy,electronic,3,478_seg0
478,2.8,1.17,3.2,1.08,0.3111111111111111,0.3555555555555555,data/deam/DEAM_spectrograms_shiv/478_seg1.npy,electronic,3,478_seg1
478,2.8,1.17,3.2,1.08,0.3111111111111111,0.3555555555555555,data/deam/DEAM_spectrograms_shiv/478_seg2.npy,electronic,3,478_seg2
479,4.5,1.8,5.7,0.9,0.5,0.6333333333333333,data/deam/DEAM_spectrograms_shiv/479_seg0.npy,electronic,3,479_seg0
479,4.5,1.8,5.7,0.9,0.5,0.6333333333333333,data/deam/DEAM_spectrograms_shiv/479_seg1.npy,electronic,3,479_seg1
479,4.5,1.8,5.7,0.9,0.5,0.6333333333333333,data/deam/DEAM_spectrograms_shiv/479_seg2.npy,electronic,3,479_seg2
482,1.9,0.7,3.5,2.2,0.2111111111111111,0.3888888888888889,data/deam/DEAM_spectrograms_shiv/482_seg0.npy,electronic,3,482_seg0
482,1.9,0.7,3.5,2.2,0.2111111111111111,0.3888888888888889,data/deam/DEAM_spectrograms_shiv/482_seg1.npy,electronic,3,482_seg1
482,1.9,0.7,3.5,2.2,0.2111111111111111,0.3888888888888889,data/deam/DEAM_spectrograms_shiv/482_seg2.npy,electronic,3,482_seg2
484,6.4,1.28,6.5,1.28,0.7111111111111111,0.7222222222222222,data/deam/DEAM_spectrograms_shiv/484_seg0.npy,electronic,3,484_seg0
484,6.4,1.28,6.5,1.28,0.7111111111111111,0.7222222222222222,data/deam/DEAM_spectrograms_shiv/484_seg1.npy,electronic,3,484_seg1
484,6.4,1.28,6.5,1.28,0.7111111111111111,0.7222222222222222,data/deam/DEAM_spectrograms_shiv/484_seg2.npy,electronic,3,484_seg2
485,2.6,0.92,3.7,1.42,0.2888888888888889,0.4111111111111111,data/deam/DEAM_spectrograms_shiv/485_seg0.npy,electronic,3,485_seg0
485,2.6,0.92,3.7,1.42,0.2888888888888889,0.4111111111111111,data/deam/DEAM_spectrograms_shiv/485_seg1.npy,electronic,3,485_seg1
485,2.6,0.92,3.7,1.42,0.2888888888888889,0.4111111111111111,data/deam/DEAM_spectrograms_shiv/485_seg2.npy,electronic,3,485_seg2
486,6.2,1.83,5.7,1.62,0.6888888888888889,0.6333333333333333,data/deam/DEAM_spectrograms_shiv/486_seg0.npy,electronic,3,486_seg0
486,6.2,1.83,5.7,1.62,0.6888888888888889,0.6333333333333333,data/deam/DEAM_spectrograms_shiv/486_seg1.npy,electronic,3,486_seg1
486,6.2,1.83,5.7,1.62,0.6888888888888889,0.6333333333333333,data/deam/DEAM_spectrograms_shiv/486_seg2.npy,electronic,3,486_seg2
487,4.5,1.57,5.3,1.19,0.5,0.5888888888888889,data/deam/DEAM_spectrograms_shiv/487_seg0.npy,electronic,3,487_seg0
487,4.5,1.57,5.3,1.19,0.5,0.5888888888888889,data/deam/DEAM_spectrograms_shiv/487_seg1.npy,electronic,3,487_seg1
487,4.5,1.57,5.3,1.19,0.5,0.5888888888888889,data/deam/DEAM_spectrograms_shiv/487_seg2.npy,electronic,3,487_seg2
488,1.6,0.8,3.4,1.28,0.1777777777777777,0.3777777777777777,data/deam/DEAM_spectrograms_shiv/488_seg0.npy,electronic,3,488_seg0
488,1.6,0.8,3.4,1.28,0.1777777777777777,0.3777777777777777,data/deam/DEAM_spectrograms_shiv/488_seg1.npy,electronic,3,488_seg1
488,1.6,0.8,3.4,1.28,0.1777777777777777,0.3777777777777777,data/deam/DEAM_spectrograms_shiv/488_seg2.npy,electronic,3,488_seg2
490,3.9,1.51,3.7,1.68,0.4333333333333333,0.4111111111111111,data/deam/DEAM_spectrograms_shiv/490_seg0.npy,electronic,3,490_seg0
490,3.9,1.51,3.7,1.68,0.4333333333333333,0.4111111111111111,data/deam/DEAM_spectrograms_shiv/490_seg1.npy,electronic,3,490_seg1
490,3.9,1.51,3.7,1.68,0.4333333333333333,0.4111111111111111,data/deam/DEAM_spectrograms_shiv/490_seg2.npy,electronic,3,490_seg2
492,4.4,1.91,4.8,1.72,0.4888888888888889,0.5333333333333333,data/deam/DEAM_spectrograms_shiv/492_seg0.npy,electronic,3,492_seg0
492,4.4,1.91,4.8,1.72,0.4888888888888889,0.5333333333333333,data/deam/DEAM_spectrograms_shiv/492_seg1.npy,electronic,3,492_seg1
492,4.4,1.91,4.8,1.72,0.4888888888888889,0.5333333333333333,data/deam/DEAM_spectrograms_shiv/492_seg2.npy,electronic,3,492_seg2
493,3.7,1.55,4.9,1.14,0.4111111111111111,0.5444444444444445,data/deam/DEAM_spectrograms_shiv/493_seg0.npy,electronic,3,493_seg0
493,3.7,1.55,4.9,1.14,0.4111111111111111,0.5444444444444445,data/deam/DEAM_spectrograms_shiv/493_seg1.npy,electronic,3,493_seg1
493,3.7,1.55,4.9,1.14,0.4111111111111111,0.5444444444444445,data/deam/DEAM_spectrograms_shiv/493_seg2.npy,electronic,3,493_seg2
496,4.7,2.15,5.9,1.81,0.5222222222222223,0.6555555555555556,data/deam/DEAM_spectrograms_shiv/496_seg0.npy,electronic,3,496_seg0
496,4.7,2.15,5.9,1.81,0.5222222222222223,0.6555555555555556,data/deam/DEAM_spectrograms_shiv/496_seg1.npy,electronic,3,496_seg1
496,4.7,2.15,5.9,1.81,0.5222222222222223,0.6555555555555556,data/deam/DEAM_spectrograms_shiv/496_seg2.npy,electronic,3,496_seg2
497,6.2,1.54,5.7,2.24,0.6888888888888889,0.6333333333333333,data/deam/DEAM_spectrograms_shiv/497_seg0.npy,electronic,3,497_seg0
497,6.2,1.54,5.7,2.24,0.6888888888888889,0.6333333333333333,data/deam/DEAM_spectrograms_shiv/497_seg1.npy,electronic,3,497_seg1
497,6.2,1.54,5.7,2.24,0.6888888888888889,0.6333333333333333,data/deam/DEAM_spectrograms_shiv/497_seg2.npy,electronic,3,497_seg2
498,2.9,1.87,2.8,1.47,0.3222222222222222,0.3111111111111111,data/deam/DEAM_spectrograms_shiv/498_seg0.npy,electronic,3,498_seg0
498,2.9,1.87,2.8,1.47,0.3222222222222222,0.3111111111111111,data/deam/DEAM_spectrograms_shiv/498_seg1.npy,electronic,3,498_seg1
498,2.9,1.87,2.8,1.47,0.3222222222222222,0.3111111111111111,data/deam/DEAM_spectrograms_shiv/498_seg2.npy,electronic,3,498_seg2
499,3.6,1.56,3.6,1.56,0.4,0.4,data/deam/DEAM_spectrograms_shiv/499_seg0.npy,electronic,3,499_seg0
499,3.6,1.56,3.6,1.56,0.4,0.4,data/deam/DEAM_spectrograms_shiv/499_seg1.npy,electronic,3,499_seg1
499,3.6,1.56,3.6,1.56,0.4,0.4,data/deam/DEAM_spectrograms_shiv/499_seg2.npy,electronic,3,499_seg2
500,6.0,1.79,5.2,1.66,0.6666666666666666,0.5777777777777778,data/deam/DEAM_spectrograms_shiv/500_seg0.npy,electronic,3,500_seg0
500,6.0,1.79,5.2,1.66,0.6666666666666666,0.5777777777777778,data/deam/DEAM_spectrograms_shiv/500_seg1.npy,electronic,3,500_seg1
500,6.0,1.79,5.2,1.66,0.6666666666666666,0.5777777777777778,data/deam/DEAM_spectrograms_shiv/500_seg2.npy,electronic,3,500_seg2
1086,5.9,1.3,4.3,1.0,0.6555555555555556,0.4777777777777777,data/deam/DEAM_spectrograms_shiv/1086_seg0.npy,electronic,3,1086_seg0
1086,5.9,1.3,4.3,1.0,0.6555555555555556,0.4777777777777777,data/deam/DEAM_spectrograms_shiv/1086_seg1.npy,electronic,3,1086_seg1
1086,5.9,1.3,4.3,1.0,0.6555555555555556,0.4777777777777777,data/deam/DEAM_spectrograms_shiv/1086_seg2.npy,electronic,3,1086_seg2
1088,7.3,0.9,6.6,1.11,0.8111111111111111,0.7333333333333333,data/deam/DEAM_spectrograms_shiv/1088_seg0.npy,electronic,3,1088_seg0
1088,7.3,0.9,6.6,1.11,0.8111111111111111,0.7333333333333333,data/deam/DEAM_spectrograms_shiv/1088_seg1.npy,electronic,3,1088_seg1
1088,7.3,0.9,6.6,1.11,0.8111111111111111,0.7333333333333333,data/deam/DEAM_spectrograms_shiv/1088_seg2.npy,electronic,3,1088_seg2
1089,6.4,1.69,6.6,1.5,0.7111111111111111,0.7333333333333333,data/deam/DEAM_spectrograms_shiv/1089_seg0.npy,electronic,3,1089_seg0
1089,6.4,1.69,6.6,1.5,0.7111111111111111,0.7333333333333333,data/deam/DEAM_spectrograms_shiv/1089_seg1.npy,electronic,3,1089_seg1
1089,6.4,1.69,6.6,1.5,0.7111111111111111,0.7333333333333333,data/deam/DEAM_spectrograms_shiv/1089_seg2.npy,electronic,3,1089_seg2
1092,5.8,1.54,6.3,1.35,0.6444444444444444,0.7,data/deam/DEAM_spectrograms_shiv/1092_seg0.npy,electronic,3,1092_seg0
1092,5.8,1.54,6.3,1.35,0.6444444444444444,0.7,data/deam/DEAM_spectrograms_shiv/1092_seg1.npy,electronic,3,1092_seg1
1092,5.8,1.54,6.3,1.35,0.6444444444444444,0.7,data/deam/DEAM_spectrograms_shiv/1092_seg2.npy,electronic,3,1092_seg2
1093,5.8,1.47,6.0,1.61,0.6444444444444444,0.6666666666666666,data/deam/DEAM_spectrograms_shiv/1093_seg0.npy,electronic,3,1093_seg0
1093,5.8,1.47,6.0,1.61,0.6444444444444444,0.6666666666666666,data/deam/DEAM_spectrograms_shiv/1093_seg1.npy,electronic,3,1093_seg1
1093,5.8,1.47,6.0,1.61,0.6444444444444444,0.6666666666666666,data/deam/DEAM_spectrograms_shiv/1093_seg2.npy,electronic,3,1093_seg2
1094,6.4,1.2,6.3,1.27,0.7111111111111111,0.7,data/deam/DEAM_spectrograms_shiv/1094_seg0.npy,electronic,3,1094_seg0
1094,6.4,1.2,6.3,1.27,0.7111111111111111,0.7,data/deam/DEAM_spectrograms_shiv/1094_seg1.npy,electronic,3,1094_seg1
1094,6.4,1.2,6.3,1.27,0.7111111111111111,0.7,data/deam/DEAM_spectrograms_shiv/1094_seg2.npy,electronic,3,1094_seg2
1096,3.8,1.08,3.6,1.5,0.4222222222222222,0.4,data/deam/DEAM_spectrograms_shiv/1096_seg0.npy,electronic,3,1096_seg0
1096,3.8,1.08,3.6,1.5,0.4222222222222222,0.4,data/deam/DEAM_spectrograms_shiv/1096_seg1.npy,electronic,3,1096_seg1
1096,3.8,1.08,3.6,1.5,0.4222222222222222,0.4,data/deam/DEAM_spectrograms_shiv/1096_seg2.npy,electronic,3,1096_seg2
1097,5.5,1.69,5.4,1.91,0.6111111111111112,0.6000000000000001,data/deam/DEAM_spectrograms_shiv/1097_seg0.npy,electronic,3,1097_seg0
1097,5.5,1.69,5.4,1.91,0.6111111111111112,0.6000000000000001,data/deam/DEAM_spectrograms_shiv/1097_seg1.npy,electronic,3,1097_seg1
1097,5.5,1.69,5.4,1.91,0.6111111111111112,0.6000000000000001,data/deam/DEAM_spectrograms_shiv/1097_seg2.npy,electronic,3,1097_seg2
1098,6.8,1.4,6.3,1.73,0.7555555555555555,0.7,data/deam/DEAM_spectrograms_shiv/1098_seg0.npy,electronic,3,1098_seg0
1098,6.8,1.4,6.3,1.73,0.7555555555555555,0.7,data/deam/DEAM_spectrograms_shiv/1098_seg1.npy,electronic,3,1098_seg1
1098,6.8,1.4,6.3,1.73,0.7555555555555555,0.7,data/deam/DEAM_spectrograms_shiv/1098_seg2.npy,electronic,3,1098_seg2
1099,5.7,1.85,5.9,1.76,0.6333333333333333,0.6555555555555556,data/deam/DEAM_spectrograms_shiv/1099_seg0.npy,electronic,3,1099_seg0
1099,5.7,1.85,5.9,1.76,0.6333333333333333,0.6555555555555556,data/deam/DEAM_spectrograms_shiv/1099_seg1.npy,electronic,3,1099_seg1
1099,5.7,1.85,5.9,1.76,0.6333333333333333,0.6555555555555556,data/deam/DEAM_spectrograms_shiv/1099_seg2.npy,electronic,3,1099_seg2
1100,6.3,1.19,5.6,1.28,0.7,0.6222222222222222,data/deam/DEAM_spectrograms_shiv/1100_seg0.npy,electronic,3,1100_seg0
1100,6.3,1.19,5.6,1.28,0.7,0.6222222222222222,data/deam/DEAM_spectrograms_shiv/1100_seg1.npy,electronic,3,1100_seg1
1100,6.3,1.19,5.6,1.28,0.7,0.6222222222222222,data/deam/DEAM_spectrograms_shiv/1100_seg2.npy,electronic,3,1100_seg2
1301,4.4,0.92,2.8,1.47,0.4888888888888889,0.3111111111111111,data/deam/DEAM_spectrograms_shiv/1301_seg0.npy,electronic,3,1301_seg0
1301,4.4,0.92,2.8,1.47,0.4888888888888889,0.3111111111111111,data/deam/DEAM_spectrograms_shiv/1301_seg1.npy,electronic,3,1301_seg1
1301,4.4,0.92,2.8,1.47,0.4888888888888889,0.3111111111111111,data/deam/DEAM_spectrograms_shiv/1301_seg2.npy,electronic,3,1301_seg2
1302,4.4,1.62,3.8,1.72,0.4888888888888889,0.4222222222222222,data/deam/DEAM_spectrograms_shiv/1302_seg0.npy,electronic,3,1302_seg0
1302,4.4,1.62,3.8,1.72,0.4888888888888889,0.4222222222222222,data/deam/DEAM_spectrograms_shiv/1302_seg1.npy,electronic,3,1302_seg1
1302,4.4,1.62,3.8,1.72,0.4888888888888889,0.4222222222222222,data/deam/DEAM_spectrograms_shiv/1302_seg2.npy,electronic,3,1302_seg2
1303,6.1,1.81,6.5,1.43,0.6777777777777777,0.7222222222222222,data/deam/DEAM_spectrograms_shiv/1303_seg0.npy,electronic,3,1303_seg0
1303,6.1,1.81,6.5,1.43,0.6777777777777777,0.7222222222222222,data/deam/DEAM_spectrograms_shiv/1303_seg1.npy,electronic,3,1303_seg1
1303,6.1,1.81,6.5,1.43,0.6777777777777777,0.7222222222222222,data/deam/DEAM_spectrograms_shiv/1303_seg2.npy,electronic,3,1303_seg2
1304,5.2,1.72,6.3,1.68,0.5777777777777778,0.7,data/deam/DEAM_spectrograms_shiv/1304_seg0.npy,electronic,3,1304_seg0
1304,5.2,1.72,6.3,1.68,0.5777777777777778,0.7,data/deam/DEAM_spectrograms_shiv/1304_seg1.npy,electronic,3,1304_seg1
1304,5.2,1.72,6.3,1.68,0.5777777777777778,0.7,data/deam/DEAM_spectrograms_shiv/1304_seg2.npy,electronic,3,1304_seg2
1305,4.7,2.0,6.2,1.25,0.5222222222222223,0.6888888888888889,data/deam/DEAM_spectrograms_shiv/1305_seg0.npy,electronic,3,1305_seg0
1305,4.7,2.0,6.2,1.25,0.5222222222222223,0.6888888888888889,data/deam/DEAM_spectrograms_shiv/1305_seg1.npy,electronic,3,1305_seg1
1305,4.7,2.0,6.2,1.25,0.5222222222222223,0.6888888888888889,data/deam/DEAM_spectrograms_shiv/1305_seg2.npy,electronic,3,1305_seg2
1306,5.3,1.49,5.3,1.68,0.5888888888888889,0.5888888888888889,data/deam/DEAM_spectrograms_shiv/1306_seg0.npy,electronic,3,1306_seg0
1306,5.3,1.49,5.3,1.68,0.5888888888888889,0.5888888888888889,data/deam/DEAM_spectrograms_shiv/1306_seg1.npy,electronic,3,1306_seg1
1306,5.3,1.49,5.3,1.68,0.5888888888888889,0.5888888888888889,data/deam/DEAM_spectrograms_shiv/1306_seg2.npy,electronic,3,1306_seg2
1307,5.1,0.94,5.4,1.69,0.5666666666666667,0.6000000000000001,data/deam/DEAM_spectrograms_shiv/1307_seg0.npy,electronic,3,1307_seg0
1307,5.1,0.94,5.4,1.69,0.5666666666666667,0.6000000000000001,data/deam/DEAM_spectrograms_shiv/1307_seg1.npy,electronic,3,1307_seg1
1307,5.1,0.94,5.4,1.69,0.5666666666666667,0.6000000000000001,data/deam/DEAM_spectrograms_shiv/1307_seg2.npy,electronic,3,1307_seg2
1309,6.5,1.02,7.4,0.92,0.7222222222222222,0.8222222222222223,data/deam/DEAM_spectrograms_shiv/1309_seg0.npy,electronic,3,1309_seg0
1309,6.5,1.02,7.4,0.92,0.7222222222222222,0.8222222222222223,data/deam/DEAM_spectrograms_shiv/1309_seg1.npy,electronic,3,1309_seg1
1309,6.5,1.02,7.4,0.92,0.7222222222222222,0.8222222222222223,data/deam/DEAM_spectrograms_shiv/1309_seg2.npy,electronic,3,1309_seg2
1310,5.1,1.3,4.4,1.62,0.5666666666666667,0.4888888888888889,data/deam/DEAM_spectrograms_shiv/1310_seg0.npy,electronic,3,1310_seg0
1310,5.1,1.3,4.4,1.62,0.5666666666666667,0.4888888888888889,data/deam/DEAM_spectrograms_shiv/1310_seg1.npy,electronic,3,1310_seg1
1310,5.1,1.3,4.4,1.62,0.5666666666666667,0.4888888888888889,data/deam/DEAM_spectrograms_shiv/1310_seg2.npy,electronic,3,1310_seg2
1311,4.1,1.3,3.5,1.36,0.4555555555555555,0.3888888888888889,data/deam/DEAM_spectrograms_shiv/1311_seg0.npy,electronic,3,1311_seg0
1311,4.1,1.3,3.5,1.36,0.4555555555555555,0.3888888888888889,data/deam/DEAM_spectrograms_shiv/1311_seg1.npy,electronic,3,1311_seg1
1311,4.1,1.3,3.5,1.36,0.4555555555555555,0.3888888888888889,data/deam/DEAM_spectrograms_shiv/1311_seg2.npy,electronic,3,1311_seg2
1312,5.3,1.1,4.0,2.19,0.5888888888888889,0.4444444444444444,data/deam/DEAM_spectrograms_shiv/1312_seg0.npy,electronic,3,1312_seg0
1312,5.3,1.1,4.0,2.19,0.5888888888888889,0.4444444444444444,data/deam/DEAM_spectrograms_shiv/1312_seg1.npy,electronic,3,1312_seg1
1312,5.3,1.1,4.0,2.19,0.5888888888888889,0.4444444444444444,data/deam/DEAM_spectrograms_shiv/1312_seg2.npy,electronic,3,1312_seg2
1313,4.2,1.25,3.0,0.89,0.4666666666666667,0.3333333333333333,data/deam/DEAM_spectrograms_shiv/1313_seg0.npy,electronic,3,1313_seg0
1313,4.2,1.25,3.0,0.89,0.4666666666666667,0.3333333333333333,data/deam/DEAM_spectrograms_shiv/1313_seg1.npy,electronic,3,1313_seg1
1313,4.2,1.25,3.0,0.89,0.4666666666666667,0.3333333333333333,data/deam/DEAM_spectrograms_shiv/1313_seg2.npy,electronic,3,1313_seg2
1314,4.1,1.14,4.1,1.64,0.4555555555555555,0.4555555555555555,data/deam/DEAM_spectrograms_shiv/1314_seg0.npy,electronic,3,1314_seg0
1314,4.1,1.14,4.1,1.64,0.4555555555555555,0.4555555555555555,data/deam/DEAM_spectrograms_shiv/1314_seg1.npy,electronic,3,1314_seg1
1314,4.1,1.14,4.1,1.64,0.4555555555555555,0.4555555555555555,data/deam/DEAM_spectrograms_shiv/1314_seg2.npy,electronic,3,1314_seg2
1317,5.3,1.73,6.2,1.66,0.5888888888888889,0.6888888888888889,data/deam/DEAM_spectrograms_shiv/1317_seg0.npy,electronic,3,1317_seg0
1317,5.3,1.73,6.2,1.66,0.5888888888888889,0.6888888888888889,data/deam/DEAM_spectrograms_shiv/1317_seg1.npy,electronic,3,1317_seg1
1317,5.3,1.73,6.2,1.66,0.5888888888888889,0.6888888888888889,data/deam/DEAM_spectrograms_shiv/1317_seg2.npy,electronic,3,1317_seg2
1320,3.8,2.39,6.5,1.08,0.4222222222222222,0.7222222222222222,data/deam/DEAM_spectrograms_shiv/1320_seg0.npy,electronic,3,1320_seg0
1320,3.8,2.39,6.5,1.08,0.4222222222222222,0.7222222222222222,data/deam/DEAM_spectrograms_shiv/1320_seg1.npy,electronic,3,1320_seg1
1320,3.8,2.39,6.5,1.08,0.4222222222222222,0.7222222222222222,data/deam/DEAM_spectrograms_shiv/1320_seg2.npy,electronic,3,1320_seg2
1321,4.5,1.36,5.7,1.27,0.5,0.6333333333333333,data/deam/DEAM_spectrograms_shiv/1321_seg0.npy,electronic,3,1321_seg0
1321,4.5,1.36,5.7,1.27,0.5,0.6333333333333333,data/deam/DEAM_spectrograms_shiv/1321_seg1.npy,electronic,3,1321_seg1
1321,4.5,1.36,5.7,1.27,0.5,0.6333333333333333,data/deam/DEAM_spectrograms_shiv/1321_seg2.npy,electronic,3,1321_seg2
1322,6.5,0.92,5.5,1.63,0.7222222222222222,0.6111111111111112,data/deam/DEAM_spectrograms_shiv/1322_seg0.npy,electronic,3,1322_seg0
1322,6.5,0.92,5.5,1.63,0.7222222222222222,0.6111111111111112,data/deam/DEAM_spectrograms_shiv/1322_seg1.npy,electronic,3,1322_seg1
1322,6.5,0.92,5.5,1.63,0.7222222222222222,0.6111111111111112,data/deam/DEAM_spectrograms_shiv/1322_seg2.npy,electronic,3,1322_seg2
1323,5.5,1.63,5.0,2.0,0.6111111111111112,0.5555555555555556,data/deam/DEAM_spectrograms_shiv/1323_seg0.npy,electronic,3,1323_seg0
1323,5.5,1.63,5.0,2.0,0.6111111111111112,0.5555555555555556,data/deam/DEAM_spectrograms_shiv/1323_seg1.npy,electronic,3,1323_seg1
1323,5.5,1.63,5.0,2.0,0.6111111111111112,0.5555555555555556,data/deam/DEAM_spectrograms_shiv/1323_seg2.npy,electronic,3,1323_seg2
1324,6.1,1.51,6.7,1.49,0.6777777777777777,0.7444444444444445,data/deam/DEAM_spectrograms_shiv/1324_seg0.npy,electronic,3,1324_seg0
1324,6.1,1.51,6.7,1.49,0.6777777777777777,0.7444444444444445,data/deam/DEAM_spectrograms_shiv/1324_seg1.npy,electronic,3,1324_seg1
1324,6.1,1.51,6.7,1.49,0.6777777777777777,0.7444444444444445,data/deam/DEAM_spectrograms_shiv/1324_seg2.npy,electronic,3,1324_seg2
1327,5.5,2.06,2.8,1.47,0.6111111111111112,0.3111111111111111,data/deam/DEAM_spectrograms_shiv/1327_seg0.npy,electronic,3,1327_seg0
1327,5.5,2.06,2.8,1.47,0.6111111111111112,0.3111111111111111,data/deam/DEAM_spectrograms_shiv/1327_seg1.npy,electronic,3,1327_seg1
1327,5.5,2.06,2.8,1.47,0.6111111111111112,0.3111111111111111,data/deam/DEAM_spectrograms_shiv/1327_seg2.npy,electronic,3,1327_seg2
1328,4.4,1.85,2.7,1.1,0.4888888888888889,0.3,data/deam/DEAM_spectrograms_shiv/1328_seg0.npy,electronic,3,1328_seg0
1328,4.4,1.85,2.7,1.1,0.4888888888888889,0.3,data/deam/DEAM_spectrograms_shiv/1328_seg1.npy,electronic,3,1328_seg1
1328,4.4,1.85,2.7,1.1,0.4888888888888889,0.3,data/deam/DEAM_spectrograms_shiv/1328_seg2.npy,electronic,3,1328_seg2
1330,5.7,1.9,7.2,0.98,0.6333333333333333,0.8,data/deam/DEAM_spectrograms_shiv/1330_seg0.npy,electronic,3,1330_seg0
1330,5.7,1.9,7.2,0.98,0.6333333333333333,0.8,data/deam/DEAM_spectrograms_shiv/1330_seg1.npy,electronic,3,1330_seg1
1330,5.7,1.9,7.2,0.98,0.6333333333333333,0.8,data/deam/DEAM_spectrograms_shiv/1330_seg2.npy,electronic,3,1330_seg2
1332,2.5,1.28,2.3,0.64,0.2777777777777778,0.2555555555555555,data/deam/DEAM_spectrograms_shiv/1332_seg0.npy,electronic,3,1332_seg0
1332,2.5,1.28,2.3,0.64,0.2777777777777778,0.2555555555555555,data/deam/DEAM_spectrograms_shiv/1332_seg1.npy,electronic,3,1332_seg1
1332,2.5,1.28,2.3,0.64,0.2777777777777778,0.2555555555555555,data/deam/DEAM_spectrograms_shiv/1332_seg2.npy,electronic,3,1332_seg2
1333,4.5,1.86,5.7,1.79,0.5,0.6333333333333333,data/deam/DEAM_spectrograms_shiv/1333_seg0.npy,electronic,3,1333_seg0
1333,4.5,1.86,5.7,1.79,0.5,0.6333333333333333,data/deam/DEAM_spectrograms_shiv/1333_seg1.npy,electronic,3,1333_seg1
1333,4.5,1.86,5.7,1.79,0.5,0.6333333333333333,data/deam/DEAM_spectrograms_shiv/1333_seg2.npy,electronic,3,1333_seg2
1335,5.4,1.02,5.6,0.8,0.6000000000000001,0.6222222222222222,data/deam/DEAM_spectrograms_shiv/1335_seg0.npy,electronic,3,1335_seg0
1335,5.4,1.02,5.6,0.8,0.6000000000000001,0.6222222222222222,data/deam/DEAM_spectrograms_shiv/1335_seg1.npy,electronic,3,1335_seg1
1335,5.4,1.02,5.6,0.8,0.6000000000000001,0.6222222222222222,data/deam/DEAM_spectrograms_shiv/1335_seg2.npy,electronic,3,1335_seg2
1338,6.2,1.25,6.4,0.92,0.6888888888888889,0.7111111111111111,data/deam/DEAM_spectrograms_shiv/1338_seg0.npy,electronic,3,1338_seg0
1338,6.2,1.25,6.4,0.92,0.6888888888888889,0.7111111111111111,data/deam/DEAM_spectrograms_shiv/1338_seg1.npy,electronic,3,1338_seg1
1338,6.2,1.25,6.4,0.92,0.6888888888888889,0.7111111111111111,data/deam/DEAM_spectrograms_shiv/1338_seg2.npy,electronic,3,1338_seg2
1339,7.2,0.75,6.8,1.78,0.8,0.7555555555555555,data/deam/DEAM_spectrograms_shiv/1339_seg0.npy,electronic,3,1339_seg0
1339,7.2,0.75,6.8,1.78,0.8,0.7555555555555555,data/deam/DEAM_spectrograms_shiv/1339_seg1.npy,electronic,3,1339_seg1
1339,7.2,0.75,6.8,1.78,0.8,0.7555555555555555,data/deam/DEAM_spectrograms_shiv/1339_seg2.npy,electronic,3,1339_seg2
1340,6.4,0.8,5.7,1.27,0.7111111111111111,0.6333333333333333,data/deam/DEAM_spectrograms_shiv/1340_seg0.npy,electronic,3,1340_seg0
1340,6.4,0.8,5.7,1.27,0.7111111111111111,0.6333333333333333,data/deam/DEAM_spectrograms_shiv/1340_seg1.npy,electronic,3,1340_seg1
1340,6.4,0.8,5.7,1.27,0.7111111111111111,0.6333333333333333,data/deam/DEAM_spectrograms_shiv/1340_seg2.npy,electronic,3,1340_seg2
1341,3.5,1.57,3.2,1.66,0.3888888888888889,0.3555555555555555,data/deam/DEAM_spectrograms_shiv/1341_seg0.npy,electronic,3,1341_seg0
1341,3.5,1.57,3.2,1.66,0.3888888888888889,0.3555555555555555,data/deam/DEAM_spectrograms_shiv/1341_seg1.npy,electronic,3,1341_seg1
1341,3.5,1.57,3.2,1.66,0.3888888888888889,0.3555555555555555,data/deam/DEAM_spectrograms_shiv/1341_seg2.npy,electronic,3,1341_seg2
1342,6.5,1.69,6.4,1.28,0.7222222222222222,0.7111111111111111,data/deam/DEAM_spectrograms_shiv/1342_seg0.npy,electronic,3,1342_seg0
1342,6.5,1.69,6.4,1.28,0.7222222222222222,0.7111111111111111,data/deam/DEAM_spectrograms_shiv/1342_seg1.npy,electronic,3,1342_seg1
1342,6.5,1.69,6.4,1.28,0.7222222222222222,0.7111111111111111,data/deam/DEAM_spectrograms_shiv/1342_seg2.npy,electronic,3,1342_seg2
1343,6.0,1.0,5.4,1.62,0.6666666666666666,0.6000000000000001,data/deam/DEAM_spectrograms_shiv/1343_seg0.npy,electronic,3,1343_seg0
1343,6.0,1.0,5.4,1.62,0.6666666666666666,0.6000000000000001,data/deam/DEAM_spectrograms_shiv/1343_seg1.npy,electronic,3,1343_seg1
1343,6.0,1.0,5.4,1.62,0.6666666666666666,0.6000000000000001,data/deam/DEAM_spectrograms_shiv/1343_seg2.npy,electronic,3,1343_seg2
1344,6.3,1.35,5.5,1.43,0.7,0.6111111111111112,data/deam/DEAM_spectrograms_shiv/1344_seg0.npy,electronic,3,1344_seg0
1344,6.3,1.35,5.5,1.43,0.7,0.6111111111111112,data/deam/DEAM_spectrograms_shiv/1344_seg1.npy,electronic,3,1344_seg1
1344,6.3,1.35,5.5,1.43,0.7,0.6111111111111112,data/deam/DEAM_spectrograms_shiv/1344_seg2.npy,electronic,3,1344_seg2
1346,6.5,1.12,5.6,1.69,0.7222222222222222,0.6222222222222222,data/deam/DEAM_spectrograms_shiv/1346_seg0.npy,electronic,3,1346_seg0
1346,6.5,1.12,5.6,1.69,0.7222222222222222,0.6222222222222222,data/deam/DEAM_spectrograms_shiv/1346_seg1.npy,electronic,3,1346_seg1
1346,6.5,1.12,5.6,1.69,0.7222222222222222,0.6222222222222222,data/deam/DEAM_spectrograms_shiv/1346_seg2.npy,electronic,3,1346_seg2
1347,4.6,1.02,4.0,1.0,0.5111111111111111,0.4444444444444444,data/deam/DEAM_spectrograms_shiv/1347_seg0.npy,electronic,3,1347_seg0
1347,4.6,1.02,4.0,1.0,0.5111111111111111,0.4444444444444444,data/deam/DEAM_spectrograms_shiv/1347_seg1.npy,electronic,3,1347_seg1
1347,4.6,1.02,4.0,1.0,0.5111111111111111,0.4444444444444444,data/deam/DEAM_spectrograms_shiv/1347_seg2.npy,electronic,3,1347_seg2
1348,5.8,1.25,6.3,1.42,0.6444444444444444,0.7,data/deam/DEAM_spectrograms_shiv/1348_seg0.npy,electronic,3,1348_seg0
1348,5.8,1.25,6.3,1.42,0.6444444444444444,0.7,data/deam/DEAM_spectrograms_shiv/1348_seg1.npy,electronic,3,1348_seg1
1348,5.8,1.25,6.3,1.42,0.6444444444444444,0.7,data/deam/DEAM_spectrograms_shiv/1348_seg2.npy,electronic,3,1348_seg2
1349,5.2,0.87,5.2,0.98,0.5777777777777778,0.5777777777777778,data/deam/DEAM_spectrograms_shiv/1349_seg0.npy,electronic,3,1349_seg0
1349,5.2,0.87,5.2,0.98,0.5777777777777778,0.5777777777777778,data/deam/DEAM_spectrograms_shiv/1349_seg1.npy,electronic,3,1349_seg1
1349,5.2,0.87,5.2,0.98,0.5777777777777778,0.5777777777777778,data/deam/DEAM_spectrograms_shiv/1349_seg2.npy,electronic,3,1349_seg2
1351,6.3,1.27,5.9,1.22,0.7,0.6555555555555556,data/deam/DEAM_spectrograms_shiv/1351_seg0.npy,electronic,3,1351_seg0
1351,6.3,1.27,5.9,1.22,0.7,0.6555555555555556,data/deam/DEAM_spectrograms_shiv/1351_seg1.npy,electronic,3,1351_seg1
1351,6.3,1.27,5.9,1.22,0.7,0.6555555555555556,data/deam/DEAM_spectrograms_shiv/1351_seg2.npy,electronic,3,1351_seg2
1352,6.7,1.49,6.4,1.43,0.7444444444444445,0.7111111111111111,data/deam/DEAM_spectrograms_shiv/1352_seg0.npy,electronic,3,1352_seg0
1352,6.7,1.49,6.4,1.43,0.7444444444444445,0.7111111111111111,data/deam/DEAM_spectrograms_shiv/1352_seg1.npy,electronic,3,1352_seg1
1352,6.7,1.49,6.4,1.43,0.7444444444444445,0.7111111111111111,data/deam/DEAM_spectrograms_shiv/1352_seg2.npy,electronic,3,1352_seg2
1353,5.3,1.19,6.4,1.28,0.5888888888888889,0.7111111111111111,data/deam/DEAM_spectrograms_shiv/1353_seg0.npy,electronic,3,1353_seg0
1353,5.3,1.19,6.4,1.28,0.5888888888888889,0.7111111111111111,data/deam/DEAM_spectrograms_shiv/1353_seg1.npy,electronic,3,1353_seg1
1353,5.3,1.19,6.4,1.28,0.5888888888888889,0.7111111111111111,data/deam/DEAM_spectrograms_shiv/1353_seg2.npy,electronic,3,1353_seg2
1354,4.6,1.2,2.0,1.1,0.5111111111111111,0.2222222222222222,data/deam/DEAM_spectrograms_shiv/1354_seg0.npy,electronic,3,1354_seg0
1354,4.6,1.2,2.0,1.1,0.5111111111111111,0.2222222222222222,data/deam/DEAM_spectrograms_shiv/1354_seg1.npy,electronic,3,1354_seg1
1354,4.6,1.2,2.0,1.1,0.5111111111111111,0.2222222222222222,data/deam/DEAM_spectrograms_shiv/1354_seg2.npy,electronic,3,1354_seg2
1355,6.3,1.35,3.8,2.18,0.7,0.4222222222222222,data/deam/DEAM_spectrograms_shiv/1355_seg0.npy,electronic,3,1355_seg0
1355,6.3,1.35,3.8,2.18,0.7,0.4222222222222222,data/deam/DEAM_spectrograms_shiv/1355_seg1.npy,electronic,3,1355_seg1
1355,6.3,1.35,3.8,2.18,0.7,0.4222222222222222,data/deam/DEAM_spectrograms_shiv/1355_seg2.npy,electronic,3,1355_seg2
1358,6.0,1.34,6.0,1.48,0.6666666666666666,0.6666666666666666,data/deam/DEAM_spectrograms_shiv/1358_seg0.npy,electronic,3,1358_seg0
1358,6.0,1.34,6.0,1.48,0.6666666666666666,0.6666666666666666,data/deam/DEAM_spectrograms_shiv/1358_seg1.npy,electronic,3,1358_seg1
1358,6.0,1.34,6.0,1.48,0.6666666666666666,0.6666666666666666,data/deam/DEAM_spectrograms_shiv/1358_seg2.npy,electronic,3,1358_seg2
1359,3.6,1.74,3.4,1.69,0.4,0.3777777777777777,data/deam/DEAM_spectrograms_shiv/1359_seg0.npy,electronic,3,1359_seg0
1359,3.6,1.74,3.4,1.69,0.4,0.3777777777777777,data/deam/DEAM_spectrograms_shiv/1359_seg1.npy,electronic,3,1359_seg1
1359,3.6,1.74,3.4,1.69,0.4,0.3777777777777777,data/deam/DEAM_spectrograms_shiv/1359_seg2.npy,electronic,3,1359_seg2
1362,4.4,1.56,5.4,1.28,0.4888888888888889,0.6000000000000001,data/deam/DEAM_spectrograms_shiv/1362_seg0.npy,electronic,3,1362_seg0
1362,4.4,1.56,5.4,1.28,0.4888888888888889,0.6000000000000001,data/deam/DEAM_spectrograms_shiv/1362_seg1.npy,electronic,3,1362_seg1
1362,4.4,1.56,5.4,1.28,0.4888888888888889,0.6000000000000001,data/deam/DEAM_spectrograms_shiv/1362_seg2.npy,electronic,3,1362_seg2
1363,5.1,1.37,3.6,1.02,0.5666666666666667,0.4,data/deam/DEAM_spectrograms_shiv/1363_seg0.npy,electronic,3,1363_seg0
1363,5.1,1.37,3.6,1.02,0.5666666666666667,0.4,data/deam/DEAM_spectrograms_shiv/1363_seg1.npy,electronic,3,1363_seg1
1363,5.1,1.37,3.6,1.02,0.5666666666666667,0.4,data/deam/DEAM_spectrograms_shiv/1363_seg2.npy,electronic,3,1363_seg2
1364,4.3,1.68,6.2,0.98,0.4777777777777777,0.6888888888888889,data/deam/DEAM_spectrograms_shiv/1364_seg0.npy,electronic,3,1364_seg0
1364,4.3,1.68,6.2,0.98,0.4777777777777777,0.6888888888888889,data/deam/DEAM_spectrograms_shiv/1364_seg1.npy,electronic,3,1364_seg1
1364,4.3,1.68,6.2,0.98,0.4777777777777777,0.6888888888888889,data/deam/DEAM_spectrograms_shiv/1364_seg2.npy,electronic,3,1364_seg2
1365,6.5,1.5,6.4,1.69,0.7222222222222222,0.7111111111111111,data/deam/DEAM_spectrograms_shiv/1365_seg0.npy,electronic,3,1365_seg0
1365,6.5,1.5,6.4,1.69,0.7222222222222222,0.7111111111111111,data/deam/DEAM_spectrograms_shiv/1365_seg1.npy,electronic,3,1365_seg1
1365,6.5,1.5,6.4,1.69,0.7222222222222222,0.7111111111111111,data/deam/DEAM_spectrograms_shiv/1365_seg2.npy,electronic,3,1365_seg2
1367,7.1,1.37,7.2,1.54,0.7888888888888889,0.8,data/deam/DEAM_spectrograms_shiv/1367_seg0.npy,electronic,3,1367_seg0
1367,7.1,1.37,7.2,1.54,0.7888888888888889,0.8,data/deam/DEAM_spectrograms_shiv/1367_seg1.npy,electronic,3,1367_seg1
1367,7.1,1.37,7.2,1.54,0.7888888888888889,0.8,data/deam/DEAM_spectrograms_shiv/1367_seg2.npy,electronic,3,1367_seg2
1368,3.4,1.36,3.3,2.15,0.3777777777777777,0.3666666666666666,data/deam/DEAM_spectrograms_shiv/1368_seg0.npy,electronic,3,1368_seg0
1368,3.4,1.36,3.3,2.15,0.3777777777777777,0.3666666666666666,data/deam/DEAM_spectrograms_shiv/1368_seg1.npy,electronic,3,1368_seg1
1368,3.4,1.36,3.3,2.15,0.3777777777777777,0.3666666666666666,data/deam/DEAM_spectrograms_shiv/1368_seg2.npy,electronic,3,1368_seg2
1369,6.8,1.47,6.6,1.62,0.7555555555555555,0.7333333333333333,data/deam/DEAM_spectrograms_shiv/1369_seg0.npy,electronic,3,1369_seg0
1369,6.8,1.47,6.6,1.62,0.7555555555555555,0.7333333333333333,data/deam/DEAM_spectrograms_shiv/1369_seg1.npy,electronic,3,1369_seg1
1369,6.8,1.47,6.6,1.62,0.7555555555555555,0.7333333333333333,data/deam/DEAM_spectrograms_shiv/1369_seg2.npy,electronic,3,1369_seg2
1370,4.3,1.19,4.1,1.22,0.4777777777777777,0.4555555555555555,data/deam/DEAM_spectrograms_shiv/1370_seg0.npy,electronic,3,1370_seg0
1370,4.3,1.19,4.1,1.22,0.4777777777777777,0.4555555555555555,data/deam/DEAM_spectrograms_shiv/1370_seg1.npy,electronic,3,1370_seg1
1370,4.3,1.19,4.1,1.22,0.4777777777777777,0.4555555555555555,data/deam/DEAM_spectrograms_shiv/1370_seg2.npy,electronic,3,1370_seg2
1371,5.7,1.68,5.4,1.69,0.6333333333333333,0.6000000000000001,data/deam/DEAM_spectrograms_shiv/1371_seg0.npy,electronic,3,1371_seg0
1371,5.7,1.68,5.4,1.69,0.6333333333333333,0.6000000000000001,data/deam/DEAM_spectrograms_shiv/1371_seg1.npy,electronic,3,1371_seg1
1371,5.7,1.68,5.4,1.69,0.6333333333333333,0.6000000000000001,data/deam/DEAM_spectrograms_shiv/1371_seg2.npy,electronic,3,1371_seg2
1373,6.6,1.11,5.7,1.73,0.7333333333333333,0.6333333333333333,data/deam/DEAM_spectrograms_shiv/1373_seg0.npy,electronic,3,1373_seg0
1373,6.6,1.11,5.7,1.73,0.7333333333333333,0.6333333333333333,data/deam/DEAM_spectrograms_shiv/1373_seg1.npy,electronic,3,1373_seg1
1373,6.6,1.11,5.7,1.73,0.7333333333333333,0.6333333333333333,data/deam/DEAM_spectrograms_shiv/1373_seg2.npy,electronic,3,1373_seg2
1374,6.0,1.1,4.1,1.37,0.6666666666666666,0.4555555555555555,data/deam/DEAM_spectrograms_shiv/1374_seg0.npy,electronic,3,1374_seg0
1374,6.0,1.1,4.1,1.37,0.6666666666666666,0.4555555555555555,data/deam/DEAM_spectrograms_shiv/1374_seg1.npy,electronic,3,1374_seg1
1374,6.0,1.1,4.1,1.37,0.6666666666666666,0.4555555555555555,data/deam/DEAM_spectrograms_shiv/1374_seg2.npy,electronic,3,1374_seg2
1375,5.6,1.69,5.6,1.74,0.6222222222222222,0.6222222222222222,data/deam/DEAM_spectrograms_shiv/1375_seg0.npy,electronic,3,1375_seg0
1375,5.6,1.69,5.6,1.74,0.6222222222222222,0.6222222222222222,data/deam/DEAM_spectrograms_shiv/1375_seg1.npy,electronic,3,1375_seg1
1375,5.6,1.69,5.6,1.74,0.6222222222222222,0.6222222222222222,data/deam/DEAM_spectrograms_shiv/1375_seg2.npy,electronic,3,1375_seg2
1377,3.7,1.85,3.1,1.58,0.4111111111111111,0.3444444444444444,data/deam/DEAM_spectrograms_shiv/1377_seg0.npy,electronic,3,1377_seg0
1377,3.7,1.85,3.1,1.58,0.4111111111111111,0.3444444444444444,data/deam/DEAM_spectrograms_shiv/1377_seg1.npy,electronic,3,1377_seg1
1377,3.7,1.85,3.1,1.58,0.4111111111111111,0.3444444444444444,data/deam/DEAM_spectrograms_shiv/1377_seg2.npy,electronic,3,1377_seg2
1378,5.5,1.69,5.7,1.62,0.6111111111111112,0.6333333333333333,data/deam/DEAM_spectrograms_shiv/1378_seg0.npy,electronic,3,1378_seg0
1378,5.5,1.69,5.7,1.62,0.6111111111111112,0.6333333333333333,data/deam/DEAM_spectrograms_shiv/1378_seg1.npy,electronic,3,1378_seg1
1378,5.5,1.69,5.7,1.62,0.6111111111111112,0.6333333333333333,data/deam/DEAM_spectrograms_shiv/1378_seg2.npy,electronic,3,1378_seg2
1379,5.8,1.33,5.7,1.49,0.6444444444444444,0.6333333333333333,data/deam/DEAM_spectrograms_shiv/1379_seg0.npy,electronic,3,1379_seg0
1379,5.8,1.33,5.7,1.49,0.6444444444444444,0.6333333333333333,data/deam/DEAM_spectrograms_shiv/1379_seg1.npy,electronic,3,1379_seg1
1379,5.8,1.33,5.7,1.49,0.6444444444444444,0.6333333333333333,data/deam/DEAM_spectrograms_shiv/1379_seg2.npy,electronic,3,1379_seg2
1381,6.1,1.92,7.1,1.14,0.6777777777777777,0.7888888888888889,data/deam/DEAM_spectrograms_shiv/1381_seg0.npy,electronic,3,1381_seg0
1381,6.1,1.92,7.1,1.14,0.6777777777777777,0.7888888888888889,data/deam/DEAM_spectrograms_shiv/1381_seg1.npy,electronic,3,1381_seg1
1381,6.1,1.92,7.1,1.14,0.6777777777777777,0.7888888888888889,data/deam/DEAM_spectrograms_shiv/1381_seg2.npy,electronic,3,1381_seg2
1382,4.8,0.98,4.7,1.55,0.5333333333333333,0.5222222222222223,data/deam/DEAM_spectrograms_shiv/1382_seg0.npy,electronic,3,1382_seg0
1382,4.8,0.98,4.7,1.55,0.5333333333333333,0.5222222222222223,data/deam/DEAM_spectrograms_shiv/1382_seg1.npy,electronic,3,1382_seg1
1382,4.8,0.98,4.7,1.55,0.5333333333333333,0.5222222222222223,data/deam/DEAM_spectrograms_shiv/1382_seg2.npy,electronic,3,1382_seg2
1383,5.6,1.28,3.0,1.48,0.6222222222222222,0.3333333333333333,data/deam/DEAM_spectrograms_shiv/1383_seg0.npy,electronic,3,1383_seg0
1383,5.6,1.28,3.0,1.48,0.6222222222222222,0.3333333333333333,data/deam/DEAM_spectrograms_shiv/1383_seg1.npy,electronic,3,1383_seg1
1383,5.6,1.28,3.0,1.48,0.6222222222222222,0.3333333333333333,data/deam/DEAM_spectrograms_shiv/1383_seg2.npy,electronic,3,1383_seg2
1385,6.0,1.41,6.0,1.1,0.6666666666666666,0.6666666666666666,data/deam/DEAM_spectrograms_shiv/1385_seg0.npy,electronic,3,1385_seg0
1385,6.0,1.41,6.0,1.1,0.6666666666666666,0.6666666666666666,data/deam/DEAM_spectrograms_shiv/1385_seg1.npy,electronic,3,1385_seg1
1385,6.0,1.41,6.0,1.1,0.6666666666666666,0.6666666666666666,data/deam/DEAM_spectrograms_shiv/1385_seg2.npy,electronic,3,1385_seg2
1386,5.9,1.81,5.0,1.95,0.6555555555555556,0.5555555555555556,data/deam/DEAM_spectrograms_shiv/1386_seg0.npy,electronic,3,1386_seg0
1386,5.9,1.81,5.0,1.95,0.6555555555555556,0.5555555555555556,data/deam/DEAM_spectrograms_shiv/1386_seg1.npy,electronic,3,1386_seg1
1386,5.9,1.81,5.0,1.95,0.6555555555555556,0.5555555555555556,data/deam/DEAM_spectrograms_shiv/1386_seg2.npy,electronic,3,1386_seg2
1387,6.1,0.94,4.5,2.11,0.6777777777777777,0.5,data/deam/DEAM_spectrograms_shiv/1387_seg0.npy,electronic,3,1387_seg0
1387,6.1,0.94,4.5,2.11,0.6777777777777777,0.5,data/deam/DEAM_spectrograms_shiv/1387_seg1.npy,electronic,3,1387_seg1
1387,6.1,0.94,4.5,2.11,0.6777777777777777,0.5,data/deam/DEAM_spectrograms_shiv/1387_seg2.npy,electronic,3,1387_seg2
1388,6.8,1.47,7.8,1.08,0.7555555555555555,0.8666666666666667,data/deam/DEAM_spectrograms_shiv/1388_seg0.npy,electronic,3,1388_seg0
1388,6.8,1.47,7.8,1.08,0.7555555555555555,0.8666666666666667,data/deam/DEAM_spectrograms_shiv/1388_seg1.npy,electronic,3,1388_seg1
1388,6.8,1.47,7.8,1.08,0.7555555555555555,0.8666666666666667,data/deam/DEAM_spectrograms_shiv/1388_seg2.npy,electronic,3,1388_seg2
1389,4.2,1.47,3.3,1.27,0.4666666666666667,0.3666666666666666,data/deam/DEAM_spectrograms_shiv/1389_seg0.npy,electronic,3,1389_seg0
1389,4.2,1.47,3.3,1.27,0.4666666666666667,0.3666666666666666,data/deam/DEAM_spectrograms_shiv/1389_seg1.npy,electronic,3,1389_seg1
1389,4.2,1.47,3.3,1.27,0.4666666666666667,0.3666666666666666,data/deam/DEAM_spectrograms_shiv/1389_seg2.npy,electronic,3,1389_seg2
1390,6.1,1.3,6.3,1.49,0.6777777777777777,0.7,data/deam/DEAM_spectrograms_shiv/1390_seg0.npy,electronic,3,1390_seg0
1390,6.1,1.3,6.3,1.49,0.6777777777777777,0.7,data/deam/DEAM_spectrograms_shiv/1390_seg1.npy,electronic,3,1390_seg1
1390,6.1,1.3,6.3,1.49,0.6777777777777777,0.7,data/deam/DEAM_spectrograms_shiv/1390_seg2.npy,electronic,3,1390_seg2
1391,4.3,1.55,5.7,1.19,0.4777777777777777,0.6333333333333333,data/deam/DEAM_spectrograms_shiv/1391_seg0.npy,electronic,3,1391_seg0
1391,4.3,1.55,5.7,1.19,0.4777777777777777,0.6333333333333333,data/deam/DEAM_spectrograms_shiv/1391_seg1.npy,electronic,3,1391_seg1
1391,4.3,1.55,5.7,1.19,0.4777777777777777,0.6333333333333333,data/deam/DEAM_spectrograms_shiv/1391_seg2.npy,electronic,3,1391_seg2
1392,6.2,1.72,6.7,1.68,0.6888888888888889,0.7444444444444445,data/deam/DEAM_spectrograms_shiv/1392_seg0.npy,electronic,3,1392_seg0
1392,6.2,1.72,6.7,1.68,0.6888888888888889,0.7444444444444445,data/deam/DEAM_spectrograms_shiv/1392_seg1.npy,electronic,3,1392_seg1
1392,6.2,1.72,6.7,1.68,0.6888888888888889,0.7444444444444445,data/deam/DEAM_spectrograms_shiv/1392_seg2.npy,electronic,3,1392_seg2
1394,6.0,1.34,4.1,1.58,0.6666666666666666,0.4555555555555555,data/deam/DEAM_spectrograms_shiv/1394_seg0.npy,electronic,3,1394_seg0
1394,6.0,1.34,4.1,1.58,0.6666666666666666,0.4555555555555555,data/deam/DEAM_spectrograms_shiv/1394_seg1.npy,electronic,3,1394_seg1
1394,6.0,1.34,4.1,1.58,0.6666666666666666,0.4555555555555555,data/deam/DEAM_spectrograms_shiv/1394_seg2.npy,electronic,3,1394_seg2
1395,4.7,1.55,3.5,1.2,0.5222222222222223,0.3888888888888889,data/deam/DEAM_spectrograms_shiv/1395_seg0.npy,electronic,3,1395_seg0
1395,4.7,1.55,3.5,1.2,0.5222222222222223,0.3888888888888889,data/deam/DEAM_spectrograms_shiv/1395_seg1.npy,electronic,3,1395_seg1
1395,4.7,1.55,3.5,1.2,0.5222222222222223,0.3888888888888889,data/deam/DEAM_spectrograms_shiv/1395_seg2.npy,electronic,3,1395_seg2
1396,6.1,1.7,6.0,2.05,0.6777777777777777,0.6666666666666666,data/deam/DEAM_spectrograms_shiv/1396_seg0.npy,electronic,3,1396_seg0
1396,6.1,1.7,6.0,2.05,0.6777777777777777,0.6666666666666666,data/deam/DEAM_spectrograms_shiv/1396_seg1.npy,electronic,3,1396_seg1
1396,6.1,1.7,6.0,2.05,0.6777777777777777,0.6666666666666666,data/deam/DEAM_spectrograms_shiv/1396_seg2.npy,electronic,3,1396_seg2
1397,4.3,1.49,3.3,1.62,0.4777777777777777,0.3666666666666666,data/deam/DEAM_spectrograms_shiv/1397_seg0.npy,electronic,3,1397_seg0
1397,4.3,1.49,3.3,1.62,0.4777777777777777,0.3666666666666666,data/deam/DEAM_spectrograms_shiv/1397_seg1.npy,electronic,3,1397_seg1
1397,4.3,1.49,3.3,1.62,0.4777777777777777,0.3666666666666666,data/deam/DEAM_spectrograms_shiv/1397_seg2.npy,electronic,3,1397_seg2
1398,6.9,1.51,7.6,1.69,0.7666666666666667,0.8444444444444444,data/deam/DEAM_spectrograms_shiv/1398_seg0.npy,electronic,3,1398_seg0
1398,6.9,1.51,7.6,1.69,0.7666666666666667,0.8444444444444444,data/deam/DEAM_spectrograms_shiv/1398_seg1.npy,electronic,3,1398_seg1
1398,6.9,1.51,7.6,1.69,0.7666666666666667,0.8444444444444444,data/deam/DEAM_spectrograms_shiv/1398_seg2.npy,electronic,3,1398_seg2
1400,5.6,1.85,5.8,2.27,0.6222222222222222,0.6444444444444444,data/deam/DEAM_spectrograms_shiv/1400_seg0.npy,electronic,3,1400_seg0
1400,5.6,1.85,5.8,2.27,0.6222222222222222,0.6444444444444444,data/deam/DEAM_spectrograms_shiv/1400_seg1.npy,electronic,3,1400_seg1
1400,5.6,1.85,5.8,2.27,0.6222222222222222,0.6444444444444444,data/deam/DEAM_spectrograms_shiv/1400_seg2.npy,electronic,3,1400_seg2
1424,4.5,1.36,3.5,0.92,0.5,0.3888888888888889,data/deam/DEAM_spectrograms_shiv/1424_seg0.npy,electronic,3,1424_seg0
1424,4.5,1.36,3.5,0.92,0.5,0.3888888888888889,data/deam/DEAM_spectrograms_shiv/1424_seg1.npy,electronic,3,1424_seg1
1424,4.5,1.36,3.5,0.92,0.5,0.3888888888888889,data/deam/DEAM_spectrograms_shiv/1424_seg2.npy,electronic,3,1424_seg2
1425,5.1,1.76,5.2,1.89,0.5666666666666667,0.5777777777777778,data/deam/DEAM_spectrograms_shiv/1425_seg0.npy,electronic,3,1425_seg0
1425,5.1,1.76,5.2,1.89,0.5666666666666667,0.5777777777777778,data/deam/DEAM_spectrograms_shiv/1425_seg1.npy,electronic,3,1425_seg1
1425,5.1,1.76,5.2,1.89,0.5666666666666667,0.5777777777777778,data/deam/DEAM_spectrograms_shiv/1425_seg2.npy,electronic,3,1425_seg2
1432,3.7,1.27,2.6,0.92,0.4111111111111111,0.2888888888888889,data/deam/DEAM_spectrograms_shiv/1432_seg0.npy,electronic,3,1432_seg0
1432,3.7,1.27,2.6,0.92,0.4111111111111111,0.2888888888888889,data/deam/DEAM_spectrograms_shiv/1432_seg1.npy,electronic,3,1432_seg1
1432,3.7,1.27,2.6,0.92,0.4111111111111111,0.2888888888888889,data/deam/DEAM_spectrograms_shiv/1432_seg2.npy,electronic,3,1432_seg2
1435,3.6,1.5,5.3,1.68,0.4,0.5888888888888889,data/deam/DEAM_spectrograms_shiv/1435_seg0.npy,electronic,3,1435_seg0
1435,3.6,1.5,5.3,1.68,0.4,0.5888888888888889,data/deam/DEAM_spectrograms_shiv/1435_seg1.npy,electronic,3,1435_seg1
1435,3.6,1.5,5.3,1.68,0.4,0.5888888888888889,data/deam/DEAM_spectrograms_shiv/1435_seg2.npy,electronic,3,1435_seg2
1501,5.0,1.95,4.9,1.97,0.5555555555555556,0.5444444444444445,data/deam/DEAM_spectrograms_shiv/1501_seg0.npy,electronic,3,1501_seg0
1501,5.0,1.95,4.9,1.97,0.5555555555555556,0.5444444444444445,data/deam/DEAM_spectrograms_shiv/1501_seg1.npy,electronic,3,1501_seg1
1501,5.0,1.95,4.9,1.97,0.5555555555555556,0.5444444444444445,data/deam/DEAM_spectrograms_shiv/1501_seg2.npy,electronic,3,1501_seg2
1503,5.9,1.14,4.1,2.3,0.6555555555555556,0.4555555555555555,data/deam/DEAM_spectrograms_shiv/1503_seg0.npy,electronic,3,1503_seg0
1503,5.9,1.14,4.1,2.3,0.6555555555555556,0.4555555555555555,data/deam/DEAM_spectrograms_shiv/1503_seg1.npy,electronic,3,1503_seg1
1503,5.9,1.14,4.1,2.3,0.6555555555555556,0.4555555555555555,data/deam/DEAM_spectrograms_shiv/1503_seg2.npy,electronic,3,1503_seg2
1508,5.9,1.64,5.3,1.49,0.6555555555555556,0.5888888888888889,data/deam/DEAM_spectrograms_shiv/1508_seg0.npy,electronic,3,1508_seg0
1508,5.9,1.64,5.3,1.49,0.6555555555555556,0.5888888888888889,data/deam/DEAM_spectrograms_shiv/1508_seg1.npy,electronic,3,1508_seg1
1508,5.9,1.64,5.3,1.49,0.6555555555555556,0.5888888888888889,data/deam/DEAM_spectrograms_shiv/1508_seg2.npy,electronic,3,1508_seg2
1509,5.9,1.14,5.4,1.8,0.6555555555555556,0.6000000000000001,data/deam/DEAM_spectrograms_shiv/1509_seg0.npy,electronic,3,1509_seg0
1509,5.9,1.14,5.4,1.8,0.6555555555555556,0.6000000000000001,data/deam/DEAM_spectrograms_shiv/1509_seg1.npy,electronic,3,1509_seg1
1509,5.9,1.14,5.4,1.8,0.6555555555555556,0.6000000000000001,data/deam/DEAM_spectrograms_shiv/1509_seg2.npy,electronic,3,1509_seg2
1517,6.0,1.67,5.0,1.67,0.6666666666666666,0.5555555555555556,data/deam/DEAM_spectrograms_shiv/1517_seg0.npy,electronic,3,1517_seg0
1517,6.0,1.67,5.0,1.67,0.6666666666666666,0.5555555555555556,data/deam/DEAM_spectrograms_shiv/1517_seg1.npy,electronic,3,1517_seg1
1517,6.0,1.67,5.0,1.67,0.6666666666666666,0.5555555555555556,data/deam/DEAM_spectrograms_shiv/1517_seg2.npy,electronic,3,1517_seg2
1518,6.1,1.45,6.3,1.55,0.6777777777777777,0.7,data/deam/DEAM_spectrograms_shiv/1518_seg0.npy,electronic,3,1518_seg0
1518,6.1,1.45,6.3,1.55,0.6777777777777777,0.7,data/deam/DEAM_spectrograms_shiv/1518_seg1.npy,electronic,3,1518_seg1
1518,6.1,1.45,6.3,1.55,0.6777777777777777,0.7,data/deam/DEAM_spectrograms_shiv/1518_seg2.npy,electronic,3,1518_seg2
1525,4.5,1.12,4.5,1.5,0.5,0.5,data/deam/DEAM_spectrograms_shiv/1525_seg0.npy,electronic,3,1525_seg0
1525,4.5,1.12,4.5,1.5,0.5,0.5,data/deam/DEAM_spectrograms_shiv/1525_seg1.npy,electronic,3,1525_seg1
1525,4.5,1.12,4.5,1.5,0.5,0.5,data/deam/DEAM_spectrograms_shiv/1525_seg2.npy,electronic,3,1525_seg2
1526,5.9,1.45,5.9,1.7,0.6555555555555556,0.6555555555555556,data/deam/DEAM_spectrograms_shiv/1526_seg0.npy,electronic,3,1526_seg0
1526,5.9,1.45,5.9,1.7,0.6555555555555556,0.6555555555555556,data/deam/DEAM_spectrograms_shiv/1526_seg1.npy,electronic,3,1526_seg1
1526,5.9,1.45,5.9,1.7,0.6555555555555556,0.6555555555555556,data/deam/DEAM_spectrograms_shiv/1526_seg2.npy,electronic,3,1526_seg2
1540,5.7,1.9,5.1,1.92,0.6333333333333333,0.5666666666666667,data/deam/DEAM_spectrograms_shiv/1540_seg0.npy,electronic,3,1540_seg0
1540,5.7,1.9,5.1,1.92,0.6333333333333333,0.5666666666666667,data/deam/DEAM_spectrograms_shiv/1540_seg1.npy,electronic,3,1540_seg1
1540,5.7,1.9,5.1,1.92,0.6333333333333333,0.5666666666666667,data/deam/DEAM_spectrograms_shiv/1540_seg2.npy,electronic,3,1540_seg2
1541,5.2,1.08,4.6,1.56,0.5777777777777778,0.5111111111111111,data/deam/DEAM_spectrograms_shiv/1541_seg0.npy,electronic,3,1541_seg0
1541,5.2,1.08,4.6,1.56,0.5777777777777778,0.5111111111111111,data/deam/DEAM_spectrograms_shiv/1541_seg1.npy,electronic,3,1541_seg1
1541,5.2,1.08,4.6,1.56,0.5777777777777778,0.5111111111111111,data/deam/DEAM_spectrograms_shiv/1541_seg2.npy,electronic,3,1541_seg2
1542,5.5,1.8,5.5,1.43,0.6111111111111112,0.6111111111111112,data/deam/DEAM_spectrograms_shiv/1542_seg0.npy,electronic,3,1542_seg0
1542,5.5,1.8,5.5,1.43,0.6111111111111112,0.6111111111111112,data/deam/DEAM_spectrograms_shiv/1542_seg1.npy,electronic,3,1542_seg1
1542,5.5,1.8,5.5,1.43,0.6111111111111112,0.6111111111111112,data/deam/DEAM_spectrograms_shiv/1542_seg2.npy,electronic,3,1542_seg2
1549,4.9,1.81,5.2,1.72,0.5444444444444445,0.5777777777777778,data/deam/DEAM_spectrograms_shiv/1549_seg0.npy,electronic,3,1549_seg0
1549,4.9,1.81,5.2,1.72,0.5444444444444445,0.5777777777777778,data/deam/DEAM_spectrograms_shiv/1549_seg1.npy,electronic,3,1549_seg1
1549,4.9,1.81,5.2,1.72,0.5444444444444445,0.5777777777777778,data/deam/DEAM_spectrograms_shiv/1549_seg2.npy,electronic,3,1549_seg2
1557,5.5,1.86,6.3,1.42,0.6111111111111112,0.7,data/deam/DEAM_spectrograms_shiv/1557_seg0.npy,electronic,3,1557_seg0
1557,5.5,1.86,6.3,1.42,0.6111111111111112,0.7,data/deam/DEAM_spectrograms_shiv/1557_seg1.npy,electronic,3,1557_seg1
1557,5.5,1.86,6.3,1.42,0.6111111111111112,0.7,data/deam/DEAM_spectrograms_shiv/1557_seg2.npy,electronic,3,1557_seg2
1564,6.1,1.81,6.4,1.43,0.6777777777777777,0.7111111111111111,data/deam/DEAM_spectrograms_shiv/1564_seg0.npy,electronic,3,1564_seg0
1564,6.1,1.81,6.4,1.43,0.6777777777777777,0.7111111111111111,data/deam/DEAM_spectrograms_shiv/1564_seg1.npy,electronic,3,1564_seg1
1564,6.1,1.81,6.4,1.43,0.6777777777777777,0.7111111111111111,data/deam/DEAM_spectrograms_shiv/1564_seg2.npy,electronic,3,1564_seg2
1569,5.6,1.5,5.8,1.25,0.6222222222222222,0.6444444444444444,data/deam/DEAM_spectrograms_shiv/1569_seg0.npy,electronic,3,1569_seg0
1569,5.6,1.5,5.8,1.25,0.6222222222222222,0.6444444444444444,data/deam/DEAM_spectrograms_shiv/1569_seg1.npy,electronic,3,1569_seg1
1569,5.6,1.5,5.8,1.25,0.6222222222222222,0.6444444444444444,data/deam/DEAM_spectrograms_shiv/1569_seg2.npy,electronic,3,1569_seg2
1570,5.2,1.47,4.6,1.74,0.5777777777777778,0.5111111111111111,data/deam/DEAM_spectrograms_shiv/1570_seg0.npy,electronic,3,1570_seg0
1570,5.2,1.47,4.6,1.74,0.5777777777777778,0.5111111111111111,data/deam/DEAM_spectrograms_shiv/1570_seg1.npy,electronic,3,1570_seg1
1570,5.2,1.47,4.6,1.74,0.5777777777777778,0.5111111111111111,data/deam/DEAM_spectrograms_shiv/1570_seg2.npy,electronic,3,1570_seg2
1573,4.9,1.37,3.6,1.8,0.5444444444444445,0.4,data/deam/DEAM_spectrograms_shiv/1573_seg0.npy,electronic,3,1573_seg0
1573,4.9,1.37,3.6,1.8,0.5444444444444445,0.4,data/deam/DEAM_spectrograms_shiv/1573_seg1.npy,electronic,3,1573_seg1
1573,4.9,1.37,3.6,1.8,0.5444444444444445,0.4,data/deam/DEAM_spectrograms_shiv/1573_seg2.npy,electronic,3,1573_seg2
1574,5.9,1.64,5.4,1.69,0.6555555555555556,0.6000000000000001,data/deam/DEAM_spectrograms_shiv/1574_seg0.npy,electronic,3,1574_seg0
1574,5.9,1.64,5.4,1.69,0.6555555555555556,0.6000000000000001,data/deam/DEAM_spectrograms_shiv/1574_seg1.npy,electronic,3,1574_seg1
1574,5.9,1.64,5.4,1.69,0.6555555555555556,0.6000000000000001,data/deam/DEAM_spectrograms_shiv/1574_seg2.npy,electronic,3,1574_seg2
1575,5.2,1.47,5.1,1.51,0.5777777777777778,0.5666666666666667,data/deam/DEAM_spectrograms_shiv/1575_seg0.npy,electronic,3,1575_seg0
1575,5.2,1.47,5.1,1.51,0.5777777777777778,0.5666666666666667,data/deam/DEAM_spectrograms_shiv/1575_seg1.npy,electronic,3,1575_seg1
1575,5.2,1.47,5.1,1.51,0.5777777777777778,0.5666666666666667,data/deam/DEAM_spectrograms_shiv/1575_seg2.npy,electronic,3,1575_seg2
1576,5.4,0.8,3.9,1.45,0.6000000000000001,0.4333333333333333,data/deam/DEAM_spectrograms_shiv/1576_seg0.npy,electronic,3,1576_seg0
1576,5.4,0.8,3.9,1.45,0.6000000000000001,0.4333333333333333,data/deam/DEAM_spectrograms_shiv/1576_seg1.npy,electronic,3,1576_seg1
1576,5.4,0.8,3.9,1.45,0.6000000000000001,0.4333333333333333,data/deam/DEAM_spectrograms_shiv/1576_seg2.npy,electronic,3,1576_seg2
1577,5.2,1.89,4.7,1.73,0.5777777777777778,0.5222222222222223,data/deam/DEAM_spectrograms_shiv/1577_seg0.npy,electronic,3,1577_seg0
1577,5.2,1.89,4.7,1.73,0.5777777777777778,0.5222222222222223,data/deam/DEAM_spectrograms_shiv/1577_seg1.npy,electronic,3,1577_seg1
1577,5.2,1.89,4.7,1.73,0.5777777777777778,0.5222222222222223,data/deam/DEAM_spectrograms_shiv/1577_seg2.npy,electronic,3,1577_seg2
1580,6.1,1.04,5.2,1.08,0.6777777777777777,0.5777777777777778,data/deam/DEAM_spectrograms_shiv/1580_seg0.npy,electronic,3,1580_seg0
1580,6.1,1.04,5.2,1.08,0.6777777777777777,0.5777777777777778,data/deam/DEAM_spectrograms_shiv/1580_seg1.npy,electronic,3,1580_seg1
1580,6.1,1.04,5.2,1.08,0.6777777777777777,0.5777777777777778,data/deam/DEAM_spectrograms_shiv/1580_seg2.npy,electronic,3,1580_seg2
1583,5.6,1.56,5.2,1.99,0.6222222222222222,0.5777777777777778,data/deam/DEAM_spectrograms_shiv/1583_seg0.npy,electronic,3,1583_seg0
1583,5.6,1.56,5.2,1.99,0.6222222222222222,0.5777777777777778,data/deam/DEAM_spectrograms_shiv/1583_seg1.npy,electronic,3,1583_seg1
1583,5.6,1.56,5.2,1.99,0.6222222222222222,0.5777777777777778,data/deam/DEAM_spectrograms_shiv/1583_seg2.npy,electronic,3,1583_seg2
1584,4.9,1.37,4.6,1.8,0.5444444444444445,0.5111111111111111,data/deam/DEAM_spectrograms_shiv/1584_seg0.npy,electronic,3,1584_seg0
1584,4.9,1.37,4.6,1.8,0.5444444444444445,0.5111111111111111,data/deam/DEAM_spectrograms_shiv/1584_seg1.npy,electronic,3,1584_seg1
1584,4.9,1.37,4.6,1.8,0.5444444444444445,0.5111111111111111,data/deam/DEAM_spectrograms_shiv/1584_seg2.npy,electronic,3,1584_seg2
1585,5.0,1.95,3.9,1.64,0.5555555555555556,0.4333333333333333,data/deam/DEAM_spectrograms_shiv/1585_seg0.npy,electronic,3,1585_seg0
1585,5.0,1.95,3.9,1.64,0.5555555555555556,0.4333333333333333,data/deam/DEAM_spectrograms_shiv/1585_seg1.npy,electronic,3,1585_seg1
1585,5.0,1.95,3.9,1.64,0.5555555555555556,0.4333333333333333,data/deam/DEAM_spectrograms_shiv/1585_seg2.npy,electronic,3,1585_seg2
1587,5.0,1.0,5.5,1.28,0.5555555555555556,0.6111111111111112,data/deam/DEAM_spectrograms_shiv/1587_seg0.npy,electronic,3,1587_seg0
1587,5.0,1.0,5.5,1.28,0.5555555555555556,0.6111111111111112,data/deam/DEAM_spectrograms_shiv/1587_seg1.npy,electronic,3,1587_seg1
1587,5.0,1.0,5.5,1.28,0.5555555555555556,0.6111111111111112,data/deam/DEAM_spectrograms_shiv/1587_seg2.npy,electronic,3,1587_seg2
1588,4.9,1.64,5.8,1.54,0.5444444444444445,0.6444444444444444,data/deam/DEAM_spectrograms_shiv/1588_seg0.npy,electronic,3,1588_seg0
1588,4.9,1.64,5.8,1.54,0.5444444444444445,0.6444444444444444,data/deam/DEAM_spectrograms_shiv/1588_seg1.npy,electronic,3,1588_seg1
1588,4.9,1.64,5.8,1.54,0.5444444444444445,0.6444444444444444,data/deam/DEAM_spectrograms_shiv/1588_seg2.npy,electronic,3,1588_seg2
1591,5.9,0.94,4.7,1.42,0.6555555555555556,0.5222222222222223,data/deam/DEAM_spectrograms_shiv/1591_seg0.npy,electronic,3,1591_seg0
1591,5.9,0.94,4.7,1.42,0.6555555555555556,0.5222222222222223,data/deam/DEAM_spectrograms_shiv/1591_seg1.npy,electronic,3,1591_seg1
1591,5.9,0.94,4.7,1.42,0.6555555555555556,0.5222222222222223,data/deam/DEAM_spectrograms_shiv/1591_seg2.npy,electronic,3,1591_seg2
1594,5.6,1.43,5.4,1.69,0.6222222222222222,0.6000000000000001,data/deam/DEAM_spectrograms_shiv/1594_seg0.npy,electronic,3,1594_seg0
1594,5.6,1.43,5.4,1.69,0.6222222222222222,0.6000000000000001,data/deam/DEAM_spectrograms_shiv/1594_seg1.npy,electronic,3,1594_seg1
1594,5.6,1.43,5.4,1.69,0.6222222222222222,0.6000000000000001,data/deam/DEAM_spectrograms_shiv/1594_seg2.npy,electronic,3,1594_seg2
1596,5.5,1.8,5.1,1.87,0.6111111111111112,0.5666666666666667,data/deam/DEAM_spectrograms_shiv/1596_seg0.npy,electronic,3,1596_seg0
1596,5.5,1.8,5.1,1.87,0.6111111111111112,0.5666666666666667,data/deam/DEAM_spectrograms_shiv/1596_seg1.npy,electronic,3,1596_seg1
1596,5.5,1.8,5.1,1.87,0.6111111111111112,0.5666666666666667,data/deam/DEAM_spectrograms_shiv/1596_seg2.npy,electronic,3,1596_seg2
1601,5.0,1.67,5.3,1.73,0.5555555555555556,0.5888888888888889,data/deam/DEAM_spectrograms_shiv/1601_seg0.npy,electronic,3,1601_seg0
1601,5.0,1.67,5.3,1.73,0.5555555555555556,0.5888888888888889,data/deam/DEAM_spectrograms_shiv/1601_seg1.npy,electronic,3,1601_seg1
1601,5.0,1.67,5.3,1.73,0.5555555555555556,0.5888888888888889,data/deam/DEAM_spectrograms_shiv/1601_seg2.npy,electronic,3,1601_seg2
1617,6.1,1.64,5.9,1.81,0.6777777777777777,0.6555555555555556,data/deam/DEAM_spectrograms_shiv/1617_seg0.npy,electronic,3,1617_seg0
1617,6.1,1.64,5.9,1.81,0.6777777777777777,0.6555555555555556,data/deam/DEAM_spectrograms_shiv/1617_seg1.npy,electronic,3,1617_seg1
1617,6.1,1.64,5.9,1.81,0.6777777777777777,0.6555555555555556,data/deam/DEAM_spectrograms_shiv/1617_seg2.npy,electronic,3,1617_seg2
1623,5.6,1.69,5.3,1.95,0.6222222222222222,0.5888888888888889,data/deam/DEAM_spectrograms_shiv/1623_seg0.npy,electronic,3,1623_seg0
1623,5.6,1.69,5.3,1.95,0.6222222222222222,0.5888888888888889,data/deam/DEAM_spectrograms_shiv/1623_seg1.npy,electronic,3,1623_seg1
1623,5.6,1.69,5.3,1.95,0.6222222222222222,0.5888888888888889,data/deam/DEAM_spectrograms_shiv/1623_seg2.npy,electronic,3,1623_seg2
1624,5.7,1.73,6.4,1.62,0.6333333333333333,0.7111111111111111,data/deam/DEAM_spectrograms_shiv/1624_seg0.npy,electronic,3,1624_seg0
1624,5.7,1.73,6.4,1.62,0.6333333333333333,0.7111111111111111,data/deam/DEAM_spectrograms_shiv/1624_seg1.npy,electronic,3,1624_seg1
1624,5.7,1.73,6.4,1.62,0.6333333333333333,0.7111111111111111,data/deam/DEAM_spectrograms_shiv/1624_seg2.npy,electronic,3,1624_seg2
1626,6.1,1.64,6.0,1.55,0.6777777777777777,0.6666666666666666,data/deam/DEAM_spectrograms_shiv/1626_seg0.npy,electronic,3,1626_seg0
1626,6.1,1.64,6.0,1.55,0.6777777777777777,0.6666666666666666,data/deam/DEAM_spectrograms_shiv/1626_seg1.npy,electronic,3,1626_seg1
1626,6.1,1.64,6.0,1.55,0.6777777777777777,0.6666666666666666,data/deam/DEAM_spectrograms_shiv/1626_seg2.npy,electronic,3,1626_seg2
1634,5.5,1.8,6.1,1.7,0.6111111111111112,0.6777777777777777,data/deam/DEAM_spectrograms_shiv/1634_seg0.npy,electronic,3,1634_seg0
1634,5.5,1.8,6.1,1.7,0.6111111111111112,0.6777777777777777,data/deam/DEAM_spectrograms_shiv/1634_seg1.npy,electronic,3,1634_seg1
1634,5.5,1.8,6.1,1.7,0.6111111111111112,0.6777777777777777,data/deam/DEAM_spectrograms_shiv/1634_seg2.npy,electronic,3,1634_seg2
1642,5.1,1.45,4.9,1.51,0.5666666666666667,0.5444444444444445,data/deam/DEAM_spectrograms_shiv/1642_seg0.npy,electronic,3,1642_seg0
1642,5.1,1.45,4.9,1.51,0.5666666666666667,0.5444444444444445,data/deam/DEAM_spectrograms_shiv/1642_seg1.npy,electronic,3,1642_seg1
1642,5.1,1.45,4.9,1.51,0.5666666666666667,0.5444444444444445,data/deam/DEAM_spectrograms_shiv/1642_seg2.npy,electronic,3,1642_seg2
1645,5.8,1.99,5.7,1.68,0.6444444444444444,0.6333333333333333,data/deam/DEAM_spectrograms_shiv/1645_seg0.npy,electronic,3,1645_seg0
1645,5.8,1.99,5.7,1.68,0.6444444444444444,0.6333333333333333,data/deam/DEAM_spectrograms_shiv/1645_seg1.npy,electronic,3,1645_seg1
1645,5.8,1.99,5.7,1.68,0.6444444444444444,0.6333333333333333,data/deam/DEAM_spectrograms_shiv/1645_seg2.npy,electronic,3,1645_seg2
1653,4.3,1.0,3.1,0.94,0.4777777777777777,0.3444444444444444,data/deam/DEAM_spectrograms_shiv/1653_seg0.npy,electronic,3,1653_seg0
1653,4.3,1.0,3.1,0.94,0.4777777777777777,0.3444444444444444,data/deam/DEAM_spectrograms_shiv/1653_seg1.npy,electronic,3,1653_seg1
1653,4.3,1.0,3.1,0.94,0.4777777777777777,0.3444444444444444,data/deam/DEAM_spectrograms_shiv/1653_seg2.npy,electronic,3,1653_seg2
1654,4.8,1.13,3.1,0.74,0.5333333333333333,0.3444444444444444,data/deam/DEAM_spectrograms_shiv/1654_seg0.npy,electronic,3,1654_seg0
1654,4.8,1.13,3.1,0.74,0.5333333333333333,0.3444444444444444,data/deam/DEAM_spectrograms_shiv/1654_seg1.npy,electronic,3,1654_seg1
1654,4.8,1.13,3.1,0.74,0.5333333333333333,0.3444444444444444,data/deam/DEAM_spectrograms_shiv/1654_seg2.npy,electronic,3,1654_seg2
1655,6.1,1.45,6.1,1.45,0.6777777777777777,0.6777777777777777,data/deam/DEAM_spectrograms_shiv/1655_seg0.npy,electronic,3,1655_seg0
1655,6.1,1.45,6.1,1.45,0.6777777777777777,0.6777777777777777,data/deam/DEAM_spectrograms_shiv/1655_seg1.npy,electronic,3,1655_seg1
1655,6.1,1.45,6.1,1.45,0.6777777777777777,0.6777777777777777,data/deam/DEAM_spectrograms_shiv/1655_seg2.npy,electronic,3,1655_seg2
1659,4.6,1.91,4.6,1.91,0.5111111111111111,0.5111111111111111,data/deam/DEAM_spectrograms_shiv/1659_seg0.npy,electronic,3,1659_seg0
1659,4.6,1.91,4.6,1.91,0.5111111111111111,0.5111111111111111,data/deam/DEAM_spectrograms_shiv/1659_seg1.npy,electronic,3,1659_seg1
1659,4.6,1.91,4.6,1.91,0.5111111111111111,0.5111111111111111,data/deam/DEAM_spectrograms_shiv/1659_seg2.npy,electronic,3,1659_seg2
1660,5.2,1.47,5.5,1.43,0.5777777777777778,0.6111111111111112,data/deam/DEAM_spectrograms_shiv/1660_seg0.npy,electronic,3,1660_seg0
1660,5.2,1.47,5.5,1.43,0.5777777777777778,0.6111111111111112,data/deam/DEAM_spectrograms_shiv/1660_seg1.npy,electronic,3,1660_seg1
1660,5.2,1.47,5.5,1.43,0.5777777777777778,0.6111111111111112,data/deam/DEAM_spectrograms_shiv/1660_seg2.npy,electronic,3,1660_seg2
1674,5.0,1.48,5.3,1.42,0.5555555555555556,0.5888888888888889,data/deam/DEAM_spectrograms_shiv/1674_seg0.npy,electronic,3,1674_seg0
1674,5.0,1.48,5.3,1.42,0.5555555555555556,0.5888888888888889,data/deam/DEAM_spectrograms_shiv/1674_seg1.npy,electronic,3,1674_seg1
1674,5.0,1.48,5.3,1.42,0.5555555555555556,0.5888888888888889,data/deam/DEAM_spectrograms_shiv/1674_seg2.npy,electronic,3,1674_seg2
1687,5.1,1.76,4.7,1.55,0.5666666666666667,0.5222222222222223,data/deam/DEAM_spectrograms_shiv/1687_seg0.npy,electronic,3,1687_seg0
1687,5.1,1.76,4.7,1.55,0.5666666666666667,0.5222222222222223,data/deam/DEAM_spectrograms_shiv/1687_seg1.npy,electronic,3,1687_seg1
1687,5.1,1.76,4.7,1.55,0.5666666666666667,0.5222222222222223,data/deam/DEAM_spectrograms_shiv/1687_seg2.npy,electronic,3,1687_seg2
1688,5.2,1.89,4.7,1.62,0.5777777777777778,0.5222222222222223,data/deam/DEAM_spectrograms_shiv/1688_seg0.npy,electronic,3,1688_seg0
1688,5.2,1.89,4.7,1.62,0.5777777777777778,0.5222222222222223,data/deam/DEAM_spectrograms_shiv/1688_seg1.npy,electronic,3,1688_seg1
1688,5.2,1.89,4.7,1.62,0.5777777777777778,0.5222222222222223,data/deam/DEAM_spectrograms_shiv/1688_seg2.npy,electronic,3,1688_seg2
1699,5.1,1.76,5.0,1.95,0.5666666666666667,0.5555555555555556,data/deam/DEAM_spectrograms_shiv/1699_seg0.npy,electronic,3,1699_seg0
1699,5.1,1.76,5.0,1.95,0.5666666666666667,0.5555555555555556,data/deam/DEAM_spectrograms_shiv/1699_seg1.npy,electronic,3,1699_seg1
1699,5.1,1.76,5.0,1.95,0.5666666666666667,0.5555555555555556,data/deam/DEAM_spectrograms_shiv/1699_seg2.npy,electronic,3,1699_seg2
1700,5.6,1.5,5.0,1.79,0.6222222222222222,0.5555555555555556,data/deam/DEAM_spectrograms_shiv/1700_seg0.npy,electronic,3,1700_seg0
1700,5.6,1.5,5.0,1.79,0.6222222222222222,0.5555555555555556,data/deam/DEAM_spectrograms_shiv/1700_seg1.npy,electronic,3,1700_seg1
1700,5.6,1.5,5.0,1.79,0.6222222222222222,0.5555555555555556,data/deam/DEAM_spectrograms_shiv/1700_seg2.npy,electronic,3,1700_seg2
1711,5.0,1.1,3.2,1.47,0.5555555555555556,0.3555555555555555,data/deam/DEAM_spectrograms_shiv/1711_seg0.npy,electronic,3,1711_seg0
1711,5.0,1.1,3.2,1.47,0.5555555555555556,0.3555555555555555,data/deam/DEAM_spectrograms_shiv/1711_seg1.npy,electronic,3,1711_seg1
1711,5.0,1.1,3.2,1.47,0.5555555555555556,0.3555555555555555,data/deam/DEAM_spectrograms_shiv/1711_seg2.npy,electronic,3,1711_seg2
1714,6.1,0.7,4.0,1.61,0.6777777777777777,0.4444444444444444,data/deam/DEAM_spectrograms_shiv/1714_seg0.npy,electronic,3,1714_seg0
1714,6.1,0.7,4.0,1.61,0.6777777777777777,0.4444444444444444,data/deam/DEAM_spectrograms_shiv/1714_seg1.npy,electronic,3,1714_seg1
1714,6.1,0.7,4.0,1.61,0.6777777777777777,0.4444444444444444,data/deam/DEAM_spectrograms_shiv/1714_seg2.npy,electronic,3,1714_seg2
1715,5.9,1.22,5.6,1.62,0.6555555555555556,0.6222222222222222,data/deam/DEAM_spectrograms_shiv/1715_seg0.npy,electronic,3,1715_seg0
1715,5.9,1.22,5.6,1.62,0.6555555555555556,0.6222222222222222,data/deam/DEAM_spectrograms_shiv/1715_seg1.npy,electronic,3,1715_seg1
1715,5.9,1.22,5.6,1.62,0.6555555555555556,0.6222222222222222,data/deam/DEAM_spectrograms_shiv/1715_seg2.npy,electronic,3,1715_seg2
1716,5.8,1.47,5.4,1.28,0.6444444444444444,0.6000000000000001,data/deam/DEAM_spectrograms_shiv/1716_seg0.npy,electronic,3,1716_seg0
1716,5.8,1.47,5.4,1.28,0.6444444444444444,0.6000000000000001,data/deam/DEAM_spectrograms_shiv/1716_seg1.npy,electronic,3,1716_seg1
1716,5.8,1.47,5.4,1.28,0.6444444444444444,0.6000000000000001,data/deam/DEAM_spectrograms_shiv/1716_seg2.npy,electronic,3,1716_seg2
1719,5.0,1.61,3.3,1.49,0.5555555555555556,0.3666666666666666,data/deam/DEAM_spectrograms_shiv/1719_seg0.npy,electronic,3,1719_seg0
1719,5.0,1.61,3.3,1.49,0.5555555555555556,0.3666666666666666,data/deam/DEAM_spectrograms_shiv/1719_seg1.npy,electronic,3,1719_seg1
1719,5.0,1.61,3.3,1.49,0.5555555555555556,0.3666666666666666,data/deam/DEAM_spectrograms_shiv/1719_seg2.npy,electronic,3,1719_seg2
1721,4.2,1.25,2.9,1.14,0.4666666666666667,0.3222222222222222,data/deam/DEAM_spectrograms_shiv/1721_seg0.npy,electronic,3,1721_seg0
1721,4.2,1.25,2.9,1.14,0.4666666666666667,0.3222222222222222,data/deam/DEAM_spectrograms_shiv/1721_seg1.npy,electronic,3,1721_seg1
1721,4.2,1.25,2.9,1.14,0.4666666666666667,0.3222222222222222,data/deam/DEAM_spectrograms_shiv/1721_seg2.npy,electronic,3,1721_seg2
1723,4.3,1.27,3.4,1.28,0.4777777777777777,0.3777777777777777,data/deam/DEAM_spectrograms_shiv/1723_seg0.npy,electronic,3,1723_seg0
1723,4.3,1.27,3.4,1.28,0.4777777777777777,0.3777777777777777,data/deam/DEAM_spectrograms_shiv/1723_seg1.npy,electronic,3,1723_seg1
1723,4.3,1.27,3.4,1.28,0.4777777777777777,0.3777777777777777,data/deam/DEAM_spectrograms_shiv/1723_seg2.npy,electronic,3,1723_seg2
1726,4.6,1.28,3.2,1.17,0.5111111111111111,0.3555555555555555,data/deam/DEAM_spectrograms_shiv/1726_seg0.npy,electronic,3,1726_seg0
1726,4.6,1.28,3.2,1.17,0.5111111111111111,0.3555555555555555,data/deam/DEAM_spectrograms_shiv/1726_seg1.npy,electronic,3,1726_seg1
1726,4.6,1.28,3.2,1.17,0.5111111111111111,0.3555555555555555,data/deam/DEAM_spectrograms_shiv/1726_seg2.npy,electronic,3,1726_seg2
1729,5.1,1.97,5.4,1.56,0.5666666666666667,0.6000000000000001,data/deam/DEAM_spectrograms_shiv/1729_seg0.npy,electronic,3,1729_seg0
1729,5.1,1.97,5.4,1.56,0.5666666666666667,0.6000000000000001,data/deam/DEAM_spectrograms_shiv/1729_seg1.npy,electronic,3,1729_seg1
1729,5.1,1.97,5.4,1.56,0.5666666666666667,0.6000000000000001,data/deam/DEAM_spectrograms_shiv/1729_seg2.npy,electronic,3,1729_seg2
1730,5.3,0.9,3.9,1.51,0.5888888888888889,0.4333333333333333,data/deam/DEAM_spectrograms_shiv/1730_seg0.npy,electronic,3,1730_seg0
1730,5.3,0.9,3.9,1.51,0.5888888888888889,0.4333333333333333,data/deam/DEAM_spectrograms_shiv/1730_seg1.npy,electronic,3,1730_seg1
1730,5.3,0.9,3.9,1.51,0.5888888888888889,0.4333333333333333,data/deam/DEAM_spectrograms_shiv/1730_seg2.npy,electronic,3,1730_seg2
1731,4.2,1.08,3.6,1.5,0.4666666666666667,0.4,data/deam/DEAM_spectrograms_shiv/1731_seg0.npy,electronic,3,1731_seg0
1731,4.2,1.08,3.6,1.5,0.4666666666666667,0.4,data/deam/DEAM_spectrograms_shiv/1731_seg1.npy,electronic,3,1731_seg1
1731,4.2,1.08,3.6,1.5,0.4666666666666667,0.4,data/deam/DEAM_spectrograms_shiv/1731_seg2.npy,electronic,3,1731_seg2
1735,4.7,1.49,3.0,1.18,0.5222222222222223,0.3333333333333333,data/deam/DEAM_spectrograms_shiv/1735_seg0.npy,electronic,3,1735_seg0
1735,4.7,1.49,3.0,1.18,0.5222222222222223,0.3333333333333333,data/deam/DEAM_spectrograms_shiv/1735_seg1.npy,electronic,3,1735_seg1
1735,4.7,1.49,3.0,1.18,0.5222222222222223,0.3333333333333333,data/deam/DEAM_spectrograms_shiv/1735_seg2.npy,electronic,3,1735_seg2
1740,5.3,1.49,4.3,1.55,0.5888888888888889,0.4777777777777777,data/deam/DEAM_spectrograms_shiv/1740_seg0.npy,electronic,3,1740_seg0
1740,5.3,1.49,4.3,1.55,0.5888888888888889,0.4777777777777777,data/deam/DEAM_spectrograms_shiv/1740_seg1.npy,electronic,3,1740_seg1
1740,5.3,1.49,4.3,1.55,0.5888888888888889,0.4777777777777777,data/deam/DEAM_spectrograms_shiv/1740_seg2.npy,electronic,3,1740_seg2
1741,3.3,1.49,3.5,1.36,0.3666666666666666,0.3888888888888889,data/deam/DEAM_spectrograms_shiv/1741_seg0.npy,electronic,3,1741_seg0
1741,3.3,1.49,3.5,1.36,0.3666666666666666,0.3888888888888889,data/deam/DEAM_spectrograms_shiv/1741_seg1.npy,electronic,3,1741_seg1
1741,3.3,1.49,3.5,1.36,0.3666666666666666,0.3888888888888889,data/deam/DEAM_spectrograms_shiv/1741_seg2.npy,electronic,3,1741_seg2
1747,4.3,1.35,2.9,1.14,0.4777777777777777,0.3222222222222222,data/deam/DEAM_spectrograms_shiv/1747_seg0.npy,electronic,3,1747_seg0
1747,4.3,1.35,2.9,1.14,0.4777777777777777,0.3222222222222222,data/deam/DEAM_spectrograms_shiv/1747_seg1.npy,electronic,3,1747_seg1
1747,4.3,1.35,2.9,1.14,0.4777777777777777,0.3222222222222222,data/deam/DEAM_spectrograms_shiv/1747_seg2.npy,electronic,3,1747_seg2
1750,4.7,1.35,5.3,1.49,0.5222222222222223,0.5888888888888889,data/deam/DEAM_spectrograms_shiv/1750_seg0.npy,electronic,3,1750_seg0
1750,4.7,1.35,5.3,1.49,0.5222222222222223,0.5888888888888889,data/deam/DEAM_spectrograms_shiv/1750_seg1.npy,electronic,3,1750_seg1
1750,4.7,1.35,5.3,1.49,0.5222222222222223,0.5888888888888889,data/deam/DEAM_spectrograms_shiv/1750_seg2.npy,electronic,3,1750_seg2
1752,5.5,2.25,6.1,1.81,0.6111111111111112,0.6777777777777777,data/deam/DEAM_spectrograms_shiv/1752_seg0.npy,electronic,3,1752_seg0
1752,5.5,2.25,6.1,1.81,0.6111111111111112,0.6777777777777777,data/deam/DEAM_spectrograms_shiv/1752_seg1.npy,electronic,3,1752_seg1
1752,5.5,2.25,6.1,1.81,0.6111111111111112,0.6777777777777777,data/deam/DEAM_spectrograms_shiv/1752_seg2.npy,electronic,3,1752_seg2
1754,4.2,1.54,2.4,1.02,0.4666666666666667,0.2666666666666666,data/deam/DEAM_spectrograms_shiv/1754_seg0.npy,electronic,3,1754_seg0
1754,4.2,1.54,2.4,1.02,0.4666666666666667,0.2666666666666666,data/deam/DEAM_spectrograms_shiv/1754_seg1.npy,electronic,3,1754_seg1
1754,4.2,1.54,2.4,1.02,0.4666666666666667,0.2666666666666666,data/deam/DEAM_spectrograms_shiv/1754_seg2.npy,electronic,3,1754_seg2
1755,6.4,1.62,5.7,1.19,0.7111111111111111,0.6333333333333333,data/deam/DEAM_spectrograms_shiv/1755_seg0.npy,electronic,3,1755_seg0
1755,6.4,1.62,5.7,1.19,0.7111111111111111,0.6333333333333333,data/deam/DEAM_spectrograms_shiv/1755_seg1.npy,electronic,3,1755_seg1
1755,6.4,1.62,5.7,1.19,0.7111111111111111,0.6333333333333333,data/deam/DEAM_spectrograms_shiv/1755_seg2.npy,electronic,3,1755_seg2
1760,4.3,1.68,4.1,1.64,0.4777777777777777,0.4555555555555555,data/deam/DEAM_spectrograms_shiv/1760_seg0.npy,electronic,3,1760_seg0
1760,4.3,1.68,4.1,1.64,0.4777777777777777,0.4555555555555555,data/deam/DEAM_spectrograms_shiv/1760_seg1.npy,electronic,3,1760_seg1
1760,4.3,1.68,4.1,1.64,0.4777777777777777,0.4555555555555555,data/deam/DEAM_spectrograms_shiv/1760_seg2.npy,electronic,3,1760_seg2
1763,4.4,1.11,3.5,1.02,0.4888888888888889,0.3888888888888889,data/deam/DEAM_spectrograms_shiv/1763_seg0.npy,electronic,3,1763_seg0
1763,4.4,1.11,3.5,1.02,0.4888888888888889,0.3888888888888889,data/deam/DEAM_spectrograms_shiv/1763_seg1.npy,electronic,3,1763_seg1
1763,4.4,1.11,3.5,1.02,0.4888888888888889,0.3888888888888889,data/deam/DEAM_spectrograms_shiv/1763_seg2.npy,electronic,3,1763_seg2
1766,3.7,1.19,3.0,1.1,0.4111111111111111,0.3333333333333333,data/deam/DEAM_spectrograms_shiv/1766_seg0.npy,electronic,3,1766_seg0
1766,3.7,1.19,3.0,1.1,0.4111111111111111,0.3333333333333333,data/deam/DEAM_spectrograms_shiv/1766_seg1.npy,electronic,3,1766_seg1
1766,3.7,1.19,3.0,1.1,0.4111111111111111,0.3333333333333333,data/deam/DEAM_spectrograms_shiv/1766_seg2.npy,electronic,3,1766_seg2
1768,4.1,1.64,3.1,1.37,0.4555555555555555,0.3444444444444444,data/deam/DEAM_spectrograms_shiv/1768_seg0.npy,electronic,3,1768_seg0
1768,4.1,1.64,3.1,1.37,0.4555555555555555,0.3444444444444444,data/deam/DEAM_spectrograms_shiv/1768_seg1.npy,electronic,3,1768_seg1
1768,4.1,1.64,3.1,1.37,0.4555555555555555,0.3444444444444444,data/deam/DEAM_spectrograms_shiv/1768_seg2.npy,electronic,3,1768_seg2
1780,4.8,1.33,3.5,1.2,0.5333333333333333,0.3888888888888889,data/deam/DEAM_spectrograms_shiv/1780_seg0.npy,electronic,3,1780_seg0
1780,4.8,1.33,3.5,1.2,0.5333333333333333,0.3888888888888889,data/deam/DEAM_spectrograms_shiv/1780_seg1.npy,electronic,3,1780_seg1
1780,4.8,1.33,3.5,1.2,0.5333333333333333,0.3888888888888889,data/deam/DEAM_spectrograms_shiv/1780_seg2.npy,electronic,3,1780_seg2
1782,4.7,1.68,5.2,1.89,0.5222222222222223,0.5777777777777778,data/deam/DEAM_spectrograms_shiv/1782_seg0.npy,electronic,3,1782_seg0
1782,4.7,1.68,5.2,1.89,0.5222222222222223,0.5777777777777778,data/deam/DEAM_spectrograms_shiv/1782_seg1.npy,electronic,3,1782_seg1
1782,4.7,1.68,5.2,1.89,0.5222222222222223,0.5777777777777778,data/deam/DEAM_spectrograms_shiv/1782_seg2.npy,electronic,3,1782_seg2
1783,4.2,1.47,3.3,1.1,0.4666666666666667,0.3666666666666666,data/deam/DEAM_spectrograms_shiv/1783_seg0.npy,electronic,3,1783_seg0
1783,4.2,1.47,3.3,1.1,0.4666666666666667,0.3666666666666666,data/deam/DEAM_spectrograms_shiv/1783_seg1.npy,electronic,3,1783_seg1
1783,4.2,1.47,3.3,1.1,0.4666666666666667,0.3666666666666666,data/deam/DEAM_spectrograms_shiv/1783_seg2.npy,electronic,3,1783_seg2
1789,5.9,1.04,5.1,0.94,0.6555555555555556,0.5666666666666667,data/deam/DEAM_spectrograms_shiv/1789_seg0.npy,electronic,3,1789_seg0
1789,5.9,1.04,5.1,0.94,0.6555555555555556,0.5666666666666667,data/deam/DEAM_spectrograms_shiv/1789_seg1.npy,electronic,3,1789_seg1
1789,5.9,1.04,5.1,0.94,0.6555555555555556,0.5666666666666667,data/deam/DEAM_spectrograms_shiv/1789_seg2.npy,electronic,3,1789_seg2
1793,5.1,0.83,4.2,0.87,0.5666666666666667,0.4666666666666667,data/deam/DEAM_spectrograms_shiv/1793_seg0.npy,electronic,3,1793_seg0
1793,5.1,0.83,4.2,0.87,0.5666666666666667,0.4666666666666667,data/deam/DEAM_spectrograms_shiv/1793_seg1.npy,electronic,3,1793_seg1
1793,5.1,0.83,4.2,0.87,0.5666666666666667,0.4666666666666667,data/deam/DEAM_spectrograms_shiv/1793_seg2.npy,electronic,3,1793_seg2
1794,4.2,0.98,3.7,1.1,0.4666666666666667,0.4111111111111111,data/deam/DEAM_spectrograms_shiv/1794_seg0.npy,electronic,3,1794_seg0
1794,4.2,0.98,3.7,1.1,0.4666666666666667,0.4111111111111111,data/deam/DEAM_spectrograms_shiv/1794_seg1.npy,electronic,3,1794_seg1
1794,4.2,0.98,3.7,1.1,0.4666666666666667,0.4111111111111111,data/deam/DEAM_spectrograms_shiv/1794_seg2.npy,electronic,3,1794_seg2
1797,3.6,1.11,4.1,1.81,0.4,0.4555555555555555,data/deam/DEAM_spectrograms_shiv/1797_seg0.npy,electronic,3,1797_seg0
1797,3.6,1.11,4.1,1.81,0.4,0.4555555555555555,data/deam/DEAM_spectrograms_shiv/1797_seg1.npy,electronic,3,1797_seg1
1797,3.6,1.11,4.1,1.81,0.4,0.4555555555555555,data/deam/DEAM_spectrograms_shiv/1797_seg2.npy,electronic,3,1797_seg2
1799,5.8,0.87,4.5,1.28,0.6444444444444444,0.5,data/deam/DEAM_spectrograms_shiv/1799_seg0.npy,electronic,3,1799_seg0
1799,5.8,0.87,4.5,1.28,0.6444444444444444,0.5,data/deam/DEAM_spectrograms_shiv/1799_seg1.npy,electronic,3,1799_seg1
1799,5.8,0.87,4.5,1.28,0.6444444444444444,0.5,data/deam/DEAM_spectrograms_shiv/1799_seg2.npy,electronic,3,1799_seg2
1815,6.4,1.02,5.8,1.54,0.7111111111111111,0.6444444444444444,data/deam/DEAM_spectrograms_shiv/1815_seg0.npy,electronic,3,1815_seg0
1815,6.4,1.02,5.8,1.54,0.7111111111111111,0.6444444444444444,data/deam/DEAM_spectrograms_shiv/1815_seg1.npy,electronic,3,1815_seg1
1815,6.4,1.02,5.8,1.54,0.7111111111111111,0.6444444444444444,data/deam/DEAM_spectrograms_shiv/1815_seg2.npy,electronic,3,1815_seg2
1816,5.0,1.73,4.5,2.11,0.5555555555555556,0.5,data/deam/DEAM_spectrograms_shiv/1816_seg0.npy,electronic,3,1816_seg0
1816,5.0,1.73,4.5,2.11,0.5555555555555556,0.5,data/deam/DEAM_spectrograms_shiv/1816_seg1.npy,electronic,3,1816_seg1
1816,5.0,1.73,4.5,2.11,0.5555555555555556,0.5,data/deam/DEAM_spectrograms_shiv/1816_seg2.npy,electronic,3,1816_seg2
1824,6.2,0.75,5.7,1.0,0.6888888888888889,0.6333333333333333,data/deam/DEAM_spectrograms_shiv/1824_seg0.npy,electronic,3,1824_seg0
1824,6.2,0.75,5.7,1.0,0.6888888888888889,0.6333333333333333,data/deam/DEAM_spectrograms_shiv/1824_seg1.npy,electronic,3,1824_seg1
1824,6.2,0.75,5.7,1.0,0.6888888888888889,0.6333333333333333,data/deam/DEAM_spectrograms_shiv/1824_seg2.npy,electronic,3,1824_seg2
1825,4.8,1.47,4.5,1.36,0.5333333333333333,0.5,data/deam/DEAM_spectrograms_shiv/1825_seg0.npy,electronic,3,1825_seg0
1825,4.8,1.47,4.5,1.36,0.5333333333333333,0.5,data/deam/DEAM_spectrograms_shiv/1825_seg1.npy,electronic,3,1825_seg1
1825,4.8,1.47,4.5,1.36,0.5333333333333333,0.5,data/deam/DEAM_spectrograms_shiv/1825_seg2.npy,electronic,3,1825_seg2
1827,5.6,1.69,6.7,1.49,0.6222222222222222,0.7444444444444445,data/deam/DEAM_spectrograms_shiv/1827_seg0.npy,electronic,3,1827_seg0
1827,5.6,1.69,6.7,1.49,0.6222222222222222,0.7444444444444445,data/deam/DEAM_spectrograms_shiv/1827_seg1.npy,electronic,3,1827_seg1
1827,5.6,1.69,6.7,1.49,0.6222222222222222,0.7444444444444445,data/deam/DEAM_spectrograms_shiv/1827_seg2.npy,electronic,3,1827_seg2
1830,5.7,1.0,5.3,1.27,0.6333333333333333,0.5888888888888889,data/deam/DEAM_spectrograms_shiv/1830_seg0.npy,electronic,3,1830_seg0
1830,5.7,1.0,5.3,1.27,0.6333333333333333,0.5888888888888889,data/deam/DEAM_spectrograms_shiv/1830_seg1.npy,electronic,3,1830_seg1
1830,5.7,1.0,5.3,1.27,0.6333333333333333,0.5888888888888889,data/deam/DEAM_spectrograms_shiv/1830_seg2.npy,electronic,3,1830_seg2
1831,6.2,0.98,5.6,1.5,0.6888888888888889,0.6222222222222222,data/deam/DEAM_spectrograms_shiv/1831_seg0.npy,electronic,3,1831_seg0
1831,6.2,0.98,5.6,1.5,0.6888888888888889,0.6222222222222222,data/deam/DEAM_spectrograms_shiv/1831_seg1.npy,electronic,3,1831_seg1
1831,6.2,0.98,5.6,1.5,0.6888888888888889,0.6222222222222222,data/deam/DEAM_spectrograms_shiv/1831_seg2.npy,electronic,3,1831_seg2
1836,5.6,1.69,4.6,1.11,0.6222222222222222,0.5111111111111111,data/deam/DEAM_spectrograms_shiv/1836_seg0.npy,electronic,3,1836_seg0
1836,5.6,1.69,4.6,1.11,0.6222222222222222,0.5111111111111111,data/deam/DEAM_spectrograms_shiv/1836_seg1.npy,electronic,3,1836_seg1
1836,5.6,1.69,4.6,1.11,0.6222222222222222,0.5111111111111111,data/deam/DEAM_spectrograms_shiv/1836_seg2.npy,electronic,3,1836_seg2
1840,4.8,1.89,5.4,1.91,0.5333333333333333,0.6000000000000001,data/deam/DEAM_spectrograms_shiv/1840_seg0.npy,electronic,3,1840_seg0
1840,4.8,1.89,5.4,1.91,0.5333333333333333,0.6000000000000001,data/deam/DEAM_spectrograms_shiv/1840_seg1.npy,electronic,3,1840_seg1
1840,4.8,1.89,5.4,1.91,0.5333333333333333,0.6000000000000001,data/deam/DEAM_spectrograms_shiv/1840_seg2.npy,electronic,3,1840_seg2
1841,4.6,1.8,3.1,1.58,0.5111111111111111,0.3444444444444444,data/deam/DEAM_spectrograms_shiv/1841_seg0.npy,electronic,3,1841_seg0
1841,4.6,1.8,3.1,1.58,0.5111111111111111,0.3444444444444444,data/deam/DEAM_spectrograms_shiv/1841_seg1.npy,electronic,3,1841_seg1
1841,4.6,1.8,3.1,1.58,0.5111111111111111,0.3444444444444444,data/deam/DEAM_spectrograms_shiv/1841_seg2.npy,electronic,3,1841_seg2
1842,5.8,1.72,6.3,1.35,0.6444444444444444,0.7,data/deam/DEAM_spectrograms_shiv/1842_seg0.npy,electronic,3,1842_seg0
1842,5.8,1.72,6.3,1.35,0.6444444444444444,0.7,data/deam/DEAM_spectrograms_shiv/1842_seg1.npy,electronic,3,1842_seg1
1842,5.8,1.72,6.3,1.35,0.6444444444444444,0.7,data/deam/DEAM_spectrograms_shiv/1842_seg2.npy,electronic,3,1842_seg2
1843,4.9,1.37,4.7,1.27,0.5444444444444445,0.5222222222222223,data/deam/DEAM_spectrograms_shiv/1843_seg0.npy,electronic,3,1843_seg0
1843,4.9,1.37,4.7,1.27,0.5444444444444445,0.5222222222222223,data/deam/DEAM_spectrograms_shiv/1843_seg1.npy,electronic,3,1843_seg1
1843,4.9,1.37,4.7,1.27,0.5444444444444445,0.5222222222222223,data/deam/DEAM_spectrograms_shiv/1843_seg2.npy,electronic,3,1843_seg2
1846,5.8,1.6,5.8,1.6,0.6444444444444444,0.6444444444444444,data/deam/DEAM_spectrograms_shiv/1846_seg0.npy,electronic,3,1846_seg0
1846,5.8,1.6,5.8,1.6,0.6444444444444444,0.6444444444444444,data/deam/DEAM_spectrograms_shiv/1846_seg1.npy,electronic,3,1846_seg1
1846,5.8,1.6,5.8,1.6,0.6444444444444444,0.6444444444444444,data/deam/DEAM_spectrograms_shiv/1846_seg2.npy,electronic,3,1846_seg2
1850,3.7,1.55,2.7,1.27,0.4111111111111111,0.3,data/deam/DEAM_spectrograms_shiv/1850_seg0.npy,electronic,3,1850_seg0
1850,3.7,1.55,2.7,1.27,0.4111111111111111,0.3,data/deam/DEAM_spectrograms_shiv/1850_seg1.npy,electronic,3,1850_seg1
1850,3.7,1.55,2.7,1.27,0.4111111111111111,0.3,data/deam/DEAM_spectrograms_shiv/1850_seg2.npy,electronic,3,1850_seg2
1852,4.1,1.51,4.7,2.1,0.4555555555555555,0.5222222222222223,data/deam/DEAM_spectrograms_shiv/1852_seg0.npy,electronic,3,1852_seg0
1852,4.1,1.51,4.7,2.1,0.4555555555555555,0.5222222222222223,data/deam/DEAM_spectrograms_shiv/1852_seg1.npy,electronic,3,1852_seg1
1852,4.1,1.51,4.7,2.1,0.4555555555555555,0.5222222222222223,data/deam/DEAM_spectrograms_shiv/1852_seg2.npy,electronic,3,1852_seg2
1856,6.1,1.76,6.7,1.85,0.6777777777777777,0.7444444444444445,data/deam/DEAM_spectrograms_shiv/1856_seg0.npy,electronic,3,1856_seg0
1856,6.1,1.76,6.7,1.85,0.6777777777777777,0.7444444444444445,data/deam/DEAM_spectrograms_shiv/1856_seg1.npy,electronic,3,1856_seg1
1856,6.1,1.76,6.7,1.85,0.6777777777777777,0.7444444444444445,data/deam/DEAM_spectrograms_shiv/1856_seg2.npy,electronic,3,1856_seg2
1871,6.4,1.11,6.6,1.36,0.7111111111111111,0.7333333333333333,data/deam/DEAM_spectrograms_shiv/1871_seg0.npy,electronic,3,1871_seg0
1871,6.4,1.11,6.6,1.36,0.7111111111111111,0.7333333333333333,data/deam/DEAM_spectrograms_shiv/1871_seg1.npy,electronic,3,1871_seg1
1871,6.4,1.11,6.6,1.36,0.7111111111111111,0.7333333333333333,data/deam/DEAM_spectrograms_shiv/1871_seg2.npy,electronic,3,1871_seg2
1872,4.5,1.36,4.2,1.4,0.5,0.4666666666666667,data/deam/DEAM_spectrograms_shiv/1872_seg0.npy,electronic,3,1872_seg0
1872,4.5,1.36,4.2,1.4,0.5,0.4666666666666667,data/deam/DEAM_spectrograms_shiv/1872_seg1.npy,electronic,3,1872_seg1
1872,4.5,1.36,4.2,1.4,0.5,0.4666666666666667,data/deam/DEAM_spectrograms_shiv/1872_seg2.npy,electronic,3,1872_seg2
1873,4.7,1.62,3.4,1.43,0.5222222222222223,0.3777777777777777,data/deam/DEAM_spectrograms_shiv/1873_seg0.npy,electronic,3,1873_seg0
1873,4.7,1.62,3.4,1.43,0.5222222222222223,0.3777777777777777,data/deam/DEAM_spectrograms_shiv/1873_seg1.npy,electronic,3,1873_seg1
1873,4.7,1.62,3.4,1.43,0.5222222222222223,0.3777777777777777,data/deam/DEAM_spectrograms_shiv/1873_seg2.npy,electronic,3,1873_seg2
1874,5.0,1.67,6.3,1.49,0.5555555555555556,0.7,data/deam/DEAM_spectrograms_shiv/1874_seg0.npy,electronic,3,1874_seg0
1874,5.0,1.67,6.3,1.49,0.5555555555555556,0.7,data/deam/DEAM_spectrograms_shiv/1874_seg1.npy,electronic,3,1874_seg1
1874,5.0,1.67,6.3,1.49,0.5555555555555556,0.7,data/deam/DEAM_spectrograms_shiv/1874_seg2.npy,electronic,3,1874_seg2
1877,6.2,1.66,5.5,1.5,0.6888888888888889,0.6111111111111112,data/deam/DEAM_spectrograms_shiv/1877_seg0.npy,electronic,3,1877_seg0
1877,6.2,1.66,5.5,1.5,0.6888888888888889,0.6111111111111112,data/deam/DEAM_spectrograms_shiv/1877_seg1.npy,electronic,3,1877_seg1
1877,6.2,1.66,5.5,1.5,0.6888888888888889,0.6111111111111112,data/deam/DEAM_spectrograms_shiv/1877_seg2.npy,electronic,3,1877_seg2
1883,5.6,0.8,4.5,1.12,0.6222222222222222,0.5,data/deam/DEAM_spectrograms_shiv/1883_seg0.npy,electronic,3,1883_seg0
1883,5.6,0.8,4.5,1.12,0.6222222222222222,0.5,data/deam/DEAM_spectrograms_shiv/1883_seg1.npy,electronic,3,1883_seg1
1883,5.6,0.8,4.5,1.12,0.6222222222222222,0.5,data/deam/DEAM_spectrograms_shiv/1883_seg2.npy,electronic,3,1883_seg2
1884,6.5,0.81,5.6,1.36,0.7222222222222222,0.6222222222222222,data/deam/DEAM_spectrograms_shiv/1884_seg0.npy,electronic,3,1884_seg0
1884,6.5,0.81,5.6,1.36,0.7222222222222222,0.6222222222222222,data/deam/DEAM_spectrograms_shiv/1884_seg1.npy,electronic,3,1884_seg1
1884,6.5,0.81,5.6,1.36,0.7222222222222222,0.6222222222222222,data/deam/DEAM_spectrograms_shiv/1884_seg2.npy,electronic,3,1884_seg2
1888,3.4,1.5,3.2,1.78,0.3777777777777777,0.3555555555555555,data/deam/DEAM_spectrograms_shiv/1888_seg0.npy,electronic,3,1888_seg0
1888,3.4,1.5,3.2,1.78,0.3777777777777777,0.3555555555555555,data/deam/DEAM_spectrograms_shiv/1888_seg1.npy,electronic,3,1888_seg1
1888,3.4,1.5,3.2,1.78,0.3777777777777777,0.3555555555555555,data/deam/DEAM_spectrograms_shiv/1888_seg2.npy,electronic,3,1888_seg2
1891,5.0,1.18,3.5,1.2,0.5555555555555556,0.3888888888888889,data/deam/DEAM_spectrograms_shiv/1891_seg0.npy,electronic,3,1891_seg0
1891,5.0,1.18,3.5,1.2,0.5555555555555556,0.3888888888888889,data/deam/DEAM_spectrograms_shiv/1891_seg1.npy,electronic,3,1891_seg1
1891,5.0,1.18,3.5,1.2,0.5555555555555556,0.3888888888888889,data/deam/DEAM_spectrograms_shiv/1891_seg2.npy,electronic,3,1891_seg2
1892,5.1,2.07,6.1,1.04,0.5666666666666667,0.6777777777777777,data/deam/DEAM_spectrograms_shiv/1892_seg0.npy,electronic,3,1892_seg0
1892,5.1,2.07,6.1,1.04,0.5666666666666667,0.6777777777777777,data/deam/DEAM_spectrograms_shiv/1892_seg1.npy,electronic,3,1892_seg1
1892,5.1,2.07,6.1,1.04,0.5666666666666667,0.6777777777777777,data/deam/DEAM_spectrograms_shiv/1892_seg2.npy,electronic,3,1892_seg2
1896,4.9,2.02,2.1,0.94,0.5444444444444445,0.2333333333333333,data/deam/DEAM_spectrograms_shiv/1896_seg0.npy,electronic,3,1896_seg0
1896,4.9,2.02,2.1,0.94,0.5444444444444445,0.2333333333333333,data/deam/DEAM_spectrograms_shiv/1896_seg1.npy,electronic,3,1896_seg1
1896,4.9,2.02,2.1,0.94,0.5444444444444445,0.2333333333333333,data/deam/DEAM_spectrograms_shiv/1896_seg2.npy,electronic,3,1896_seg2
